{
  "ad_id": "100198846436767",
  "ad_context": "WHA又拒台灣！醫師立委邱泰源：WHO把最好的學生排除在教室以外！\n\n邱泰源再度呼籲，主辦單位應該要拋棄政治因素，維護WHO創立的宗旨，要以人為中心，追求全世界人民健康幸福的目標。他也說，台灣人民會記住這次的過程，未來手連手、心連心，海內外同胞一起努力，把台灣高品質的醫療防疫持續呈現出來讓國際社會知道。（之軒）",
  "ad_profile_name": "醫師立委邱泰源",
  "ad_profile_image": "https://scontent.ftpe8-4.fna.fbcdn.net/v/t39.35426-6/350517876_773557217593889_1589335911881595028_n.jpg?stp=dst-jpg_s60x60_tt6&_nc_cat=102&ccb=1-7&_nc_sid=c53f8f&_nc_ohc=IjN8Gjvawy8Q7kNvwGcHdHO&_nc_oc=Adn3bFAxUaf9DYcLVMEZPEsq-GAC7Ozu-7I5CTkMVmOyGJraeg6PlMopdjDBjP82u5E&_nc_zt=14&_nc_ht=scontent.ftpe8-4.fna&_nc_gid=dSw-Y0RycBQQZjypGGmBIQ&oh=00_AfrpYjFvzkGO18SEAypbX_fRfaP_ofBtzNOE-XZLtb8MYA&oe=696DD8DE",
  "ad_is_video": false,
  "ad_video_preview_image": null,
  "ad_image": "https://scontent.ftpe8-1.fna.fbcdn.net/v/t39.35426-6/350801971_205253182453229_8745426349560260301_n.jpg?stp=dst-jpg_s600x600_tt6&_nc_cat=109&ccb=1-7&_nc_sid=c53f8f&_nc_ohc=4RyBf-KQLb0Q7kNvwFoQdCs&_nc_oc=AdkhZIyRwIcGWEHWkvJwmv05xzIyxwQohFKLzGcytQhMSl3cmEjB11wPJArOfIx_6io&_nc_zt=14&_nc_ht=scontent.ftpe8-1.fna&_nc_gid=dSw-Y0RycBQQZjypGGmBIQ&oh=00_AfqQKxh7kfY_MS2sSawyXZPqS1ZBb5EACpatkRwJG8IdPQ&oe=696DE2A7",
  "ad_cta_text": "立即通話",
  "ad_link_description": "即時中心／宮仲毅、劉芳妤報導世界衛生大會（WHA）昨日在瑞士日內瓦開議，台灣未收到邀請函，衛福部長薛瑞元率團仍飛到當地積極爭取，不過《路透社》稍早報導，大會仍決定不邀請台灣，因為中國和巴基斯坦拒絕台灣加入...",
  "ad_link_url": null,
  "ad_title": "快新聞／WHA又拒台灣！邱泰源：WHO把最好的學生排除在教室以外 - 民視新聞網",
  "ad_caption": "ftvnews.com.tw",
  "ad_page_id": "1799434356968876",
  "ad_cta_type": "立即通話",
  "ad_extra_links": [],
  "ad_extra_texts": [],
  "ad_page_categories": [],
  "ad_page_like_count": 0,
  "ad_publisher_platform": [
    "facebook",
    "instagram"
  ],
  "ad_like_count": "0",
  "ad_share_count": "0"
}