{
  "ad_id": "1004626529919144",
  "ad_context": "周末咚滋！咚滋！旻蔚一早來到我們三重大台北都會公園，參加「奔跑吧！狗小孩公益路跑活動🏃‍♀」\n\n毛小孩是人類最忠實的夥伴，新北市在推廣動保政策一直不遺餘力👍🏻今年更推出「寵物Line@社群」結合動物認養、救援即時通報及24小時專線、分享寵物吃喝玩樂訊息等。\n\n但旻蔚發現，我們還是有繼續努力的空間，例如：\n🐶 寵物業者可以搭配政府補助推出毛小孩長照計畫\n🐶 邀請更多店家響應寵物友善餐廳\n🐶公園及河濱區域規劃更多寵物活動區\n\n我們台灣邁入成熟的民主國家，對於人權和生命教育重視大大進步，對於「毛小孩」的觀念也不斷演進提升，未來除了繼續推廣認養代替購買、領養後不棄養，以及以結紮代替撲殺的觀念外，政府應更積極推出各項動物友善政策，讓民眾養得起、也照顧得起，建構一個真正的友善動物環境 🐕🐈🐕\n\n更好的毛小孩友善城市，旻蔚為你打造💪🏻\n\n #動物友善環境一起努力\n＃三重埔ㄟ女兒李旻蔚\n＃新北第三選區 ＃三重 ＃李旻蔚",
  "ad_profile_name": "三重埔ㄟ女兒  李旻蔚",
  "ad_profile_image": "https://scontent.ftpe8-4.fna.fbcdn.net/v/t1.6435-9/78258569_135093861251044_86808478827413504_n.jpg?stp=dst-jpg_s60x60_tt6&_nc_cat=110&ccb=1-7&_nc_sid=c53f8f&_nc_ohc=EsACAxSEVYsQ7kNvwEDGR37&_nc_oc=AdnJm2yiyspY3cVBzzy8_aqkYr_5JRnJ3cwNLex2devHKotKtwSe2AqvHJD-tKol4bA&_nc_zt=23&_nc_ht=scontent.ftpe8-4.fna&_nc_gid=-YKmfFfg85_zRsZVwrsXog&oh=00_Afrom5Gb4SKeQkJtle53KzR9S42H6ZqAlmRq1VY5ffehLg&oe=698FF17A",
  "ad_is_video": false,
  "ad_video_preview_image": null,
  "ad_image": "https://scontent.ftpe8-4.fna.fbcdn.net/v/t1.6435-9/72563763_103061761120921_1306039167473418240_n.jpg?stp=dst-jpg_s600x600_tt6&_nc_cat=110&ccb=1-7&_nc_sid=c53f8f&_nc_ohc=wqZk-I01NFAQ7kNvwFxJCmj&_nc_oc=Adkpxr33uSnELIRc13rNh9dQzdj6v2q1cbY37HqqJTcqwWrYqPkzGYM1EK3PQ53shug&_nc_zt=23&_nc_ht=scontent.ftpe8-4.fna&_nc_gid=-YKmfFfg85_zRsZVwrsXog&oh=00_AfrZTuTbqFWTcRDJBsOOXE-ecA33YR3daJXPWgfIFsHCXg&oe=698FF06C",
  "ad_cta_text": "",
  "ad_link_description": null,
  "ad_link_url": null,
  "ad_title": null,
  "ad_caption": null,
  "ad_page_id": "101050274655403",
  "ad_cta_type": "",
  "ad_extra_links": [],
  "ad_extra_texts": [],
  "ad_page_categories": [],
  "ad_page_like_count": 0,
  "ad_publisher_platform": [
    "facebook",
    "instagram"
  ],
  "ad_like_count": "0",
  "ad_share_count": "0"
}