{
  "ad_id": "1004469834289051",
  "ad_context": "#敬老津貼1年1萬好過年       \n\n老人家一生奔波勞累，養家活口，傳宗接代，應該要過得更有尊嚴。政府要一起幫忙孩子孝順老人家，敬老津貼1年1萬，4年4萬，這是敬老得福的尊敬長輩政策，鄭寶清絕對說到做到！\n\n我們都是老人家拉拔長大成人的天公兒，父母恩情大如天，百善當以孝為先，政府出點微薄之力幫助孩子一起孝順老人家，減輕家庭負擔又可帶來家庭的和睦與溫暖，還有什麼比這樣的事還更加重要優先呢？安老送終天經地義，是做人處事最基本的要求，不管藍綠，不分黨派，做不到這個最低需求，就別想還會照顧百姓服務人民，再多的漂亮華麗的政見，都只會淪為空笑夢，詐騙市民的空包彈吧！",
  "ad_profile_name": "鄭寶清",
  "ad_profile_image": "https://scontent.ftpe8-3.fna.fbcdn.net/v/t39.35426-6/316802033_839847867220246_2661548535643560379_n.jpg?stp=dst-jpg_s60x60_tt6&_nc_cat=107&ccb=1-7&_nc_sid=c53f8f&_nc_ohc=myU6V__MPtkQ7kNvwEfx04Q&_nc_oc=AdkugoeqN1gL67GFUDEZrKcdenH3cehjE4SyGeYQtF6yKbhqYQaqfSQiKhsyHBqWCSg&_nc_zt=14&_nc_ht=scontent.ftpe8-3.fna&_nc_gid=gEtXtnukwLXO19ykioAIUA&oh=00_AfoxpfUSz1HFFKyZNjZL-qAQ8zk4Gqgl3cX4hgoAhu4iDw&oe=696E69EB",
  "ad_is_video": false,
  "ad_video_preview_image": null,
  "ad_image": "https://scontent.ftpe8-1.fna.fbcdn.net/v/t39.35426-6/316550780_2271093283058032_5096836856575095762_n.jpg?stp=dst-jpg_s600x600_tt6&_nc_cat=108&ccb=1-7&_nc_sid=c53f8f&_nc_ohc=_vzeejKxF58Q7kNvwGBPQ0l&_nc_oc=AdmtLWD-ugp9BNel681meFmpCBJeaSqlwIbkOcI-FPEpenEaQksytotj1EjRN51zwSk&_nc_zt=14&_nc_ht=scontent.ftpe8-1.fna&_nc_gid=gEtXtnukwLXO19ykioAIUA&oh=00_Afpc2u51I2BkQMks26UxvJY0kVeUviyIeZSF3BRdNdwWzQ&oe=696E4A05",
  "ad_cta_text": "",
  "ad_link_description": null,
  "ad_link_url": null,
  "ad_title": null,
  "ad_caption": null,
  "ad_page_id": "1572448819666020",
  "ad_cta_type": "",
  "ad_extra_links": [],
  "ad_extra_texts": [],
  "ad_page_categories": [
    "公眾人物"
  ],
  "ad_page_like_count": 0,
  "ad_publisher_platform": [
    "facebook",
    "instagram"
  ],
  "ad_like_count": "0",
  "ad_share_count": "0"
}