{
  "ad_id": "1005362225080057",
  "ad_context": "A note for our longtime friends 💬\n Once-a-year 11.11 Thank-You Sale\n• Classics, Heavyweight Long Sleeves & Outerwear from NT$1,111\n• Up to NT$900 extra savings with spend\n• Three limited-time flash rounds from NT$222\nYour size. Your color. Your best price of the year—add to cart and go.",
  "ad_profile_name": "TAIWANIZE",
  "ad_profile_image": "https://scontent.ftpe8-2.fna.fbcdn.net/v/t39.35426-6/577615516_1337957497263204_2741427908651029806_n.jpg?stp=dst-jpg_s60x60_tt6&_nc_cat=103&ccb=1-7&_nc_sid=c53f8f&_nc_ohc=_2cxZWDYGScQ7kNvwFMQj_M&_nc_oc=AdlnkSfGs8eiMXiEm7UEtwBYNgg3kSGIPe35zwBxsLaost6-Rj3pJBq_BEo3vH96d_w&_nc_zt=14&_nc_ht=scontent.ftpe8-2.fna&_nc_gid=hUo4ZsSKcNTyRPw3KlCl0g&oh=00_AfqKJelt5a7zCMJ22mAq70ull325G5xpZHs09oswGF11Jw&oe=696DA327",
  "ad_is_video": false,
  "ad_video_preview_image": null,
  "ad_image": "https://scontent.ftpe8-4.fna.fbcdn.net/v/t39.35426-6/578949649_1947637939499809_7694437680381916547_n.jpg?stp=dst-jpg_s600x600_tt6&_nc_cat=110&ccb=1-7&_nc_sid=c53f8f&_nc_ohc=11IbPUK6yPAQ7kNvwFDis58&_nc_oc=AdlSjaUuFVmv7SX-aNxsuxgcMSnZmn5U6ySuzo9zN2mUyahc7nZlwA3xp2pZbryyq9A&_nc_zt=14&_nc_ht=scontent.ftpe8-4.fna&_nc_gid=hUo4ZsSKcNTyRPw3KlCl0g&oh=00_AfrhBkwWGNakWnktaD4r8W-iM2s30bSbag8QI6b-lyaW4g&oe=696DBEF1",
  "ad_cta_text": "Shop Now",
  "ad_link_description": "雙11慶典，台灣文創服飾品牌TAIWANIZE，多重優惠，全年最划算...",
  "ad_link_url": "https://l.facebook.com/l.php?u=https%3A%2F%2Fwww.taiwanize.com%2Fproducts%2F5f87e7e9f918f40001595ad3%3Fvariation%3D5f87e80792fd4c000128a2ac%26fbclid%3DIwZXh0bgNhZW0CMTAAYnJpZBExRlgwZjFCYTN1b0pDNWJKYXNydGMGYXBwX2lkDzU0MTYzOTQ5Mzg4OTAyNQABHgyDPUx-_GsvRddbfD5oh5FfY5Wn2hshlu1U_wEUBO_n6aoKsZyx-ZFWYBha_aem_liFAqDVfJUo6oP0f41avJg&h=AT0iRsMbqJ1cXCDFqyoQy5qjWsDT0DaKHMTO_pQh4PO97PbkJdPaESYP24OXDpRytMS0eN_iFFlz50CaHFHDefWaEmvAbTWWdc5xDk9Q2FvY-ryTIvQRWG4vnoXF7EjFE4jTipOsdW95bBJHMFQ_DA",
  "ad_title": "TAIWANIZE",
  "ad_caption": "taiwanize.com",
  "ad_page_id": "279677925472778",
  "ad_cta_type": "Shop Now",
  "ad_extra_links": [
    "TAIWANIZE",
    "TAIWANIZE",
    "TAIWANIZE",
    "TAIWANIZE",
    "TAIWANIZE"
  ],
  "ad_extra_texts": [
    "A note for our longtime friends 💬\n Once-a-year 11.11 Thank-You Sale\n• Classics, Heavyweight Long Sleeves & Outerwear from NT$1,111\n• Up to NT$900 extra savings with spend\n• Three limited-time flash rounds from NT$222\nYour size. Your color. Your best price of the year—add to cart and go.",
    "A note for our longtime friends 💬\n Once-a-year 11.11 Thank-You Sale\n• Classics, Heavyweight Long Sleeves & Outerwear from NT$1,111\n• Up to NT$900 extra savings with spend\n• Three limited-time flash rounds from NT$222\nYour size. Your color. Your best price of the year—add to cart and go.",
    "A note for our longtime friends 💬\n Once-a-year 11.11 Thank-You Sale\n• Classics, Heavyweight Long Sleeves & Outerwear from NT$1,111\n• Up to NT$900 extra savings with spend\n• Three limited-time flash rounds from NT$222\nYour size. Your color. Your best price of the year—add to cart and go.",
    "A note for our longtime friends 💬\n Once-a-year 11.11 Thank-You Sale\n• Classics, Heavyweight Long Sleeves & Outerwear from NT$1,111\n• Up to NT$900 extra savings with spend\n• Three limited-time flash rounds from NT$222\nYour size. Your color. Your best price of the year—add to cart and go.",
    "A note for our longtime friends 💬\n Once-a-year 11.11 Thank-You Sale\n• Classics, Heavyweight Long Sleeves & Outerwear from NT$1,111\n• Up to NT$900 extra savings with spend\n• Three limited-time flash rounds from NT$222\nYour size. Your color. Your best price of the year—add to cart and go."
  ],
  "ad_page_categories": [],
  "ad_page_like_count": 0,
  "ad_publisher_platform": [
    "facebook",
    "instagram",
    "audience_network",
    "messenger",
    "threads"
  ],
  "ad_like_count": "0",
  "ad_share_count": "0"
}