{
  "ad_id": "1007470331454085",
  "ad_context": "我拆掉的不只是議會的圍籬，\n還拆除了民眾對公部門的距離感。\n讓舞團踏上議事殿堂、讓活動走進民主殿堂，\n讓彰化縣議會，成為你我都能親近的地方！💃🏛️🎉",
  "ad_profile_name": "彰化縣議會",
  "ad_profile_image": "https://scontent.ftpe8-2.fna.fbcdn.net/v/t39.35426-6/492541870_2087171891785256_9209176274753965661_n.jpg?stp=dst-jpg_s60x60_tt6&_nc_cat=101&ccb=1-7&_nc_sid=c53f8f&_nc_ohc=1PYe3dMrXQUQ7kNvwGlKL0W&_nc_oc=Adm8thymqfq7yA4kVUIQyLL7EKXrn4uLzuKUOBZx263eqpLABxsTFJKUTn8SueSs0T8&_nc_zt=14&_nc_ht=scontent.ftpe8-2.fna&_nc_gid=gpjpH7xmVqFTJywPCdpc1w&oh=00_Afpaokr_dTtSAO00rKpvX976zTBuNjVj_Zvovv06nvRjgQ&oe=696DF529",
  "ad_is_video": false,
  "ad_video_preview_image": "https://scontent.ftpe8-2.fna.fbcdn.net/v/t39.35426-6/491996583_661236246650326_6216470553589659414_n.jpg?_nc_cat=100&ccb=1-7&_nc_sid=c53f8f&_nc_ohc=zKtaV0yU3QsQ7kNvwEBUwrB&_nc_oc=AdkDQTu_WX6tilyUME020e-bvqLsrrWXPip22h8TDjg8kAxtKCx3D9iE43yZp4e5YE0&_nc_zt=14&_nc_ht=scontent.ftpe8-2.fna&_nc_gid=gpjpH7xmVqFTJywPCdpc1w&oh=00_AfpzWCW3nv0aYpkzyVRW3vSCNq4yqkU_vLM866A-danZGw&oe=696DEA7D",
  "ad_image": null,
  "ad_cta_text": "觀看更多",
  "ad_link_description": null,
  "ad_link_url": "https://l.facebook.com/l.php?u=https%3A%2F%2Fyoutu.be%2F54fnr2GU4zc%3Fsi%3DWgYjCdyNtuJ4tnWz%26fbclid%3DIwZXh0bgNhZW0CMTAAYnJpZBExcjBkMnVFZ0F2RGFYN3NnVnNydGMGYXBwX2lkDzU0MTYzOTQ5Mzg4OTAyNQABHmkU-Y-45vs3dawhG_1E715XpDEZA-mcoWw5Pl4Ccr9Vum1s5EdUDqFwXDTY_aem_0tTmmPeP0U4HaeOzrlwY_w&h=AT0KO0WLoL2ueQIf5BQXuosxI83sfonnMgLmw2NkzsWXntiOtZ_pCJ9O86BiBYny_4wlqpG65oHA2YZEj-qcA-L2xtOm6EOddmj76ywvw6RkAl1V5Pl0RZN8RC93TViSo2xmpAwuqB1Wuy1ZOfbZ_Q",
  "ad_title": null,
  "ad_caption": "youtu.be",
  "ad_page_id": "106232129455915",
  "ad_cta_type": "觀看更多",
  "ad_extra_links": [],
  "ad_extra_texts": [],
  "ad_page_categories": [
    "政府機構"
  ],
  "ad_page_like_count": 2056,
  "ad_publisher_platform": [
    "facebook"
  ],
  "ad_like_count": "0",
  "ad_share_count": "0"
}