{
  "ad_id": "1007396322972893",
  "ad_context": "🐝🐝🐝蔚蔚的一天 \n\n最近跑行程時，不少朋友很好奇立委參選人都在忙什麼？那麼擇日不如撞日，今天蔚蔚就來為大家解惑吧！\n\n以我來說，一天的行程通常會從「送車」開始！送車也就是送遊覽車，我會在里民搭上車後、發車前，把握時間跟各位大哥大姐打招呼，噓寒問暖，這時候大家因為要出門玩了，所以心情會比較好，所以我也會順道分享我的政見給大家知道，與大家搏感情爭取支持💪🏻\n\n到了中午，蔚蔚通常會保留時間與地方長者們一起用餐，常常有地方長輩叮嚀，「蔚蔚啊～妳太瘦了，有沒有呷奔啊？要多吃一點啊！」每當收到這樣的關懷，心中都會覺得暖暖的❤️日積月累下來，就讓我產生更強的使命感，期許自己一定要將長者的照護做得更好，作為回報💪🏻\n\n雖然現在蔚蔚忙於競選，但地方服務也不能中斷！所以我通常會在下午及晚上的時間處理地方會勘、協調會、市政座談或是在地里民的社團聚會，只要接到邀約，我一定想辦法趕場出席，不放棄任何一個和民眾相處、傾聽地方聲音的機會。\n\n以上就是從事民意代表一整天的「基本」行程😊大家現在看到的行程其實只是蔚蔚過往八年擔任議員助理時的平凡日常。這些年因為心中抱持著對家鄉三重的愛，讓我一路堅定地在地方耕耘，從地方到中央、從市政到國政，我相信改變會因這些點滴而發生！剩下的日子我們一起努力吧！\n\n#傾聽旻意蔚你發聲\n#三重埔ㄟ女兒李旻蔚\n#三重要新就讓年輕的來",
  "ad_profile_name": "三重埔ㄟ女兒  李旻蔚",
  "ad_profile_image": "https://scontent.ftpe8-4.fna.fbcdn.net/v/t1.6435-9/78258569_135093861251044_86808478827413504_n.jpg?stp=dst-jpg_s60x60_tt6&_nc_cat=110&ccb=1-7&_nc_sid=c53f8f&_nc_ohc=EsACAxSEVYsQ7kNvwEDGR37&_nc_oc=AdnJm2yiyspY3cVBzzy8_aqkYr_5JRnJ3cwNLex2devHKotKtwSe2AqvHJD-tKol4bA&_nc_zt=23&_nc_ht=scontent.ftpe8-4.fna&_nc_gid=RQpnrEp1i3Q9UOQNIp2Khg&oh=00_AfoS8Wvl9NGkwBAfIUJB4mvm1auaW2zJb5BpAwlO07Nlmw&oe=698FF17A",
  "ad_is_video": false,
  "ad_video_preview_image": null,
  "ad_image": "https://scontent.ftpe8-3.fna.fbcdn.net/v/t1.6435-9/72901462_112837923476638_4339994771058589696_n.jpg?stp=dst-jpg_s600x600_tt6&_nc_cat=111&ccb=1-7&_nc_sid=c53f8f&_nc_ohc=905PrGsbL7QQ7kNvwGaP-1A&_nc_oc=AdnIUIyUlu6jUPdrmXJT2p3R8HtChZ91XZOIrq14bV1dW6qvQOn2JvmXoyPy32dr1BY&_nc_zt=23&_nc_ht=scontent.ftpe8-3.fna&_nc_gid=RQpnrEp1i3Q9UOQNIp2Khg&oh=00_Afp01MGpcBBQRVnBXUMcsDd3Yo4zmDDDSzojHW4MEOI9wg&oe=69901331",
  "ad_cta_text": "",
  "ad_link_description": null,
  "ad_link_url": null,
  "ad_title": null,
  "ad_caption": null,
  "ad_page_id": "101050274655403",
  "ad_cta_type": "",
  "ad_extra_links": [],
  "ad_extra_texts": [],
  "ad_page_categories": [],
  "ad_page_like_count": 0,
  "ad_publisher_platform": [
    "facebook",
    "instagram"
  ],
  "ad_like_count": "0",
  "ad_share_count": "0"
}