{
  "ad_id": "1010707976574922",
  "ad_context": "今天是龍潭里的環境清潔日，志工們時間還沒到點就把掃具拿了就出去今天的工作，真的非常熱心、熱忱、用心為這個家園整理環境，也希望我們的里民看到志工們服務的時候給予我們志工滿滿的鼓勵，也謝謝我們的志工，辛苦了、有您真好！",
  "ad_profile_name": "龍潭里里長 古智仁",
  "ad_profile_image": "https://scontent.ftpe8-1.fna.fbcdn.net/v/t39.35426-6/334970096_608207564014928_1869896995260190184_n.jpg?stp=dst-jpg_s60x60_tt6&_nc_cat=108&ccb=1-7&_nc_sid=c53f8f&_nc_ohc=iKT2rH4OYZAQ7kNvwGc0Zhu&_nc_oc=Adn4zoe_97awGVOFxjjYC_g8N_PzaTZ6ZpI44iCB1ntyC_nuGzwwaVtRX12xBmeoiPw&_nc_zt=14&_nc_ht=scontent.ftpe8-1.fna&_nc_gid=cZR63RVXdN0WjOw65Yx6dQ&oh=00_Afo_jngdSATeneMBkewQ1JsKT8EAj8mn8A789WWuIcEAPQ&oe=696E44CE",
  "ad_is_video": false,
  "ad_video_preview_image": null,
  "ad_image": "https://scontent.ftpe8-4.fna.fbcdn.net/v/t39.35426-6/334965815_657745006357288_1645788220643047643_n.jpg?stp=dst-jpg_s600x600_tt6&_nc_cat=102&ccb=1-7&_nc_sid=c53f8f&_nc_ohc=A87xUPG--7YQ7kNvwG_9yQG&_nc_oc=Adnkij1UUaNMM89-AeTn_t1QOucA2mgE07F0WETOQVtP1RlVX1e0ayk6jqkAMOxR20I&_nc_zt=14&_nc_ht=scontent.ftpe8-4.fna&_nc_gid=cZR63RVXdN0WjOw65Yx6dQ&oh=00_AfqpH5f3wCcJIp8oJ_kNMI8-f_-PaJ7H2Y3diBDmQInAeA&oe=696E61B9",
  "ad_cta_text": "發送訊息",
  "ad_link_description": null,
  "ad_link_url": null,
  "ad_title": null,
  "ad_caption": null,
  "ad_page_id": "158422268047235",
  "ad_cta_type": "發送訊息",
  "ad_extra_links": [],
  "ad_extra_texts": [],
  "ad_page_categories": [
    "政治人物"
  ],
  "ad_page_like_count": 2359,
  "ad_publisher_platform": [
    "facebook"
  ],
  "ad_like_count": "0",
  "ad_share_count": "0"
}