{
  "ad_id": "1011830238070524",
  "ad_context": "不存在後悔的人生｜#金玟奎 #MINGYU｜#ISSUE145\n\n「最近我盡量早睡早起，然後讓一天從運動開始。」MINGYU笑著說，這是他近年養成的新習慣。無論行程多滿，他都堅持每天一定要流一次汗，不管是健身房舉鐵、跑步，還是乾脆走進蒸氣室讓身體自然排汗，總之不流汗就不舒服，「流完汗後，整個人才覺得清醒，這一天才算真正開始。」說養生又好像不是他這種廿多歲年青人的話題，但愛流汗又是一種青春的象徵。是的，MINGYU正步入年青與成熟的十字路口之間，在這個人生關鍵的轉變位，他懂得把健康放在重要的位置，這絕對值得讚揚。\n\nPhotographer: Jooyoung Ahn @ahnjooyoung_\nStylist: Lim Jin @limjin_fashion @58jin\nMake-Up: Son Gayoun @blow_gazini\nHair: Lim Jungho @blow__jungho\nProduction: Seraphic Studios @seraphicstudios\nFashion director: Paddy Chan @paddychan___\nWardrobe: @Dior\nText: Desmond Chan @desmond_ckc \n\n@esquirehk #esquirecoverstory #dior @saythename_17 #SEVENTEEN #세븐틴 @min9yu_k #민규",
  "ad_profile_name": "Esquire HK",
  "ad_profile_image": "https://scontent.ftpe8-4.fna.fbcdn.net/v/t39.35426-6/611707647_730106860153497_3719847105376797073_n.jpg?stp=dst-jpg_s60x60_tt6&_nc_cat=102&ccb=1-7&_nc_sid=c53f8f&_nc_ohc=Ueyu_zLPzZsQ7kNvwGrFmGr&_nc_oc=Adli7FOqPpAJfUv2sfsqtLZTSm9LSK5RJtptEniXXReD5Wrnvr7qCfz8INGnKFfysuU&_nc_zt=14&_nc_ht=scontent.ftpe8-4.fna&_nc_gid=3OKPNMStGE8cQ0EGy4wjew&oh=00_AfpmJiJBRV_8_OANlftoCfxuqdO_StqXDf7uDZunyiSIEw&oe=696E6CBB",
  "ad_is_video": false,
  "ad_video_preview_image": null,
  "ad_image": "https://scontent.ftpe8-1.fna.fbcdn.net/v/t39.35426-6/612496512_1616955452996616_5240004612457128791_n.jpg?stp=dst-jpg_s600x600_tt6&_nc_cat=105&ccb=1-7&_nc_sid=c53f8f&_nc_ohc=QJnx_xmA3h8Q7kNvwFP7_YA&_nc_oc=AdmKswhEJdV1O758yQmTL3ppnXzsRlIsOS4vD-ZtVPUTW_Y9sAUDPQcVjhxHCUf3-xU&_nc_zt=14&_nc_ht=scontent.ftpe8-1.fna&_nc_gid=3OKPNMStGE8cQ0EGy4wjew&oh=00_AfoZ9SNX36hh7tVC1ghJU771BUUArZiILwoLy7im9A6MnA&oe=696E5462",
  "ad_cta_text": "瀏覽 Instagram 個人檔案",
  "ad_link_description": null,
  "ad_link_url": "https://l.facebook.com/l.php?u=http%3A%2F%2Finstagram.com%2Fesquirehk%3Ffbclid%3DIwZXh0bgNhZW0CMTAAYnJpZBExOFBnZndlbkFwVVZFVnBIQnNydGMGYXBwX2lkDzU0MTYzOTQ5Mzg4OTAyNQABHleyiSt03kKWjzZLhzF4SA2Rm7sWzMsKN4Rn1I--BVt4nmtZ0ylyYOs9PV4s_aem_TIC-aGLrng2nZwuJpHZdIg&h=AT3Aug0JlKEP1RM2nmqZl6n4j6ya39yjJZC2-he6n3Zu9pgcTrI1c9JooBhXbI0_YJxyb93r4CZs_NtC7ks2kHw-aOWIuqeeDrLOKGVXC6532chrhVmhSO1s4_9KFSSyS3jkC11duQH6Uy7VSiFZbg",
  "ad_title": "instagram.com",
  "ad_caption": "instagram.com",
  "ad_page_id": "617927671587473",
  "ad_cta_type": "瀏覽 Instagram 個人檔案",
  "ad_extra_links": [],
  "ad_extra_texts": [],
  "ad_page_categories": [],
  "ad_page_like_count": 0,
  "ad_publisher_platform": [
    "instagram"
  ],
  "ad_like_count": "0",
  "ad_share_count": "0"
}