{
  "ad_id": "1014107749959603",
  "ad_context": "🛸當前世界核戰危機的外星解決之道?\n🛸外星人將幫助地球人進入黃金文明?\n🛸您是否同意建立外星人大使館? \n邀您一起來了解參與\n🆓🆓🆓🆓🆓🆓完全免費🆓🆓🆓🆓🆓🆓",
  "ad_profile_name": "Taiwan Raelian Movement 台灣雷爾運動",
  "ad_profile_image": "https://scontent.ftpe8-3.fna.fbcdn.net/v/t39.35426-6/336466565_946314343397715_1940519927586014756_n.jpg?stp=dst-jpg_s60x60_tt6&_nc_cat=107&ccb=1-7&_nc_sid=c53f8f&_nc_ohc=ks72-oSOBJwQ7kNvwGmdPqI&_nc_oc=AdkadIuN2JHNGObXk65GDxzvBkkrFuYUwnJRtB1xu0Vdqpr7cJoykSp_3lOaNx-kFHQ&_nc_zt=14&_nc_ht=scontent.ftpe8-3.fna&_nc_gid=ljTLs36RXEtE2r8wJbSHvA&oh=00_Afp_NW3-IIusZaLYyjXZBhFkZcG83cuwiD2Y52Y2S0CBWg&oe=696E74AB",
  "ad_is_video": false,
  "ad_video_preview_image": null,
  "ad_image": "https://scontent.ftpe8-3.fna.fbcdn.net/v/t39.35426-6/335413968_603730747943994_8823708536767272364_n.jpg?stp=dst-jpg_s600x600_tt6&_nc_cat=106&ccb=1-7&_nc_sid=c53f8f&_nc_ohc=734moRG6jogQ7kNvwHMxfz-&_nc_oc=AdmUqUK3Eyihr9h1t5UCYrBkqyufuncodKxLruuElPdHjryqbSPlTTF-Ts0s0eeFJbQ&_nc_zt=14&_nc_ht=scontent.ftpe8-3.fna&_nc_gid=ljTLs36RXEtE2r8wJbSHvA&oh=00_AfrU3HaH1aHLcq3R_EW-_qt5A_2h4hcfbMVix-RT0Cs0TA&oe=696E72EE",
  "ad_cta_text": "有興趣",
  "ad_link_description": "🛸當前世界核戰危機的外星解決之道?\n🛸外星人將如何幫助地球人進入黃金文明?\n🛸您是否同意建立外星人大使館?\n邀您一起來了解參與\n\n地點: 台中市西屯區文心路三段237號6樓\n\n🆓完全免費🆓\n\n說明會內容:\n1. 外星神秘事件釋疑\n2. 耶洛因--來自天空的人們\n4. 無限宇宙\n6. 外星先進文明\n7. 人類的生存危機與不遠的未來\n8. 外星人大使館\n9. Q&A\n10.外星大使館提案連署(自由參加)",
  "ad_link_url": "https://www.facebook.com/events/595176322474613/",
  "ad_title": "外星人的訊息說明會 (台中) 完全免費",
  "ad_caption": "外星人的訊息說明會 (台中) 完全免費",
  "ad_page_id": "164216566973089",
  "ad_cta_type": "有興趣",
  "ad_extra_links": [],
  "ad_extra_texts": [],
  "ad_page_categories": [
    "非營利組織"
  ],
  "ad_page_like_count": 0,
  "ad_publisher_platform": [
    "facebook"
  ],
  "ad_like_count": "0",
  "ad_share_count": "0"
}