{
  "ad_id": "1015911191602295",
  "ad_context": "蘇巧慧委員如果不提《財劃法》，我還不會這麼生氣。\n\n8 年執政、8 年立委，沒有提出一個對新北市公平的修法版本；\n選舉一到，卻開始用政治語言包裝改革，這不是治理，是推託、是騙票。\n\n帳面說新北「多 400 億」，\n實際卻在一般性、計劃性補助款上東扣西扣。\n\n那我請問—行政院版《財劃法》，為什麼不敢公布試算表？\n\n更關鍵的是，\n人口指標從 45% 砍到 18%，對全國人口最多的新北極不公平。\n蘇巧慧委員，你敢不敢要求行政院把這一項剔除？\n\n不敢，就不要嘴砲！\n\n新北市要的是「訂在法律裡的權利」，不是「看人臉色的補助」；\n新北市要的是「公平、合理的制度」。\n\n錯過 8 年，現在才講，請蘇巧慧先為自己的不作爲向新北市民道歉。\n\n#劉和然 #和你顧新北 #財劃法不是選舉語言 #公開試算表 #新北市要公平",
  "ad_profile_name": "劉和然",
  "ad_profile_image": "https://scontent.ftpe7-2.fna.fbcdn.net/v/t39.35426-6/614191667_1989123958620887_5023670890911078699_n.jpg?stp=dst-jpg_s60x60_tt6&_nc_cat=109&ccb=1-7&_nc_sid=c53f8f&_nc_ohc=5t9xj-ieyFIQ7kNvwHU04eF&_nc_oc=AdnflMVBjW7qzMFDk_KgweeCtgVB1_mTxassweowLFiomWxRYoQn_9AgchuB-1AqLTc&_nc_zt=14&_nc_ht=scontent.ftpe7-2.fna&_nc_gid=V9U9swS-cUJZ_xCOFamTHA&oh=00_AfoyDt-LLDVFIe78hT26ObwNxJteSvmZAOlUxpgSdtpGng&oe=696D4ECB",
  "ad_is_video": false,
  "ad_video_preview_image": null,
  "ad_image": "https://scontent.ftpe7-2.fna.fbcdn.net/v/t39.35426-6/613013198_901957415622160_8652615593572959106_n.jpg?stp=dst-jpg_s600x600_tt6&_nc_cat=104&ccb=1-7&_nc_sid=c53f8f&_nc_ohc=dFPzQx7tnK0Q7kNvwGz1fF5&_nc_oc=AdkFrAyOPEK6Fg2E-Krrik7OlxlCMaR5RN_3LiQ5SY0HcETtT0tobwSpR9IJlgVxsG4&_nc_zt=14&_nc_ht=scontent.ftpe7-2.fna&_nc_gid=V9U9swS-cUJZ_xCOFamTHA&oh=00_AfpzDUK2zbE4OkSNGT5Gb5r8dgObRF5QF4dPVg5mJ5tFRQ&oe=696D26B7",
  "ad_cta_text": "發送訊息",
  "ad_link_description": null,
  "ad_link_url": null,
  "ad_title": null,
  "ad_caption": null,
  "ad_page_id": "649268551597090",
  "ad_cta_type": "發送訊息",
  "ad_extra_links": [],
  "ad_extra_texts": [],
  "ad_page_categories": [
    "政治人物"
  ],
  "ad_page_like_count": 0,
  "ad_publisher_platform": [
    "facebook",
    "instagram"
  ],
  "ad_like_count": "0",
  "ad_share_count": "0"
}