{
  "ad_id": "1015117877491479",
  "ad_context": "",
  "ad_profile_name": "Impact Hub Taipei / 社會影響力製造所",
  "ad_profile_image": "https://scontent.ftpe8-2.fna.fbcdn.net/v/t39.35426-6/506702485_1703554380278818_2694066248242986523_n.jpg?stp=dst-jpg_s60x60_tt6&_nc_cat=100&ccb=1-7&_nc_sid=c53f8f&_nc_ohc=gyHHFa7Ig-0Q7kNvwHLPKJA&_nc_oc=AdkXrikwCq1wwY61uJjX8XfxMVYqRd80B_8CjJT1LvRxXi6P7lUF4sOneBZ9tVtZrjk&_nc_zt=14&_nc_ht=scontent.ftpe8-2.fna&_nc_gid=7hq10RJ13iNBj91H83PEqQ&oh=00_AfrVpOBD516IcsW5UbqVobRNxWHoWS4grLQiuFicwrjvJQ&oe=696DD07A",
  "ad_is_video": false,
  "ad_video_preview_image": null,
  "ad_image": "https://scontent.ftpe8-4.fna.fbcdn.net/v/t39.35426-6/506715547_3974371676150803_8956132735562130482_n.jpg?stp=dst-jpg_s600x600_tt6&_nc_cat=110&ccb=1-7&_nc_sid=c53f8f&_nc_ohc=T4GKW6Qgy9QQ7kNvwG0-JIx&_nc_oc=AdnLqX5zr1yzFnr7o-nvhJHm527b9GLyVKYSHrMVXBmjINQVw79mUWU09TnGD-sku8Y&_nc_zt=14&_nc_ht=scontent.ftpe8-4.fna&_nc_gid=7hq10RJ13iNBj91H83PEqQ&oh=00_AfrASs5Hlq_UKcGg1QVMRrI24J2dHbt9bEtAg_nCzCYRUg&oe=696DCAFD",
  "ad_cta_text": "Learn More",
  "ad_link_description": null,
  "ad_link_url": "https://l.facebook.com/l.php?u=https%3A%2F%2Fsewfonline.com%2Fevents%2Fsewf25%2F%3Ffbclid%3DIwZXh0bgNhZW0CMTAAYnJpZBExcjBkMnVFZ0F2RGFYN3NnVnNydGMGYXBwX2lkDzU0MTYzOTQ5Mzg4OTAyNQABHlAGodb6DghXQ-njNwqPyNJCjfDjy62veYfCEmtAEYJTDQXvSUS-PO13qjgP_aem_6Wt0kvORzD4UEl4qK25oAg&h=AT3J2ZRNKshUQmYhZmEj7hktivHvFwuiS43Pr0s1i_Bm1Agy5YcWdmqlOTZCCEqD8sWIBVNaEWD0E1CQxZib4nHvxb1y68A_SrXxu1Ke_fI7a0-jD4Nv43NT4nH5a8SNJSTyzv0yJEMGzObv8hvBtQ",
  "ad_title": "2025 SEWF 社會企業世界論壇",
  "ad_caption": "sewfonline.com",
  "ad_page_id": "361382484016227",
  "ad_cta_type": "Learn More",
  "ad_extra_links": [
    "2025 SEWF 社會企業世界論壇",
    "2025 SEWF 社會企業世界論壇",
    "2025 SEWF 社會企業世界論壇"
  ],
  "ad_extra_texts": [],
  "ad_page_categories": [
    "社群"
  ],
  "ad_page_like_count": 0,
  "ad_publisher_platform": [
    "facebook",
    "instagram"
  ],
  "ad_like_count": "0",
  "ad_share_count": "0"
}