{
  "ad_id": "1018955443279841",
  "ad_context": "#2025流域共好 #為家鄉河川做一件事\n【北向水治理新思維 · 為淡水河做事的人們】#亮點講者\n\n✨即刻免費報名｜https://cwnewbusiness.pse.is/7ke6ca 【最後倒數囉！】\n\n投注之後多久能看見成效呢？\n一條河川的污染是日積月累的，改善整治再重新走入生活的視野也是以年為計的工作。\n還記得我們說，6+年的時間，我們終於等到淡水河全測站年平均無嚴重污染的好消息吧？這也是我們走向全台，的重要契機，期待能夠複製淡水河的經驗，在地實踐，目標在2030年前達成全國50條主要河川無嚴重污染河段目標。在此之前，已經為家鄉河川做了N件事的他們，又有什麼想說的呢？\n\n➼ 「為淡水河做了Ｎ件事之後⋯⋯」\n\n▌環境部｜彭啟明部長\n彭啓明博士長期投入氣候變遷工作，曾參與11次的聯合國氣候變遷會議，以民間參與的投入協助台灣及全球邁向淨零，具有創新性的實績。他也是一位科學家與創業家，獲得國立中央大學大氣科學博士，主攻大氣化學、空氣污染、全球冷卻，並創立台灣民間第一家氣象公司，改變了台灣過去由政府完全主導的氣象預報生態，投入氣候科技相關服務。他也參與許多面向的民間社團及環保組織，在開放資料、大數據推動上扮演積極的台灣與亞洲連結全球的民間推動者。他也擔任過電視及廣播氣象主播長達17年，並主持網路直播節目，是一位知名的主持人，談論氣候、健康與環境議題。\n彭啓明博士是一位蔬食者，對推動蔬食減緩暖化保護地球不遺餘力。\n2024年接受行政院卓榮泰院長邀請擔任環境部長一職。\n\n▌SDG集團明緯｜王憲政永續長\nSDG集團明緯永續長 王憲政先生，負責集團經營策略發展，專注於整 合各項機能與分公司，強化行政支援體系，整合企劃、資訊、人力資 源、訓練、法律事務、稽核、品牌及公益等領域，確保集團運作具備 標準化、電腦化的高效益。此外，永續長積極推動聯合國永續發展目 標（SDGs）及企業社會責任（CSR），並致力於明緯公益基金會的運 作，確保企業在追求經濟成長時，也能落實對社會與環境的承諾，串 聯集團夥伴，共同發揮社會影響力，為集團永續發展奠定堅實基礎。\n\n▌台北市政府工務局水利工程處｜林洙宏主任秘書\n從事水利相關工作逾25年，曾任台灣大學農業工程學系助教，於臺北市政府從基層歷練學習，歷經幫工程司、股長、正工程司、科長，到現在擔任水利工程處主任秘書。參與策劃臺北市水環境政策，包括因應極端降雨、高溫之韌性調適策略、水資源永續利用、營造親水休憩、生態永續的友善水環境。\n\n▌流域共好夥伴｜高偉倫\n高偉倫（Daniel Kao），高雄子弟，專注於品牌策略、永續倡議與影像策展。喜歡探索議題，將脈絡轉譯為觸動人心的故事與影像。曾任《天下雜誌》未來事業部數位營運副理，結合設計思考與公共倡議推動「流域共好」計畫。希望延續為淡水河做一件事的動能，連結家鄉的河川、土地與社群。\n\n➼ 流域關鍵字｜與河共生，與流域共好\n#淡水河 #跨域合作 #為淡水河做一件事\n\n─┈┄┅━━━━━━━━━━━━━━━┅┄┈─​\n\n\\\\\\\\\\\\\\ 共好夥伴聚集中！快來加入我們///////\n6.10 跟我們一起走出淡水河，移師南台灣，宣示 #為家鄉河川做一件事\n✨報名還贈多項好禮，詳細請見活動報名頁👉👉👉\n✨即刻免費報名｜https://cwnewbusiness.pse.is/7ke6ca \n▌時間｜2025.6.10（二）13:00-17:10\n▌地點｜R23糖倉會展中心_C3會館（高雄市橋頭區糖廠路24號）",
  "ad_profile_name": "CSR在天下",
  "ad_profile_image": "https://scontent.ftpe8-1.fna.fbcdn.net/v/t39.35426-6/501106514_730444439589660_1612561457562003582_n.jpg?stp=dst-jpg_s60x60_tt6&_nc_cat=105&ccb=1-7&_nc_sid=c53f8f&_nc_ohc=uECbb-wRPEoQ7kNvwFGDFLw&_nc_oc=AdkSE9Mkc-T7rrrb27VN0vVO4Kpci4B_uhg3m_Kc2f8N1NChQV66bwhVeBLhpSa4S0c&_nc_zt=14&_nc_ht=scontent.ftpe8-1.fna&_nc_gid=0StEnHdjc3EayIWCbPN4Yw&oh=00_AfqL26R9VyzV8aYpInypf5vl2qY2ULkbKOck2AzWjYeiVA&oe=696E7911",
  "ad_is_video": false,
  "ad_video_preview_image": null,
  "ad_image": "https://scontent.ftpe8-1.fna.fbcdn.net/v/t39.35426-6/502583865_1398020731523409_6740614822325834634_n.jpg?stp=dst-jpg_s600x600_tt6&_nc_cat=109&ccb=1-7&_nc_sid=c53f8f&_nc_ohc=YXVRLwqB1eIQ7kNvwH3vRR0&_nc_oc=AdmYZ1W96R7t4T4QvHitz6R88maZXCeVpiyWeuQpijh-_JqZ8-l6OmxXvkvqS0vFodU&_nc_zt=14&_nc_ht=scontent.ftpe8-1.fna&_nc_gid=0StEnHdjc3EayIWCbPN4Yw&oh=00_Afqvpaj6bJsbVM14pyypDrEZ7xJxqwj54sUmHyM0bzH-3w&oe=696E73D4",
  "ad_cta_text": "",
  "ad_link_description": null,
  "ad_link_url": "https://cwnewbusiness.pse.is/7ke6ca",
  "ad_title": null,
  "ad_caption": null,
  "ad_page_id": "1751961571765479",
  "ad_cta_type": "",
  "ad_extra_links": [],
  "ad_extra_texts": [],
  "ad_page_categories": [],
  "ad_page_like_count": 0,
  "ad_publisher_platform": [
    "facebook",
    "instagram"
  ],
  "ad_like_count": "0",
  "ad_share_count": "0"
}