{
  "ad_id": "1018054085321833",
  "ad_context": "🚂 放暑假了，疫情還沒過不能出國 🥺，爸爸媽媽們還在煩惱要去那玩嗎 🤔？\n跟媽媽經一起來趟台南親子之旅 🌞，台南除了是大家公認的美食之都，也被喻為文化首都 🤹🏻，處處可發現歷史文化、傅統藝術、還有自然生態呢 🛤\n來趣府東創意森林、關子嶺溫泉、碧雲寺，芒果節、雙雕藝術季跟葫蘆埤自然公園童趣節、安平虎鯨跟七股海鮮節大啖美食，今夏就帶孩子一起衝臺南 👉🏻 Go Back to 臺南 ❤️\n\n台南旅遊 #臺南 #臺南HIGH一夏 #臺南美食 #旅遊 #夏日活動",
  "ad_profile_name": "媽媽經",
  "ad_profile_image": "https://scontent.ftpe8-1.fna.fbcdn.net/v/t1.6435-9/104318714_3366961150016798_5831118437339753845_n.jpg?stp=dst-jpg_s60x60_tt6&_nc_cat=100&ccb=1-7&_nc_sid=c53f8f&_nc_ohc=DsFZzr5SjgsQ7kNvwHoy2CR&_nc_oc=AdmMVDpJrF2RQNBZAJNVK_RmiqJe9Mrk2Clkvlbv-WfUZP1sJAkP9HXvNXQb5Q4VP4Y&_nc_zt=23&_nc_ht=scontent.ftpe8-1.fna&_nc_gid=vJOr0iCG4z1oo0IiUWteUw&oh=00_AfrVqI5BI_9YwGad8CCRsMP14D1Sz3evI9seaJEM-L16Ng&oe=698EBD18",
  "ad_is_video": false,
  "ad_video_preview_image": "https://scontent.ftpe8-3.fna.fbcdn.net/v/t39.35426-6/130044775_216113336549031_4053658916855488403_n.jpg?_nc_cat=107&ccb=1-7&_nc_sid=c53f8f&_nc_ohc=d0_ic2yuucAQ7kNvwG3jBrz&_nc_oc=AdkaH0GIxHmLI8UMck03ShEpN7R0Oi6FdOFOoTg4al-Yrty4ojM2lCMqlzIqJmOCZvE&_nc_zt=14&_nc_ht=scontent.ftpe8-3.fna&_nc_gid=vJOr0iCG4z1oo0IiUWteUw&oh=00_Afqt_7lsk7Mi04XzIepL7hBZQ_aMLx1Zi179eBrJwH8fBQ&oe=696D3091",
  "ad_image": null,
  "ad_cta_text": "瞭解詳情",
  "ad_link_description": null,
  "ad_link_url": "https://l.facebook.com/l.php?u=https%3A%2F%2Fmamaclub.com%2F%3Fp%3D630589%26utm_source%3Dmamaclub.tw%26utm_medium%3Dfacebook%26fbclid%3DIwZXh0bgNhZW0CMTAAYnJpZBExQmZLMFd1azNKYklPS2NvaHNydGMGYXBwX2lkDzU0MTYzOTQ5Mzg4OTAyNQABHsq-K2Wkdae7DseJgD8kQqYMbTPAd_tZLrvKyL0TgJS7o6mPgBkmD9dJ8GqL_aem_gcOpUTM7SNmTv2uurd0b9w&h=AT0VjHzBrmQQvLsQePc12anMkGMT78uUgkrJNO1pMYXhiphGCnNJMrkof6b6aQBHCmBlq78ev6S0HxJQUo-GyZ_pmyk7Mpxp0JWb4FqPvzEVcYGCl4ouuPgzcLF6KVsGhuGkQvqDs8VUQFUmEU_Z1g",
  "ad_title": "臺南這夏超HIGH，與市長黃偉哲一起來一場熱情、台味的文化古都之旅！",
  "ad_caption": "mamaclub.com",
  "ad_page_id": "155477534498525",
  "ad_cta_type": "瞭解詳情",
  "ad_extra_links": [],
  "ad_extra_texts": [],
  "ad_page_categories": [
    "媒體"
  ],
  "ad_page_like_count": 0,
  "ad_publisher_platform": [
    "facebook"
  ],
  "ad_like_count": "0",
  "ad_share_count": "0"
}