{
  "ad_id": "1021980583245952",
  "ad_context": "防蚊液DIY大受好評！持續開課中🎉\n\n感謝大家對防蚊液與預防登革熱夏日養生課程的熱情支持，上次課程結束後詢問度爆棚，大家不只做得開心，還說回家用了效果超棒，天然又安心💪\n這次乃立的團隊來到👉復華里公園華廈，為了讓更多人參與，特別安排：\n📅 6/15（日）假日場\n📅 6/16（一）非假日場\n不論你是上班族還是退休族，都能找到合適時段來動手做！\n\n🎯 名額有限，報名要快！\n🎁 永康里民免費參加，一起學習如何用天然配方守護家人健康，遠離蚊蟲困擾\n\n報名請看留言處連結🔗\nhttps://forms.gle/gkdNBv68sc6YrA9J9\n\n#防蚊液DIY\n#預防登革熱\n#永康復華里\n#永康有乃立生活好安心\n#林乃立",
  "ad_profile_name": "永康新活力-林乃立",
  "ad_profile_image": "https://scontent.ftpe8-4.fna.fbcdn.net/v/t39.35426-6/503487843_1343809060026663_8645365859491408006_n.jpg?stp=dst-jpg_s60x60_tt6&_nc_cat=110&ccb=1-7&_nc_sid=c53f8f&_nc_ohc=f7ZDh2bzinEQ7kNvwGZga1X&_nc_oc=Adn2oFjXZJZLqmqDrScxu4UmLGC83Ol0sWhCsgLtCtH2L6Hm0zM8p5iFwhiAsb6G2jM&_nc_zt=14&_nc_ht=scontent.ftpe8-4.fna&_nc_gid=iy0zkUZpKZB4eu8BpxuyaA&oh=00_AfojYpxJ-oj4HoXDgj8v1_UHeQLpZ8Skwhnvg_o6bImjnQ&oe=696DCE36",
  "ad_is_video": false,
  "ad_video_preview_image": null,
  "ad_image": "https://scontent.ftpe8-2.fna.fbcdn.net/v/t39.35426-6/503668859_2664765577207152_6950451613957197413_n.jpg?stp=dst-jpg_s600x600_tt6&_nc_cat=103&ccb=1-7&_nc_sid=c53f8f&_nc_ohc=cNYG_08vE8gQ7kNvwFw-FrR&_nc_oc=AdkhF12bYnmWdh1zghfAuzpn53bxTewiS1BG67x_DZjNtLqPUuBeAQ2dexIJ8hX5aO4&_nc_zt=14&_nc_ht=scontent.ftpe8-2.fna&_nc_gid=iy0zkUZpKZB4eu8BpxuyaA&oh=00_AfrNKNIq-Ms1mPVogWrfJSxW80HshAYXeTmvfosSDBhOCw&oe=696DF713",
  "ad_cta_text": "",
  "ad_link_description": null,
  "ad_link_url": "https://forms.gle/gkdNBv68sc6YrA9J9",
  "ad_title": null,
  "ad_caption": null,
  "ad_page_id": "215296441676128",
  "ad_cta_type": "",
  "ad_extra_links": [],
  "ad_extra_texts": [],
  "ad_page_categories": [
    "公眾人物"
  ],
  "ad_page_like_count": 2757,
  "ad_publisher_platform": [
    "facebook",
    "instagram"
  ],
  "ad_like_count": "0",
  "ad_share_count": "0"
}