{
  "ad_id": "1023169131930706",
  "ad_context": "總統大選民調震驚全台 \n他直言「這點」對國民黨有利",
  "ad_profile_name": "溏風報傳媒",
  "ad_profile_image": "https://scontent.ftpe8-4.fna.fbcdn.net/v/t39.35426-6/355285958_568165028824011_5156844442067053623_n.jpg?stp=dst-jpg_s60x60_tt6&_nc_cat=102&ccb=1-7&_nc_sid=c53f8f&_nc_ohc=nlDVTPD_F74Q7kNvwFuYb3V&_nc_oc=AdkGWPB_RIar13Bewhb2DjUjlHgtiMTDukge9e0mvkcbCNR2Vh4yN1h8w4UDsLkcO_4&_nc_zt=14&_nc_ht=scontent.ftpe8-4.fna&_nc_gid=tL63ga6KCQ8LY91Sa4q8EA&oh=00_Afp1-7PDMHDiyhbV5tZBJ6mXR_hqez2YcfeASp6sXTOq7g&oe=696E58B6",
  "ad_is_video": false,
  "ad_video_preview_image": null,
  "ad_image": null,
  "ad_cta_text": "",
  "ad_link_description": null,
  "ad_link_url": null,
  "ad_title": null,
  "ad_caption": null,
  "ad_page_id": "132666307449531",
  "ad_cta_type": "",
  "ad_extra_links": [],
  "ad_extra_texts": [],
  "ad_page_categories": [],
  "ad_page_like_count": 0,
  "ad_publisher_platform": [
    "facebook"
  ],
  "ad_like_count": "0",
  "ad_share_count": "0"
}