{
  "ad_id": "1025165995519461",
  "ad_context": "這個故事，可能與你無關，\n但關乎土地、關乎行動，以及 —— 承諾。\n　​　​　​\n12 年的時間，我們想讓你了解：\n☩ 為什麼是南迴診所而非醫院？\n☩ 南迴行動醫療計畫是什麼？\n☩ 如何支持偏鄉醫療議題？\n　​　​　​\n他們走不過來的路，我們走過去。\n　​　​　​\n一起舉起這把小小的火苗，\n讓光持續照在這條遠遠的山路上。\n　​　​　​\n＃村裡來了個喊著要蓋醫院的他​　​　​\n＃支持南迴行動醫療計畫｜＃把光照進看不到的地方",
  "ad_profile_name": "醫療財團法人南迴基金會",
  "ad_profile_image": "https://scontent.ftpe8-4.fna.fbcdn.net/v/t39.35426-6/358595855_225625623216910_5864934613483026446_n.jpg?stp=dst-jpg_s60x60_tt6&_nc_cat=110&ccb=1-7&_nc_sid=c53f8f&_nc_ohc=BSdKM0P6TkAQ7kNvwFCCOFp&_nc_oc=Admn2z0skQ3QM9Eu64XSmuq80X06-2vJTVqRnmd2l3mXGsQRkC5kIXiv-TbWdyEAxY4&_nc_zt=14&_nc_ht=scontent.ftpe8-4.fna&_nc_gid=nq_El7bfg1y_xsCsZgl-Tg&oh=00_AfpHq-F_kXFkhAI1hvRVlxnFKrFMW3CZyl-az7leM64BQw&oe=696DC512",
  "ad_is_video": false,
  "ad_video_preview_image": null,
  "ad_image": "https://scontent.ftpe8-1.fna.fbcdn.net/v/t39.35426-6/358544461_179831768407757_4706886807058458054_n.jpg?stp=dst-jpg_s600x600_tt6&_nc_cat=105&ccb=1-7&_nc_sid=c53f8f&_nc_ohc=p063ODRq1E8Q7kNvwFWsksJ&_nc_oc=AdlTbvN2uEOZsyX7wHf4qO4oqsU5pBFtzeduQ3891ATDwmSsXVB5MTa40XETUCYxtQc&_nc_zt=14&_nc_ht=scontent.ftpe8-1.fna&_nc_gid=nq_El7bfg1y_xsCsZgl-Tg&oh=00_Afp4t7ohuCYL0368lyRxmBVDNn18MUrLLAK7CCz-ulXTFQ&oe=696DF939",
  "ad_cta_text": "發送訊息",
  "ad_link_description": null,
  "ad_link_url": null,
  "ad_title": null,
  "ad_caption": null,
  "ad_page_id": "587400394604351",
  "ad_cta_type": "發送訊息",
  "ad_extra_links": [],
  "ad_extra_texts": [],
  "ad_page_categories": [],
  "ad_page_like_count": 0,
  "ad_publisher_platform": [
    "facebook"
  ],
  "ad_like_count": "0",
  "ad_share_count": "0"
}