{
  "ad_id": "1026980426209633",
  "ad_context": "阿嬤，妳可以跟妳朋友請款這一段補票的錢，畢竟妳是為了她而破費的。( ͡° ͜ʖ ͡°) \n\n#高鐵 #佔位 #霸位 #自由座 #補票",
  "ad_profile_name": "台島觀察",
  "ad_profile_image": "https://scontent.ftpe8-1.fna.fbcdn.net/v/t39.35426-6/508180452_9977432122335277_1506186195051328331_n.jpg?stp=dst-jpg_s60x60_tt6&_nc_cat=108&ccb=1-7&_nc_sid=c53f8f&_nc_ohc=fE7RXin4nlMQ7kNvwG3sUIU&_nc_oc=AdmDvfYmmbibRZHdt8V4YPSmfiqV-uOP-y-GBhumJi-KziiEAjNmhFvb9qHPcsLEACA&_nc_zt=14&_nc_ht=scontent.ftpe8-1.fna&_nc_gid=c7rOejk56wgMCeSvr8wD-A&oh=00_Afo30SydVu-o_OP9rkJZRTlJW1z8R6JA8EPNZsr-3bPcGw&oe=696E4CAB",
  "ad_is_video": false,
  "ad_video_preview_image": null,
  "ad_image": "https://scontent.ftpe8-2.fna.fbcdn.net/v/t39.35426-6/508264180_1086843189988516_275974223139406065_n.jpg?stp=dst-jpg_s600x600_tt6&_nc_cat=101&ccb=1-7&_nc_sid=c53f8f&_nc_ohc=hR_WUqFIiCAQ7kNvwExo4Ub&_nc_oc=AdlSGEWRVI-miDoXVXbxmSUzQNb-GpjkvFfmz6UC-ClQ-9-Q-oDlebEjnpg0OjQ3GpY&_nc_zt=14&_nc_ht=scontent.ftpe8-2.fna&_nc_gid=c7rOejk56wgMCeSvr8wD-A&oh=00_AfoRe18zwr5kojg5evycJgPs-ebDRRGCrZCkFVihCBLOHQ&oe=696E47C5",
  "ad_cta_text": "",
  "ad_link_description": "高鐵自由座車廂又見「佔位魔人」！一名女網友目睹有位阿嬤以自己的包包佔位，導致一旁的乘客只能站著，乘務員前來勸導，但阿嬤卻依舊放飛自我，最終對方祭出「1招制裁」，療癒過程掀起網友們討論。",
  "ad_link_url": "https://l.facebook.com/l.php?u=https%3A%2F%2Fnews.tvbs.com.tw%2Flife%2F2902602%3Ffbclid%3DIwZXh0bgNhZW0CMTAAYnJpZBExOFBnZndlbkFwVVZFVnBIQnNydGMGYXBwX2lkDzU0MTYzOTQ5Mzg4OTAyNQABHnOw3IUANO8ZKArBordoYs_FuKh_afA9CSSkZueJFM2Dn6kpV16j1DonJlxM_aem_lUipjPLLZHJkyox3VnN4bA&h=AT3Hbq4VTilsZ1jaapTtRbMYkuZ5OAQ7a_4RiEZgXfYHEJRtL3VR6XNuMjOG6QeBwhVCg8iThrkCiiSFnRLWV3Z2BNTbV7ysDMcfVXd2sPYrJMb_ceuW4FwIezAuCoNL8mU8FZm7xnWyj5OIBh8nCg",
  "ad_title": "高鐵又見「包包佔位」！嬤不聽勸遭乘務員制裁　療癒結局一票叫好│TVBS新聞網",
  "ad_caption": "news.tvbs.com.tw",
  "ad_page_id": "121167114316661",
  "ad_cta_type": "",
  "ad_extra_links": [],
  "ad_extra_texts": [],
  "ad_page_categories": [],
  "ad_page_like_count": 0,
  "ad_publisher_platform": [
    "facebook"
  ],
  "ad_like_count": "0",
  "ad_share_count": "0"
}