{
  "ad_id": "1030689685909772",
  "ad_context": "【創意白汁 百變升級餐單】\n傳統白汁製作太費神費時？不妨選用「家樂牌高級白汁粉(德國)」，滾水2分鐘即可開出細膩白汁，香濃幼滑，穩定零失手！更可隨心加創意：與蒜蓉拌煮成蒜香白汁意粉；或配南瓜蓉、紅甜椒蓉變出繽紛醬色，無論海鮮、白肉、素食都相得益彰。省時穩定又靈活，菜單魅力Level Up，食客自然一見心動！\n\n立即問Chef Buddy攞更多 #鑽研廚藝 資訊 https://bit.ly/30kzqIT",
  "ad_profile_name": "聯合利華飲食策劃香港",
  "ad_profile_image": "https://scontent.ftpe8-3.fna.fbcdn.net/v/t39.35426-6/599945403_684620184585724_6646631241211266290_n.jpg?stp=dst-jpg_s60x60_tt6&_nc_cat=111&ccb=1-7&_nc_sid=c53f8f&_nc_ohc=LhDVHxIbyfkQ7kNvwENtzvb&_nc_oc=AdnVpEkfPOe2d-F76mzI0PqSf-Qi3m6ZX7xz0KKkm0SWTEz5cGEmF26xiYn-_XuVo6Q&_nc_zt=14&_nc_ht=scontent.ftpe8-3.fna&_nc_gid=DxSfwn0ogqBl9ljklMBRHg&oh=00_Afr9pGYoQ-h8qB53RqKXdDGufg0w7yEdZht3z2rZq4eiqw&oe=696E72D0",
  "ad_is_video": false,
  "ad_video_preview_image": null,
  "ad_image": "https://scontent.ftpe8-4.fna.fbcdn.net/v/t39.35426-6/599950698_2507285989685823_9053325672250867155_n.jpg?stp=dst-jpg_s600x600_tt6&_nc_cat=110&ccb=1-7&_nc_sid=c53f8f&_nc_ohc=kWOFF4d2mh0Q7kNvwFKaln8&_nc_oc=AdmmwN534X8bAPHRJaIvPMUADV8DsLEX6wHMW4YAZWUS28pnpZGaX9JUniT-Q_T1ZPc&_nc_zt=14&_nc_ht=scontent.ftpe8-4.fna&_nc_gid=DxSfwn0ogqBl9ljklMBRHg&oh=00_AfoSkElQpGERDx1kMiRgVKRNJTvG5mzhh0g8BBJaszy9FA&oe=696E6F4B",
  "ad_cta_text": "瞭解詳情",
  "ad_link_description": null,
  "ad_link_url": "https://bit.ly/30kzqIT",
  "ad_title": "一撳即睇如何快速開出創意白汁",
  "ad_caption": "h5.maiscrm.com",
  "ad_page_id": "805628376204850",
  "ad_cta_type": "瞭解詳情",
  "ad_extra_links": [],
  "ad_extra_texts": [],
  "ad_page_categories": [],
  "ad_page_like_count": 0,
  "ad_publisher_platform": [
    "facebook",
    "instagram",
    "audience_network",
    "messenger",
    "threads"
  ],
  "ad_like_count": "0",
  "ad_share_count": "0"
}