{
  "ad_id": "1030820874521438",
  "ad_context": "國民黨電話初選 4/10 11 12 三天電話民調☎️\n請各位留意來電，#唯一支持周世雄，\n懇請給周世雄一個機會 翻轉中正 萬華區!!\n\n國民黨新人參選，40年在地深根中正萬華\n最知道各位需要的是甚麼，懇請各位拜託 電話支持\n說出唯一支持周世雄，世雄一定為大家民生來拼命!!\n\nPS記得電話民調結束再掛電話呦!! 感謝各位!!",
  "ad_profile_name": "周世雄-中正萬華",
  "ad_profile_image": "https://scontent.ftpe8-4.fna.fbcdn.net/v/t39.35426-6/277749807_286683350325257_7675147048160346525_n.jpg?stp=dst-jpg_s60x60_tt6&_nc_cat=102&ccb=1-7&_nc_sid=c53f8f&_nc_ohc=BuQkvwvGbAkQ7kNvwFa6gzu&_nc_oc=AdmaPgz5hMDzFjpcF1BIKQKaWGEysCyzFQ-OIZrBT0Y-LUICLXTG9z0aziNw-NpISpE&_nc_zt=14&_nc_ht=scontent.ftpe8-4.fna&_nc_gid=2k1KbcuXayCKR4cYpMXGyQ&oh=00_AfqPmO6eQS6S_Sm1jGZJzHuTSYg-MEyVVd5nbMfeJgOU5g&oe=696DC0EC",
  "ad_is_video": false,
  "ad_video_preview_image": null,
  "ad_image": "https://scontent.ftpe8-4.fna.fbcdn.net/v/t39.35426-6/277589220_404200154850660_222020537976497066_n.jpg?stp=dst-jpg_s600x600_tt6&_nc_cat=102&ccb=1-7&_nc_sid=c53f8f&_nc_ohc=7gm3X6zIKGAQ7kNvwGCrJeT&_nc_oc=Adma9_18blHLfcnwUZORfjdmWsD-FvoQy6JUua8lyaFFDFSd7-D5qfk_aDGQvdZpBNo&_nc_zt=14&_nc_ht=scontent.ftpe8-4.fna&_nc_gid=2k1KbcuXayCKR4cYpMXGyQ&oh=00_AfpdIqHs362OZDyGLEGPyJGo04aqfSNJbRKnIgF_l9i5BA&oe=696DCCF7",
  "ad_cta_text": "",
  "ad_link_description": null,
  "ad_link_url": null,
  "ad_title": null,
  "ad_caption": null,
  "ad_page_id": "108098901831850",
  "ad_cta_type": "",
  "ad_extra_links": [],
  "ad_extra_texts": [],
  "ad_page_categories": [
    "社會服務"
  ],
  "ad_page_like_count": 3535,
  "ad_publisher_platform": [
    "facebook",
    "instagram"
  ],
  "ad_like_count": "0",
  "ad_share_count": "0"
}