{
  "ad_id": "1031674165810851",
  "ad_context": "▍#禾意家居裝飾畫廊 🎨｜#空間美學提案專家\n✨用藝術框住時光，讓日常處處有詩意✨\n\n🛋️【#全場景裝飾方案】🖼️\n#玄關迎賓｜#客廳C位｜#臥室療癒｜#餐廳儀式感｜#辦公室質感\n💎晶瓷畫｜🎨油畫｜🖌️精雕畫｜💡燈光畫｜🖋️書法\n5大品類混搭 #現代輕奢 到 #新中式風格 ，切換空間氛圍超簡單！\n\n🔥【人氣首選の理由】🔥\n✅ #6年自營工廠 直供｜從顏料到畫布層層把關\n✅ #客製化無極限｜風水尺寸/主題定製/紀念日專屬創作\n✅ 下單就享 #免運宅配 🚚＋#貨到付款 💳",
  "ad_profile_name": "禾意家居裝飾畫廊",
  "ad_profile_image": "https://scontent.ftpe8-1.fna.fbcdn.net/v/t39.35426-6/499931374_1238228501342505_8042206275340367115_n.jpg?stp=dst-jpg_s60x60_tt6&_nc_cat=108&ccb=1-7&_nc_sid=c53f8f&_nc_ohc=0_MElLXb0YcQ7kNvwEwzGgq&_nc_oc=Adnq9_2L5FlO8eDkM72k6w1S6j59UtquBZoooxcPZ20pu5i_ETFJ7vdoq7ymDYS8Df0&_nc_zt=14&_nc_ht=scontent.ftpe8-1.fna&_nc_gid=CK3Dl8hsnXUBBmw1rMCFFQ&oh=00_AfrSX8nND4rLBU9cbcmsA7lWcRJ0mF81YnlgGvxwfUUj6g&oe=696E5A2F",
  "ad_is_video": false,
  "ad_video_preview_image": null,
  "ad_image": "https://scontent.ftpe8-1.fna.fbcdn.net/v/t39.35426-6/499864897_1034295648235618_2849793144259863409_n.jpg?stp=dst-jpg_s600x600_tt6&_nc_cat=109&ccb=1-7&_nc_sid=c53f8f&_nc_ohc=TjqND05kBLwQ7kNvwHOQJc-&_nc_oc=AdkwSD0GlHfavzh8rbIPum2uHyqfboyGaS4nXGmbJiUTycMQDNoxWnMoa-3XHNG8AlI&_nc_zt=14&_nc_ht=scontent.ftpe8-1.fna&_nc_gid=CK3Dl8hsnXUBBmw1rMCFFQ&oh=00_AfoljgUkIHCksNvyZzmXmce_8IY9bmsgAk82TiLbvj16Iw&oe=696E4CA5",
  "ad_cta_text": "說這專頁讚",
  "ad_link_description": null,
  "ad_link_url": "https://www.facebook.com/642695518931097",
  "ad_title": "禾意家居裝飾畫廊",
  "ad_caption": "facebook.com",
  "ad_page_id": "642695518931097",
  "ad_cta_type": "說這專頁讚",
  "ad_extra_links": [],
  "ad_extra_texts": [],
  "ad_page_categories": [
    "居家裝飾"
  ],
  "ad_page_like_count": 651,
  "ad_publisher_platform": [
    "facebook"
  ],
  "ad_like_count": "0",
  "ad_share_count": "0"
}