{
  "ad_id": "1034348307961590",
  "ad_context": "#選前之夜 就在今夜🔥\n〈幸福平安熱力晚會〉＆〈進擊的幸福大遊行〉\n佳琪號召今晚市民鄉親朋友～相揪鬥陣行🏃🏻‍♀️🏃🏻‍♂️🏃🏻\n讓熱力綻放屏東的天空✨✨✨\n\n🔥〈幸福平安熱力晚會〉\n周佳琪暨市政推動聯盟-幸福平安熱力晚會\n11/25（五）晚上6點半～9點 慈鳳宮前廣場\n現場為遊行隊伍加油、樂團街舞、亂打秀、火舞團\n及市長候選人周佳琪對市民朋友的懇託\n\n🔥〈進擊的幸福 掃街拜票大遊行〉\n周佳琪與屏東市國民黨候選人鬥陣大遊行\n集合地點：慈鳳宮旁 唐榮國小前\n集合時間：晚上6點半\n出發時間：晚上18:50\n市街遊行回到媽祖廟前大團結19:45\n\n#拉票 #催票 #固票 #投票 #團結勝選\n#屏東市長候選人1號周佳琪懇託",
  "ad_profile_name": "周佳琪",
  "ad_profile_image": "https://scontent.ftpe8-1.fna.fbcdn.net/v/t39.35426-6/316424013_3431591500457187_1650559689803607336_n.jpg?stp=dst-jpg_s60x60_tt6&_nc_cat=105&ccb=1-7&_nc_sid=c53f8f&_nc_ohc=JkiBW7uyNqYQ7kNvwFbkust&_nc_oc=Adktku5fQTfQ1585A0pltJzwx3kvSdrWRM5MCZvOW8esSGulGU0y2U-AKx3zf0kIRuE&_nc_zt=14&_nc_ht=scontent.ftpe8-1.fna&_nc_gid=GOin9kdhOPziKSFgIFO_HQ&oh=00_AfqV1E4FGieJQ3rC5f8wb9Mvf4AcptgO8AaOA6EnqwaOGw&oe=696DC6B4",
  "ad_is_video": false,
  "ad_video_preview_image": null,
  "ad_image": "https://scontent.ftpe8-3.fna.fbcdn.net/v/t39.35426-6/317079144_519519690094924_5438549822649272436_n.jpg?stp=dst-jpg_s600x600_tt6&_nc_cat=107&ccb=1-7&_nc_sid=c53f8f&_nc_ohc=_zEcJhL6OSAQ7kNvwF1vkvT&_nc_oc=AdkkA4TjOvY88fIVe512nL1WpNQbdeFvCtc5cgx1DpgbM9ALYhhE0rYYsM7Ps8-tSGA&_nc_zt=14&_nc_ht=scontent.ftpe8-3.fna&_nc_gid=GOin9kdhOPziKSFgIFO_HQ&oh=00_AfrzS0v90QUMuJ5__ndoXTInXHbEdy7D4DyN9L0GzNlTBw&oe=696DC6DE",
  "ad_cta_text": "",
  "ad_link_description": null,
  "ad_link_url": null,
  "ad_title": null,
  "ad_caption": null,
  "ad_page_id": "258387768395887",
  "ad_cta_type": "",
  "ad_extra_links": [],
  "ad_extra_texts": [],
  "ad_page_categories": [
    "政治人物"
  ],
  "ad_page_like_count": 0,
  "ad_publisher_platform": [
    "facebook"
  ],
  "ad_like_count": "0",
  "ad_share_count": "0"
}