{
  "ad_id": "1035677987828979",
  "ad_context": "[注意]\n配合政府防疫規定\n須全程配戴口罩\n🛸1979年外星人已預測當前世界核戰危機?\n🛸外星人將如何幫助地球人進入黃金文明?\n🛸您是否同意建立外星人大使館?\n邀您一起來了解參與",
  "ad_profile_name": "Taiwan Raelian Movement 台灣雷爾運動",
  "ad_profile_image": "https://scontent.ftpe8-2.fna.fbcdn.net/v/t39.35426-6/316257961_939371710373266_4360338442366919224_n.jpg?stp=dst-jpg_s60x60_tt6&_nc_cat=103&ccb=1-7&_nc_sid=c53f8f&_nc_ohc=H_s1ahEP2xwQ7kNvwF3iSh2&_nc_oc=Adl5oYi5FzpuSdofN8ztvr9Yumbsj38FxFC2dCXqQcupRlZ-4xBKiXzi2mGPmTC9npY&_nc_zt=14&_nc_ht=scontent.ftpe8-2.fna&_nc_gid=Hp6XYpHU9ALOcTRi5pt5hg&oh=00_AfonQUR7tXcL5UZ5VWaPnTYr3jLPhTWi562LueZMvurOmQ&oe=696E5511",
  "ad_is_video": false,
  "ad_video_preview_image": null,
  "ad_image": "https://scontent.ftpe8-2.fna.fbcdn.net/v/t39.35426-6/316418405_499342041972439_8405346388986455029_n.jpg?stp=dst-jpg_s600x600_tt6&_nc_cat=100&ccb=1-7&_nc_sid=c53f8f&_nc_ohc=jr_RdEzS4yQQ7kNvwGnAc4M&_nc_oc=AdkAXYxUgyLNAMl4yxUVH3AR5_oF9ga21r_jABgcPt-SApdh-5yVxXMdhh_lMSzsos4&_nc_zt=14&_nc_ht=scontent.ftpe8-2.fna&_nc_gid=Hp6XYpHU9ALOcTRi5pt5hg&oh=00_AfoHpyUYB_b4XUIO-evFAptp4nO1YTa8IcBiuqunFMZPGw&oe=696E56F0",
  "ad_cta_text": "有興趣",
  "ad_link_description": "[注意]\n配合政府防疫規定\n須全程配戴口罩\n🛸1979年外星人已預測當前世界核戰危機?\n🛸外星人將如何幫助地球人進入黃金文明?\n🛸您是否同意建立外星人大使館?\n邀您一起來了解參與\n\n🆓完全免費🆓\n說明會內容:\n1. 外星神秘事件釋疑\n2. 耶洛因--來自天空的人們\n4. 無限宇宙\n6. 外星先進文明\n7. 人類的生存危機與不遠的未來\n8. 外星人大使館\n9. Q&A\n10.外星大使館提案連署(自由參加)",
  "ad_link_url": "https://www.facebook.com/events/450746490525484/",
  "ad_title": "外星人的訊息說明會 (宜蘭) 完全免費",
  "ad_caption": "外星人的訊息說明會 (宜蘭) 完全免費",
  "ad_page_id": "164216566973089",
  "ad_cta_type": "有興趣",
  "ad_extra_links": [],
  "ad_extra_texts": [],
  "ad_page_categories": [
    "非營利組織"
  ],
  "ad_page_like_count": 0,
  "ad_publisher_platform": [
    "facebook"
  ],
  "ad_like_count": "0",
  "ad_share_count": "0"
}