{
  "ad_id": "1035566647495773",
  "ad_context": "● 專訪｜吳音寧 ：打選戰與寫小說，我都正在尋找一種更合適的語言\n⠀⠀\n今年5月，吳音寧決定參選立委，此處是全台灣最艱困的選區之一，也是這位長期關心土地的作家和運動者第一次參選。\n⠀⠀\n11月26日，選戰倒數48天，VERSE貼身採訪吳音寧，報導她如何以信念與選舉文化搏鬥，與她那部距離完成仍遙遙無期的長篇小說。\n\n—\n\n吳音寧說，自己至今為止承受過最大的壓力，就是十年前護水那時候。從此心裡不再有不能克服的事——包括令她黯然下台的北農事件。\n⠀⠀\n後來吳音寧離開北農回到老家溪州，並沒有像外界認為的那樣一蹶不振，反而一直認為自己有可能再回到公共事務上。她說，那就像是用另一種現實的方式在寫小說、推動一座城市或國家的劇情，是很有成就感的。\n⠀⠀\n吳音寧表示，這部草稿已超過100萬字、暫名《水勢三部曲》的長篇小說，要通俗到能讓農村居民讀得懂，又能深刻表達她的精神世界——如同她的選戰，是一條充滿挑戰的路。",
  "ad_profile_name": "VERSE",
  "ad_profile_image": "https://scontent.ftpe8-4.fna.fbcdn.net/v/t39.35426-6/411016210_1077485247022612_1675035064376919035_n.jpg?stp=dst-jpg_s60x60_tt6&_nc_cat=110&ccb=1-7&_nc_sid=c53f8f&_nc_ohc=fh6aq9EFp1UQ7kNvwGx2mdo&_nc_oc=Admqe1BFsj62gI4bD3_74h13OCFbPnKd6leIGKV-fDu_6TxeeBppXJ3jtijVr9ZXyGg&_nc_zt=14&_nc_ht=scontent.ftpe8-4.fna&_nc_gid=EKiZeelk5gyXIx1laZ-cFg&oh=00_AfqKqBD0_Mkovsx2xeTbaST4k1iteeUSWzdc2PpAmT7pUw&oe=696E753D",
  "ad_is_video": false,
  "ad_video_preview_image": null,
  "ad_image": "https://scontent.ftpe8-2.fna.fbcdn.net/v/t39.35426-6/411989055_382818057540836_3920884383384898540_n.jpg?stp=dst-jpg_s600x600_tt6&_nc_cat=103&ccb=1-7&_nc_sid=c53f8f&_nc_ohc=PX-xm1W1jhwQ7kNvwHX_lAQ&_nc_oc=Admz33xTGRqnI4qRonioxBJa9newCBUoQQYMRkcZdfp9Bv05zdt4HKfRcILvlLQszGw&_nc_zt=14&_nc_ht=scontent.ftpe8-2.fna&_nc_gid=EKiZeelk5gyXIx1laZ-cFg&oh=00_Afpfyn-9gwx0ocKIcmsNCW5GTZb_K41z0CRUvFThh2LuXg&oe=696E63D7",
  "ad_cta_text": "",
  "ad_link_description": "今（2023）年5月，民進黨徵召吳音寧參選彰化縣第三選區立法委員選舉，此處是全台灣最艱困的選區之一，也是這位長期關心土地的作家和運動者第一次參選。11月26日，選戰倒數48天，VERSE貼身採訪吳音寧，報導她如何以信念與.....",
  "ad_link_url": "https://l.facebook.com/l.php?u=https%3A%2F%2Fwww.verse.com.tw%2Farticle%2Fwu-yin-ling-election%3Ffbclid%3DIwZXh0bgNhZW0CMTAAYnJpZBExOFBnZndlbkFwVVZFVnBIQnNydGMGYXBwX2lkDzU0MTYzOTQ5Mzg4OTAyNQABHtTr2X23iigPM_7TNnhNPZREyYa_92vCfSgSjaehI1TMVGEpBE7jdfUiRQqz_aem_MJsTngRhI0ICvetY3hD68Q&h=AT1_9nsow6JP2o985IcMz4mEcghS4Uzkr5cq9YXm5epstqYwoTZ_56L2GTYJlgKu-yxa7MWqSmI5X9iRgw7aWdOizDd4nlTtBNewmb_bog6LjUyRTC6lck50cCwZnBD9fOjHnA1aH5DtOFe6bsY2kQ",
  "ad_title": "吳音寧的參選之路：打選戰與寫小說，她都正在尋找一種更合適的語言 - VERSE",
  "ad_caption": "verse.com.tw",
  "ad_page_id": "109212067479967",
  "ad_cta_type": "",
  "ad_extra_links": [],
  "ad_extra_texts": [],
  "ad_page_categories": [],
  "ad_page_like_count": 0,
  "ad_publisher_platform": [
    "facebook",
    "instagram"
  ],
  "ad_like_count": "0",
  "ad_share_count": "0"
}