{
  "ad_id": "1036567307738495",
  "ad_context": "收到486先生的關心！\n\n真的很謝謝大哥，這段時間相處下來，發現你很願意給年輕人機會。你找上我時，我想我當時也不是什麼有全國性知名度的候選人，你說你一直相信地方要改變，就需要一些有國外經驗的人，看事情會有不同的視野，絕對會帶來斬新的行事風格。我也期許自己一定要讓彰化更好！\n\n#選區彰化/花壇/芬園\n#縣議員候選人 9 號 黃柏瑜",
  "ad_profile_name": "黃柏瑜",
  "ad_profile_image": "https://scontent.ftpe8-1.fna.fbcdn.net/v/t39.35426-6/316800594_1498671693876507_8393176698748856621_n.jpg?stp=dst-jpg_s60x60_tt6&_nc_cat=108&ccb=1-7&_nc_sid=c53f8f&_nc_ohc=k5CjaDVWlBIQ7kNvwEiAi_3&_nc_oc=AdnLilsnVwr8ITEvlosILFB-osA3kdcSOdLq97212goBgJdNam6KMF4bKFtU0qR_c8Q&_nc_zt=14&_nc_ht=scontent.ftpe8-1.fna&_nc_gid=sqXZJDrQPGX2kLXFt4E1HA&oh=00_Afr_Yd4nu4DTgN5btvuS1sutFvlAIJhVCfRDeaEYM_SAng&oe=696DE5B0",
  "ad_is_video": false,
  "ad_video_preview_image": "https://scontent.ftpe8-2.fna.fbcdn.net/v/t39.35426-6/316676997_498997092193966_9198147806196741121_n.jpg?_nc_cat=101&ccb=1-7&_nc_sid=c53f8f&_nc_ohc=9IoqD4BbUAwQ7kNvwHdYI6e&_nc_oc=AdkmbfGlTMAm2-YVFVPHaNb1VOkC7dRBXCmCM2ZxBPC70O8QZlymeh_Bt1E-v74GWhY&_nc_zt=14&_nc_ht=scontent.ftpe8-2.fna&_nc_gid=sqXZJDrQPGX2kLXFt4E1HA&oh=00_Afp8NHhfiDo8YioGHdXDhprA8sI92xTCtcgWGGciEPmgmA&oe=696DCBEE",
  "ad_image": null,
  "ad_cta_text": "",
  "ad_link_description": null,
  "ad_link_url": null,
  "ad_title": null,
  "ad_caption": null,
  "ad_page_id": "107059131701231",
  "ad_cta_type": "",
  "ad_extra_links": [],
  "ad_extra_texts": [],
  "ad_page_categories": [],
  "ad_page_like_count": 0,
  "ad_publisher_platform": [
    "facebook"
  ],
  "ad_like_count": "0",
  "ad_share_count": "0"
}