{
  "ad_id": "1037101901596732",
  "ad_context": "🎓 邏輯酷程式學院～2025 夏令營開放報名中！\n\n#邏輯酷程式學院 #2025營隊 #Roblox\n\n 🕹️【Roblox 系列營隊】正式上線！\n玩遊戲的孩子很多，會做遊戲的孩子，超少！🎮✨\n在邏輯酷孩子將親手設計關卡、角色、對話、技能，\n從程式腳本、動畫特效，到遊戲機制通通自己來！\n\n從RobloxStudio操作，到Lua 程式設計，\n邊玩邊學～最後還能發佈自己的遊戲給朋友玩！🌍\n\n⚡玩得開心、學得扎實、成就滿滿！\n 👾Roblox世界等你來主導，立即加入開發者行列！\n\n📌 點擊報名表單，開啟你的遊戲創造冒險 \n👉https://forms.gle/rQXqtYEPSb5nP6cv5\n\n👾好想參加但還想多了解？\n快來加我們的 LINE 啦～\n課程消息、名額提醒、偷偷告訴你優惠也在裡面！\n📲加進來👉 https://lin.ee/7rn5cQC\n\n #邏輯酷夏令營 #Roblox課程 #兒童遊戲設計 #2025夏令營 #從玩到做 #創意學習 #程式邏輯 #未來技能 #Roblox",
  "ad_profile_name": "邏輯酷程式學院 Logiscool Taiwan",
  "ad_profile_image": "https://scontent.ftpe8-2.fna.fbcdn.net/v/t39.35426-6/489712103_677807107974795_385424516298163083_n.jpg?stp=dst-jpg_s60x60_tt6&_nc_cat=101&ccb=1-7&_nc_sid=c53f8f&_nc_ohc=8v6ss8xkqgcQ7kNvwGjf5Gf&_nc_oc=AdncCjmP3u3PiIFbTp2WG2LLy0x4umkGkNPNVXr5rh6gS1I6C6g7ZK4knpV6D28JTOE&_nc_zt=14&_nc_ht=scontent.ftpe8-2.fna&_nc_gid=kFAve37MjxZDLyha9ghunA&oh=00_AfpjdrQctW9XTZ_E6wtmynakDUY9FAT4-v2IOsnGlHJmsA&oe=696E47D9",
  "ad_is_video": false,
  "ad_video_preview_image": "https://scontent.ftpe8-3.fna.fbcdn.net/v/t39.35426-6/489538260_1371768037355056_2540967363625624502_n.jpg?_nc_cat=111&ccb=1-7&_nc_sid=c53f8f&_nc_ohc=vxTIqMUAu1kQ7kNvwEObcwZ&_nc_oc=AdnCpkJ2USXhAl3WkNSuAdWO7NYg2OWXl3HCUiCTstliyghopk-zomAZRAFnDWGIB1M&_nc_zt=14&_nc_ht=scontent.ftpe8-3.fna&_nc_gid=kFAve37MjxZDLyha9ghunA&oh=00_Afp6zhP7LqKPpt4ktQj4vVEsBxXTV3-HdR-OCeSESyf--A&oe=696E66FE",
  "ad_image": null,
  "ad_cta_text": "搶先預約",
  "ad_link_description": "AI對孩子來說，不只是工具，更是創作的魔法棒！\n他能幫助孩子畫畫、寫故事、剪影片、甚至創作音樂！",
  "ad_link_url": "https://forms.gle/rQXqtYEPSb5nP6cv5",
  "ad_title": "2025 邏輯酷夏令營正式啟動",
  "ad_caption": "fb.me",
  "ad_page_id": "100452768039162",
  "ad_cta_type": "搶先預約",
  "ad_extra_links": [],
  "ad_extra_texts": [],
  "ad_page_categories": [],
  "ad_page_like_count": 0,
  "ad_publisher_platform": [
    "facebook",
    "instagram",
    "audience_network"
  ],
  "ad_like_count": "0",
  "ad_share_count": "0"
}