{
  "ad_id": "1038608284998789",
  "ad_context": "#白川鄉合掌村 #世界遺產 \n「不只看風景，還要住進風景裡，\n更是住在世界遺產裡。」\n\n你知道嗎?\n合掌村因雙手合十的「合掌造」、\n獨有「結之心」互助文化被列為世界遺產。\n\n這個冬季，新冒險邀請您—\n❄️走進日本最純粹的村落，\n在雪中，體會時間的靜與暖。❄️\n\n\\白川鄉合掌村 ‧ 北陸金澤/\n📅 2026/1/26- 1/31｜6天5夜\n雪景原鄉×世界遺產×傳統文化\n\n▮入住世界遺產「白川郷合掌村」\n在百年合掌造中，細品「結」文化的溫潤雅致，\n感受世代傳承屋主的溫暖款待，一起放慢時光。\n\n▮走進藝術淬鍊之都「北陸金澤」\n在細膩的金光間，那份對完美的執著，正是金澤最純粹的美學。而當夜色漸深，茶屋街燈影搖曳，是否想與延續百年文化的藝妓邂逅，聽她說說這座城市流轉的歲月？\n\n行程亮點\n+ 兼六園｜日本三大庭園、米其林三星名園\n+ 高山老街｜時光停留的木町古街風情\n+ 下呂溫泉｜天皇也曾下塌的溫泉旅店\n+ 彥根城｜日本四座國寶木造天守之一\nand more..\n\n📩 留言「想了解」\n搶先收到完整行程＋早鳥報名連結！\n\n#新冒険 #新冒險 #newadventure",
  "ad_profile_name": "新冒険／新冒險／New Adventure",
  "ad_profile_image": "https://scontent.ftpe8-1.fna.fbcdn.net/v/t39.35426-6/574017567_3617271878410234_8619935739180697698_n.jpg?stp=dst-jpg_s60x60_tt6&_nc_cat=109&ccb=1-7&_nc_sid=c53f8f&_nc_ohc=Vu8xs-0aqcgQ7kNvwHZRDCX&_nc_oc=AdkePnKIe6g1TvLh1vW3MlEQYBzMPFstb786XxqyLqO9jsjXJ5chcenAJiHfSzdJeXg&_nc_zt=14&_nc_ht=scontent.ftpe8-1.fna&_nc_gid=32SuSbllJcB1-Np27OhTNA&oh=00_Afq6_0YkcREE8rARcBeo8oJ_dYSCKIy0_dfEDG3epSYBvg&oe=696DE946",
  "ad_is_video": false,
  "ad_video_preview_image": null,
  "ad_image": "https://scontent.ftpe8-3.fna.fbcdn.net/v/t39.35426-6/573601170_1284582163708296_6941136200501386872_n.jpg?stp=dst-jpg_s600x600_tt6&_nc_cat=106&ccb=1-7&_nc_sid=c53f8f&_nc_ohc=lBapLH0giGoQ7kNvwHGr3Y_&_nc_oc=AdlJwmsUHkP8OWrlg1csnbcLc1XWO17O1Inbq6_bwkXXP2oINh7WDDvHqZPI-Ju23qw&_nc_zt=14&_nc_ht=scontent.ftpe8-3.fna&_nc_gid=32SuSbllJcB1-Np27OhTNA&oh=00_Afo6l74WEo0kNRkxqBqjDDaYu4LlDoGp9lDksh6ctnXfLA&oe=696DC79B",
  "ad_cta_text": "發送訊息",
  "ad_link_description": null,
  "ad_link_url": null,
  "ad_title": null,
  "ad_caption": null,
  "ad_page_id": "193120103880745",
  "ad_cta_type": "發送訊息",
  "ad_extra_links": [],
  "ad_extra_texts": [],
  "ad_page_categories": [
    "旅行社"
  ],
  "ad_page_like_count": 0,
  "ad_publisher_platform": [
    "facebook"
  ],
  "ad_like_count": "0",
  "ad_share_count": "0"
}