{
  "ad_id": "1044968237135681",
  "ad_context": "不然是要怎麼開過去？飛天遁地嗎？\n\n#新北 #五股 #成洲五路 #紅單 #罰單 #交通",
  "ad_profile_name": "台島觀察",
  "ad_profile_image": "https://scontent.ftpe8-4.fna.fbcdn.net/v/t39.35426-6/502908280_673235502361569_3587901472245969809_n.jpg?stp=dst-jpg_s60x60_tt6&_nc_cat=102&ccb=1-7&_nc_sid=c53f8f&_nc_ohc=4NXLn6kMBcIQ7kNvwH0PNyr&_nc_oc=Adkor5qBR58H_i2PE3uV624alIBaKN5fU6EBoIUFpON3eqXow--yBGXDMZZjEiAHliI&_nc_zt=14&_nc_ht=scontent.ftpe8-4.fna&_nc_gid=uhkIhp4uWQSDyM2iQZLjTg&oh=00_Afr3gf8haSRInapV99eglKXqHIwBgcBrAykUnhpbht099w&oe=696E4987",
  "ad_is_video": false,
  "ad_video_preview_image": null,
  "ad_image": "https://scontent.ftpe8-3.fna.fbcdn.net/v/t39.35426-6/502432647_1334395130987909_1929723094925130807_n.jpg?stp=dst-jpg_s600x600_tt6&_nc_cat=106&ccb=1-7&_nc_sid=c53f8f&_nc_ohc=v_hESB9JatcQ7kNvwESyIAP&_nc_oc=AdkYlKkAG7tZrfOELm3FUM5vEY8kog2aVrU4s_p1pujudGQ2sdb6xQCu5gAqjVixYGk&_nc_zt=14&_nc_ht=scontent.ftpe8-3.fna&_nc_gid=uhkIhp4uWQSDyM2iQZLjTg&oh=00_Afoy01NfDjdBUkBndznKveRBulx0cRV-We79f8RIz0mAzA&oe=696E4E8B",
  "ad_cta_text": "",
  "ad_link_description": "鏡傳媒以台灣為基地，是一跨平台綜合媒體，包含《鏡週刊》以及下設五大分眾內容的《鏡傳媒》網站，刊載時事、財經、人物、國際、文化、娛樂、美食旅遊、精品鐘錶等深入報導及影音內容。我們以「鏡」為名，務求反映事...",
  "ad_link_url": "https://l.facebook.com/l.php?u=https%3A%2F%2Fwww.mirrormedia.mg%2Fexternal%2Fmirrordaily_3522%3Futm_source%3Dtaiwan%26utm_medium%3Dmmpage%26fbclid%3DIwZXh0bgNhZW0CMTAAYnJpZBExOFBnZndlbkFwVVZFVnBIQnNydGMGYXBwX2lkDzU0MTYzOTQ5Mzg4OTAyNQABHtYEEXkwo5WJPHi8hlP8MoC_dOzpv6Spa4BpabtzDJuC1hNJvahfozPTv0CN_aem_hjC-hqFLqTekoopzZsAcbg&h=AT1Ik-bco8OjLgoI04PVY6N4dPceGfxRNrzOPPMonnRw_B6s12ZFze5uUldW8Gc9FohYjAX0STDLwWG3jkJpNqCRVlWtr1CL_QFGZkzeZ7hB6eHUiy39NQVF7vIRI_a1ZN1M2ismePDFZAWq1L5X2Q",
  "ad_title": "馬路兩邊都違停！駕駛「1舉動」慘遭檢舉　被罰900元超無奈 - 鏡週刊 Mirror Media",
  "ad_caption": "mirrormedia.mg",
  "ad_page_id": "121167114316661",
  "ad_cta_type": "",
  "ad_extra_links": [],
  "ad_extra_texts": [],
  "ad_page_categories": [],
  "ad_page_like_count": 0,
  "ad_publisher_platform": [
    "facebook"
  ],
  "ad_like_count": "0",
  "ad_share_count": "0"
}