{
  "ad_id": "1055452862235468",
  "ad_context": "萬安旋風魅力無法擋🌬️\n\n感謝宜蘭女婿蔣萬安市長今日陪同車隊掃街\n好多好多民眾到場支持、搶著拍照，超級熱情❤️\n\n宜蘭女婿萬安市長也要和大家說：\n投票最後48小時，請冷靜認真思考\n手中的選票將決定台灣的命運、中華民國的未來\n請全民集中選票\n總統支持3號侯友宜！\n立委牽成6號黃琤婷！\n政黨選擇9號國民黨！\n\n琤婷希望鄉親們用神聖的一票\n下架貪腐的政黨、淘汰詐騙集團的同路人\n堅定支持6號黃琤婷\n讓阿婷為鄉親帶來更好的宜蘭生活\n\n#集中選票全力支持\n#立委候選人黃琤婷\n#總統立委政黨票投369\n#讓宜蘭六六大順",
  "ad_profile_name": "黃琤婷",
  "ad_profile_image": "https://scontent.ftpe8-3.fna.fbcdn.net/v/t39.35426-6/418949006_359591146701602_5072996647554584528_n.jpg?stp=dst-jpg_s60x60_tt6&_nc_cat=106&ccb=1-7&_nc_sid=c53f8f&_nc_ohc=4Hqp0JpuHdAQ7kNvwHSob3O&_nc_oc=AdnE5iE3RfBiLsL2Z0egjTi9xqKeJtN01Zo6SCz0knUqaVHZZ5eARbCx0RGRqmkl-Cc&_nc_zt=14&_nc_ht=scontent.ftpe8-3.fna&_nc_gid=ji6tkzzFfDwdbxlAKRXaYw&oh=00_AfoC3HTxQRq5qA-nPiRovv8ecihpgrMokJBD6xJldiJYOA&oe=696E55EB",
  "ad_is_video": false,
  "ad_video_preview_image": null,
  "ad_image": "https://scontent.ftpe8-2.fna.fbcdn.net/v/t39.35426-6/419360326_1075765583576736_3324993724802111634_n.jpg?stp=dst-jpg_s600x600_tt6&_nc_cat=103&ccb=1-7&_nc_sid=c53f8f&_nc_ohc=12YxfjkewqAQ7kNvwFVawPw&_nc_oc=AdknQBHaeyHmxsSvKLsyDXiGykj7vpdU46cmf-v4g_guLNFkwDcktZj6pJhyvPC1x2g&_nc_zt=14&_nc_ht=scontent.ftpe8-2.fna&_nc_gid=ji6tkzzFfDwdbxlAKRXaYw&oh=00_AfrnFCGpuZ9E_k8gsaRBRL_2JWOH4Iw_cu7Jr2MRtwNszQ&oe=696E472D",
  "ad_cta_text": "",
  "ad_link_description": null,
  "ad_link_url": null,
  "ad_title": null,
  "ad_caption": null,
  "ad_page_id": "250273442196918",
  "ad_cta_type": "",
  "ad_extra_links": [],
  "ad_extra_texts": [],
  "ad_page_categories": [
    "政治人物"
  ],
  "ad_page_like_count": 0,
  "ad_publisher_platform": [
    "facebook",
    "instagram"
  ],
  "ad_like_count": "0",
  "ad_share_count": "0"
}