{
  "ad_id": "1056055882389628",
  "ad_context": "【2024台灣基進政策懶人包】\n​\n誰說抗中台獨政黨沒有民生政策？作為堅定本土台派政黨，台灣基進「不只會抗中保台」，我們早已做好前進國會、改變國家未來的準備，除了國防改革與國家安全政策，我們還主張推動涉及文化、性別平權、人本交通、居住正義、語言平等、醫療護理與多領域勞權改革政策。\n​\n2024政黨票投台灣基進，不僅是投給堅定抗中的一票，更是投給進步價值、社會正義、多元平等與永續發展的一票。\n​\nVote ⓸ Taiwan，讓台灣持續前進的解決方案！\n​\n🔶2024基進｜政策總論\nhttps://www.statebuilding.tw/2024政策版/\n​\n🔶2024基進｜國防改革的21道提問\nhttps://www.statebuilding.tw/category/policy/defense/\n​\n🔶2024基進｜國安政策10+1\nhttps://www.statebuilding.tw/2024tsp_policy_national_security/\n​\n🔶2024基進｜幸福提案\nhttps://www.statebuilding.tw/category/policy/sdgs/\n​\n🔶2024基進｜轉型正義政策\nhttps://www.statebuilding.tw/2024tsp_policy_transitional_justice/\n​\n🔶2024基進｜母語和語言政策\n族群語言：https://www.statebuilding.tw/2024_national_language_policy/\n母語：https://www.statebuilding.tw/2024_native_language_policy/\n​\n🔶2024基進｜居住正義政策\nhttps://www.statebuilding.tw/2024tsp_policy_residence/\n​\n🔶2024基進｜文化政策\nhttps://www.statebuilding.tw/2024tsp_policy_culture/\n​\n🔶2024基進｜性別政策\nhttps://www.statebuilding.tw/2024tsp_policy_gender/\n​\n🔶2024基進｜青年政策\nhttps://www.statebuilding.tw/2024tsp_policy_youth/\n​\n🔶2024基進｜人本交通政策\nhttps://www.statebuilding.tw/2024tsp_policy_transport/\n​\n🔶2024基進｜青年政策\nhttps://www.statebuilding.tw/2024tsp_policy_youth/\n​\n🔶2024基進｜【政策佇遮啦】最衝、最直接的政策就在這\nhttps://www.youtube.com/playlist?list=PLpqlyENJGrK2zdQy5Ma_NA9_ViibDIFUd\n​\n🔶2024基進｜一分鐘吸收最精華的基進觀點\nhttps://www.youtube.com/playlist?list=PLpqlyENJGrK0NClARberaSzoZpxQrnlLs",
  "ad_profile_name": "台灣基進",
  "ad_profile_image": "https://scontent.ftpe8-4.fna.fbcdn.net/v/t39.35426-6/419079318_3638800099721544_2707390744852276321_n.jpg?stp=dst-jpg_s60x60_tt6&_nc_cat=110&ccb=1-7&_nc_sid=c53f8f&_nc_ohc=LpbQhFVWtaQQ7kNvwHme1Ng&_nc_oc=Adm0cWbhO6kAr7f6Ih5nYqv0nHxr1wl8xROemJp3OPqe-T_RHdGPs3vBlKp98zYC_cw&_nc_zt=14&_nc_ht=scontent.ftpe8-4.fna&_nc_gid=mALQwNV6RFH1_coP16ILeg&oh=00_AfpTreGo6Zkbd4K-2F7f4CrYhSHwfNBRBg58FAM-itAtiA&oe=696E407B",
  "ad_is_video": false,
  "ad_video_preview_image": null,
  "ad_image": "https://scontent.ftpe8-1.fna.fbcdn.net/v/t39.35426-6/419057455_889300012739596_8479666010612593736_n.jpg?stp=dst-jpg_s600x600_tt6&_nc_cat=109&ccb=1-7&_nc_sid=c53f8f&_nc_ohc=ioc-8DXnWUUQ7kNvwESo6iO&_nc_oc=AdmXfvJBaV6VvhbVN1ZlbeNjCQ_TmeoetfgyDJsg9zCzrzBNyaLAFwXG1XdR85PlrzY&_nc_zt=14&_nc_ht=scontent.ftpe8-1.fna&_nc_gid=mALQwNV6RFH1_coP16ILeg&oh=00_Afr5Jgln5TD3sf_4tsKFgaI5Hdawzo4NjsySwbhEED30yQ&oe=696E59DF",
  "ad_cta_text": "",
  "ad_link_description": null,
  "ad_link_url": "https://www.statebuilding.tw/2024政策版/",
  "ad_title": null,
  "ad_caption": null,
  "ad_page_id": "348571125292077",
  "ad_cta_type": "",
  "ad_extra_links": [],
  "ad_extra_texts": [],
  "ad_page_categories": [],
  "ad_page_like_count": 0,
  "ad_publisher_platform": [
    "facebook",
    "instagram"
  ],
  "ad_like_count": "0",
  "ad_share_count": "0"
}