{
  "ad_id": "1057334685981840",
  "ad_context": "【打工仔必睇👨🏻‍💻：兩大致富保障😎】 \n\n各位上班族，一直喺工作嘅路途上尋找您嘅致富之道🛣️？想成功儲錢，其實唔難！參考以下兩大致富保障，輕鬆滾存財富💰。 \n\n📍保障一：FWD 智優盛儲蓄保險計劃 2 \n\nFWD儲蓄保，全港No.1高息^，回報更穩定有保證。輕鬆鎖定8年每年高達4.7%*保證回報，相等總繳付保費金額嘅144.4%*。躺平投保，就可以輕鬆賺息😎！ https://bit.ly/44vVWxX\n \n📍保障二：FWD 尊衛您醫療計劃 \n\nFWD自願醫保幫您減少醫療財政負擔，令您嘅儲蓄計劃更快達標。全數保障¹一系列住院及手術費用，每年保障限額更達HK$1,250萬，仲不設終身保障限額🏥。假如未來不幸患病，都有佢守護住您，減少額外開支。https://bit.ly/3ZWqdo4\n\n立即做齊兩大致富保障，踏上您嘅致富之道🌟！ \n\n​​------------------------------  \n「尊衛您醫療計劃」為政府自願醫保計劃的認可靈活計劃（認可產品編號: F00045），由富衛人壽保險（百慕達）有限公司（於百慕達註冊成立之有限公司）（「富衛人壽」）（自願醫保的產品提供者註冊編號00036）承保。  \n\n受條款及細則約束。實際保費折扣請參考富衛人壽保險（百慕達）有限公司 （於百慕達註冊成立之有限公司）（「富衛人壽」）網上保險平台優惠之條款及細則。以上金額均以港元計算。投保前，請確定您已明白相關產品的特點，並符合您的需要。 \n\n上述產品由富衛人壽承保，以上保險產品均可於富衛人壽網上保險平台個別選購。上述產品資料不包括保單的完整條款，保障權益、保障項目、不保事項、主要產品風險及其他詳情，請參閱富衛人壽網站、相關產品小冊子及保單條款。投保前，請確定您已明白相關產品的特點，並符合您的需要。\n\n*智優盛儲蓄保險計劃2提供高達每年3.51%之保證回報率。優惠期內投保並選擇以預繳選項 (即投保時一筆過同時繳付首年保費及翌年保費之預繳金額) 繳交保費，可享首年額外20.6%保費折扣，8年保證回報折合計算為每年4.70%，相等於扣除保費折扣後的總繳付保費金額之144.4%。   \n\n^於2025年5月由富衛人壽與本港主要保險公司之中期儲蓄保險所作出的比較，以折後(如適用)之保單保證回報，只有智優盛儲蓄保險計劃 2提供高達每年4.70%保證回報。 \n\n¹全數保障是指不設分項賠償限額，並為合資格費用及其他費用於扣除餘下的自付費（如有）後的實際金額，及受每年保障限額所規限。全數保障只適用於指定保障項目，而其他保障項目並不獲全數保障及受限於相關項目的賠償限額。詳情請參閱保障表及保單條款。 全數保障只限於醫療所需服務所產生的合理及慣常收費或開支，請參閲相關產品小冊子有關「醫療所需」及「合理及慣常」之定義。  \n\n以上內容由富衛金融有限公司（牌照號碼：FA2568）（「富衛金融」）贊助刊登/提供，富衛金融為富衛人壽委任的保險代理商。此廣告僅旨在香港使⽤，並不能詮釋為在香港境外出售、遊說購買或提供富衛人壽的保險產品。本推廣的銷售及申請程序必須在香港境內進⾏及完成⼿續。",
  "ad_profile_name": "FWD Hong Kong & Macau",
  "ad_profile_image": "https://scontent-tpe1-1.xx.fbcdn.net/v/t39.35426-6/513904306_1099371538202562_352019245783365288_n.jpg?stp=dst-jpg_s60x60_tt6&_nc_cat=106&ccb=1-7&_nc_sid=c53f8f&_nc_ohc=Cu-9xAFkRhcQ7kNvwFBDIp-&_nc_oc=Adl-6hbGOs-EqVofr9isGw3mh7Si9drYMVQ1rkQYV2JDXMQQlP-sB-xvqGR3YG9DRpQ&_nc_zt=14&_nc_ht=scontent-tpe1-1.xx&_nc_gid=GL9n-BVVqLmCGkq5KCxtqg&oh=00_AfqIsYgOqWp3z9CVfx3d_5NVGJiRGPJ4cDwy_YXImtZq4A&oe=696D6661",
  "ad_is_video": false,
  "ad_video_preview_image": null,
  "ad_image": "https://scontent-tpe1-1.xx.fbcdn.net/v/t39.35426-6/514624033_1401955967567659_7434673249046179568_n.jpg?stp=dst-jpg_s600x600_tt6&_nc_cat=106&ccb=1-7&_nc_sid=c53f8f&_nc_ohc=Sc10G2TyUJAQ7kNvwF1BzTu&_nc_oc=AdkNGeKLHWTYx6WpMGgEIYj7LTuf5Y9u-A9XsCHiInAencsEO-iw09oEZuC67b3gi5k&_nc_zt=14&_nc_ht=scontent-tpe1-1.xx&_nc_gid=GL9n-BVVqLmCGkq5KCxtqg&oh=00_AfqA2QnT91d2GTX61Y8MQ4tM5j6CEoAXUBlx2fUp2XhNfA&oe=696D3AE2",
  "ad_cta_text": "瞭解詳情",
  "ad_link_description": "最佳致富保障組合 全方位撐住您",
  "ad_link_url": "https://bit.ly/44vVWxX",
  "ad_title": "【FWD儲蓄保＋自願醫保】增加收入同時減少支出",
  "ad_caption": "fwd.com.hk",
  "ad_page_id": "134181866629849",
  "ad_cta_type": "瞭解詳情",
  "ad_extra_links": [],
  "ad_extra_texts": [],
  "ad_page_categories": [
    "保險公司"
  ],
  "ad_page_like_count": 0,
  "ad_publisher_platform": [
    "facebook",
    "instagram"
  ],
  "ad_like_count": "0",
  "ad_share_count": "0"
}