{
  "ad_id": "1060104098575958",
  "ad_context": "全力推動台美關係深化🇺🇸\n\n早上參加完召委選舉後，隨即回辦公室接待亞洲集團（ The Asia Group）、美國和平研究所（ United States Institute of Peace ）兩組美國華府朋友\n\n首先，我跟 #前美國國務院副助理國務卿 唐偉康（Kurt Tong）大使分享立院外交國防委員會的生態以及台灣國防的現狀。我特別強調，台灣作為一個負責任的國際社會成員，會繼續爭取向美武獲，加強自身防衛能力，確保地區的和平與穩定。尤其，支持台灣是目前美國國會的跨黨派共識，我非常樂見雙邊關係透過國會交流深化，有效應對共同面臨的地緣政治挑戰。\n\n在另一場會談中，我與美國和平研究院資深分析師 Rosie Levine 討論降低地緣緊張局勢的可能作法。過去戰情研究專注在因應局勢升高作為，未來可以從積極的急難救助、醫療協助、區域發展援助的方式著手。此外，我也希望台美可針對太平洋島國的公共衛生，投注更多實質的計畫，並且深化台美學人的互訪交流，共同建立培育下一世代在教育、科技、安全等領域，重要的人才合作平台。\n\n台灣和美國是重要的合作夥伴，我們從國會來，一步一步，建立起更緊密的雙邊關係！\n\n#開拓新局工作日誌 \n#也恭喜王定宇委員當選召委",
  "ad_profile_name": "陳冠廷 Kuan-Ting Chen",
  "ad_profile_image": "https://scontent.ftpe8-3.fna.fbcdn.net/v/t39.35426-6/430597824_761473889250177_2021432051091037002_n.jpg?stp=dst-jpg_s60x60_tt6&_nc_cat=111&ccb=1-7&_nc_sid=c53f8f&_nc_ohc=RHSMgT-ywqAQ7kNvwGvwZzf&_nc_oc=Adm8lECPEt4zP-B9AUPLMilRyKoqSLFeIC8A5IuBWmc4kDZirkxPlflaurjfxlQCVps&_nc_zt=14&_nc_ht=scontent.ftpe8-3.fna&_nc_gid=36DcxN0QIj7F6m2hOPFGiA&oh=00_AfrgkoIi8LTBc-xHd80b3U7EUDiWOhTvBv9ICw0O9rl52A&oe=696DD346",
  "ad_is_video": false,
  "ad_video_preview_image": null,
  "ad_image": "https://scontent.ftpe8-3.fna.fbcdn.net/v/t39.35426-6/430478566_387763803888965_4700875185927596370_n.jpg?stp=dst-jpg_s600x600_tt6&_nc_cat=107&ccb=1-7&_nc_sid=c53f8f&_nc_ohc=sja1dAx2AZwQ7kNvwEvLHuJ&_nc_oc=AdmWbzynfJrzoojaI0UolUADxKbM9zNhZolmgPS0GVIrJJbQXGZ61x-MmrR2Xm80uBI&_nc_zt=14&_nc_ht=scontent.ftpe8-3.fna&_nc_gid=36DcxN0QIj7F6m2hOPFGiA&oh=00_AfrL9f1QBWoAkrzpAoZ1dAEKdsSphpQEcxqJ-peqp065yw&oe=696DF834",
  "ad_cta_text": "",
  "ad_link_description": null,
  "ad_link_url": null,
  "ad_title": null,
  "ad_caption": null,
  "ad_page_id": "1890263611238474",
  "ad_cta_type": "",
  "ad_extra_links": [],
  "ad_extra_texts": [],
  "ad_page_categories": [
    "政治人物"
  ],
  "ad_page_like_count": 0,
  "ad_publisher_platform": [
    "facebook"
  ],
  "ad_like_count": "0",
  "ad_share_count": "0"
}