{
  "ad_id": "1060249838837948",
  "ad_context": "\\ 2025 雀巢永續開箱 /\n\n這幾年雀巢究竟做了哪些事\n🤔真的對地球有幫助嗎？\n👇點開影片看完整內容！\n\n-\n\n📍日常消費就能幫助弱勢家庭！\n一起加入雀巢永續巢食代 https://pse.is/7kjegk\n\n#雀巢 #GoodFoodGoodLife \n#食物的力量 #BEST四大永續 #永續包裝 #淨零排放 #零廢棄\n#Nestle #NestleTaiwan",
  "ad_profile_name": "Nestlé 雀巢",
  "ad_profile_image": "https://scontent.ftpe8-1.fna.fbcdn.net/v/t39.35426-6/496801881_1025788136150455_4460455787631094520_n.jpg?stp=dst-jpg_s60x60_tt6&_nc_cat=108&ccb=1-7&_nc_sid=c53f8f&_nc_ohc=kaX2Tcrq_dYQ7kNvwFFOKxJ&_nc_oc=AdmQ2E9Kh1nagnjgFNc08bA_K_vWTHVgZpSX3sCzd2fHLtE368BiIK4bpGb4YF79idg&_nc_zt=14&_nc_ht=scontent.ftpe8-1.fna&_nc_gid=TaNH8Qnn2zo88NF1vTOrVg&oh=00_AfrHe4dJSSiOwLRmMZIb-9fHQja-f7ubXtoq4PzYQ3-teQ&oe=696E65FE",
  "ad_is_video": false,
  "ad_video_preview_image": "https://scontent.ftpe8-4.fna.fbcdn.net/v/t39.35426-6/496148898_691554147069901_7253127918937418741_n.jpg?_nc_cat=110&ccb=1-7&_nc_sid=c53f8f&_nc_ohc=FLkKMxr3JP4Q7kNvwH1Vdd1&_nc_oc=AdlJPuPpfbOkn7fsV7rhHzxuUBtU-BrOVhW8-uJke8XlRv2du1wmgL3ZdgOP0MOC5mc&_nc_zt=14&_nc_ht=scontent.ftpe8-4.fna&_nc_gid=TaNH8Qnn2zo88NF1vTOrVg&oh=00_Afo3vd7QClm7jaQyKK_eIfc7HPI1dFHaWdFoc-aQGxgdaQ&oe=696E5C40",
  "ad_image": null,
  "ad_cta_text": "瞭解詳情",
  "ad_link_description": null,
  "ad_link_url": "https://pse.is/7kjegk",
  "ad_title": "\\ 2025 雀巢永續開箱 /",
  "ad_caption": "pse.is",
  "ad_page_id": "445352675829719",
  "ad_cta_type": "瞭解詳情",
  "ad_extra_links": [],
  "ad_extra_texts": [],
  "ad_page_categories": [],
  "ad_page_like_count": 0,
  "ad_publisher_platform": [
    "facebook"
  ],
  "ad_like_count": "0",
  "ad_share_count": "0"
}