{
  "ad_id": "1061698672169564",
  "ad_context": "【 FWD儲蓄保全港No.1高息^，幫您8年穩賺高達4.7%年回報，為小朋友儲定升學基金💰】 \n\n作為廿四孝父母，梗係想將最好嘅留畀小朋友👶🏻👧🏻。揀選教育理念相同嘅國際學校🏫、報讀各種興趣班📚、參加海外交流團✈️...... \n\n不過以上每樣都係錢，淨係國際學校學費已經由每年HK$10萬至HK$20萬不等！下一代使費咁甘，唯有提早儲定升學基金💰！ \n\n揀選FWD智優盛儲蓄保險計劃2，為小朋友嘅未來儲蓄💪🏼。輕鬆鎖定8年保證每年高達4.7%*高息回報，相等於總繳付保費嘅144.4%*。畀您賺取穩定教育資金🌟。 \n \n立即投保，為下一代好好打算💡！https://bit.ly/3G3CSyV\n\n🎁以FPS繳付保費送額外HK$100現金券​¹ ! \n\n​​------------------------------  \n受條款及細則約束。實際保費折扣請參考富衛人壽保險（百慕達）有限公司 （於百慕達註冊成立之有限公司）（「富衛人壽」）網上保險平台優惠之條款及細則。以上金額均以港元計算。投保前，請確定您已明白相關產品的特點，並符合您的需要。 \n\n上述產品由富衛人壽承保，以上保險產品均可於富衛人壽網上保險平台個別選購。上述產品資料不包括保單的完整條款，保障權益、不保事項、主要產品風險及其他詳情，請參閱富衛人壽網站、相關產品小冊子及保單條款。投保前，請確定您已明白相關產品的特點，並符合您的需要。 \n\n*智優盛儲蓄保險計劃2提供高達每年3.51%之保證回報率。優惠期內投保並選擇以預繳選項 (即投保時一筆過同時繳付首年保費及翌年保費之預繳金額) 繳交保費，可享首年額外20.6%保費折扣，8年保證回報折合計算為每年4.70%，相等於扣除保費折扣後的總繳付保費金額之144.4%。   \n\n^ 於2025年5月由富衛與本港主要保險公司之中期儲蓄保險所作出的比較，以折後(如適用)之保單保證回報，只有智優盛儲蓄保險計劃 2提供高達每年4.70%保證回報。 \n\n#假設總共投保HK$400萬(以預繳方式繳付保費)，扣減首年額外20.6%保費折扣後只需繳付HK$358.8萬，8年期滿價值為HK$518.1萬。 \n\n¹ 於推廣期內，客戶透過FWD網上保險平台投保優盛儲蓄保險計劃 2 ，並以轉數快支付保費，可獲得資格享有HK$100超級市場電子現金券。 轉數快繳付保費只適用於保費HK$400,000或以下。   \n\n以上內容由富衛金融有限公司（牌照號碼：FA2568）（「富衛金融」）贊助刊登/提供，富衛金融為富衛人壽委任的保險代理商。此廣告僅旨在香港使⽤，並不能詮釋為在香港境外出售、遊說購買或提供富衛人壽的保險產品。本推廣的銷售及申請程序必須在香港境內進⾏及完成⼿續。",
  "ad_profile_name": "FWD Hong Kong & Macau",
  "ad_profile_image": "https://scontent-tpe1-1.xx.fbcdn.net/v/t39.35426-6/514256853_1835081393891008_9117231684443207260_n.jpg?stp=dst-jpg_s60x60_tt6&_nc_cat=111&ccb=1-7&_nc_sid=c53f8f&_nc_ohc=waDOBZlUNUQQ7kNvwH2MoCF&_nc_oc=AdkRYwbsZErq9SF6H30dYkYyR5scoyTIIk2fNmfLUAW_HZBKKR1xZDj6gkX7PWrIS98&_nc_zt=14&_nc_ht=scontent-tpe1-1.xx&_nc_gid=hXx18dM4efGCdSSCW7-Mkg&oh=00_AfpydU5E0wPteaEvAoVUP8fsCUIQAdd5CzDL9z4MGjIzSw&oe=696D6259",
  "ad_is_video": false,
  "ad_video_preview_image": null,
  "ad_image": "https://scontent-tpe1-1.xx.fbcdn.net/v/t39.35426-6/514268767_1473963193785293_2622279753899755754_n.jpg?stp=dst-jpg_s600x600_tt6&_nc_cat=108&ccb=1-7&_nc_sid=c53f8f&_nc_ohc=BmhQTbzKyOIQ7kNvwEDhC_x&_nc_oc=AdliPY4XMP7PBA6_3C2pel-gaHvQB17wlzTR-DZyML8hesgesXXu9pd8NoYzmpggEtU&_nc_zt=14&_nc_ht=scontent-tpe1-1.xx&_nc_gid=hXx18dM4efGCdSSCW7-Mkg&oh=00_AfpJTUFBn_Vanqa0SmY7H3lApNOM9ReBbJlc3yILSeFUBA&oe=696D5CDE",
  "ad_cta_text": "瞭解詳情",
  "ad_link_description": "鎖定8年高息  期滿價值等於本金之144.4%*",
  "ad_link_url": "https://bit.ly/3G3CSyV",
  "ad_title": "【FWD儲蓄保】全港No.1最高息^! 8年穩賺一球#! 賺取穩定教育資金",
  "ad_caption": "fwd.com.hk",
  "ad_page_id": "134181866629849",
  "ad_cta_type": "瞭解詳情",
  "ad_extra_links": [],
  "ad_extra_texts": [],
  "ad_page_categories": [
    "保險公司"
  ],
  "ad_page_like_count": 0,
  "ad_publisher_platform": [
    "facebook",
    "instagram"
  ],
  "ad_like_count": "0",
  "ad_share_count": "0"
}