{
  "ad_id": "1061124494236129",
  "ad_context": "改變宜蘭今晚請您站出來\n（守護台灣顧好宜蘭大會師）\n時間：\n❤（溪南）羅東中山公園\n109年1月10日下午4:30分\n❤（溪北）宜蘭文化中心\n109年1月10日晚上19:00",
  "ad_profile_name": "呂國華-與宜蘭同在",
  "ad_profile_image": "https://scontent.ftpe8-2.fna.fbcdn.net/v/t1.6435-9/73082556_2815620701784524_5008624589526269952_n.jpg?stp=dst-jpg_s60x60_tt6&_nc_cat=100&ccb=1-7&_nc_sid=c53f8f&_nc_ohc=zDqd_1tZLOgQ7kNvwEnZDQl&_nc_oc=AdmE-ICaCchUVdAX0qTJly1KRIRRgX4T03IPfhi_ZC9peWHGO-3BjREqrZ0-Of_LJfQ&_nc_zt=23&_nc_ht=scontent.ftpe8-2.fna&_nc_gid=O1MUTxnQkbUe_NLnO6J72g&oh=00_AfrHrwO6E1RAV_aUOzghTbe4Cdi-GObH6J7AEe1pi_vlVQ&oe=69901037",
  "ad_is_video": false,
  "ad_video_preview_image": "https://scontent.ftpe8-3.fna.fbcdn.net/v/t39.35426-6/123095854_3247806772012985_230597124275308872_n.jpg?_nc_cat=107&ccb=1-7&_nc_sid=c53f8f&_nc_ohc=GvW764ctRJAQ7kNvwGe3y61&_nc_oc=AdmwiYgy5D-4tYVCz-Fq_9UoevGS7japxVtjnQaxEblk2BSrZapnlhLX5fceJqjzHXw&_nc_zt=14&_nc_ht=scontent.ftpe8-3.fna&_nc_gid=O1MUTxnQkbUe_NLnO6J72g&oh=00_AfonKjOYHsXDxS7RjR5WbpMdfBUUhqgJDhckB-f6_VVmrw&oe=696E6119",
  "ad_image": null,
  "ad_cta_text": "",
  "ad_link_description": null,
  "ad_link_url": null,
  "ad_title": "林姿妙全力以赴支持呂國華",
  "ad_caption": null,
  "ad_page_id": "203178079695479",
  "ad_cta_type": "",
  "ad_extra_links": [],
  "ad_extra_texts": [],
  "ad_page_categories": [],
  "ad_page_like_count": 0,
  "ad_publisher_platform": [
    "facebook",
    "instagram"
  ],
  "ad_like_count": "0",
  "ad_share_count": "0"
}