{
  "ad_id": "1063331589262150",
  "ad_context": "👀👶 應對少子女化國安危機，只有「署級」戰力？\n\n從政府將少子女化問題列入 第一份國家安全報告---《2006 國家安全報告》，至今剛好20年。但是我們有拿出「對應國安風險」的層級在處理它嗎？連是否有成立少子女化辦公室，行政院發言人與衛福部長竟然也不同調。🤔\n󠀠\n2018年起的《少子女化對策計畫1.0》，已在去年底結束，政府投入近 ＃六千多億預算，但出生數仍持續探底。目前已拍板2026 年推出2.0 版計畫，也將成立「兒少及家庭支持署」，未來四年每年預計再投入平均1,200億元預算，用在育兒津貼、平價托育與教保服務上面。這些與 1.0 版的內容大同小異。我們雖肯定過去幾年政府的努力，但也擔心隸屬於衛福部的三級單位「兒少及家庭支持署」，是否具備足夠的能量應對未來的少子化危機。\n󠀠\n📍韓國與日本同樣也是面臨少子女化的問題，但日本在2023 年正式成立「＃兒童家庭廳」，首長為內閣大臣，直屬首相；韓國更是直接宣布進入「人口非常事態」，計畫成立副總理級的「＃人口策略企劃部」。此部甚至擁有預算分配權與跨部會整合權，能從有關人口的國家預算層級，重新排列各部會的政策優先順序。對應台灣行政體制來說，等於是行政院副院長兼任類似「人口策略企劃部」部長，當然台灣目前尚無此行政層級及專責一級部會，這也顯示韓國有多麼重視人口危機。\n󠀠\n少子女化問題與高房價、高工時、低薪、產業結構變化，甚至兩性平權有關，各部會原先就有其職掌業務以及本位主義目標，目前僅由政務委員負責整合協調專案計畫，再由各部會推動執行的模式，是否能有效解決少子女化的問題，這是我們懷疑的。\n󠀠\n既然政府已經喊了 20 年少子女化是國安危機，就應參考韓日經驗，提升處理危機的專責治理層級，而不應仍停留在由政務委員督導跨部會專案會議、由各權責部會分工推動的計畫型治理模式，即便新增「兒少及家庭支持署」，仍屬三級單位，也不若韓國提升至副總理級專責部會的作法。這是「少子女化2.0」時代，政府也該思考的議題❗\n󠀠\n👉您覺得因應少子化危機該不該比照韓日提升專責機構層級？請分享您的看法！\n󠀠\n＃少子化 ＃國安危機 ＃人口老化 ＃中華梅花黨",
  "ad_profile_name": "中華梅花黨 National Flower Party",
  "ad_profile_image": "https://scontent.ftpe8-4.fna.fbcdn.net/v/t39.35426-6/612890317_1815569295829702_1904881138796917437_n.jpg?stp=dst-jpg_s60x60_tt6&_nc_cat=110&ccb=1-7&_nc_sid=c53f8f&_nc_ohc=BL2xj9WmChcQ7kNvwEYsZin&_nc_oc=Adn3RV1HTz0fHrNtlGgDU5J-Qlr2hJTBaAwq3l-_gDs5CaOmbEFegTFQ1TSVsXUUBSw&_nc_zt=14&_nc_ht=scontent.ftpe8-4.fna&_nc_gid=aION0H7GEW455JoqrJuVCg&oh=00_Afo0O0cNYVHFEhhUSMaN3hKet34hkBebslNxyjz53btaLQ&oe=696E55D5",
  "ad_is_video": false,
  "ad_video_preview_image": null,
  "ad_image": "https://scontent.ftpe8-4.fna.fbcdn.net/v/t39.35426-6/612111627_772450015138013_249929582995533195_n.jpg?stp=dst-jpg_s600x600_tt6&_nc_cat=102&ccb=1-7&_nc_sid=c53f8f&_nc_ohc=Al1C4gFxSBwQ7kNvwEZj13b&_nc_oc=AdmotdCHqNyYagdgaBcByBIkMIVeMjW5TZ0zC8JyOtFiM2T8MZy9AQjJlwU8aYqt5Kc&_nc_zt=14&_nc_ht=scontent.ftpe8-4.fna&_nc_gid=aION0H7GEW455JoqrJuVCg&oh=00_AfpZ1UB2E28hstcmSQPUGIi76IdUPT3SNic69vTocWNf1Q&oe=696E3E12",
  "ad_cta_text": "",
  "ad_link_description": null,
  "ad_link_url": null,
  "ad_title": null,
  "ad_caption": null,
  "ad_page_id": "134272586438346",
  "ad_cta_type": "",
  "ad_extra_links": [],
  "ad_extra_texts": [],
  "ad_page_categories": [
    "政黨"
  ],
  "ad_page_like_count": 0,
  "ad_publisher_platform": [
    "facebook"
  ],
  "ad_like_count": "0",
  "ad_share_count": "0"
}