{
  "ad_id": "1063924085683094",
  "ad_context": "當初開始接觸甜點時，和許多人一樣，我也是靠著網路文章、YouTube影片、還有書本一點一滴摸索出來的。\n\n從學會第一顆布丁、第一塊磅蛋糕，到現在經營自己的甜點店，過程中的每一步我都走得很紮實，但也很孤單。\n沒有老師、沒有指導，有的只有無數次失敗與反覆試驗。\n\n雖然一路這樣走過來，但說到像法式甜點這類更精細、講究層次與結構的作品，我其實一直都覺得自己還差一大截。\n\n這也是為什麼我會對這堂 Quelques Pâtisseries 某某法式甜點的【某某的 6 款極致法式甜點｜從經典到風格，細膩平衡成就完美】線上課程這麼有感。\n\n這堂課由在甜點業界深耕超過 20 年的主廚 Lai 親自教學，整堂課拆解成 7 大章節、69 個單元，從慕斯、蛋奶醬、麵糊、到麵團，每個步驟都近距離且多角度拍攝，畫面清晰到連質地變化都看得一清二楚。\n\n對於像我這種自學者來說，這種「細節等級」的教學是以前靠自己絕對摸不到的！\n\n更棒的是，主廚不只是教你怎麼做，她還會分享每一道甜點的發想歷程、研發時的調整過程，讓你理解為什麼這樣搭配、為什麼這樣設計。這對我來說，比單純照食譜操作還要有價值，因為這是創作思維的啟發，是能夠延伸到未來任何甜點研發上的靈感來源。\n\n如果你也和我一樣，已經有些甜點基礎，但總覺得想更深入了解專業甜點背後的邏輯與美感，這堂課真的很值得你投資時間。\n\n而且如果你本身對甜點創作有更高追求，進階版的「架構幾何甜點創作課」也絕對會讓你眼界大開——從幾何造型、比例設計，到多層次風味的搭配，每一項都是真正提升作品「專業感」的關鍵細節。\n\n我常常覺得甜點像建築，不只是好吃，更要有層次、有邏輯、有靈魂。\n\n這堂課，正是我在甜點路上，一次重要的充電與重新整合。\n推薦給也在這條路上努力、探索、進步的你。\n\n⸻\n 適合對象｜已有甜點製作經驗、想深入理解法式甜點邏輯與創作結構者\n\n 課程亮點｜\n• 6 款經典法式甜點｜全面解析\n• 7 大章節 × 69 單元｜細節全收錄\n• 不限次數觀看｜隨時反覆練習\n• 主廚 Lai 研發思路全公開｜學會甜點不只是「做出來」，而是「做得懂」。\n\n你不一定需要老師，但有時候，一位真正懂甜點的導師，能讓你走得更穩、更深、更遠。\n\n—————————————————————\n●【某某的 6 款極致法式甜點｜從經典到風格，細膩平衡成就完美】\n\n課程網址：\nhttps://seeds.com.tw/courses/quelquesp\n現正募資中！\n\n.\n現在購課，還可以使用我的專屬折扣碼：「egg300」馬上折300元.ᐟ.ᐟ\n.\n❤️‍🔥❤️‍🔥❤️‍🔥｜使用期限只到 2025/07/20喔｜❤️‍🔥❤️‍🔥❤️‍🔥\n.\nQuelques Pâtisseries 某某｡甜點",
  "ad_profile_name": "兩顆蛋",
  "ad_profile_image": "https://scontent.ftpe8-1.fna.fbcdn.net/v/t39.35426-6/508275947_1888252805330261_8002900297306604359_n.jpg?stp=dst-jpg_s60x60_tt6&_nc_cat=105&ccb=1-7&_nc_sid=c53f8f&_nc_ohc=zkXK_bXCXqwQ7kNvwHaSbmh&_nc_oc=AdmnNwrSjgj4I6AvvSLHPotPMKYiGwWq2XX8cqnj3oN-WchqOJnsMmbRZpsae6vdltI&_nc_zt=14&_nc_ht=scontent.ftpe8-1.fna&_nc_gid=GH1BvKFoRXucqiF9_qiifg&oh=00_AfrJkoAIkocV5hOXEJe0MafIaNIDTydOWnZFwACwK4tg8A&oe=696E7A33",
  "ad_is_video": false,
  "ad_video_preview_image": null,
  "ad_image": "https://scontent.ftpe8-4.fna.fbcdn.net/v/t39.35426-6/508570668_671847432519798_6503787837709031652_n.jpg?stp=dst-jpg_s600x600_tt6&_nc_cat=102&ccb=1-7&_nc_sid=c53f8f&_nc_ohc=8BjhwYV1KSoQ7kNvwG1wJWR&_nc_oc=AdnJMHdtoRUn9a1iLQRtnRUHi6G_TPHUZsA68YIo94qa8xXYHJU3D0Xg65Q6dNAv5XU&_nc_zt=14&_nc_ht=scontent.ftpe8-4.fna&_nc_gid=GH1BvKFoRXucqiF9_qiifg&oh=00_AfqEzWsBV9LixIn0dsvUfLQNfuRgCKIDqTJbWWgVxvXMzQ&oe=696E4677",
  "ad_cta_text": "",
  "ad_link_description": null,
  "ad_link_url": "https://seeds.com.tw/courses/quelquesp",
  "ad_title": null,
  "ad_caption": null,
  "ad_page_id": "841605742583647",
  "ad_cta_type": "",
  "ad_extra_links": [],
  "ad_extra_texts": [],
  "ad_page_categories": [],
  "ad_page_like_count": 0,
  "ad_publisher_platform": [
    "facebook",
    "instagram",
    "audience_network",
    "messenger",
    "threads"
  ],
  "ad_like_count": "0",
  "ad_share_count": "0"
}