{
  "ad_id": "1063271394186773",
  "ad_context": "國人勿恐慌　相信台灣防疫\n\n去年爆發新冠肺炎以來， 全國上下一心 ， 面對這一新的病毒， 醫療人員責無旁貸 ， 盡心盡力對抗病毒，一年多的抗疫成果，獲得國際高度肯定，這是國人驕傲，也是全國之福，我們要感謝長期為防疫付出的所有人員。\n\n桃園市是國門之都，機場所在，從去年滯留中國武漢國人包機回台檢疫工作，　桃園地區的醫療與救護人員都和中央疾管醫護人員站在第一線執勤，他們的工作壓力不曾鬆懈，時時刻刻身處高度緊繃狀態，如今醫院再次出現疑似感染症狀。　紹瑾相信以台灣的防疫經驗，一定可以安然度過，在此呼籲國人為醫護人員加油打氣，更也不要鬆懈自身的防疫工作。\n\n這幾年桃園快速發展，人口遷移，設籍人數快速增加，桃園區需要更多的醫療資源，尤其，因應未來類似新冠肺炎等病毒，紹瑾認為，必須增加並提升公立醫院資源，引進醫學中心，充實醫療，防護桃園人健康。\n\n寒流一波波來襲，紹瑾提醒長輩與國人，疫情仍嚴峻，呼籲大家勤洗手，戴口罩，保持社交距離。",
  "ad_profile_name": "彭紹瑾",
  "ad_profile_image": "https://scontent.ftpe8-1.fna.fbcdn.net/v/t39.35426-6/138607957_3947372331939413_6435266950808457194_n.jpg?stp=dst-jpg_s60x60_tt6&_nc_cat=108&ccb=1-7&_nc_sid=c53f8f&_nc_ohc=5t-ivJA8cgUQ7kNvwH-OL13&_nc_oc=AdmkZvt4czEE1-lq69gaZqZ3DpkVvQ_CRrVW9VCCXBRV0u1zmlXkVWL0GyFJexpZY18&_nc_zt=14&_nc_ht=scontent.ftpe8-1.fna&_nc_gid=I0j0Xv9lI3DtWX7L-458jQ&oh=00_AfqLK4MFFqe-5_WHVOTAKYF6JlbliQ5AEKowArasjfG_yA&oe=696E6C84",
  "ad_is_video": false,
  "ad_video_preview_image": null,
  "ad_image": "https://scontent.ftpe8-2.fna.fbcdn.net/v/t39.35426-6/138786886_161443355428705_1035256921927660003_n.jpg?stp=dst-jpg_s600x600_tt6&_nc_cat=100&ccb=1-7&_nc_sid=c53f8f&_nc_ohc=7_TWFTrU3l0Q7kNvwE_oSuv&_nc_oc=AdmyoDLUBzJz8s3rtfZud7FZBfbBPKB-zqtOE2DhPsohYRHqZqG0qT7O249oGdWV9zE&_nc_zt=14&_nc_ht=scontent.ftpe8-2.fna&_nc_gid=I0j0Xv9lI3DtWX7L-458jQ&oh=00_AfrS5Bo7IWSAOAfs3dczs6_ByZSsR4_86J_LIveqijyJiw&oe=696E52FA",
  "ad_cta_text": "",
  "ad_link_description": null,
  "ad_link_url": null,
  "ad_title": null,
  "ad_caption": null,
  "ad_page_id": "105707704665000",
  "ad_cta_type": "",
  "ad_extra_links": [],
  "ad_extra_texts": [],
  "ad_page_categories": [
    "政治人物"
  ],
  "ad_page_like_count": 0,
  "ad_publisher_platform": [
    "facebook",
    "instagram"
  ],
  "ad_like_count": "0",
  "ad_share_count": "0"
}