{
  "ad_id": "1064754168009742",
  "ad_context": "六問林思銘：你是忘記了，還是害怕想起來\n\n上週我揭露林思銘委員在寶山鄉土地上的違建跟涉及利用農地向橫山農會超貸之後，林思銘委員匆忙回覆說這是朋友集資信託給他，要在寶山投資養生村。這個漏洞百出的解釋馬上就被第二類地籍謄本登記原因尚上斗大的「買賣」兩字打臉。林思銘委員對於超貸、農地變更等問題也都沒辦法解釋。一整個星期都躲起來拒絕回應。今天我在這邊，要鄭重要求林思銘委員回答六個問題：\n\n第一：是否跟橫山農會超貸\n林思銘委員用價值3000萬的農地，為何可以貸款3500萬，而且不用還本金！？\n\n第二：神秘的委託人\n林思銘說是他人委託，但是地籍謄本跟財產申報都沒證據，請林思銘委員說明，委託人到底是誰，還是你說謊？\n\n第三：消失的財產申報\n林思銘歷年財產申報，寶山鄉土地的取得名目都是「買賣」， 林思銘委員是否登載不實。\n\n第四：縣議員為何買閒置農地\n林思銘委員不是農民，購買農地之後也沒耕作。五年來就長出一棟新違建，這個違建做什麼用，請林思銘委員解釋清楚。\n\n第五：是否以權謀私\n委託人將農地信託給時任新竹縣議員的林思銘，想要投資養生村是變相收受賄賂，利用職權加速土地開發進度？請林思銘委員解釋清楚。\n\n第六：農地想變更成什麼？\n寶山農地閒置多年，附近鄰近數個光電園區，林思銘委員是不是透過地目變更發財。\n\n林思銘委員號稱農民的朋友，然而卻意圖以農地超貸、變更地目，破壞我們的山林、榨取農民的心血，換取個人的經濟跟政治利益。我要鄭重呼籲林思銘委員對這些疑問，好好的向新竹縣民解釋。",
  "ad_profile_name": "曾聖凱",
  "ad_profile_image": null,
  "ad_is_video": false,
  "ad_video_preview_image": null,
  "ad_image": null,
  "ad_cta_text": null,
  "ad_link_description": null,
  "ad_link_url": null,
  "ad_title": null,
  "ad_caption": null,
  "ad_page_id": "107922969032863",
  "ad_cta_type": null,
  "ad_extra_links": [],
  "ad_extra_texts": [],
  "ad_page_categories": [
    "政治候選人"
  ],
  "ad_page_like_count": 0,
  "ad_publisher_platform": [
    "facebook",
    "instagram"
  ],
  "ad_like_count": "0",
  "ad_share_count": "0"
}