{
  "ad_id": "1064537687533865",
  "ad_context": "#一馬當先 #義定成功\n\n大會報告📢📢📢\n金山里長號次抽籤\n彬義抽中1️⃣號！！！\n\n懇請里民朋友1126團結支持\n金山里長候選人\n1號 饒彬義\n『義』起改變金山  『1』起支持彬義",
  "ad_profile_name": "金山里里長 饒彬義",
  "ad_profile_image": "https://scontent.ftpe8-1.fna.fbcdn.net/v/t39.35426-6/312325165_1169422010344547_8480450335567261572_n.jpg?stp=dst-jpg_s60x60_tt6&_nc_cat=105&ccb=1-7&_nc_sid=c53f8f&_nc_ohc=gWNA37HUzZsQ7kNvwEhVThx&_nc_oc=AdkD_WD4KpydAuRya0V69hDB-8WhdlivHC_ZvpVQECisoEqf98vmXBCezvi0sPlKzlE&_nc_zt=14&_nc_ht=scontent.ftpe8-1.fna&_nc_gid=juysZDXQZzKf53Ye1tFQsg&oh=00_AfqkfRK1UIZWugPVgLwYPuuypGfg3Lz-hD-HELTTAczFuA&oe=696E6FA1",
  "ad_is_video": false,
  "ad_video_preview_image": null,
  "ad_image": "https://scontent.ftpe8-4.fna.fbcdn.net/v/t39.35426-6/311862699_458650716247595_6819515352503797325_n.jpg?stp=dst-jpg_s600x600_tt6&_nc_cat=110&ccb=1-7&_nc_sid=c53f8f&_nc_ohc=cKbh7_rEBZUQ7kNvwG4sRyf&_nc_oc=AdmHhZqlXPd5pP4F0z0vfpNrFBS0KBQLPcNUIF-xw4q4G2IvnHppD3UFVG8gmfIh_AU&_nc_zt=14&_nc_ht=scontent.ftpe8-4.fna&_nc_gid=juysZDXQZzKf53Ye1tFQsg&oh=00_Afq3yfsWIIbH4uN-3QePGgTjR1kEKpn6h_oy4PXA-9c_hA&oe=696E5B9F",
  "ad_cta_text": "發送訊息",
  "ad_link_description": null,
  "ad_link_url": null,
  "ad_title": null,
  "ad_caption": null,
  "ad_page_id": "101507416009278",
  "ad_cta_type": "發送訊息",
  "ad_extra_links": [],
  "ad_extra_texts": [],
  "ad_page_categories": [
    "政治人物"
  ],
  "ad_page_like_count": 1116,
  "ad_publisher_platform": [
    "facebook",
    "instagram"
  ],
  "ad_like_count": "0",
  "ad_share_count": "0"
}