{
  "ad_id": "1067795122493338",
  "ad_context": "#三國阮卡勇 #今日上綫\n🔥超高爆率三國卡牌遊戲🔥\n 💁‍♀️千萬不可錯過這款三國游戲！\n 🌸點擊獲取專屬福利碼VIP888，VIP666，svip888",
  "ad_profile_name": "三國阮卡勇-名將爭霸",
  "ad_profile_image": "https://scontent.ftpe8-2.fna.fbcdn.net/v/t39.35426-6/605252549_2063832490828594_1873191275965430221_n.jpg?stp=dst-jpg_s60x60_tt6&_nc_cat=100&ccb=1-7&_nc_sid=c53f8f&_nc_ohc=3PYZ4vwfieQQ7kNvwErDbZA&_nc_oc=AdmlnvcVoXkglnvWR4xmZw2xwFRAKNiiq11DhqVtmLjYW9HuwHInaEm9jF3j2oAjOx8&_nc_zt=14&_nc_ht=scontent.ftpe8-2.fna&_nc_gid=YDLncwYdSIPdKJd-JFajHw&oh=00_AfqSuXayBo9hwp5xf1r9_g6r9_Hq0E7Q1i4m3KrRyZ0uOA&oe=696E56B2",
  "ad_is_video": false,
  "ad_video_preview_image": "https://scontent.ftpe8-3.fna.fbcdn.net/v/t39.35426-6/604791027_1571323957401660_6693805414545831562_n.jpg?_nc_cat=111&ccb=1-7&_nc_sid=c53f8f&_nc_ohc=CWIBuPhRAw4Q7kNvwE2JyKL&_nc_oc=Adl_Bo00XOqwsIUvNNNtfQDNVOeDmsQagXwv_LIyyLRMBSAqBV-2jG0Dx9qoAcZm9kQ&_nc_zt=14&_nc_ht=scontent.ftpe8-3.fna&_nc_gid=YDLncwYdSIPdKJd-JFajHw&oh=00_AfqCOtQrmywXwFO8Cu0hxNFfvokODRD2NgTGf7_ZlpT9Qw&oe=696E564A",
  "ad_image": null,
  "ad_cta_text": "立即安裝",
  "ad_link_description": null,
  "ad_link_url": "https://l.facebook.com/l.php?u=http%3A%2F%2Fplay.google.com%2Fstore%2Fapps%2Fdetails%3Fid%3Dcom.szqdgames.threekd.tkh%26fbclid%3DIwZXh0bgNhZW0CMTAAYnJpZBExOFBnZndlbkFwVVZFVnBIQnNydGMGYXBwX2lkDzU0MTYzOTQ5Mzg4OTAyNQABHjMx3414PoXB0OKwWOS70xCbm8zuOoO3IU-pChUXU23ltp3VZzV41CZDZz83_aem_pTeF-p2_OB7DK8cd9f_mug&h=AT1WDa2qPweZCgh6S03r6kaJiYRVXFSDu28KuvefYez_eUTrGbyxOmmFUt74TAWHVZSmLqM8_S01xXQ8I9BKEcS1DViTbtdy95gT0EHH47ifwMSKD6XoAtHp-FznZu7DXPYKlu0SXK7dosZqUzQfVg",
  "ad_title": "全台爭霸開打！集結兄弟奪天下",
  "ad_caption": "play.google.com",
  "ad_page_id": "794290470444411",
  "ad_cta_type": "立即安裝",
  "ad_extra_links": [],
  "ad_extra_texts": [],
  "ad_page_categories": [
    "遊戲發佈商"
  ],
  "ad_page_like_count": 1395,
  "ad_publisher_platform": [
    "facebook",
    "instagram",
    "audience_network",
    "messenger",
    "threads"
  ],
  "ad_like_count": "0",
  "ad_share_count": "0"
}