{
  "ad_id": "1067442418496453",
  "ad_context": "每年萬聖節，小朋友們都會穿上各式各樣的服裝，盡情享受變裝的樂趣👻🎃對於電影《奇蹟男孩》Wonder中的奧吉來說，萬聖節更有著特別的意義。電影主角奧吉因為天生的面容與眾不同，經常面對同學們的嘲笑與疏遠，而萬聖節是他最喜歡的節日，因為他可以戴上面具🎭，暫時隱藏自己的臉龐，讓自己看起來和其他孩子一樣普通。\n\n奧吉的故事並不僅僅屬於電影。在這個世界上，也有許多人因為先天性的顱顏異常或燒燙傷而改變了外貌。他們與主角奧吉一樣，都渴望被平等對待，擁有正常的生活。這提醒我們，真正的重要並不是外表，而是每個人的內在價值和善良的心💖\n\n目前，有許多人民團體正在推動「臉部平權」的理念，呼籲大家尊重那些因外貌與眾不同的人，也為他們爭取更多的社會理解與支持。希望這個萬聖節，我們不僅僅是在慶祝，也能夠藉此機會，反思我們對他人的態度，讓這個世界變得更加溫暖、包容與友善🥰\n\n#萬聖節 #奇蹟男孩 #臉部平權 #尊重與包容 #人民團體 #社會平等\n#桃園市政府社會局 #桃園NPO中心",
  "ad_profile_name": "桃園市非營利組織發展中心",
  "ad_profile_image": "https://scontent.ftpe8-1.fna.fbcdn.net/v/t39.35426-6/466164066_1707639266752143_7711177725287599000_n.jpg?stp=dst-jpg_s60x60_tt6&_nc_cat=108&ccb=1-7&_nc_sid=c53f8f&_nc_ohc=iiuYBJ_vkt8Q7kNvwFgOdUv&_nc_oc=Adm1c1JY4XLpF0etngQLPm_B4BZDNSP3IYnDh3qwtzQbR-uu6WtyOW5Hi0XoKQ5mU8Y&_nc_zt=14&_nc_ht=scontent.ftpe8-1.fna&_nc_gid=pKlZz6QMznHK6HCWsutN7g&oh=00_Afp_3th-o5IwVE2Tyav1ikkBYXEBDcO55M8VblpI3o6ncg&oe=696DDFC8",
  "ad_is_video": false,
  "ad_video_preview_image": null,
  "ad_image": "https://scontent.ftpe8-1.fna.fbcdn.net/v/t39.35426-6/466124805_3875496269396272_3058356833539154059_n.jpg?stp=dst-jpg_s600x600_tt6&_nc_cat=105&ccb=1-7&_nc_sid=c53f8f&_nc_ohc=ND8A3A1WYScQ7kNvwFkPbwH&_nc_oc=AdkL9gCTr6fNZ8rKPd8AZ0FV39Lo1xIvDyvGGyPV9FmXJ7HuFZlSqZa8cvTJUuBqfSw&_nc_zt=14&_nc_ht=scontent.ftpe8-1.fna&_nc_gid=pKlZz6QMznHK6HCWsutN7g&oh=00_AfppWwKZPzn3XS2t4uq5HvOxjv9nVhp4GYc6UHQj3hn6zg&oe=696DF120",
  "ad_cta_text": "說這專頁讚",
  "ad_link_description": null,
  "ad_link_url": "https://facebook.com/npotyc",
  "ad_title": "桃園市非營利組織發展中心",
  "ad_caption": "facebook.com",
  "ad_page_id": "1600694340206781",
  "ad_cta_type": "說這專頁讚",
  "ad_extra_links": [],
  "ad_extra_texts": [],
  "ad_page_categories": [
    "公共服務"
  ],
  "ad_page_like_count": 0,
  "ad_publisher_platform": [
    "facebook",
    "instagram"
  ],
  "ad_like_count": "0",
  "ad_share_count": "0"
}