{
  "ad_id": "1068198841885569",
  "ad_context": "一個人的突然離去，\n對愛他的人，是多麼殘酷的事。\n\n思念，要多久才能停歇？\n生命裡充滿了意料之外，\n讓我們措手不及，甚至痛徹心扉。\n\n這些意外，是有意義的嗎？我不知道。\n那些無法挽回的、成為遺憾的，\n最終會陪伴我們到老。\n\n在某個場景、某個時間點，看到某個物件，心中便泛起悲傷。\n\n季節更迭時，\n那些曾受傷的地方，看似痊癒，卻仍隱隱作痛。\n\n人生而苦，但在苦的過程中，也藏著歡樂。若沒有失去，又怎能真正懂得珍惜？\n\n詩人奧登曾說：\n「不相愛，即如死滅。」\n\n💌永遠無法抹滅的，是愛。\n\n愛一個人，大多數時候不一定是快樂的，有苦澀，也有酸甜。\n但心中若有愛，便有力量，\n足以撐起我們繼續走下去。\n\n也許，這個世界與我們的想像愈來愈不同，所面對的阻礙也愈來愈難。\n\n愛無法戰勝一切，\n也不一定能帶來幸福，\n但它能讓我們重新找回笑容。\n\n只要還能保有笑容，\n就還有期盼與想望，\n就還有實現的可能。\n\nIf we don’t clear what’s settled and forgotten,\none day, there will be no room left\nto feel,\nto love,\nto begin again.\n\nBe honest with yourself.\nClear the dust.\nMake space for new love to grow.\n\n#BeHonestWithYourself\n#ClearTheHeart",
  "ad_profile_name": "qiaoyu.chen",
  "ad_profile_image": "https://scontent.cdninstagram.com/v/t51.82787-19/610783477_18548051203052077_5345432429113443840_n.jpg?stp=dst-jpg_s206x206_tt6&_nc_cat=105&ccb=7-5&_nc_sid=525117&efg=eyJ2ZW5jb2RlX3RhZyI6InByb2ZpbGVfcGljLnd3dy43MjAuQzMifQ%3D%3D&_nc_ohc=S7Mb-IiXJqcQ7kNvwGJcBJN&_nc_oc=AdnuR_TBE7USnzdwFgxSlgsxyTnle-5X5BQYgPvtVS-v0ltk9JDWN5PN8U747wZy63c&_nc_zt=24&_nc_ht=scontent.cdninstagram.com&_nc_gid=yn5bxg9GbXfYXDddmvYGDw&oh=00_AfoTEc-fjAxl-QgT0moIxU-VbHGQOKQySg0wiYvcQdB_oA&oe=696DE430",
  "ad_is_video": false,
  "ad_video_preview_image": null,
  "ad_image": "https://scontent.ftpe8-1.fna.fbcdn.net/v/t39.35426-6/502631065_650569261289941_4279276199173632177_n.jpg?stp=dst-jpg_s600x600_tt6&_nc_cat=108&ccb=1-7&_nc_sid=c53f8f&_nc_ohc=gmJjX1IHaR0Q7kNvwElHKsG&_nc_oc=AdmHsjx9P4Uq6oDf5XOCwxZSNuyh_Ywb40qazqWa55lU3gObFQ9eYVg6VfvVbAfg5Ys&_nc_zt=14&_nc_ht=scontent.ftpe8-1.fna&_nc_gid=yn5bxg9GbXfYXDddmvYGDw&oh=00_AfqnWQKKmjVMDV_k3e80Uqg6XRYveoExTUREKF-s40ho5w&oe=696DCCA9",
  "ad_cta_text": "瀏覽 Instagram 個人檔案",
  "ad_link_description": null,
  "ad_link_url": "https://l.facebook.com/l.php?u=http%3A%2F%2Finstagram.com%2Fqiaoyu.chen%3Ffbclid%3DIwZXh0bgNhZW0CMTAAYnJpZBExcjBkMnVFZ0F2RGFYN3NnVnNydGMGYXBwX2lkDzU0MTYzOTQ5Mzg4OTAyNQABHjCx7pOYoc2GeCK46S062nSHTvFxxtReDSI82tJ-fmUAO2mxebD2aPDixh8L_aem_MXlpAFcBE75iUCi8MiA5sg&h=AT2tTEZ3oIJGo1E0MRyefWajEh3TvHI0V22YdqSIlZL4HpLEwnQFt-ZwTd2ldNj8QKqd2WfP6gWZ0tMvKnWYJwjPWfmQSATFMTneXkpMDjdLf_GAu8zbQPUq_fDx8pPxrtWJ6mE-IGdS7CUYX-l8FA",
  "ad_title": "instagram.com",
  "ad_caption": "instagram.com",
  "ad_page_id": "707964152389263",
  "ad_cta_type": "瀏覽 Instagram 個人檔案",
  "ad_extra_links": [],
  "ad_extra_texts": [],
  "ad_page_categories": [],
  "ad_page_like_count": 0,
  "ad_publisher_platform": [
    "instagram"
  ],
  "ad_like_count": "0",
  "ad_share_count": "0"
}