{
  "ad_id": "106860750762513",
  "ad_context": "歷經數月的選戰結束了。文卿再次感謝北北屯區鄉親們每一票的恩德！以及一路陪伴我打拼的服務團隊、競選團隊、民眾黨柯主席及熱情的夥伴們。\n\n很遺憾的向支持文卿的鄉親致歉，很抱歉！文卿不夠努力，讓支持我的您們失望了。\n\n也恭喜我可敬的對手 莊競程 博士高票當選，能一同攜手下架國民黨老將沈智慧，成功翻轉北北屯，實為好事一樁可喜可賀！\n\n民眾黨的政黨票，在台中獲得最高的支持，尤其我們北區與北屯區成為台中區的最高票倉，感謝各位好朋友對民眾黨寄予厚望與支持，相信民眾黨將履行承諾，為民眾發聲、理性務實的執行政務，共同監督藍綠，建構趨向進步的台灣政治風氣。\n\n文卿接下來的規劃將先好好陪伴家人，照片是文卿8歲小女兒昨夜給我的卡片，這數月來日日早出晚歸，忽略了家人的需要與陪伴，真的真的感到內疚。\n\n再次感謝各位好朋友的支持跟鼓勵，對於初次參選的政治素人來說，能獲得您們的肯定與支持，我感念在心！這一票一票的情，我都會深深記在心中。\n\n文卿可以很驕傲地說，我投入選舉不欠任何財團、不欠任何人情，實現了我承諾大家的一場乾淨的選舉。\n\n文卿未來會持續在獅子會服務，若各位好朋友需要文卿幫忙協助，歡迎聯絡文卿。雖然很遺憾未能在國會上為台中爭取福利，但文卿依舊非常樂意為大家服務，永遠與我親愛的鄉親們站在一起。再次真摯感謝這次在兩黨夾殺之下仍願意支持文卿信念的每一位，感謝您！\n\n台中加油！台灣加油！",
  "ad_profile_name": null,
  "ad_profile_image": null,
  "ad_is_video": false,
  "ad_video_preview_image": null,
  "ad_image": null,
  "ad_cta_text": null,
  "ad_link_description": null,
  "ad_link_url": null,
  "ad_title": null,
  "ad_caption": null,
  "ad_page_id": "102091854559464",
  "ad_cta_type": null,
  "ad_extra_links": [],
  "ad_extra_texts": [],
  "ad_page_categories": [],
  "ad_page_like_count": 0,
  "ad_publisher_platform": [
    "facebook",
    "instagram"
  ],
  "ad_like_count": "0",
  "ad_share_count": "0"
}