{
  "ad_id": "1068706953647260",
  "ad_context": "2020.12.31 李秉穎醫師《我贊成辦跨年》\n\n陳凝觀：\n我請教李P你贊不贊成今天晚上的台北市跨年活動？你會不會去跨年？\n\n李秉穎醫師：\n我不會去跨年，太冷了，有點受罪。\n#但是我贊成(台北市跨年活動)。\n\n就是說我一直講，這變種病毒沒有什麼可怕的地方啊，它到底哪裡可怕？哪裡有科學證據說它比較可怕？\n#沒有，全部都是新聞媒體在講的，有一些政治人物也在講。\n我們沒有看到一個學術權威機構證明說這病毒是有哪一個特點它比較會穿透我們的免疫網，或者是毒性比較重，還是說傳播能力比較強。\n\n而且，#變種病毒並沒有侵入台灣，這是最重要的。\n它如果真的是我們台灣有社區感染，當然就是全部活動停辦，這是可以預測的。\n但是我們現在看到的事情是變種病毒完全被我們阻絕在境外，它沒有登陸台灣，它是 #在境外就被阻擋住了。\n\n然後呢，比較有一點點疑慮的就是前一陣子的機師，因為機師到處趴趴走，真的是亂台，那個趴趴走以後讓我們就是變成可能要看到他14天之內完全沒有出現本土病例，我們才能夠完全安心。\n\n但是根據我們以前的經驗，我常常說，就是今年年初到現在我們一共有10個沒有明顯傳染源的本土社區感染病例，這個是最可怕的事情，那就表示說我們防疫網有漏洞，他才會跑出這樣的一個個案出來。\n\n那我們不排除說未來也會出現這種東西，可是你知道嗎？全世界只有台灣可以做到說「10個」，10社區感染你找不到感染源，其他我們都全部可以找得到。\n\n我相信未來會出現這種不明原因傳染源的一個社區感染的數字也是很少的，所以我只能夠說，#到目前為止我們並沒有社區感染風險的證據，沒有那種事例，那我們只有國外在流行變種病毒的情形，我們也有變種病毒在我們的邊境被攔下來的事情。\n\n如果台灣民眾如果都沒有病毒的話，#那大型活動何必要禁止呢？按照科學的證據去講話。\n\n就是說如果我們台灣有社區感染，尤其是有那種不明傳染源的社區感染的話，當然你要這些群聚活動就要禁止，那不只是跨年，那是所有的群眾…什麼協會開會、什麼會議，全部都要禁止，不是只有單單去看跨年活動。",
  "ad_profile_name": "柯P逐字稿",
  "ad_profile_image": "https://scontent.ftpe8-3.fna.fbcdn.net/v/t1.6435-9/72220864_137637890924089_6017650963001638912_n.jpg?stp=dst-jpg_s60x60_tt6&_nc_cat=106&ccb=1-7&_nc_sid=c53f8f&_nc_ohc=fyzCi02Zwn4Q7kNvwF3uyIX&_nc_oc=AdkN2ZS2gWSjJApi-H0ipqR0XwP-5rQ6nl-tdBGjq0sE4O9WkH0RV0NzQIShCod5AqQ&_nc_zt=23&_nc_ht=scontent.ftpe8-3.fna&_nc_gid=NdeySqYRqTpCQ1r1ylUSSg&oh=00_AfrXeRiSf8RHSj8CS0S3oJ8n7990-5OESlmGSGN2abpZVw&oe=698F6DA3",
  "ad_is_video": false,
  "ad_video_preview_image": null,
  "ad_image": "https://scontent.ftpe8-3.fna.fbcdn.net/v/t1.6435-9/135128971_437510204270188_2721240372513037998_n.jpg?stp=dst-jpg_s600x600_tt6&_nc_cat=111&ccb=1-7&_nc_sid=c53f8f&_nc_ohc=xkHhGSwSTmYQ7kNvwEF57x1&_nc_oc=AdmLhQOzHqq-ZcCBPJ6iMBQCWIkwfpGd6zDoIWv_aLblEZdeXpKVn2mp688Zx0kjVdI&_nc_zt=23&_nc_ht=scontent.ftpe8-3.fna&_nc_gid=NdeySqYRqTpCQ1r1ylUSSg&oh=00_Afr3Cc33FKu7K7AVtPdoHJRMayLa48D1qHyH_Apn3XULyg&oe=698F7E1B",
  "ad_cta_text": "",
  "ad_link_description": null,
  "ad_link_url": null,
  "ad_title": null,
  "ad_caption": null,
  "ad_page_id": "107748503913028",
  "ad_cta_type": "",
  "ad_extra_links": [],
  "ad_extra_texts": [],
  "ad_page_categories": [
    "社會服務"
  ],
  "ad_page_like_count": 0,
  "ad_publisher_platform": [
    "facebook"
  ],
  "ad_like_count": "0",
  "ad_share_count": "0"
}