{
  "ad_id": "1071119503539341",
  "ad_context": "翡翠玉石、珠寶鑑定、鑑價諮詢，\nLine ID：ppcc0520\n中華民國珠寶買賣權益保障協會理事長",
  "ad_profile_name": "花輪哥",
  "ad_profile_image": "https://scontent.ftpe8-3.fna.fbcdn.net/v/t39.35426-6/300690362_1222175211913011_4258128817174202803_n.jpg?stp=dst-jpg_s60x60_tt6&_nc_cat=111&ccb=1-7&_nc_sid=c53f8f&_nc_ohc=_3UfQFuwvF0Q7kNvwFQWR8R&_nc_oc=AdmQRhJXQ-TBfd7pjf2Dh1stOY-kZs79GuTqBSN9OVxi_FaAlQFgxVQcRh3Db-1DP5I&_nc_zt=14&_nc_ht=scontent.ftpe8-3.fna&_nc_gid=ArHLpgRKmh1ZarO6gubNAA&oh=00_AfqNqa3-wxli_zSE7ChcLoz8Ltu0-9ZvMQjSqssv4-0U3Q&oe=696DC16D",
  "ad_is_video": false,
  "ad_video_preview_image": null,
  "ad_image": "https://scontent.ftpe8-1.fna.fbcdn.net/v/t39.35426-6/299356791_820228445802958_925932769205297793_n.jpg?stp=dst-jpg_s600x600_tt6&_nc_cat=105&ccb=1-7&_nc_sid=c53f8f&_nc_ohc=LEM751nXea4Q7kNvwG1Aq39&_nc_oc=AdmeYCtYyQRlE94cCjFbtnWOFbrs8Enmc9bkMhza6JTYS16eCwg5X16wVEi_8qwHAKA&_nc_zt=14&_nc_ht=scontent.ftpe8-1.fna&_nc_gid=ArHLpgRKmh1ZarO6gubNAA&oh=00_Afr1PRj0ckWwSICAaOD8PJZ4MU45wLvvI-mMGZ3hq-mTEQ&oe=696DE75B",
  "ad_cta_text": "發送訊息",
  "ad_link_description": null,
  "ad_link_url": null,
  "ad_title": "花輪哥",
  "ad_caption": "facebook.com",
  "ad_page_id": "521176024619313",
  "ad_cta_type": "發送訊息",
  "ad_extra_links": [],
  "ad_extra_texts": [],
  "ad_page_categories": [
    "公眾人物"
  ],
  "ad_page_like_count": 0,
  "ad_publisher_platform": [
    "facebook",
    "instagram"
  ],
  "ad_like_count": "0",
  "ad_share_count": "0"
}