{
  "ad_id": "1071498671189569",
  "ad_context": "",
  "ad_profile_name": "LINE TODAY Taiwan",
  "ad_profile_image": "https://scontent-tpe1-1.xx.fbcdn.net/v/t39.35426-6/513698720_1088114810048513_8762410810839882982_n.jpg?stp=dst-jpg_s60x60_tt6&_nc_cat=105&ccb=1-7&_nc_sid=c53f8f&_nc_ohc=8ZyUUimbD3MQ7kNvwGR7Ukb&_nc_oc=AdlF9AMfrz3w5pQ-JTGx52vSVmdFSOI0dYIIWSgFW3tTv39kbDyznozizMUEbfYbGkQ&_nc_zt=14&_nc_ht=scontent-tpe1-1.xx&_nc_gid=6GPihc7IxwctOirdBvBklA&oh=00_AfrCgOQFCbBxJ45IbjfNhkYaY9Nyu_zp1pdBGCwvByMb0g&oe=696D6636",
  "ad_is_video": false,
  "ad_video_preview_image": null,
  "ad_image": "https://scontent-tpe1-1.xx.fbcdn.net/v/t39.35426-6/514012327_1395207155138618_185765448749133934_n.jpg?stp=dst-jpg_s600x600_tt6&_nc_cat=107&ccb=1-7&_nc_sid=c53f8f&_nc_ohc=F6ZkF50RatIQ7kNvwHQNEl4&_nc_oc=AdlLhkviOX-pZchzo7_n3nNAb9uXx0RDFGMJeJJbU2JG0BHraaSRN7CygfT8jVm7PTQ&_nc_zt=14&_nc_ht=scontent-tpe1-1.xx&_nc_gid=6GPihc7IxwctOirdBvBklA&oh=00_AfpXEB6rVB2VfaQSJX6F6T0BsZDR0rexWnr84aAHMu9zxg&oe=696D6B63",
  "ad_cta_text": "Learn More",
  "ad_link_description": null,
  "ad_link_url": "https://lin.ee/Ir4KU2D",
  "ad_title": "讓座是選擇還是義務？過半網友：「博愛座」問題根本不在名字 | LINE TODAY | LINE TODAY",
  "ad_caption": "lin.ee",
  "ad_page_id": "347432368933987",
  "ad_cta_type": "Learn More",
  "ad_extra_links": [
    "讓座是選擇還是義務？過半網友：「博愛座」問題根本不在名字 | LINE TODAY | LINE TODAY",
    "讓座是選擇還是義務？過半網友：「博愛座」問題根本不在名字 | LINE TODAY | LINE TODAY",
    "讓座是選擇還是義務？過半網友：「博愛座」問題根本不在名字 | LINE TODAY | LINE TODAY",
    "讓座是選擇還是義務？過半網友：「博愛座」問題根本不在名字 | LINE TODAY | LINE TODAY",
    "讓座是選擇還是義務？過半網友：「博愛座」問題根本不在名字 | LINE TODAY | LINE TODAY"
  ],
  "ad_extra_texts": [],
  "ad_page_categories": [
    "媒體／新聞機構"
  ],
  "ad_page_like_count": 0,
  "ad_publisher_platform": [
    "facebook",
    "instagram"
  ],
  "ad_like_count": "0",
  "ad_share_count": "0"
}