{
  "ad_id": "1071689657476587",
  "ad_context": "#窩測驗 #選擇你中意的動物政策\n\n直接前往 ➜ https://wuo.pse.is/5j3gc7\n\n窩窩與國內長期關心台灣動物議題的各大組織，統整出重要的十大動物議題，從野生、經濟、實驗、展演到遊蕩及同伴動物，邀請2024總統候選人回覆。\n\n感謝三位候選人對動物的關心以及動物政策的藍圖，讀者們現在就可透過小遊戲的測驗，看看誰的回應最符合你的期待！",
  "ad_profile_name": "窩窩 wuowuo",
  "ad_profile_image": "https://scontent.ftpe8-1.fna.fbcdn.net/v/t39.35426-6/417496331_720183276748982_4544421569923919119_n.jpg?stp=dst-jpg_s60x60_tt6&_nc_cat=105&ccb=1-7&_nc_sid=c53f8f&_nc_ohc=a4oQ-SKTGXcQ7kNvwGDK6L5&_nc_oc=Adny6d6bSvgPXnvPro0kJJ4mguNLaWUXiIlbzDCKFtdRn2bDOlGF1FaHMQW6I_I71eY&_nc_zt=14&_nc_ht=scontent.ftpe8-1.fna&_nc_gid=oFfL3VNChDRPA6Mi1TLJcw&oh=00_AfrW9GEiGv2aQh6P6Lujz77j3WWkScPJtvGdLMN1c1t1gA&oe=696E6EEB",
  "ad_is_video": false,
  "ad_video_preview_image": null,
  "ad_image": "https://scontent.ftpe8-3.fna.fbcdn.net/v/t39.35426-6/414568970_1095630538114763_8817803539678516548_n.jpg?stp=dst-jpg_s600x600_tt6&_nc_cat=111&ccb=1-7&_nc_sid=c53f8f&_nc_ohc=4xOvvg-2T30Q7kNvwHOgQEw&_nc_oc=AdlYDbw0IYU74Jd4BRn9kc4tYSJzcKV0rcad-4_96QLsfYjRlJgw8zF7XMm4x_Tffks&_nc_zt=14&_nc_ht=scontent.ftpe8-3.fna&_nc_gid=oFfL3VNChDRPA6Mi1TLJcw&oh=00_AfoZGhpNHOUvIhAOyThYmdbPeGo9CTkjnNNApXpIsulGJg&oe=696E4622",
  "ad_cta_text": "觀看更多",
  "ad_link_description": null,
  "ad_link_url": "https://wuo.pse.is/5j3gc7",
  "ad_title": null,
  "ad_caption": null,
  "ad_page_id": "451593611569576",
  "ad_cta_type": "觀看更多",
  "ad_extra_links": [],
  "ad_extra_texts": [],
  "ad_page_categories": [
    "媒體／新聞機構"
  ],
  "ad_page_like_count": 0,
  "ad_publisher_platform": [
    "facebook",
    "instagram"
  ],
  "ad_like_count": "0",
  "ad_share_count": "0"
}