{
  "ad_id": "1072866788270277",
  "ad_context": "女兒某天放學回家，突然說：「爸爸，今天安親班有個同學，突然站起來走來走去，讓老師很頭痛！」\n　\n她補了一句：「這不是第一次了。」\n　\n我聽了，倒不陌生；許多家長也對我說過類似的話：\n　\n✅ 孩子在學校坐不住，三不五時就起來走動\n✅ 他明知道不能動手，但就是控制不了自己\n✅ 寫作業三分鐘熱度，但打電動卻能一玩兩小時\n　\n*\n這些情況，不是你教不好，也不是孩子故意搗蛋，而是，我們對「專注力」，有幾個常見的誤解。\n　\n❌迷思一：專注力是天生的，只能接受與認命\n　\n你可能覺得孩子「天生坐不住」，但事實是，專注力像肌肉，是可以訓練的。透過遊戲、引導與環境設計，孩子是可以一點一滴，把專注能力練起來的。\n　\n我們確實需要接納孩子的獨特性，不代表什麼忙都幫不上。\n　\n❌迷思二：無法專注，就是沒家教，要勤教嚴管\n　\n「不專心就要處罰！」這種想法很常見，但也很危險。過度高壓只會讓孩子更焦慮、關係更疏離，而真正的改善，來自理解與方法。\n　\n規範是需要的，但不能用來代替理解。\n　\n❌迷思三：能專注就等於「不分心」\n　\n這是最大、也最普遍的誤解。很多人以為，專注力只有一種，就是維持「不分心」的能力。事實上，專注力有五種：\n　\n一、持續性注意力：長期穩定地把一件事執行完成。\n    　像是：坐著寫完功課，或看完一本書。\n　\n二、選擇性注意力：能排除雜訊，專注在某一個焦點。\n   　 像是：能忽略身旁的聲音，專心聽老師說話。\n　\n三、交替性注意力：能在不同任務之間快速切換。\n   　 像是：在課堂上寫作業，老師叫名字時停筆回應，再繼續寫。\n　\n四、分散性注意力：能同時處理環境中的多個刺激。\n   　 像是：一邊聽老師敘述，一邊抄寫重點。\n　\n五、集中性注意力：保持適度警覺，而能即時反應。\n   　 像是：聽到叫名字能馬上回應。\n　\n孩子不是「不專注」，而是專注的型態跟你想的不一樣；每一種注意力，都可以被訓練、被看見、被肯定。\n　\n*\n說到訓練，我就想起，從幼兒園開始，我女兒就超愛「走迷宮」和「找不同」。\n　\n每次去圖書館，她都指定借這類遊戲書；她會一頁頁破關，每過一關都會大喊「我贏了！」\n　\n我看她玩得入迷，也放心極了。\n　\n因為這些看似簡單的遊戲，其實正悄悄鍛鍊她的專注力、空間感、手眼協調、任務執行力。\n　\n沒錯，只要是遊戲，孩子都會超專注。\n　\n對幼兒來說，比起一直「叫」他們專心，更有效的訓練方式其實是「玩」。\n　\n專注力，不是叫出來的，是玩出來的。\n　\n不只專注力，語言力、學習力、情緒韌性等，也都是如此。\n　\n*\n▍ 課程推薦：【與你好好玩轉孩子的成長天賦課｜遊戲10分鐘 提升語言能力Ｘ專注力Ｘ學習動機】\n　　\n我看到，你舉手發問：「不知道要和孩子玩什麼，怎麼辦？」\n　\n那麼，我推薦你一套線上課程，是由語言治療師好好老師和「職屬語你團隊」的專家錄製，包括語言治療師、職能治療師、音樂治療師、臨床心理師等領域工作者，提供你全方位的教養支援。\n　\n📘 每天10分鐘，陪孩子玩出語言力 X 專注力 X 學習力\n🎯 50種實用遊戲，涵蓋0～12歲孩子各階段發展\n🎥 由語言、職能、心理、音樂等多面向專業設計\n　\n*\n課程網址：https://seeds.com.tw/courses/haohao\n輸入專屬折扣碼「chihheng300」，即刻折抵300元，\n使用期限只到 2025/08/20 喔！\n　\n#語言治療師好好老師 \n職屬語你",
  "ad_profile_name": "陳志恆諮商心理師",
  "ad_profile_image": "https://scontent.ftpe8-4.fna.fbcdn.net/v/t39.35426-6/520421126_24481309138160672_4752850445673801077_n.jpg?stp=dst-jpg_s60x60_tt6&_nc_cat=110&ccb=1-7&_nc_sid=c53f8f&_nc_ohc=0K60i3b0J1YQ7kNvwGDuYi6&_nc_oc=AdkGiUAWQ7S_J7fyMTzui-VeH4qGlnQW9IKXJhcO8IZk1HhwYIztGQ4Ee7eWGddbu6w&_nc_zt=14&_nc_ht=scontent.ftpe8-4.fna&_nc_gid=58siZC9ElUKl56eLfnxjIA&oh=00_Afpx05xNKIERSe3zkaU5q-qv6A1AUbki2RpMtRyCQ36h2Q&oe=696DFEB6",
  "ad_is_video": false,
  "ad_video_preview_image": null,
  "ad_image": "https://scontent.ftpe8-4.fna.fbcdn.net/v/t39.35426-6/519035009_1882046139041943_8263929272761577154_n.jpg?stp=dst-jpg_s600x600_tt6&_nc_cat=102&ccb=1-7&_nc_sid=c53f8f&_nc_ohc=AfjuxxlEJNMQ7kNvwFtAopo&_nc_oc=Adm3NANGxSH8J5bpkGlPOKTt58Rphj3PtkkM2sW2LVeykExMLXNd9ym4gc8mCqzUIVM&_nc_zt=14&_nc_ht=scontent.ftpe8-4.fna&_nc_gid=58siZC9ElUKl56eLfnxjIA&oh=00_AfrUaIDoBcmap4I8NiBCqzCydw8lLE5rlZ-XleCt5SLfpg&oe=696DDA20",
  "ad_cta_text": "",
  "ad_link_description": null,
  "ad_link_url": "https://seeds.com.tw/courses/haohao",
  "ad_title": null,
  "ad_caption": null,
  "ad_page_id": "600561660044258",
  "ad_cta_type": "",
  "ad_extra_links": [],
  "ad_extra_texts": [],
  "ad_page_categories": [],
  "ad_page_like_count": 0,
  "ad_publisher_platform": [
    "facebook",
    "instagram",
    "audience_network",
    "messenger",
    "threads"
  ],
  "ad_like_count": "0",
  "ad_share_count": "0"
}