{
  "ad_id": "1073147658150784",
  "ad_context": "美國拉斯維加斯寫下動保新頁，市議會日前通過重大決議，全面禁止寵物店零售狗、貓、兔、天竺鼠及迷你豬等活體動物。新法案針對新舊業者採不同規範：新店家即刻禁售，現有13家寵物店則須在2028年11月前全面終止活體買賣。這意味著未來的寵物市場將重整，民眾若欲飼養特定動物，須繞過寵物店通路，直接向合格、負責任的繁殖者購買。\n\n▌讓「認養代替購買」( Adopt don’t shop! ) 不是口號而已\n這項法案並非憑空而來，而是源於拉斯維加斯當地早已不堪重負的收容體系。收容所長期爆滿，被遺棄的動物數量遠超過認養速度，導致無數健康、親人的動物因空間不足而被迫安樂死。為了從源頭止血，當地政府採取了全方位的策略：\n\n●阻斷供給：禁止寵物店販售熱門寵物，讓「衝動購買」的機會降到最低。\n\n●控制源頭：大力宣導並推動犬貓絕育，避免意外繁殖造成的流浪動物問題。\n\n●鐵腕執法：透過「爪向變革行動（Operation Pawsitive Change）」主動出擊，針對非法繁殖與無照買賣進行臥底調查，不僅開出數十張罰單，更實際救出受虐犬隻並查扣槍械，強勢打擊利用動物牟利的犯罪行為。\n\n▌台灣寵物買賣現況\n當拉斯維加斯、加州、紐約等地紛紛立法將活體動物撤出櫥窗時，台灣的寵物店內依然擺滿了待價而沽的幼犬幼貓。只要「隨手可買」的便利環境依然存在，商業繁殖的龐大利益就會驅使業者不斷利用動物繁殖獲利。\n\n我們雖然擁有《動物保護法》與《特定寵物業管理辦法》，但法規密度與執法力道仍遠遠不足。以先前苗栗爆發的「人人犬舍」事件為例，該業者雖持有合法執照，卻被查獲場內 290 隻犬隻中，逾九成遭非法割除聲帶以壓低吠叫，更違法利用年老、患病犬隻不斷繁殖，且多處籠舍設施不符規定。這血淋淋的案例暴露出現行查核機制形同虛設，難以杜絕「合法有牌、動物受苦」的結構性漏洞。\n\n身為關心動物的公民，我們可以做得遠比想像中更多：除了協助推廣「以認養代替購買」、主動分享公立收容所資訊外，更應落實並宣導寵物絕育觀念，規勸周遭親友避免讓家犬貓進行不必要的繁殖。更重要的是，我們必須要求政府正視法規鬆散的現狀，推動修法朝向「寵物店櫥窗禁售犬貓」與「嚴管繁殖業者」的改革方向前進。\n\n■ 本文參考資料\n●〈Las Vegas bans sale of dogs, cats, and more in new pet shop ordinance〉KSNV 3 News ,2025.11.06\n●〈Las Vegas Ends Sale Of Dogs, Cats & Other Animals In Pet Stores, Promoting Adoption Instead〉World Animal News，2025.11.17\n●〈苗栗人人犬舍不當繁殖案〉2025.11\n\n❤️ 歡迎捐款支持動平會，無論小額單筆捐款或定期定額捐款，都是支持動平會引入多元觀點、宣傳動物平權的力量 https://reurl.cc/LazMLy",
  "ad_profile_name": "台灣動物平權促進會 TAEA",
  "ad_profile_image": "https://scontent.ftpe8-1.fna.fbcdn.net/v/t39.35426-6/586569046_2992258474315623_1455833809310443897_n.jpg?stp=dst-jpg_s60x60_tt6&_nc_cat=109&ccb=1-7&_nc_sid=c53f8f&_nc_ohc=HyMFp0OV0RAQ7kNvwGJDiup&_nc_oc=Adkp-foaUes7khxOTxi96tu4NWbIvd_6RW5D7nQWIp7EYizygwpY0_8aQcY_GnE1kiY&_nc_zt=14&_nc_ht=scontent.ftpe8-1.fna&_nc_gid=STfpulsA2bu3enMfjAdQfw&oh=00_AfqD87c61EgQQZoRS6ceentjAuTZhI19lwSmdGEQDMYCBw&oe=696E4E22",
  "ad_is_video": false,
  "ad_video_preview_image": null,
  "ad_image": "https://scontent.ftpe8-1.fna.fbcdn.net/v/t39.35426-6/587517524_1125898812699823_6507299333565000862_n.jpg?stp=dst-jpg_s600x600_tt6&_nc_cat=105&ccb=1-7&_nc_sid=c53f8f&_nc_ohc=oMa5Kw1HFMIQ7kNvwGZD0aB&_nc_oc=Adl6FomBQtahx8VrPMZud-HANSY0lrXaEqe6ECfs8euxjZYX0RPHMkkdSc6nKWpkQZA&_nc_zt=14&_nc_ht=scontent.ftpe8-1.fna&_nc_gid=STfpulsA2bu3enMfjAdQfw&oh=00_AfoR-b0lUWNijcvb5ZVkQPPj0ON3en94w98MK3zgioJrEA&oe=696E7076",
  "ad_cta_text": "瞭解詳情",
  "ad_link_description": "專注於「動物平權」的動保團體，針對浪犬街貓進行大量教育宣導、絕育等實務工作，全台展演動物場所田野大調查，舉辦各類動保人文藝術活動，關心範疇涵蓋同伴動物、展演動物、實驗動物、野生動物等動保議題。",
  "ad_link_url": "https://reurl.cc/LazMLy",
  "ad_title": "行動與發聲 | TAEA台灣動物平權促進會 | 從教育做起，為動物發聲",
  "ad_caption": "taeanimal.org.tw",
  "ad_page_id": "180903242083235",
  "ad_cta_type": "瞭解詳情",
  "ad_extra_links": [],
  "ad_extra_texts": [],
  "ad_page_categories": [
    "非營利組織"
  ],
  "ad_page_like_count": 0,
  "ad_publisher_platform": [
    "facebook",
    "instagram"
  ],
  "ad_like_count": "0",
  "ad_share_count": "0"
}