{
  "ad_id": "1076923433000812",
  "ad_context": "🤩輔選日記🤩\n\n身為陳宛毓的輔選團隊一員，我想要大聲吶喊這個不一樣的候選人真的很讓人咬牙切齒！\n\n跟宛毓出門街頭宣講或是發傳單，她向來是大包小包，有麥克風、喇叭、旗幟、背心、傳單、易拉展，其中還有一包是各式各樣的喉糖、中藥、顧喉偏方，她每樣都試，但還是拯救不了她的喉嚨，昨天她去打針了，我們輔選群組裡的人看到挨一針特效藥之後，還唱歌娛樂大家，要大家不要擔心的宛毓，真的覺得很捨不得，也很佩服她！\n\n跟宛毓在街頭宣講，她會要求我們小聲一點，她說喇叭聲音太大會吵到馬路旁邊的住戶，常常走過來調整我們喇叭音量。（明明一台台經過的宣傳車都大聲的要命！）\n\n跟宛毓去菜市場或夜市發傳單，她會拉住我們，不讓我們衝進去，說這樣會影響攤商做生意，如果要進去只能小聲的用不打擾的方式默默遞傳單，或者等攤商準備收攤的時候再進去打招呼。（常常眼看著一個個候選人的團隊進去發不知道幾輪的傳單了，我們卻被宛毓推到旁邊跟攤商保持距離）\n\n我們的輔選團隊都是媽媽，宛毓要我們以照顧孩子為優先，確認孩子托育好了再去幫她，所以有時候民眾會看到她帶著孩子在宣講，有時她就自己一個人單槍匹馬走在街頭，挑戰這個砸錢選舉的文化。\n\n這週宛毓的聲量開始出來了，網路上討論她的人越來越多，他們發現有這樣一個堅持不製造選舉垃圾，堅持自己一句一句把理念與政見說出來的候選人。然後宛毓這週每天都宣講到默默拭淚，她說：好希望可以再有30天，她還想繼續講給更多人聽，她覺得小民的期待要讓更多選民甚至是其他候選人聽見。（從4月到現在，有聲音講到沒聲音，宛毓妳很努力了！）\n\n宛毓並不是哭給選民看，她都是默默擦掉眼淚，她堅持不打悲情牌，不做情緒勒索，絕對不要求選民搶救，她希望大家是因為認同她的政見，再把票投給她。\n\n陳宛毓真的是一個堅持很多的人，真的很讓人想揍她，但也因為知道她的堅持背後是一個個莫忘初衷的理念，所以我們都忍住。（沒有真的圍毆她）\n\n路上會遇到民眾走過來告訴我們，他非常想支持宛毓，但是他擔心手中的選票會不會沒有讓宛毓當選而浪費了？\n\n宛毓回應：她站出來參與選舉，從來都不只是為了要選上，她知道小黨要被看見很不容易，而且我們選擇不鋪張浪費的選舉方式，又更難了。但她相信只要票投出來，她的理念與政見就會被其他候選人看見，啊！這些原來是有選票的！原來民眾想要的是這樣的政策方向！他們就會開始重視！\n\n如果你也在猶豫該不該給這麼認真的候選人一個機會，請你勇敢的用你手中的選票支持陳宛毓，支持你想要的生活可以被看見！\n\n如果你已經深深地被這個堅持一步一腳印走踏三重蘆洲的候選人感動，如果你感受到陳宛毓的勇氣，那麼也邀請你勇敢投下你的選擇，陳宛毓沒有政治明星光環，她有的就是跟每一個歐巴桑一樣的韌性。（以及堅持要我們不可以擾民，關我們麥克風的任性）\n\n#三重 #蘆洲 #市議員候選人5號陳宛毓\n#一戶一票投給歐巴桑\n#歡迎輔選團隊的苦主都來留言",
  "ad_profile_name": "陳宛毓-小民參政歐巴桑聯盟",
  "ad_profile_image": "https://scontent.ftpe8-2.fna.fbcdn.net/v/t39.35426-6/316196564_813118266463512_3639659484019749174_n.jpg?stp=dst-jpg_s60x60_tt6&_nc_cat=100&ccb=1-7&_nc_sid=c53f8f&_nc_ohc=ivE4UEKk_m0Q7kNvwGd1AVj&_nc_oc=AdkEr3pWnWxE82avXylO-PlMa4XWkAEqFagMcPjSo4w4AbICxUkVzOU3sbUzKGihg1A&_nc_zt=14&_nc_ht=scontent.ftpe8-2.fna&_nc_gid=1WqSj8uv-W-BG5p6bR4zBg&oh=00_AfovbwTY4fZfMPsk-PmFRJMGwL2PCXQ82v3lezGmIzxOXA&oe=696DCC46",
  "ad_is_video": false,
  "ad_video_preview_image": null,
  "ad_image": "https://scontent.ftpe8-1.fna.fbcdn.net/v/t39.35426-6/316218963_721501465987544_2348437668835023814_n.jpg?stp=dst-jpg_s600x600_tt6&_nc_cat=109&ccb=1-7&_nc_sid=c53f8f&_nc_ohc=EXV9L2paD-IQ7kNvwEepaYq&_nc_oc=AdmZAwv9G8efz8cSton84V-x07h2opSAIpqJvJ3TOHgIJqJOjOtkQW1Y4o_h7PTtHLg&_nc_zt=14&_nc_ht=scontent.ftpe8-1.fna&_nc_gid=1WqSj8uv-W-BG5p6bR4zBg&oh=00_Afook35EaS9ra8JUX_li7nWoYGH8k5PR1EJLjOrVJJI5bA&oe=696DD2F3",
  "ad_cta_text": "",
  "ad_link_description": null,
  "ad_link_url": null,
  "ad_title": null,
  "ad_caption": null,
  "ad_page_id": "103596545678724",
  "ad_cta_type": "",
  "ad_extra_links": [],
  "ad_extra_texts": [],
  "ad_page_categories": [
    "政治候選人"
  ],
  "ad_page_like_count": 1343,
  "ad_publisher_platform": [
    "facebook",
    "instagram"
  ],
  "ad_like_count": "0",
  "ad_share_count": "0"
}