{
  "ad_id": "1078506690949905",
  "ad_context": "碩芳來告訴你什麼是 #好孕專車 🚗👶🏻想知道桃園的孕媽咪有多貼心的服務嗎？#好孕專車是專為孕產婦設計的免費接送服務，不僅讓孕媽咪們在出行時更安全、更方便，現在服務範圍還擴大到雙北、基隆、新竹地區！除此之外還有許多的優惠等著媽咪們，快點擊影片來了解吧！🎥👇🔗申請連結：https://babycare.tycg.gov.tw/#/pregnant-car-apply #桃園好孕專車 #一生好運卡 #勇敢媽咪張碩芳為您發聲 #議會新女力 #桃園市議員張碩芳",
  "ad_profile_name": "桃園市議員張碩芳",
  "ad_profile_image": "https://scontent.ftpe8-1.fna.fbcdn.net/v/t39.35426-6/463014517_1966446583855917_2365342463248360749_n.jpg?stp=dst-jpg_s60x60_tt6&_nc_cat=105&ccb=1-7&_nc_sid=c53f8f&_nc_ohc=rHIaa8phw9EQ7kNvwHL8Uw_&_nc_oc=AdkQ_8Fj_TpmkLmoRzCq2OZJL5sCzNjkBFbDtcDMFcQcXl4IQV9KMapbt7etIydCnX8&_nc_zt=14&_nc_ht=scontent.ftpe8-1.fna&_nc_gid=T8fgXzow4fJPB5ZFRCsdww&oh=00_AfpJcF8RCrFOWKums0xQbqK80DginI6K-WPh4dfaISUCwA&oe=696DF2E4",
  "ad_is_video": false,
  "ad_video_preview_image": "https://scontent.ftpe8-2.fna.fbcdn.net/v/t39.35426-6/462935197_891296616258282_799718047764276120_n.jpg?_nc_cat=101&ccb=1-7&_nc_sid=c53f8f&_nc_ohc=O94yBiPYi3gQ7kNvwH6qM9_&_nc_oc=AdkOJGYHrGW_hRdxp2wSt4DXYu3sooIVeoDh0pTIxnoE9xGuLvV7SKlEXkvemeSSwkk&_nc_zt=14&_nc_ht=scontent.ftpe8-2.fna&_nc_gid=T8fgXzow4fJPB5ZFRCsdww&oh=00_Afp_9tlwBTcyez9pI-1p-SnG7k3Wk1s0QUBBjwm3lW2uag&oe=696DF7FD",
  "ad_image": null,
  "ad_cta_text": "發送訊息",
  "ad_link_description": null,
  "ad_link_url": "https://babycare.tycg.gov.tw/#/pregnant-car-apply",
  "ad_title": null,
  "ad_caption": "fb.com",
  "ad_page_id": "102776118505817",
  "ad_cta_type": "發送訊息",
  "ad_extra_links": [],
  "ad_extra_texts": [],
  "ad_page_categories": [
    "政治候選人"
  ],
  "ad_page_like_count": 0,
  "ad_publisher_platform": [
    "facebook"
  ],
  "ad_like_count": "0",
  "ad_share_count": "0"
}