{
  "ad_id": "1081247757199212",
  "ad_context": "",
  "ad_profile_name": "赤粒藝術 Red Gold Fine Art",
  "ad_profile_image": "https://scontent.ftpe8-1.fna.fbcdn.net/v/t39.35426-6/509676892_522377887532075_3886341574587108493_n.jpg?stp=dst-jpg_s60x60_tt6&_nc_cat=105&ccb=1-7&_nc_sid=c53f8f&_nc_ohc=DbR0qYyeoqwQ7kNvwEJqylE&_nc_oc=Adk0sxZxmwCFHs-akv2bp7xAbr1vDKpZrfYLIg2ZRRlY17gzizpBJjVgN4OdRMKcD3k&_nc_zt=14&_nc_ht=scontent.ftpe8-1.fna&_nc_gid=36rnHCVpyYQBgBMrB7R_Zw&oh=00_AfoDU_t6Kh-j1V-iEJKi-tLPnOw2oEfdJjfEGtrrLtlAiw&oe=696E4437",
  "ad_is_video": false,
  "ad_video_preview_image": null,
  "ad_image": "https://scontent.ftpe8-1.fna.fbcdn.net/v/t39.35426-6/508527755_598896266581854_4099479935127107843_n.jpg?stp=dst-jpg_s600x600_tt6&_nc_cat=109&ccb=1-7&_nc_sid=c53f8f&_nc_ohc=xJdOmd2UihIQ7kNvwFHg4Dz&_nc_oc=AdkAUYZUyPW3xtcNNNJCktGqnXgYG4D_vg1WvOKufmUTwbtapGs5MiGVenT39z_l7_Q&_nc_zt=14&_nc_ht=scontent.ftpe8-1.fna&_nc_gid=36rnHCVpyYQBgBMrB7R_Zw&oh=00_Afpc24RCUgyQQoIQp9DM60XFGnLr0_CTxMl4eUOUDjNptA&oe=696E4848",
  "ad_cta_text": "",
  "ad_link_description": null,
  "ad_link_url": null,
  "ad_title": null,
  "ad_caption": null,
  "ad_page_id": "190787767622057",
  "ad_cta_type": "",
  "ad_extra_links": [],
  "ad_extra_texts": [],
  "ad_page_categories": [
    "藝廊"
  ],
  "ad_page_like_count": 7250,
  "ad_publisher_platform": [
    "facebook",
    "instagram",
    "audience_network"
  ],
  "ad_like_count": "0",
  "ad_share_count": "0"
}