{
  "ad_id": "1082859305645786",
  "ad_context": "大選即將到來，你知道哪些候選人有提出動物政見嗎？\n\n動物政見，不僅彰顯各縣市面臨的動物議題及需求，更是友善動物、注重動物福利與否的指標之一！為打動選民的心，候選人高呼動物政見，然而，這是否為直指問題核心的解方？又或只是畫餅美化？\n\n請看窩窩全新專題【全台縣市首長候選人動物政見大公開】：\nhttps://wuo-wuo.com/election2022",
  "ad_profile_name": "窩窩 wuowuo",
  "ad_profile_image": "https://scontent.ftpe8-1.fna.fbcdn.net/v/t39.35426-6/313965606_862116168127399_7302356532039203946_n.jpg?stp=dst-jpg_s60x60_tt6&_nc_cat=108&ccb=1-7&_nc_sid=c53f8f&_nc_ohc=HIV3J0YIf40Q7kNvwESaEsp&_nc_oc=AdkususAMI73FSAIuWgs7aE2oXtbJrU-m2Qs8d_HocdEeHW7GrEiNVnz-LTmWBlp30k&_nc_zt=14&_nc_ht=scontent.ftpe8-1.fna&_nc_gid=biKjqHsNTk_1_G_h_BlTVA&oh=00_AfpuRYwN0gzwYjInMWegqskWoJUEopMSW1-cYenYMxQCLQ&oe=696E7C07",
  "ad_is_video": false,
  "ad_video_preview_image": null,
  "ad_image": "https://scontent.ftpe8-2.fna.fbcdn.net/v/t39.35426-6/313439312_492938592898326_1536786918333570592_n.jpg?stp=dst-jpg_s600x600_tt6&_nc_cat=103&ccb=1-7&_nc_sid=c53f8f&_nc_ohc=KSPM2jkPPNoQ7kNvwHoyYRI&_nc_oc=AdlsAHLQQJFE3r3dXLYLe_2DS3i-nQj46ab8t5tuvnCTs5Nq6aiuTMqa9mrgi-aIRdg&_nc_zt=14&_nc_ht=scontent.ftpe8-2.fna&_nc_gid=biKjqHsNTk_1_G_h_BlTVA&oh=00_AfrMAQ1x0LQ8sbOgbr-voFzpCBjCT2X8RzA4IaBOoikdsA&oe=696E5EEF",
  "ad_cta_text": "觀看更多",
  "ad_link_description": null,
  "ad_link_url": "https://wuo-wuo.com/election2022",
  "ad_title": null,
  "ad_caption": null,
  "ad_page_id": "451593611569576",
  "ad_cta_type": "觀看更多",
  "ad_extra_links": [],
  "ad_extra_texts": [],
  "ad_page_categories": [
    "媒體／新聞機構"
  ],
  "ad_page_like_count": 0,
  "ad_publisher_platform": [
    "facebook",
    "instagram"
  ],
  "ad_like_count": "0",
  "ad_share_count": "0"
}