{
  "ad_id": "1082222472489847",
  "ad_context": "#宜市宜居宜安心\n#安心五加一 \n#樂齡智慧城 願景擘畫影片發表\n\n記者會後，一位朋友問這部影片拍了多久？我想了想：「為了宜蘭市神農、東門夜市與新民 #三大商圈 與百工百業，我走訪中衛發展中心。」\n\n「為傳統市場、製茶業、畜牧業等 #地方產業創生創新，我拜訪台灣地方創生基金會董事長陳美伶女士。」\n\n「為取經基隆近年來的 #城市治理 經驗，我參加基隆市政府的城市博覽會，並拜會基隆市長林右昌先生。」\n \n「為建構《#長青食堂 2.0》政策，我拜訪前悠遊卡股份有限公司董事長林向愷先生，並邀請郭泓志運動發展協會與多家新創團隊加入，期待能在宜蘭市各里全面展開，讓長輩能安心吃，讓年輕人安心顧。」\n \n「為因應 #高鐵的到來，我就連接舊城、商圈、東區與高鐵特定區相關議題，請益前交通部政務次長黃玉霖先生。而東門夜市在鐵路高架後的新址尋覓，以及後續新址與地方交通網的相互連接，更是多方請益發想。」\n\n「而藉由《#大廟興學在宜蘭》政策，以宮廟興學、宮廟領鄉的傳統文化為本，以線上參加、線下參與的智能科技為用，賦予既有信仰新視野，形塑傳統宮廟新角色，不僅讓宮廟成為跨越老中青少四個世代的連結，更讓長者的生活中有孩子陪伴，而孩子的世界裡也有長者溫暖。」\n\n「安心五加一、樂齡智慧城、生活宜市感，從來不是說說而已，真正的宜市、宜居、宜安心，你不但得有所思、有所想、有所動，更必須是時時刻刻的融入你的DNA裏，分分秒秒的落實在你的扎實行動中。」\n\n我是 #賴瑞鼎\n您的 #宜蘭市長候選人 #3號\n\n「從發想到拍攝，花了一年；從拍攝到落實，我想請您與我一起有所思、有所想、有所動、有所做、有所實現中。」",
  "ad_profile_name": "賴老師",
  "ad_profile_image": "https://scontent.ftpe8-1.fna.fbcdn.net/v/t39.35426-6/316672001_3448373655377380_891144860696039400_n.jpg?stp=dst-jpg_s60x60_tt6&_nc_cat=109&ccb=1-7&_nc_sid=c53f8f&_nc_ohc=vlz5Q09CfSIQ7kNvwE09VCT&_nc_oc=Adly53pozHKyUHIyhEOQtFCHrCtxmjdpey0IaXsUeAR_HuAjZcVu_S4E7jX7W_yZBGs&_nc_zt=14&_nc_ht=scontent.ftpe8-1.fna&_nc_gid=OINQbikU862hpcAt0e4mYg&oh=00_AfqfL1llgDWr1z3tEtWLJxnPkU7GBMaFQ79lVnXaycM03g&oe=696DE4D3",
  "ad_is_video": false,
  "ad_video_preview_image": "https://scontent.ftpe8-4.fna.fbcdn.net/v/t39.35426-6/316528095_1189416924994960_1774304810521774664_n.jpg?_nc_cat=110&ccb=1-7&_nc_sid=c53f8f&_nc_ohc=2ZpnOkiu9tIQ7kNvwEWz5vv&_nc_oc=AdnxcPHq-aLdVg6ag-73nmUQigVvt6KMdf1mIKphJK2gHIaO-TAbkqIVxh9eNWGZIrA&_nc_zt=14&_nc_ht=scontent.ftpe8-4.fna&_nc_gid=OINQbikU862hpcAt0e4mYg&oh=00_Afof58OieufipWqQKLcw5PaEFWXQXSe5nbqANtDZcjOTWw&oe=696DD6E8",
  "ad_image": null,
  "ad_cta_text": "發送訊息",
  "ad_link_description": null,
  "ad_link_url": null,
  "ad_title": null,
  "ad_caption": "fb.com",
  "ad_page_id": "297481436934461",
  "ad_cta_type": "發送訊息",
  "ad_extra_links": [],
  "ad_extra_texts": [],
  "ad_page_categories": [
    "公眾人物"
  ],
  "ad_page_like_count": 4184,
  "ad_publisher_platform": [
    "facebook",
    "instagram"
  ],
  "ad_like_count": "0",
  "ad_share_count": "0"
}