{
  "ad_id": "1082244414020246",
  "ad_context": "📢 展覽預告 UPCOMING －本週日 8/24 舉行開幕酒會，藝術家親臨會場\n\n「#若即⋯⋯：#管偉邦 #一林之境」，將於2025年8月24日至10月5日在亞洲藝術中心（台北）舉行，這是自2017年後，香港藝術家管偉邦 (Koon Wai Bong) 在亞洲藝術中心舉辦的第四次個展。\n\n2023 年初，管偉邦孤身一人來到台灣──離開一個熟悉的地方，來到一個對他而言既不陌生，卻又難以言說熟悉之所在。對他而言，要視這裡為第二個家，那種感覺，既是真實，又是虛幻，彷彿把他的生活懸浮在兩個現實之間，讓他不期然的徘徊於過去與當下之間：對於過去，彷彿有什麼正在一筆一劃的從記憶中抹去；面對當下，又像是在夢境中回望，一切毫不踏實……。\n\n-\n\n▍若即⋯⋯：管偉邦一林之境\n\n展期：2025.08.24 – 2025.10.05\n開幕：2025.08.24（日）下午 4 點 \n地點：亞洲藝術中心（台北）\n\n更多資訊詳閱：https://asiaartcenter.org/exhibitions/225/overview/\n\n---\n\nMeet the artist at the opening recenption this Sunday, Aug 24 \n\n“#Rêverie: Koon Wai Bong Beneath a Solitary Canopy,” will be taking place at #AsiaArtCenter from August 24 to October 5, 2025, marking the fourth solo exhibition of Hong Kong artist #KoonWaiBong with Asia Art Center since 2017.\n\nAt the dawn of 2023, Koon journeyed alone to Taiwan form Hong Kong, leaving behind a land etched in memory and arriving in a place both unfamiliar and strangely known. To call it his second home felt like holding onto a rêverie, vivid yet elusive, real yet fleeting. To him, life began to unfold between two realms, and he drifted quietly between past and present. The past, once so immediate, now fades, as if each memory were gently being erased, stroke by stroke. And the present, this daily life he is learning to inhabit, feels like a rêverie recalled in passing, yet resisting solidity.\n\n-\n\n▍Rêverie: Koon Wai Bong Beneath​ A Solitary Canopy\n\nDATES: August 24 – October 05, 2025\nRECEPTION: August 24, 2025 (Sun) 4:00 p.m.\nVENUE: Asia Art Center (Taipei)\n\nFor more info: https://asiaartcenter.org/en/exhibitions/225/overview/",
  "ad_profile_name": "亞洲藝術中心 | ASIA ART CENTER",
  "ad_profile_image": "https://scontent.ftpe8-3.fna.fbcdn.net/v/t39.35426-6/537119573_1846317766229887_2141195005825810583_n.jpg?stp=dst-jpg_s60x60_tt6&_nc_cat=107&ccb=1-7&_nc_sid=c53f8f&_nc_ohc=0Lb1Q6DqyxcQ7kNvwFSjE5v&_nc_oc=AdnsAL1-cpbllnGhZDjUR9z6e7xCO5qC0eGcyN3RDIvhpyudDR3VjWq2WCWTlm3KYhM&_nc_zt=14&_nc_ht=scontent.ftpe8-3.fna&_nc_gid=p2lnE88Hf1Z00GBft5pjXQ&oh=00_AfoeVt4SX0VXF64IRCx2A1EsqBCIu9doL3yUYAPYiBxHjg&oe=696E4E47",
  "ad_is_video": false,
  "ad_video_preview_image": null,
  "ad_image": "https://scontent.ftpe8-4.fna.fbcdn.net/v/t39.35426-6/537422741_4008503049412026_5482002087925480749_n.jpg?stp=dst-jpg_s600x600_tt6&_nc_cat=104&ccb=1-7&_nc_sid=c53f8f&_nc_ohc=sJkV8zvcvfMQ7kNvwE8cXw8&_nc_oc=AdmfNuY5X0h6A1S5J5f_6M0BjLf0BjsSH5QFKQ5QEdO85GujLWu0ZXDWuXZGzDokGMo&_nc_zt=14&_nc_ht=scontent.ftpe8-4.fna&_nc_gid=p2lnE88Hf1Z00GBft5pjXQ&oh=00_AfqEPU87tzm1dYIS33jCBp_wX8nXh9jnejSaj0L0rxvTHw&oe=696E4112",
  "ad_cta_text": "發送訊息",
  "ad_link_description": null,
  "ad_link_url": "https://asiaartcenter.org/exhibitions/225/overview/",
  "ad_title": null,
  "ad_caption": null,
  "ad_page_id": "106928189377884",
  "ad_cta_type": "發送訊息",
  "ad_extra_links": [],
  "ad_extra_texts": [],
  "ad_page_categories": [
    "藝廊"
  ],
  "ad_page_like_count": 0,
  "ad_publisher_platform": [
    "facebook",
    "instagram",
    "audience_network",
    "messenger"
  ],
  "ad_like_count": "0",
  "ad_share_count": "0"
}