{
  "ad_id": "1084583573760961",
  "ad_context": "「你騎，我也騎！」 別在岸上觀望，真正的強者就在起跑線集合\n🚀即刻騎行▸ctrun.tw/MLBK0315\n⚡️破風，怎麼能少了那個最懂你的戰友？ 賽道上的風阻再大，只要有人並肩，就能衝得更遠、更快！\n \n-\n🔥#團長召集令： 榮耀之路需要你來領軍！\n 別讓你的隊員等太久，現在就開團，把你的最強陣容帶回賽場！\n\n🔥#戰友推坑： 這條路，你想跟誰一起征服？ \n立刻 Tag 你的車友，「敢不敢一起報名，創造我們的傳奇？」\n\n#你騎我也騎 #單車傳奇 #車友召集令\n📍20260315｜苗栗縣立體育場｜53K 103K\n📍即刻參戰>> ctrun.tw/MLBK0315",
  "ad_profile_name": "全統運動報名網",
  "ad_profile_image": "https://scontent-tpe1-1.xx.fbcdn.net/v/t39.30808-1/524051729_1068566772064156_5899201319436634819_n.jpg?stp=dst-jpg_s200x200_tt6&_nc_cat=1&ccb=1-7&_nc_sid=2d3e12&_nc_ohc=4DD-cYeLydwQ7kNvwHMIJjW&_nc_oc=AdlGJvssjwc9osdu15NZTBAC5d4O9KoXjG053GOzNS871WoVUzzaCMw-vf4p9-8qc1s&_nc_zt=24&_nc_ht=scontent-tpe1-1.xx&_nc_gid=3iPQmJBmeJiSB8rLMRpkdA&oh=00_Afoy-peAWLAUtXnhcL2sRM__1UbyDj6g8nytZ_nIUhE7eQ&oe=696BD199",
  "ad_is_video": false,
  "ad_video_preview_image": null,
  "ad_image": "https://scontent-tpe1-1.xx.fbcdn.net/v/t39.35426-6/599618389_2844019039263156_7317911278376283271_n.jpg?stp=dst-jpg_s600x600_tt6&_nc_cat=109&ccb=1-7&_nc_sid=c53f8f&_nc_ohc=Peh_vzLmyRsQ7kNvwESzi_R&_nc_oc=AdnI9tRS4kxBO8ltTioOeYgE5Cls_4ryIV5HnLX_aL-vT5FOaLjDHC3Hj5GcXktJSxk&_nc_zt=14&_nc_ht=scontent-tpe1-1.xx&_nc_gid=6qeJk5xaymu6qt0OlYC6aA&oh=00_Afqk-Mzq1DKCowDQSHypkaQmRsWcM_NRogDsyhTturyPNw&oe=696BB55A",
  "ad_cta_text": "🚀即刻騎行▸ctrun.tw/MLBK0315",
  "ad_link_description": null,
  "ad_link_url": "http://🚀即刻騎行▸ctrun.tw/MLBK0315",
  "ad_title": null,
  "ad_caption": null,
  "ad_page_id": "220168461484157",
  "ad_cta_type": null,
  "ad_extra_links": [],
  "ad_extra_texts": [],
  "ad_page_categories": [
    "活動企劃"
  ],
  "ad_page_like_count": 185000,
  "ad_publisher_platform": [
    "facebook",
    "instagram",
    "threads"
  ],
  "ad_like_count": "0",
  "ad_share_count": "0"
}