{
  "ad_id": "1085667842010011",
  "ad_context": "【「紀」得 戴口罩、「建」議 勤洗手、「漢」人 保距離】\n\n疫情來勢洶洶，連4天破千，增加了紛亂，指揮中心與市府持續針對疫情應對措施進行調整。確診、輕症狀、無症狀、足跡重疊，接獲通知者，隨時注意治療政策並進行配合。\n疫情容易造成恐慌，相信#阿中部長更憂心，但每個政策的發佈遠來不及狀況發生的快速，調整、修正，也許造成很多不便，（我深深感受😂），但⋯防疫還是需要全民一起來，一起為彼此打氣，一起為台灣加油！\n口罩繼續戴好戴滿😷\n減少在外用餐喔！（外帶回家用卡安全👍）\n\n#紀政的姪子\n#士林北投議員參選人\n#後港里里長紀建漢 \n#電話民調唯一支持\n#新人唯一在地囝仔\n\n歡迎加入紀建漢Line好友\nhttps://lin.ee/JYO5lEH\n\n歡迎加入紀建漢臉書好友\nhttps://www.facebook.com/紀建漢-109788627851775/",
  "ad_profile_name": "紀建漢",
  "ad_profile_image": "https://scontent.ftpe8-2.fna.fbcdn.net/v/t39.35426-6/278564235_1092011858011518_3930663817436256062_n.jpg?stp=dst-jpg_s60x60_tt6&_nc_cat=100&ccb=1-7&_nc_sid=c53f8f&_nc_ohc=m5pHsJj4a-sQ7kNvwE_WHqq&_nc_oc=Adm4qVZ1aFePcuuXqwuG9iIAAE8kqNCUaPT0VqujLOTzn3aRyLPmAyhNsWovnHcdL6k&_nc_zt=14&_nc_ht=scontent.ftpe8-2.fna&_nc_gid=j6LxPhdh5O50shkrjrbRVQ&oh=00_Afq7orkyofCToe1lo42QehPYHqD1IXA9CqiWj_TEo2L3Bg&oe=696DE196",
  "ad_is_video": false,
  "ad_video_preview_image": "https://scontent.ftpe8-3.fna.fbcdn.net/v/t39.35426-6/278771318_3552837281506615_6848943761464319204_n.jpg?_nc_cat=106&ccb=1-7&_nc_sid=c53f8f&_nc_ohc=quzze4B8d-4Q7kNvwHUubBL&_nc_oc=AdmyPmAHTLiliwZLsvcsGLOvdfCwlttqigKxoMw00bp4ifaJ4_O5tmftUtsTvZMqJ5I&_nc_zt=14&_nc_ht=scontent.ftpe8-3.fna&_nc_gid=j6LxPhdh5O50shkrjrbRVQ&oh=00_AfrGv6MmVbTmAuW43HereDd2GOF0nPx_OZaGm8rvYDUsXA&oe=696DCB6F",
  "ad_image": null,
  "ad_cta_text": "",
  "ad_link_description": null,
  "ad_link_url": "https://lin.ee/JYO5lEH",
  "ad_title": null,
  "ad_caption": null,
  "ad_page_id": "109788627851775",
  "ad_cta_type": "",
  "ad_extra_links": [],
  "ad_extra_texts": [],
  "ad_page_categories": [
    "政治人物"
  ],
  "ad_page_like_count": 1270,
  "ad_publisher_platform": [
    "facebook"
  ],
  "ad_like_count": "0",
  "ad_share_count": "0"
}