{
  "ad_id": "1086678076714931",
  "ad_context": "記憶裡的每一個模樣 \n恰如其分地存在著\n記得小時候玩的大富翁遊戲裡 \n有機會和命運兩個選項\n喜歡機會更勝於命運 \n但有些事無從選擇 似註定好的　\n所有的安排就是最好的安排 \n以前 總認為只要夠努力　\n按著自己的計劃走 \n就可以達到目標或是改變一些事\n所有的疑問　\n只要努力找尋　一定會有答案　\n歷經許多事後　才漸漸明白\n時光不斷流逝　沒有恆久不變的狀態\n生活中許多預料之外　時常將我們擊垮\n能做的　就是認真盡力做好每一件事　善待遇見的每一個人\n在命運的長河中　\n讓自己多點幸福和快樂的機會\n\n在只有更難　沒有最難的人生中　\n去愛　去感受　去碰撞\n哪怕會受傷　會痛苦　都不要絕望\n覺得自己失去所有　痛苦到想放棄的時候　更要堅持下去\n因為所有的美好都值得付出努力 耐心等待\n每一段歷程都是珍貴的體會　\n都能使自己成長一些　學會一些　\n關於人生的課題　\n沒有確切答案　\n更沒有人告訴你該怎麼解\n\n走在名為人生這條路 \n路上 時而晴朗 時而雷雨 　\n不一定會照著你的安排走 有時只能邊走邊學\n迷路了　也不要害怕\n累了就休息一下 休息夠了 \n再繼續走下去\n\n也許有一天　\n你可能會成為一個勇敢或是堅強的人　\n或是成為你所期望的自己 \n也可能不會　\n但不也這樣走過來了\n跟著時間一直向前走就是了。\n致\n烈日下揮灑青春的我們\n月光下牽著手散步的我們\n從孩子成為大人的我們\n\nIf you get lost,\ndon’t be afraid.\nIf you’re tired,\nrest a while.\nWhen you’ve rested enough,\nkeep walking.\n\nMaybe one day\nyou’ll become brave,\nor strong,\nor the person you always hoped to be.\nOr maybe not.\n\nBut still —\nyou made it this far.\n\nJust keep walking with time.",
  "ad_profile_name": "qiaoyu.chen",
  "ad_profile_image": "https://scontent.cdninstagram.com/v/t51.82787-19/610783477_18548051203052077_5345432429113443840_n.jpg?stp=dst-jpg_s206x206_tt6&_nc_cat=105&ccb=7-5&_nc_sid=525117&efg=eyJ2ZW5jb2RlX3RhZyI6InByb2ZpbGVfcGljLnd3dy43MjAuQzMifQ%3D%3D&_nc_ohc=S7Mb-IiXJqcQ7kNvwGJcBJN&_nc_oc=AdnuR_TBE7USnzdwFgxSlgsxyTnle-5X5BQYgPvtVS-v0ltk9JDWN5PN8U747wZy63c&_nc_zt=24&_nc_ht=scontent.cdninstagram.com&_nc_gid=lFIZi6Y6xkUArBRmyQNmPw&oh=00_AfrbFG6pXhmzjy8oMxPSZEVSoii-LfhXQFJjrd_G2R9MKA&oe=696DE430",
  "ad_is_video": false,
  "ad_video_preview_image": null,
  "ad_image": "https://scontent.ftpe8-2.fna.fbcdn.net/v/t39.35426-6/501305054_699814039464478_4506175473042015070_n.jpg?stp=dst-jpg_s600x600_tt6&_nc_cat=103&ccb=1-7&_nc_sid=c53f8f&_nc_ohc=YUhhT1eLZv4Q7kNvwGHBZsC&_nc_oc=Adnz-lBG9M2--tjvBYbLIHVujrgTwH8M1IcFAZ-E3YAygf9_0FTQ50Fa3155IbohuL4&_nc_zt=14&_nc_ht=scontent.ftpe8-2.fna&_nc_gid=lFIZi6Y6xkUArBRmyQNmPw&oh=00_AfqkpxlND2lEYyV6ThmLZbGB5zRJnm49T3Wx9JGTye5RHQ&oe=696DE94A",
  "ad_cta_text": "瀏覽 Instagram 個人檔案",
  "ad_link_description": null,
  "ad_link_url": "https://l.facebook.com/l.php?u=http%3A%2F%2Finstagram.com%2Fqiaoyu.chen%3Ffbclid%3DIwZXh0bgNhZW0CMTAAYnJpZBExcjBkMnVFZ0F2RGFYN3NnVnNydGMGYXBwX2lkDzU0MTYzOTQ5Mzg4OTAyNQABHtn7jANogEFLow0UU9PiuBs2p-NPAfG5T64YzhLPKuBenUQX6yKnte3TDD3i_aem_ukjQ7wN8nfRxmqp5kEQXBA&h=AT1KBJcG-ghHgFXBFyQOJaAK3n2LxWGCY7SOs3NodQdS7RHoChHjFF21dNMIfYMc2cDeZUi6KjV0KmncIoH-JAf9psaURTzJdBl4uISQYR_ZN7cgVdYkLud0_5WR1eoJnBds7Ro9UJMs5EjvMeCbOA",
  "ad_title": "instagram.com",
  "ad_caption": "instagram.com",
  "ad_page_id": "707964152389263",
  "ad_cta_type": "瀏覽 Instagram 個人檔案",
  "ad_extra_links": [],
  "ad_extra_texts": [],
  "ad_page_categories": [],
  "ad_page_like_count": 0,
  "ad_publisher_platform": [
    "instagram"
  ],
  "ad_like_count": "0",
  "ad_share_count": "0"
}