{
  "ad_id": "1089874736296955",
  "ad_context": "🗓️ 立法院 5/9 三讀通過《紀念日及節日實施條例》，宣布國定假日新增 ❶勞動節、❷教師節、❸光復節、❹行憲紀念日、❺小年夜。\n​\n且新制最快在今年教師節將可能執行，若行政院人事總處宣布「補假」成立，今年的光輝十月更將一次變成 3 組連假呢！\n​\n👉 馬上分享 LINE TODAY 圖解秒懂新制：https://lin.ee/3g6qNo8/ad\n​\n💡 加入 LINE TODAY 官方帳號，知識圖解即時掌握：https://lin.ee/OKm1kXh",
  "ad_profile_name": "LINE TODAY Taiwan",
  "ad_profile_image": "https://scontent-tpe1-1.xx.fbcdn.net/v/t39.35426-6/496766812_572309688791975_7286369172189847587_n.jpg?stp=dst-jpg_s60x60_tt6&_nc_cat=105&ccb=1-7&_nc_sid=c53f8f&_nc_ohc=Mo2CZYrG9SEQ7kNvwH1Q7J5&_nc_oc=AdkI03RywWQh2Kgomft5isNp0PPlE_O8yjxGW-VWKdX0g4foQDHku_jravj5gyfzegE&_nc_zt=14&_nc_ht=scontent-tpe1-1.xx&_nc_gid=l67j_eBk0Gjh_w-Dg0AgZA&oh=00_AfpxuKNEmDYXR5tQZN4GhfmQXkBrXhqj-LMJPtGsHrddig&oe=696D4C38",
  "ad_is_video": false,
  "ad_video_preview_image": null,
  "ad_image": "https://scontent-tpe1-1.xx.fbcdn.net/v/t39.35426-6/497494219_643780765324220_2915583408327947997_n.jpg?stp=dst-jpg_s600x600_tt6&_nc_cat=108&ccb=1-7&_nc_sid=c53f8f&_nc_ohc=H4zGMqUJcwEQ7kNvwHiQQot&_nc_oc=AdkqyoYZkhe7FyDE9Vqt3yPYcPM8XOltYq4JN0Dr8_t7tnAjwpJYhSy0_Oe-INpP1hw&_nc_zt=14&_nc_ht=scontent-tpe1-1.xx&_nc_gid=l67j_eBk0Gjh_w-Dg0AgZA&oh=00_AfoQV-4xmmpJIT7IRgmlzUgqPookS68xJnWtQZPPlRlhAw&oe=696D5F3A",
  "ad_cta_text": "",
  "ad_link_description": null,
  "ad_link_url": "https://lin.ee/3g6qNo8/ad",
  "ad_title": null,
  "ad_caption": null,
  "ad_page_id": "347432368933987",
  "ad_cta_type": "",
  "ad_extra_links": [],
  "ad_extra_texts": [],
  "ad_page_categories": [
    "媒體／新聞機構"
  ],
  "ad_page_like_count": 0,
  "ad_publisher_platform": [
    "facebook",
    "instagram"
  ],
  "ad_like_count": "0",
  "ad_share_count": "0"
}