{
  "ad_id": "1090758726464246",
  "ad_context": "來來（徠徠水餃）我還是妥協去排隊，果然好好呷!\n\n #南機場\n#來來水餃\n #台北市議員參選人\n#中正#萬華\n#張銘祐",
  "ad_profile_name": "張銘祐",
  "ad_profile_image": "https://scontent.ftpe8-4.fna.fbcdn.net/v/t39.35426-6/569044670_1367974281595753_5329536081702623313_n.jpg?stp=dst-jpg_s60x60_tt6&_nc_cat=104&ccb=1-7&_nc_sid=c53f8f&_nc_ohc=3hfTR3hhacQQ7kNvwEFHniL&_nc_oc=AdnioqaeaEDIrpadh8bU8YVcgyJSX4F528rmCccAkYzpxZE6TO5dsoPDQT79FQqJr7Y&_nc_zt=14&_nc_ht=scontent.ftpe8-4.fna&_nc_gid=HJSjVdwP0Kz-E33M5DOBdw&oh=00_AfpwmZxNJ7gmddQF3QFEoxWzSTfCvWed5dHFAAIUa6oMWg&oe=696E5AFE",
  "ad_is_video": false,
  "ad_video_preview_image": "https://scontent.ftpe8-4.fna.fbcdn.net/v/t39.35426-6/568679968_1523933519034598_4656822475725465434_n.jpg?_nc_cat=104&ccb=1-7&_nc_sid=c53f8f&_nc_ohc=e7XoD67SiSYQ7kNvwH83Ylc&_nc_oc=Adnuj_7XQoa3Wa71O5Qg-Di9c2Vo3ZLCMFOGFUqsIfghf-wYihiU2LSPMH9bi5AfvcQ&_nc_zt=14&_nc_ht=scontent.ftpe8-4.fna&_nc_gid=HJSjVdwP0Kz-E33M5DOBdw&oh=00_AfovD2o4dOYHC3ahxGG2sThnWxXA_zMPr2ZKwueQqXs9mg&oe=696E4F79",
  "ad_image": null,
  "ad_cta_text": "",
  "ad_link_description": null,
  "ad_link_url": null,
  "ad_title": "吃水餃要排隊喔！",
  "ad_caption": null,
  "ad_page_id": "420094631189546",
  "ad_cta_type": "",
  "ad_extra_links": [],
  "ad_extra_texts": [],
  "ad_page_categories": [],
  "ad_page_like_count": 0,
  "ad_publisher_platform": [
    "facebook",
    "instagram"
  ],
  "ad_like_count": "0",
  "ad_share_count": "0"
}