{
  "ad_id": "1091821391774518",
  "ad_context": "📞初選民調時間\n4/17～4/21的晚上18:30~22:30\n懇請大家幫忙！有空在家顧電話！\n\n📞接到民調來電\n「唯一支持黃露慧」感謝再感謝！\n\n#立委初選 \n#黃露慧",
  "ad_profile_name": "黃露慧 Lulu",
  "ad_profile_image": "https://scontent.ftpe8-1.fna.fbcdn.net/v/t39.35426-6/340858779_901908501090462_3735417313616237333_n.jpg?stp=dst-jpg_s60x60_tt6&_nc_cat=108&ccb=1-7&_nc_sid=c53f8f&_nc_ohc=0eaqE5FNXN8Q7kNvwE-yVAP&_nc_oc=AdlChZWoWFpLB8FMXWuGjmTd3FARmYohkdZHllfDgVlL1idfbT-pctZtHwUTuVZzMHE&_nc_zt=14&_nc_ht=scontent.ftpe8-1.fna&_nc_gid=pc4Xq-9poyQVvB0Mr8pmrA&oh=00_AfrIbm7hyZvt-KsfiTek7UaguQ2RbHrrgy5kL_xitG1_uA&oe=696E4A84",
  "ad_is_video": false,
  "ad_video_preview_image": null,
  "ad_image": "https://scontent.ftpe8-4.fna.fbcdn.net/v/t39.35426-6/340615391_951298925898106_3323331205205284105_n.jpg?stp=dst-jpg_s600x600_tt6&_nc_cat=102&ccb=1-7&_nc_sid=c53f8f&_nc_ohc=5rHC2rzPGXAQ7kNvwHzM8Iu&_nc_oc=AdmW23Ho6CC5nvLN_IKA2MUEbrHlKUO86_TDDT3Jb_c13jU-CMGpQJCzFbBpY3XGWMI&_nc_zt=14&_nc_ht=scontent.ftpe8-4.fna&_nc_gid=pc4Xq-9poyQVvB0Mr8pmrA&oh=00_Afoh0RrTPOxGJ6rG25GCxX0BDIvIG-Os_2hVjBWXpYOtyA&oe=696E7264",
  "ad_cta_text": "瞭解詳情",
  "ad_link_description": "為大眾服務及傾聽弱勢族群的心聲，一直是露慧堅持的信念；兒童福利及青少年活動也是露慧關懷的方向。讓我們一起努力讓嘉義變得更好更進步！",
  "ad_link_url": "https://l.facebook.com/l.php?u=https%3A%2F%2Fwww.youtube.com%2Fchannel%2FUCiri1aGEsu7Q9-7tVWpCs_g%3Ffbclid%3DIwZXh0bgNhZW0CMTAAYnJpZBExOFBnZndlbkFwVVZFVnBIQnNydGMGYXBwX2lkDzU0MTYzOTQ5Mzg4OTAyNQABHquzFkLpRbrGt0gLd4HkcD5YtZXWAHxST0d2x_c-jOp_oe2FhsQKzxF-F1Ci_aem_qV7zuIYCD-cQFTxJ80L3xQ&h=AT2UaNeNhvrXzb65v14O9Q8ro5sOhhQODDmbDTZBASWjQOC6osUFx7WNMgRLTSfR-SS2UuLhJdo_yCVBsa3bfIBwaUZaYizThnzLP7hizba4-M9RUPUw2SMG0lmoXXK9Om7U4DYNawEaeKkbYW3vcw",
  "ad_title": "黃露慧 LuLu - YouTube",
  "ad_caption": "youtube.com",
  "ad_page_id": "202921733128123",
  "ad_cta_type": "瞭解詳情",
  "ad_extra_links": [],
  "ad_extra_texts": [],
  "ad_page_categories": [
    "政治人物"
  ],
  "ad_page_like_count": 0,
  "ad_publisher_platform": [
    "facebook",
    "instagram"
  ],
  "ad_like_count": "0",
  "ad_share_count": "0"
}