{
  "ad_id": "1093161178162177",
  "ad_context": "#大村是我的家，#美珍要當媽媽鄉長\n像媽媽一樣顧家，把全家人守護好\n食、衣、住、行、育、樂..媽媽一手包辦\n用心端出好菜，#鄉政藍圖好願景\n#媽媽就是做得多說的少，\n全力以赴為你拚好日子 \n媽媽就是包容所有人的意見，\n#決策大家都可以接受的方案\n媽媽的心  #就是照顧好每個人，#讓大村更好，2號你好，大家好。\n#大村鄉鄉長候選人\n#挺做事的②號許美珍",
  "ad_profile_name": "許美珍",
  "ad_profile_image": "https://scontent.ftpe8-4.fna.fbcdn.net/v/t39.35426-6/316158996_530357768941840_9162137968241465848_n.jpg?stp=dst-jpg_s60x60_tt6&_nc_cat=102&ccb=1-7&_nc_sid=c53f8f&_nc_ohc=9Ss4aw6Izs0Q7kNvwEv_qFi&_nc_oc=AdlNrTyO--Kjg9Oe-inZTTkU0paeXOgtqsnopC1EiYtXg5nmAvKN76M6CTXlqoauuDs&_nc_zt=14&_nc_ht=scontent.ftpe8-4.fna&_nc_gid=C1PmWPL0VkncI2R3Ckq1Gg&oh=00_Afq-b3zOWi5tjUmyLGsNvX6p68CMxhxfij2zuwW_Qhu5cQ&oe=696E5422",
  "ad_is_video": false,
  "ad_video_preview_image": "https://scontent.ftpe8-2.fna.fbcdn.net/v/t39.35426-6/316037350_810887576663797_5734021566964365823_n.jpg?_nc_cat=100&ccb=1-7&_nc_sid=c53f8f&_nc_ohc=1_NofjapyyYQ7kNvwEhsMjv&_nc_oc=AdlnP1zaz1eXgf1PFDXRDcKtoeMX_4NEqF-8WvTXPJ4c0z3Wi3FPLqZ6PgYhylwbwE4&_nc_zt=14&_nc_ht=scontent.ftpe8-2.fna&_nc_gid=C1PmWPL0VkncI2R3Ckq1Gg&oh=00_AfoTvq2Gw-fVNTrJ_jqT8x7LIIwfl5gFJ4DGM5Zb2Kishw&oe=696E4C0C",
  "ad_image": null,
  "ad_cta_text": "",
  "ad_link_description": null,
  "ad_link_url": null,
  "ad_title": null,
  "ad_caption": null,
  "ad_page_id": "805083876497387",
  "ad_cta_type": "",
  "ad_extra_links": [],
  "ad_extra_texts": [],
  "ad_page_categories": [
    "公眾人物"
  ],
  "ad_page_like_count": 1855,
  "ad_publisher_platform": [
    "facebook"
  ],
  "ad_like_count": "0",
  "ad_share_count": "0"
}