{
  "ad_id": "1093755531626795",
  "ad_context": "#集中選票全力支持\n#6號黃琤婷\n只有累積，沒有奇蹟\n勤勤懇懇，腳踏實地\n用心服務，傾聽民意\n支持琤婷，六六大順\n\n🔺琤婷的政策之完善交通：\n持續爭取「連結國五的台62線快速道路」，藉由新聯外快速公路，打通宜蘭的物流通道並解決雪隧壅塞問題，同時監督北宜高鐵與宜蘭鐵路高架化、國五冬山交流道、台2庚延伸線(山腳觀光道路)等及其他交通建設加速完工。\n延伸串起宜蘭縣濱海社區希望工程，改善臨海鄉鎮養殖漁業、推動社區地方創生、規劃深度慢活旅遊\n持續推動大巴、中巴與幸福小黃的運能互補，爭取補助強化宜蘭多元計程方案，以縣境車輛替代入境車流\n\n#宜蘭六六大順\n#總統立委政黨票投369\n#立委候選人6號黃琤婷",
  "ad_profile_name": "黃琤婷",
  "ad_profile_image": "https://scontent.ftpe8-1.fna.fbcdn.net/v/t39.35426-6/418952749_1398062247806614_7417015514503099420_n.jpg?stp=dst-jpg_s60x60_tt6&_nc_cat=108&ccb=1-7&_nc_sid=c53f8f&_nc_ohc=aEDqeHUbj0oQ7kNvwGPH-6T&_nc_oc=AdmHMx1h10ebQYHd6Q8AmVX6RFGY4WEqKSqzmVBYkKjPaZ3BNbZJ6ladc0L_3hK8Vr8&_nc_zt=14&_nc_ht=scontent.ftpe8-1.fna&_nc_gid=Mi26ZD3H47ZVZReXu4xANA&oh=00_Afoy3tWCk8KMgvk4IKv0BPcC-TJkQDiKaomjgPwrabKmuQ&oe=696E6160",
  "ad_is_video": false,
  "ad_video_preview_image": "https://scontent.ftpe8-3.fna.fbcdn.net/v/t39.35426-6/418972049_1578140766058315_8412218600837212617_n.jpg?_nc_cat=107&ccb=1-7&_nc_sid=c53f8f&_nc_ohc=JbPfzDRHR1YQ7kNvwF5vpRW&_nc_oc=AdkDdR7emivzJZzNmReOjtOQfIwQ697O-0RiXuemur-dwN5-Y8v9qDmM_FcODv_U0a0&_nc_zt=14&_nc_ht=scontent.ftpe8-3.fna&_nc_gid=Mi26ZD3H47ZVZReXu4xANA&oh=00_AfoiRb1VzDA6rniF8GcesXu4b8XU0h0Y1Hdc-DkLKO1Mbw&oe=696E360F",
  "ad_image": null,
  "ad_cta_text": "",
  "ad_link_description": null,
  "ad_link_url": null,
  "ad_title": null,
  "ad_caption": null,
  "ad_page_id": "250273442196918",
  "ad_cta_type": "",
  "ad_extra_links": [],
  "ad_extra_texts": [],
  "ad_page_categories": [
    "政治人物"
  ],
  "ad_page_like_count": 0,
  "ad_publisher_platform": [
    "facebook",
    "instagram"
  ],
  "ad_like_count": "0",
  "ad_share_count": "0"
}