{
  "ad_id": "1093555828869396",
  "ad_context": "🌊《新鬥羅大陸 - 免費版》來襲❗😎唐三、小舞等經典角色等你來戰❗😍儲值減65%，💎天天送代金券，🛒0.1折商城❗🎁首充送SP唐三，登錄有禮❗快來開啟斗羅之旅❗❗",
  "ad_profile_name": "X7game-lx-99%off",
  "ad_profile_image": "https://scontent.ftpe8-4.fna.fbcdn.net/v/t39.35426-6/522935864_1720559351920310_8222395812971056262_n.jpg?stp=dst-jpg_s60x60_tt6&_nc_cat=110&ccb=1-7&_nc_sid=c53f8f&_nc_ohc=CV2v7qgpLX8Q7kNvwGkAclZ&_nc_oc=Admxs1knXietvrncyeofEfLpBmDo4z9uSazJcs2Q5ItlXeHWZk2wxHD-YK4PioM3kwU&_nc_zt=14&_nc_ht=scontent.ftpe8-4.fna&_nc_gid=Dpp-B6IvOu7_Yrvykyou7A&oh=00_Afo5et14znoAguOnFRW0pHJ5sH6nBCkKy3RqD4glIW_1lQ&oe=696E68D7",
  "ad_is_video": false,
  "ad_video_preview_image": "https://scontent.ftpe8-2.fna.fbcdn.net/v/t39.35426-6/523327143_1195046299062588_7897814863033647855_n.jpg?_nc_cat=100&ccb=1-7&_nc_sid=c53f8f&_nc_ohc=pYzJT3j00VIQ7kNvwENBXWp&_nc_oc=AdmBkwIlQqPlxDU7iOHU-jDHL-fgtYHasxgqrtyv2QOLIYAeN-AY73NNxNJAS3mb7Vs&_nc_zt=14&_nc_ht=scontent.ftpe8-2.fna&_nc_gid=Dpp-B6IvOu7_Yrvykyou7A&oh=00_Afp2Nx9rKYntK6rysAoyHHU3h6mSadbfbAheg1HPwix5Jg&oe=696E4C10",
  "ad_image": null,
  "ad_cta_text": "下載",
  "ad_link_description": "免費，流暢，帶給全球玩家不一樣的體驗",
  "ad_link_url": "https://l.facebook.com/l.php?u=https%3A%2F%2Ffb3.x7game.com%2Ftggame_12%2Fdown%3Ftgid%3D90523%26gid%3D15283%26fbclid%3DIwZXh0bgNhZW0CMTAAYnJpZBExOFBnZndlbkFwVVZFVnBIQnNydGMGYXBwX2lkDzU0MTYzOTQ5Mzg4OTAyNQABHgPmPqJtpvvw7bwyfp_y_aa1h9n9CT7LvsZXAgEF2ycOKjOpXpJSviQbJDi5_aem_PNEq95OlR1-PnwsI6kfSPw&h=AT1XKfrwarMnpaZfmsjGiBrUuRr34_0URgUN4T4ekSiEUuiwae8JxX3sS3yVYBVZkymT6wSrv8cG_fXewpP6SHhM9PL6vAHH0Vjkc1VuXAOoJTGODgkqzY589tedk_mW0RgCYSdrABryY-_xv0DR8Q",
  "ad_title": null,
  "ad_caption": "x7game.com",
  "ad_page_id": "526149413907290",
  "ad_cta_type": "下載",
  "ad_extra_links": [],
  "ad_extra_texts": [],
  "ad_page_categories": [
    "遊戲發佈商"
  ],
  "ad_page_like_count": 576,
  "ad_publisher_platform": [
    "facebook",
    "instagram",
    "audience_network",
    "messenger"
  ],
  "ad_like_count": "0",
  "ad_share_count": "0"
}