{
  "ad_id": "109488618761655",
  "ad_context": "Respect to 郭台銘\n\n郭董宣佈爭取2024國民黨總統候選人徵召提名，\n他特別強調若侯友宜民調比他高，他也將全力支持侯市長，闊然大度，值得敬佩！\n\n藍軍隊伍已漸趨成形：馬英九+朱立倫+侯友宜+郭台銘+千萬個你我\n\n一起完成 #政黨輪替 的歷史任務",
  "ad_profile_name": "立法委員林為洲",
  "ad_profile_image": "https://scontent.ftpe8-4.fna.fbcdn.net/v/t39.35426-6/339092364_241301388469660_498131091785769044_n.jpg?stp=dst-jpg_s60x60_tt6&_nc_cat=104&ccb=1-7&_nc_sid=c53f8f&_nc_ohc=mSRZflKgC_QQ7kNvwFEoMYQ&_nc_oc=AdlDRNhbradgoj07WuRYeS1ZsEsatKD-0jF7cIrayZSZKwkbMa6hAOuPxvmnUL6xqu0&_nc_zt=14&_nc_ht=scontent.ftpe8-4.fna&_nc_gid=6odaWn4D-IdbXslmFbdJJg&oh=00_AfpUrbfyDuTnU6HqNLxAA2u0cHIGwgPjHfyyCXZ6wB4Bcw&oe=696DEC25",
  "ad_is_video": false,
  "ad_video_preview_image": null,
  "ad_image": "https://scontent.ftpe8-3.fna.fbcdn.net/v/t39.35426-6/339665870_1915414122127171_6925929532594925002_n.jpg?stp=dst-jpg_s600x600_tt6&_nc_cat=111&ccb=1-7&_nc_sid=c53f8f&_nc_ohc=beTlRv6K9xgQ7kNvwF-PSti&_nc_oc=AdlpGpmS4qjBHlQ-1-3VjKNlrJx6I_vwq3onnm-X_pckFJWvusa9HHTzlrddYfWrXPs&_nc_zt=14&_nc_ht=scontent.ftpe8-3.fna&_nc_gid=6odaWn4D-IdbXslmFbdJJg&oh=00_Afpl9vu3G1MzPrlbcvgB-oN_p0Ni4inFr2TNwQust80jmg&oe=696DE4B3",
  "ad_cta_text": "發送訊息",
  "ad_link_description": null,
  "ad_link_url": null,
  "ad_title": null,
  "ad_caption": null,
  "ad_page_id": "300320033502806",
  "ad_cta_type": "發送訊息",
  "ad_extra_links": [],
  "ad_extra_texts": [],
  "ad_page_categories": [
    "政治人物"
  ],
  "ad_page_like_count": 0,
  "ad_publisher_platform": [
    "facebook"
  ],
  "ad_like_count": "0",
  "ad_share_count": "0"
}