{
  "ad_id": "1094872674533960",
  "ad_context": "打勾勾✔️  我們明天見👍\n\n一次要出來投票喔。\n\n蘆洲區中路里長⓵號候選人張逢益",
  "ad_profile_name": "中路里張逢益 博士",
  "ad_profile_image": "https://scontent.ftpe8-4.fna.fbcdn.net/v/t39.35426-6/316672656_1152591592316366_599961405958885603_n.jpg?stp=dst-jpg_s60x60_tt6&_nc_cat=102&ccb=1-7&_nc_sid=c53f8f&_nc_ohc=Uw2rz0H4LLMQ7kNvwF7bA-A&_nc_oc=AdkmyH-65avd42ptHuiIxK8wMSvO26IoYjYaYJB_DMb2qGqfDCaFhcioa1TmLmxr8nk&_nc_zt=14&_nc_ht=scontent.ftpe8-4.fna&_nc_gid=CM_ULqyckPaQaQWse1_Aww&oh=00_Afrd77qvEC2RVFInZ-I6prrDfz5sSFgYolI-mYZCsBGG8w&oe=696DCAA0",
  "ad_is_video": false,
  "ad_video_preview_image": null,
  "ad_image": "https://scontent.ftpe8-4.fna.fbcdn.net/v/t39.35426-6/315303175_859918111816270_4110343486969385880_n.jpg?stp=dst-jpg_s600x600_tt6&_nc_cat=102&ccb=1-7&_nc_sid=c53f8f&_nc_ohc=HJzZbA_Xg_sQ7kNvwEFRw8v&_nc_oc=Adl7eYwlhiz6FFOu2geO_u8zaLk595HvCbuYBKsTiUufz_mMDV-0ERrbH42xdK_T5rw&_nc_zt=14&_nc_ht=scontent.ftpe8-4.fna&_nc_gid=CM_ULqyckPaQaQWse1_Aww&oh=00_AfojfUhYtCxzilB5ibBqC7MZ3xDtLocat4pGkVgsNcbEDw&oe=696DF250",
  "ad_cta_text": "",
  "ad_link_description": null,
  "ad_link_url": null,
  "ad_title": null,
  "ad_caption": null,
  "ad_page_id": "102025389154047",
  "ad_cta_type": "",
  "ad_extra_links": [],
  "ad_extra_texts": [],
  "ad_page_categories": [],
  "ad_page_like_count": 0,
  "ad_publisher_platform": [
    "facebook"
  ],
  "ad_like_count": "0",
  "ad_share_count": "0"
}