{
  "ad_id": "1094422359024345",
  "ad_context": "不聽老人言 耳多很清閒",
  "ad_profile_name": "八兩金直播團隊",
  "ad_profile_image": "https://scontent.ftpe8-1.fna.fbcdn.net/v/t39.35426-6/534909679_1267549557857415_6176787694973852842_n.jpg?stp=dst-jpg_s60x60_tt6&_nc_cat=105&ccb=1-7&_nc_sid=c53f8f&_nc_ohc=tPrqhcR1hk4Q7kNvwGpgAdw&_nc_oc=Adlf9w7uSTSZgyRt83LwExVD8mV3EBQ_9rZvdh0X2zn0GPhY4n5-3vGZpX5IYUH452A&_nc_zt=14&_nc_ht=scontent.ftpe8-1.fna&_nc_gid=eFbefygpO-NtvDBS1Bu_XQ&oh=00_Afq7mzEDxSLswvEkQJdNloSit64_XUJbCy0p9ggI6fg0jw&oe=696DD96E",
  "ad_is_video": false,
  "ad_video_preview_image": null,
  "ad_image": null,
  "ad_cta_text": "發送訊息",
  "ad_link_description": null,
  "ad_link_url": null,
  "ad_title": "不聽老人言 耳多很清閒",
  "ad_caption": null,
  "ad_page_id": "149862168205235",
  "ad_cta_type": "發送訊息",
  "ad_extra_links": [],
  "ad_extra_texts": [],
  "ad_page_categories": [],
  "ad_page_like_count": 0,
  "ad_publisher_platform": [
    "facebook"
  ],
  "ad_like_count": "0",
  "ad_share_count": "0"
}