{
  "ad_id": "1095950761117643",
  "ad_context": "#今天是感恩節，這一路走來，#美珍天天都感恩，\n感謝大家一路走來，對大村的相挺與支持!!\n#這八年來大村的好，#大家一起共享大村愈來越好!\n許美珍參選鄉長以來，感謝人生路上的美好相遇\n#我們始終相信人本善良，#我們不做抹黑、批評、#無中生有的事\n當個大村鄉長，就是成為一個『能人』。\n『能人』，做人最大的本事。\n#只要你能，#你就能。\n你如果想『能』，只有『忍』。\n#懇求鄉親長輩父老兄弟姐妹大團結，#共同為美珍逗拉票、#逗催票、逗固票\n#給美珍力量 ，當美珍の靠山 ，11月26日將您手中神聖的一票投乎\n大村鄉鄉長候選人 ②號 許美珍 #媽媽鄉長",
  "ad_profile_name": "許美珍",
  "ad_profile_image": "https://scontent.ftpe8-1.fna.fbcdn.net/v/t39.35426-6/316292320_857891675661032_3813863350538693425_n.jpg?stp=dst-jpg_s60x60_tt6&_nc_cat=109&ccb=1-7&_nc_sid=c53f8f&_nc_ohc=QHdzurl9r3kQ7kNvwGqyZNN&_nc_oc=Adnjkvqh3StlGvezlRembB_LjxFaXLVkb800wBKwaqlnKXzEby68s2Oh2p8UMrXY4s0&_nc_zt=14&_nc_ht=scontent.ftpe8-1.fna&_nc_gid=tkdVPvQiey98KfY4n0AISg&oh=00_Afq5BfONCSG41X1sKIB8A2v7QCdnlXP_n6hLC6uQePtUbQ&oe=696E5EC7",
  "ad_is_video": false,
  "ad_video_preview_image": null,
  "ad_image": "https://scontent.ftpe8-3.fna.fbcdn.net/v/t39.35426-6/316413792_1143973156490992_7501456567190266775_n.jpg?stp=dst-jpg_s600x600_tt6&_nc_cat=111&ccb=1-7&_nc_sid=c53f8f&_nc_ohc=lmtjddgSYl4Q7kNvwG5QlY0&_nc_oc=Adkt0XkNefzClMqBYNFhJ-mEFa2U5v8dXAiTW8K4yxFyT6mF76s31gmyVpVnltcN2sY&_nc_zt=14&_nc_ht=scontent.ftpe8-3.fna&_nc_gid=tkdVPvQiey98KfY4n0AISg&oh=00_Afpb9Q_cuKsC3BjJCyQB7J4F8nbDbdpZgZJsFDfLou7G_g&oe=696E6C41",
  "ad_cta_text": "",
  "ad_link_description": null,
  "ad_link_url": null,
  "ad_title": null,
  "ad_caption": null,
  "ad_page_id": "805083876497387",
  "ad_cta_type": "",
  "ad_extra_links": [],
  "ad_extra_texts": [],
  "ad_page_categories": [
    "公眾人物"
  ],
  "ad_page_like_count": 1855,
  "ad_publisher_platform": [
    "facebook"
  ],
  "ad_like_count": "0",
  "ad_share_count": "0"
}