{
  "ad_id": "1097865801821969",
  "ad_context": "",
  "ad_profile_name": "蝶映藝術 De Global Art Agency",
  "ad_profile_image": "https://scontent.ftpe8-4.fna.fbcdn.net/v/t39.35426-6/473312515_588966763757276_6983325597717023523_n.jpg?stp=dst-jpg_s60x60_tt6&_nc_cat=110&ccb=1-7&_nc_sid=c53f8f&_nc_ohc=n3xNrGav1eMQ7kNvwH8N61h&_nc_oc=Adk8XKMi848Ja4xCzetiEYFkQm7UJd9WpxVQ4JmR0_JF9u_LgFxXwpsS6YgP6rSvfPM&_nc_zt=14&_nc_ht=scontent.ftpe8-4.fna&_nc_gid=CSqW73K_O-tN8rYlo-on8Q&oh=00_Afq7LFgid5AQ3-mjT--NsqS3DZd0jY_yEoPmfyC9soBz4A&oe=696E6D56",
  "ad_is_video": false,
  "ad_video_preview_image": null,
  "ad_image": "https://scontent.ftpe8-1.fna.fbcdn.net/v/t39.35426-6/473571184_9173927186032014_8387437005550893267_n.jpg?stp=dst-jpg_s600x600_tt6&_nc_cat=109&ccb=1-7&_nc_sid=c53f8f&_nc_ohc=GH5hfkUnFNwQ7kNvwHCgtSS&_nc_oc=AdlKGShu0XAqlN-2VoVb_B8rsUcLng5UYkybxZMPCBRCdSjKJpTwdRVdrUnfT-OECys&_nc_zt=14&_nc_ht=scontent.ftpe8-1.fna&_nc_gid=CSqW73K_O-tN8rYlo-on8Q&oh=00_Afr8XubxTSn55L2p7A2Bx_ZuxHi_5CivlIA6gNuB07nboA&oe=696E3FD5",
  "ad_cta_text": "Send Message",
  "ad_link_description": null,
  "ad_link_url": "https://l.facebook.com/l.php?u=http%3A%2F%2Finstagram.com%2Fdeartsaward%3Ffbclid%3DIwZXh0bgNhZW0CMTAAYnJpZBExOFBnZndlbkFwVVZFVnBIQnNydGMGYXBwX2lkDzU0MTYzOTQ5Mzg4OTAyNQABHuvnQWjvzEUou3gtsKo0z2MnWh8YaXs5SsAI07kgq70p65S-pt8szJ1uE8MW_aem_AKI0mea4I6VHaKQsEolL1Q&h=AT3qtpGQ37vcsFHbleSSv6-Y55Flm4TGe1NsUvCXENZlt3oxJygXnw4DdPb-GNX3DNhB4McB3P34E9xMQj3RrMzxoZ0kcBzR_wu5ll5Y_Uu3cvaW8dsF5w8cb4GMGR9fvQhIQuGe4iruwgG4vzc5ag",
  "ad_title": null,
  "ad_caption": "instagram.com",
  "ad_page_id": "106218502104820",
  "ad_cta_type": "Send Message",
  "ad_extra_links": [],
  "ad_extra_texts": [],
  "ad_page_categories": [
    "教育諮詢顧問"
  ],
  "ad_page_like_count": 561,
  "ad_publisher_platform": [
    "instagram"
  ],
  "ad_like_count": "0",
  "ad_share_count": "0"
}