{
  "ad_id": "1100149471183715",
  "ad_context": "【初一拜年】\n\n大年初一，金龍迎春\n祈求新的一年平安順利\n🐲龍賺大錢~🐲龍平安順利\n#高雄市議員鄭安秝 #祝福您\n\n#新年快樂\n#祥龍納福\n#用力愛鳳山\n#鄭安秝\n\n安秝邀請您幫忙轉傳 #按讚 #分享   讓更多人知道最新資訊唷😊\nhttps://www.facebook.com/PowerAnli/\n👉高雄市議員鄭安秝粉絲團",
  "ad_profile_name": "高雄市議員 鄭安秝",
  "ad_profile_image": "https://scontent.ftpe8-2.fna.fbcdn.net/v/t39.35426-6/426192091_373788511879634_7965964161857258857_n.jpg?stp=dst-jpg_s60x60_tt6&_nc_cat=101&ccb=1-7&_nc_sid=c53f8f&_nc_ohc=fpy5y3iyCv4Q7kNvwHIX7FO&_nc_oc=AdnUntQISHuQ7nK_thHZyq1Mlg5fBgEKs_0uKC5L0ueM8q1F9w_fw_X4tIUqKiTMJpY&_nc_zt=14&_nc_ht=scontent.ftpe8-2.fna&_nc_gid=B7RfLYQWJ2H1BvIq_s7wXA&oh=00_AfrLT0xsPIBb1W76k-VSU3A4gskPgvQBsXP-TMIuB_rxxQ&oe=696DEF19",
  "ad_is_video": false,
  "ad_video_preview_image": null,
  "ad_image": "https://scontent.ftpe8-3.fna.fbcdn.net/v/t39.35426-6/426192091_1389865024978172_1167659045237584652_n.jpg?stp=dst-jpg_s600x600_tt6&_nc_cat=111&ccb=1-7&_nc_sid=c53f8f&_nc_ohc=LRcp4-j3AYQQ7kNvwE64y4A&_nc_oc=AdkuF1OnFk5SkmWW3BBhY2_gMs3LdVqd3KckwXP6RLGILeR5ho2wsS34Ek9sPYbuG2w&_nc_zt=14&_nc_ht=scontent.ftpe8-3.fna&_nc_gid=B7RfLYQWJ2H1BvIq_s7wXA&oh=00_Afr8b8Rn_kK1toxOelLiIV4Q1K2Ycme2P3uqw0cPLFTpog&oe=696DDBF6",
  "ad_cta_text": "",
  "ad_link_description": "服務處地址：高雄市鳳山區五權路119號\n五甲聯絡處：高雄市鳳山區大德街25號",
  "ad_link_url": "https://www.facebook.com/PowerAnli/",
  "ad_title": "高雄市議員 鄭安秝",
  "ad_caption": null,
  "ad_page_id": "915235141981103",
  "ad_cta_type": "",
  "ad_extra_links": [],
  "ad_extra_texts": [],
  "ad_page_categories": [
    "政治人物"
  ],
  "ad_page_like_count": 0,
  "ad_publisher_platform": [
    "facebook"
  ],
  "ad_like_count": "0",
  "ad_share_count": "0"
}