{
  "ad_id": "1100707434695692",
  "ad_context": "#實用日文課 #正式開課\n謝謝超過26000個學員的支持 ❤️\n立即試看課程  >  shifuclass.com/教你實用日文\n報名輸入「aisa300」再折 $300\n\n第三支試看片火熱上線！\n\n去日本時，大家是否想問路但不知如何開口？\n只要使用「____ はどこですか？ ( ___ 在哪裡呢？) 」\n這樣你就可以正確的向別人詢問方向🫰🏻😉\n我還會教你常用的前、後、左、右、直走、紅綠燈等單字\n讓你也能聽懂對方的回答，再也不會迷路囉！\n\n看完是不是迫不及待想要進入愛紗老師的日文宇宙✨\n\n在這堂【實用日文課】\n我設計了各種有趣的情境劇\n涵蓋 #旅遊 #生活日常 #職場商務...\n每個主題都包含常用的句型和單字，\n還有我親自錄的音檔\n讓你學會最道地的日語發音，張大嘴巴自然說日文！\n\n下次去日本時，你就可以用日文點餐、問路、購物\n暢通無阻地玩日本，秒懂秒回日本人！\n馬上報名課程 >  shifuclass.com/教你實用日文",
  "ad_profile_name": "千田愛紗 Aisa Senda",
  "ad_profile_image": "https://scontent-tpe1-1.xx.fbcdn.net/v/t39.30808-1/409733259_893778898781984_4210767273304181456_n.jpg?stp=dst-jpg_s200x200_tt6&_nc_cat=106&ccb=1-7&_nc_sid=2d3e12&_nc_ohc=fcFwuARM1wcQ7kNvwEhal9C&_nc_oc=Adm6o0HrXExDSRVl5IWWV3ibg4tIhlSmOvv8ax85UTL5LO3jjjbnmnWEFGwGguTjv7Q&_nc_zt=24&_nc_ht=scontent-tpe1-1.xx&_nc_gid=cd5mhgwH1pznlVmVvglhIw&oh=00_Afo1j4SExn6G97tC0iEH2r2QQJCSTstU11koHRjA08he9A&oe=696BCD53",
  "ad_is_video": true,
  "ad_video_preview_image": "https://scontent-tpe1-1.xx.fbcdn.net/v/t39.35426-6/449064351_993934875727170_108704764535213489_n.jpg?_nc_cat=111&ccb=1-7&_nc_sid=c53f8f&_nc_ohc=yRA8CdOnklcQ7kNvwFy-KY6&_nc_oc=Adk3wpulDwiBjHyLAqx2fLbSHv4A0QyLjcsinc2SbfIGNGKNwxbr-SRz-cUHzZY-RLw&_nc_zt=14&_nc_ht=scontent-tpe1-1.xx&_nc_gid=uOu0XqsDnftB5xYS70BbYA&oh=00_AfqZVHbsyVD92GydnqFNqgfJ97CGJp1Q-eTMGgaKzXeAMA&oe=696BBD02",
  "ad_image": null,
  "ad_cta_text": "shifuclass.com/教你實用日文",
  "ad_link_description": null,
  "ad_link_url": "http://shifuclass.com/教你實用日文",
  "ad_title": "日文課試看片3",
  "ad_caption": null,
  "ad_page_id": "762258350549723",
  "ad_cta_type": null,
  "ad_extra_links": [],
  "ad_extra_texts": [],
  "ad_page_categories": [
    "藝術家"
  ],
  "ad_page_like_count": 435000,
  "ad_publisher_platform": [
    "facebook",
    "instagram",
    "audience_network",
    "messenger"
  ],
  "ad_like_count": "0",
  "ad_share_count": "0"
}