{
  "ad_id": "1100331372048385",
  "ad_context": "☀️台灣情況特殊，在極端氣候和地緣政治威脅下，能源韌性在災害發生時格外重要，那台灣目前的現況如何呢？\n​\n台灣長期依賴大型集中電網，使國家能源體系在面對地震、颱風或豪雨等衝擊時，缺乏分散的能力，單一節點受損就可能導致城市癱瘓。\n​\n而屋頂光電作為社區層級的分散式支撐點，可補強電網脆弱處，是提升能源韌性與國家安全的重要基礎設施。\n​\n然而，當初通過「新增改建建築的屋頂光電裝置義務」的法律後，規範裝設範圍、條件等細節的子法，卻至今仍未上路。更令人擔心的是，內政部在最新版本中擬 #縮小適用建物的涵蓋範圍，將大幅削弱裝置義務涵蓋的範圍，減碳效力大減！\n​\n☀️屋頂光電僅佔建物成本約1%，達成能源年減碳10萬噸\n​\n如果依內政部部長劉世芳11月5日所說的新適用建物範圍版本，裝設屋頂光電建物佔全國新建屋頂面積總量將從60%降至15.58%，普及性大打折扣，可供一年家戶用電數不足3萬戶，新增屋頂光電裝置容量之減碳量更是從17萬公噸降至9萬公噸。\n​\n要普及屋頂光電，成本沒有想像中那麼高。屋頂光電在新建建物造價中，僅佔成本約1%。更何況，根據台大風險中心2023年民意調查，有近六成受訪者有意願或已安裝屋頂太陽能板，顯見已有極大的社會共識。\n​\n呼籲主管機關在研議最終版本時，應考量民意基礎與社會整體利益，確保公共政策不因個別產業之片面意見，滯礙再生能源發展，延宕台灣減碳時程。\n​\n☀️跟上全球淨零腳步，行政院應率領部會加速屋頂光電\n​\n看看國際，多個國家已有建物加裝光電規範，例如歐盟新版《建築能源效能指令》 等制度，要求不同類型新建物依時程加裝屋頂光電，視為強化能源自主、提升氣候韌性的必要基礎工程。\n​\n台灣若停留在侷限適用範圍、分階段嘗試的保守做法，不僅不利未來建築物減碳，將在淨零轉型上節節落後於全球趨勢。\n​\n⚠️地球公民基金會、綠色公民行動聯盟、主婦聯盟環境保護基金會、台灣氣候行動網絡研究中心等20多個公民團體共同提出四項嚴正呼籲：\n​\n1️⃣內政部應儘速公告《建築物設置太陽光電發電設備標準》，並維持原有A、B、C、D、F、G、H類建物之光電設置適用範圍，且不應分階段施行。\n​\n2️⃣經濟部與內政部應就草案中不足之處，包括兩年一次檢討、屋頂光電結構、耐風壓與抗颱風要求、消防安全以及設備維運等部分強化規範，並針對儲能、自發自用及社區共享等民眾參與綠能之可能性，提出相關規劃、補助與機制措施。\n​\n3️⃣行政院應協調內政部、國發會、經濟部、環境部等相關部會，確保屋頂光電政策落實，提升普及性與民眾參與度，增進台灣邁向淨零。\n​\n4️⃣新建物加裝光電，既有建物光電潛力也不可忽略，中央與地方政府應徹底盤點公有與私有屋頂潛能，極大化屋頂光電普及性，並深化民眾參與。\n​\n📰完整內容請看：https://cet.ngo/lWXs\n\n#內政部 #經濟部 #環境部 #國發會 #太陽能光電 #屋頂光電",
  "ad_profile_name": "地球公民基金會",
  "ad_profile_image": "https://scontent.ftpe8-1.fna.fbcdn.net/v/t39.35426-6/596961939_762951340148075_7328735163423834143_n.jpg?stp=dst-jpg_s60x60_tt6&_nc_cat=105&ccb=1-7&_nc_sid=c53f8f&_nc_ohc=Jj9INQZC8_AQ7kNvwFBmYmI&_nc_oc=AdmuHsTHVrc0cHWLDHU_V5hGQ8se_qjsfQaiDT0U8eAuLcphMOsT2ZIrPVXxJlxqJCU&_nc_zt=14&_nc_ht=scontent.ftpe8-1.fna&_nc_gid=3JM4eKMOWm9MACfckWVzfA&oh=00_AfpRFMw3Qfjv4CiBrNM6mH99-Lygs1u2TutV5H5aUdHHvA&oe=696E5D1B",
  "ad_is_video": false,
  "ad_video_preview_image": null,
  "ad_image": "https://scontent.ftpe8-1.fna.fbcdn.net/v/t39.35426-6/596538908_858223743264133_7457839640829682749_n.jpg?stp=dst-jpg_s600x600_tt6&_nc_cat=108&ccb=1-7&_nc_sid=c53f8f&_nc_ohc=PHtwvG2ARkoQ7kNvwHSDTP5&_nc_oc=Adn0SN34XM8tpKwBlNfMFTZD4VjCTtbETQLaUI5X0-QRAY7gDphmAsmSgPzrPNlV0QQ&_nc_zt=14&_nc_ht=scontent.ftpe8-1.fna&_nc_gid=3JM4eKMOWm9MACfckWVzfA&oh=00_AfqMhywMNUDUbxCgJ-y3xTkpdDr-vDzPGZPfEM8Sy_Ni4A&oe=696E7CD6",
  "ad_cta_text": "",
  "ad_link_description": null,
  "ad_link_url": "https://cet.ngo/lWXs",
  "ad_title": null,
  "ad_caption": null,
  "ad_page_id": "148513668543221",
  "ad_cta_type": "",
  "ad_extra_links": [],
  "ad_extra_texts": [],
  "ad_page_categories": [
    "環境保護組織"
  ],
  "ad_page_like_count": 0,
  "ad_publisher_platform": [
    "facebook",
    "instagram"
  ],
  "ad_like_count": "0",
  "ad_share_count": "0"
}