{
  "ad_id": "1103218428308992",
  "ad_context": "令人不捨，希望他未來一切都好。\n\n#台中 #黑戶 #幽靈人口",
  "ad_profile_name": "台島觀察",
  "ad_profile_image": "https://scontent.ftpe8-3.fna.fbcdn.net/v/t39.35426-6/507936600_2716024651928003_2377355953918373354_n.jpg?stp=dst-jpg_s60x60_tt6&_nc_cat=107&ccb=1-7&_nc_sid=c53f8f&_nc_ohc=boaWfRAsXboQ7kNvwFS4DKN&_nc_oc=AdlKz2LDbonNs59GSt_MRnngJiR4gj3LcfkqT3AUZN8iveXv2ebQ2YA_KJ6zNDAr0Qg&_nc_zt=14&_nc_ht=scontent.ftpe8-3.fna&_nc_gid=A8F_iOOeiYhw6XdS1hbVgA&oh=00_AfqHZubSDxS9WXRxfJtyfY5dPJduhFrzyw1yUvAji96gRg&oe=696E4CDC",
  "ad_is_video": false,
  "ad_video_preview_image": null,
  "ad_image": "https://scontent.ftpe8-2.fna.fbcdn.net/v/t39.35426-6/508107234_1241877030101698_7130464319693054252_n.jpg?stp=dst-jpg_s600x600_tt6&_nc_cat=101&ccb=1-7&_nc_sid=c53f8f&_nc_ohc=txYt-VWW7d8Q7kNvwHEg6M8&_nc_oc=Adm0kLZppboVLiWLRjIw3NgmwopE-5LsOzJ-cRmVHmpDm-6ehgFhDimqzfzigVE4yw4&_nc_zt=14&_nc_ht=scontent.ftpe8-2.fna&_nc_gid=A8F_iOOeiYhw6XdS1hbVgA&oh=00_AfoeQOVkUIFL5h75lhZ9UeGP6RkYPfCa7C355fLC8AXO9A&oe=696E4DCE",
  "ad_cta_text": "",
  "ad_link_description": "台中市1名21歲青年流落街頭，遭里長發現後才知道他至今沒報過戶口、沒受過教育，遭遇讓人心疼，不少人表示願出手盡一份心力。對此，台中市社會局表示，已立即協助安置青年，後續也會幫忙取得戶籍、教育等。",
  "ad_link_url": "https://l.facebook.com/l.php?u=https%3A%2F%2Fwww.mirrormedia.mg%2Fstory%2F20250615edi019%3Futm_source%3Dtaiwan%26utm_medium%3Dmmpage%26fbclid%3DIwZXh0bgNhZW0CMTAAYnJpZBExOFBnZndlbkFwVVZFVnBIQnNydGMGYXBwX2lkDzU0MTYzOTQ5Mzg4OTAyNQABHsD789eSC25dDUUbLM-3AX6BgEp_ZtGvBxJ4kckgMvPuwe_RUpxT2Ueq0tAm_aem_gwbmGkrILoENyUDE6NAovg&h=AT3STTNDWegi6UNKSox-iE6KwS5ZQDrKpIZ_2Ppl_Vuq4YA6rzRoqxtsZo_Ys1fvr-G9YpPdtZaPJNciSfVWynlHBIioJwtSg2dCBp0iwnAhlejP5xsROqhciZoPVSTz7WuraX2CGj1WQyjThCHNIA",
  "ad_title": "心碎！台中21歲青年竟是黑戶　遭父軟禁沒受過教育、撿回收食物當飯吃 - 鏡週刊 Mirror Media",
  "ad_caption": "mirrormedia.mg",
  "ad_page_id": "121167114316661",
  "ad_cta_type": "",
  "ad_extra_links": [],
  "ad_extra_texts": [],
  "ad_page_categories": [],
  "ad_page_like_count": 0,
  "ad_publisher_platform": [
    "facebook"
  ],
  "ad_like_count": "0",
  "ad_share_count": "0"
}