{
  "ad_id": "1103212018552698",
  "ad_context": "【小朋友集合～廣播劇時間到！】\n原來「兒童權利公約（CRC）」也能這～麼有趣！\n快跟著故事一起冒險、一起學會保護自己\n\n登場節目超精采👇👇\n\n【我們家的睡前故事】\n3年8班的祕密武器出動！\n學會「禁止歧視」，讓每個人都被公平對待\n\n【媽爹講故事】\n神探哈奇奇出任務啦～\n原來「兒童最佳利益」就是最棒的超能力\n\n【童話透中島】\n特別企劃登場！\n一起來認識「表意權」和「社會參與權」\n你的想法、就是最重要的聲音🎤\n\n#兒童權利公約 #CRC #兒童廣播劇 #臺中市政府社會局",
  "ad_profile_name": "社會有愛 溫暖臺中",
  "ad_profile_image": "https://scontent.ftpe8-4.fna.fbcdn.net/v/t39.35426-6/581188656_827466289892315_936571319859925438_n.jpg?stp=dst-jpg_s60x60_tt6&_nc_cat=104&ccb=1-7&_nc_sid=c53f8f&_nc_ohc=ePUXbaOxm3IQ7kNvwF_c_Dh&_nc_oc=Adk7X5ldfrrx13k4jCer4k7mb-QecP1HDIaIALVyw103VNJNLh8fUpu28qcSmGO15yI&_nc_zt=14&_nc_ht=scontent.ftpe8-4.fna&_nc_gid=XfFZ_tevk-w-DAntRUsbew&oh=00_Afr1YyS0PV46G41pMej9JrmZ-GbTDnYoJ5G6EmG1dyhnDg&oe=696E5F40",
  "ad_is_video": false,
  "ad_video_preview_image": null,
  "ad_image": "https://scontent.ftpe8-2.fna.fbcdn.net/v/t39.35426-6/581520522_25094027673582247_5000377800313499396_n.jpg?stp=dst-jpg_s600x600_tt6&_nc_cat=101&ccb=1-7&_nc_sid=c53f8f&_nc_ohc=T-3H9is0QXcQ7kNvwEzJooW&_nc_oc=Adkp_VC0mUPNctE35Tewa_KGzLIB4YlV5rfSOOLuxvLk_bOSJbvV3rzLFdz8Nvirfes&_nc_zt=14&_nc_ht=scontent.ftpe8-2.fna&_nc_gid=XfFZ_tevk-w-DAntRUsbew&oh=00_AfqXhuuK_Ax9XJz6RGjqO9cYI2OVCz9aTaMWKnM0NBP6HA&oe=696E76CD",
  "ad_cta_text": "",
  "ad_link_description": null,
  "ad_link_url": null,
  "ad_title": null,
  "ad_caption": null,
  "ad_page_id": "329523080529589",
  "ad_cta_type": "",
  "ad_extra_links": [],
  "ad_extra_texts": [],
  "ad_page_categories": [],
  "ad_page_like_count": 0,
  "ad_publisher_platform": [
    "instagram"
  ],
  "ad_like_count": "0",
  "ad_share_count": "0"
}