{
  "ad_id": "1104399275044775",
  "ad_context": "「運動，不只是我的熱愛，更是彰化的機會！」\n整合人脈與資源，讓熱血奔騰的不只是賽場，\n還有人流、金流，用運動翻轉彰化的未來🔥🏃‍♂️🏀",
  "ad_profile_name": "彰化縣議會",
  "ad_profile_image": "https://scontent.ftpe8-1.fna.fbcdn.net/v/t39.35426-6/492405041_1346497753326283_4782468015673487421_n.jpg?stp=dst-jpg_s60x60_tt6&_nc_cat=109&ccb=1-7&_nc_sid=c53f8f&_nc_ohc=xwSt8A9Gd8cQ7kNvwGLxmJL&_nc_oc=AdmcpwGQK6kDKor-VnzxS_naix3pq4Li_5JFNc-LlV2LCK-jU5MUJikewRDDcsKXld4&_nc_zt=14&_nc_ht=scontent.ftpe8-1.fna&_nc_gid=5LYmceynH2inHkRCqZNyCg&oh=00_AfpFLHzpfKJ9PlqeIuU_cTFHQrgoivJqw_XRG8kL-dXzsg&oe=696DC534",
  "ad_is_video": false,
  "ad_video_preview_image": "https://scontent.ftpe8-4.fna.fbcdn.net/v/t39.35426-6/492099941_1730081204570791_1465888992885115121_n.jpg?_nc_cat=110&ccb=1-7&_nc_sid=c53f8f&_nc_ohc=DgmifxF8WNIQ7kNvwHW-64F&_nc_oc=Adl3cR0auNyhJ7DfYEjGpKG0AcCmTvLzAYQ_BZNU3DnqfVE6Yfe7gkGkx0v_SS8D-bk&_nc_zt=14&_nc_ht=scontent.ftpe8-4.fna&_nc_gid=5LYmceynH2inHkRCqZNyCg&oh=00_Afr03nK2PHbKxccTy086MTActdHminjZnwpjjvYsOdqCnQ&oe=696DF841",
  "ad_image": null,
  "ad_cta_text": "觀看更多",
  "ad_link_description": null,
  "ad_link_url": "https://l.facebook.com/l.php?u=https%3A%2F%2Fyoutu.be%2F54fnr2GU4zc%3Fsi%3DWgYjCdyNtuJ4tnWz%26fbclid%3DIwZXh0bgNhZW0CMTAAYnJpZBExcjBkMnVFZ0F2RGFYN3NnVnNydGMGYXBwX2lkDzU0MTYzOTQ5Mzg4OTAyNQABHrWHvFlZzxcXfXY2rsx2r3rHk1Z0vVd0fxWWfe9LB5-SBeL6DbKxwe25Lwgr_aem_l_fDwZrsJvTzYh82l6Bxvg&h=AT0pBy0FEVOXMtG0ggBer6twUuVXl0QVweA0rxzPev9LSEKgAIJoc9etaaVDij0qKdahx6ZOlUvGS3P3Ii8JfphLnArSB8AY0as_dXxJNkdkPpCBQFFswnYueHx7zqlplb8F64DrZFiTWYB4HMDmeQ",
  "ad_title": null,
  "ad_caption": "youtu.be",
  "ad_page_id": "106232129455915",
  "ad_cta_type": "觀看更多",
  "ad_extra_links": [],
  "ad_extra_texts": [],
  "ad_page_categories": [
    "政府機構"
  ],
  "ad_page_like_count": 2056,
  "ad_publisher_platform": [
    "facebook"
  ],
  "ad_like_count": "0",
  "ad_share_count": "0"
}