{
  "ad_id": "1105813204972101",
  "ad_context": "這不是你第一次聽到有人說：中共要打來了。\n​\n2021 年，時任美國印太司令部司令戴維森在參議院聽證會聲稱：共軍可能於 2027 年具備足夠進犯的武力。2025 年 5 月，美國眾議院舉行了「中國對台灣日益增長的侵略行為」聽證會中，這個時間點又一次被提起。而在國內，有立委訪中閉門晤談、刪除國防預算；也有一群人上街倡議罷免不適任立委。\n​\n有人說那只是芒果乾越賣越多，但當飛彈軍演、軍機擾台、切斷海底電纜、海警船包圍金門一一上演，你更願意相信，那不只是說說。\n​\n你不喜歡受傷，也不喜歡傷害誰，但依然去上了民防課程；你喜歡你的土地，也喜歡你的國家，但依然想過可以逃去哪。\n​\n生死之前，不可能永遠選擇你喜歡的，且很有可能選擇你不喜歡的。\n​\n房間裡有一個總有更多東西要裝的避難包：瓶裝水，乾糧，口罩，衛生紙，濕紙巾，手電筒，瑞士刀，地圖，濾水器，防護手套，紗布，優碘，彈性繃帶，止痛藥，胃藥⋯⋯上次聽到有人說應該帶護膝，但放不下了，你決定換更大一點的包包。\n​\n想帶的東西那麼多，能帶的東西那麼少。\n​\n包括書。書有重量，佔空間，是累贅，當敵人就在眼前，一本書足以拖慢你的逃生速度。但這些帶不了的書，能帶給你的準備，不見得比物資次要——\n​\n比如，你想知道，戰爭是什麼樣子？戰爭裡不在前線的人民日常是什麼樣子？戰爭裡當敵人舉起武器對準你是什麼樣子？戰爭裡當你也拿起武器對準敵人又是什麼樣子？戰爭帶來的創傷是什麼樣子？戰爭裡的女性與性少數可以是什麼樣子？又或者，你祖輩在這塊土地上曾經歷的戰爭是什麼樣子？\n​\n你想知道。正因為有許多事物還不想放棄，所以你想知道。\n​\n閱讀作為一種備戰。你決定從現在開始。\n​\n​\n​\n​\n┈┈┈┈┈┈┈┈┈┈┈┈┈┈┈\n ​ ​ #主題企劃 ​ 我們在戰火前閱讀 ​ ​ ​ \n ​ ​ ​ ​ ​ ​ ​ 𝙱𝚘𝚘𝚔𝚜 ​ ​ 𝙱𝚎𝚏𝚘𝚛𝚎 ​ ​ 𝙰𝚜𝚑𝚎𝚜\n┈┈┈┈┈┈┈┈┈┈┈┈┈┈┈\n​\n​\n⁰¹ ​ 反抗的意志 \n—— #劉致昕 ◜讀◞《BLACKOUT》\nhttps://www.biosmonthly.com/article/11638\n​\n⁰² ​ 當女性主義者走入戰爭 \n—— #劉文 ◜讀◞《香蕉、海灘與軍事基地》\nhttps://www.biosmonthly.com/article/11637\n​\n⁰³ ​ 傷痕在哪裡 \n—— #彭仁郁 ◜讀◞《創傷與復原》＆《感謝您為國效力》\nhttps://www.biosmonthly.com/article/11640\n​\n⁰⁴ ​ 隔著一段距離的殺戮 \n—— #房慧真 ◜讀◞《利奧波德國王的鬼魂》\nhttps://www.biosmonthly.com/article/11635\n​\n⁰⁵ ​ 台灣文學裡的台灣兵 \n—— #黃崇凱 ◜讀◞《走過：一個台籍原住民老兵的故事》＆〈終戰の賠償〉\nhttps://www.biosmonthly.com/article/11636\n​\n​\n┄┄⟢┄┄⟢┄┄⟢┄┄⟢┄┄⟢┄┄⟢┄┄\n​\n​\n❒ 專題統籌_ 吳浩瑋\n❒ 撰稿_ ​ 陳劭任、吳浩瑋、房慧真、黃崇凱\n❒ 設計_ 傅浩鈞\n❒ 插畫_ Gao Yan  高 妍 \n❒ 攝影_ 劉耀鈞 \n​\n​\n#戰爭｜#我們在戰火前閱讀｜#BIOS企劃",
  "ad_profile_name": "BIOS monthly",
  "ad_profile_image": "https://scontent.ftpe8-2.fna.fbcdn.net/v/t39.35426-6/543456197_1299280667848134_3712391020831199720_n.jpg?stp=dst-jpg_s60x60_tt6&_nc_cat=103&ccb=1-7&_nc_sid=c53f8f&_nc_ohc=rdlmMdSKvJwQ7kNvwHKup3o&_nc_oc=AdlZfZlx83mgmbJSC21bflOmTgLNAPkvMWzNZkmJEZtipN9MVsEmhLmkZ8UkUuFi_R8&_nc_zt=14&_nc_ht=scontent.ftpe8-2.fna&_nc_gid=2OaaVFZJ7JKhl71lN6maoA&oh=00_Afr8DwjGpBqLVxCWCBy-LbhEs-ryNOywAOa-RsDx_c8T3Q&oe=696DE03D",
  "ad_is_video": false,
  "ad_video_preview_image": null,
  "ad_image": "https://scontent.ftpe8-2.fna.fbcdn.net/v/t39.35426-6/542689773_1285198213302786_1074082775192166022_n.jpg?stp=dst-jpg_s600x600_tt6&_nc_cat=101&ccb=1-7&_nc_sid=c53f8f&_nc_ohc=bPdFih8ajkAQ7kNvwEMxCOH&_nc_oc=AdnJcamWijPL8EoZD_BIxUUTfByco9ePOX65uzJHUnKk2OZhdMPGID6vV_CxwcTiB3E&_nc_zt=14&_nc_ht=scontent.ftpe8-2.fna&_nc_gid=2OaaVFZJ7JKhl71lN6maoA&oh=00_AfqWd39_z5POEIIvXzrDBf3e10Cubq8dWxQZku6ZaYugDg&oe=696DCF54",
  "ad_cta_text": "",
  "ad_link_description": null,
  "ad_link_url": "https://www.biosmonthly.com/article/11638",
  "ad_title": null,
  "ad_caption": null,
  "ad_page_id": "143289285701193",
  "ad_cta_type": "",
  "ad_extra_links": [],
  "ad_extra_texts": [],
  "ad_page_categories": [
    "藝術人文網站"
  ],
  "ad_page_like_count": 0,
  "ad_publisher_platform": [
    "facebook",
    "instagram"
  ],
  "ad_like_count": "0",
  "ad_share_count": "0"
}