{
  "ad_id": "1105212784859250",
  "ad_context": "桃園六席立委一起參與反惡霸團結晚會，重量級貴賓接連上台助講，￼共同呼籲￼鄉親一定要出門投票， #不同意罷免！\n\n現場支持者爆滿，大家只有一個信念，要用手中的這一票守護民主、守護下一代的未來，7/26（六）我們一起投下＂不同意罷免＂！",
  "ad_profile_name": "萬美玲",
  "ad_profile_image": "https://scontent.ftpe8-1.fna.fbcdn.net/v/t39.35426-6/523391533_764461786262070_7440673783156301927_n.jpg?stp=dst-jpg_s60x60_tt6&_nc_cat=109&ccb=1-7&_nc_sid=c53f8f&_nc_ohc=Y4-xwexXvX0Q7kNvwFQWlrA&_nc_oc=AdkqAnh0pSYbE4GvGKk8-SDq2wna4e1EVDrBsX4EUPfAFxfvZ2LOB_VnHw077oftAYg&_nc_zt=14&_nc_ht=scontent.ftpe8-1.fna&_nc_gid=lcdf23bXyzil4Pmb7WM2Pg&oh=00_Afrldmr13_rW3_ux5U65l9KToVec1M3-pR5hgt9bQYJ2qg&oe=696E57FF",
  "ad_is_video": false,
  "ad_video_preview_image": null,
  "ad_image": "https://scontent.ftpe8-4.fna.fbcdn.net/v/t39.35426-6/520229866_1085159302976047_3103670284077044376_n.jpg?stp=dst-jpg_s600x600_tt6&_nc_cat=110&ccb=1-7&_nc_sid=c53f8f&_nc_ohc=zORIvYc5g6QQ7kNvwHkTgdH&_nc_oc=AdmmceLToIlB0QMpbWJ8RdOBe3CWJ54wkBZAUU-Z_KNDiiS_LGZbQRFSIkwTAdFr1AA&_nc_zt=14&_nc_ht=scontent.ftpe8-4.fna&_nc_gid=lcdf23bXyzil4Pmb7WM2Pg&oh=00_Afr-sQfKTDrOQJTdmlQCMAlx_k3wO8SuD-S6pwl0xY1D0g&oe=696E4A1D",
  "ad_cta_text": "",
  "ad_link_description": null,
  "ad_link_url": null,
  "ad_title": null,
  "ad_caption": null,
  "ad_page_id": "119465751469140",
  "ad_cta_type": "",
  "ad_extra_links": [],
  "ad_extra_texts": [],
  "ad_page_categories": [
    "政治人物"
  ],
  "ad_page_like_count": 0,
  "ad_publisher_platform": [
    "facebook",
    "instagram"
  ],
  "ad_like_count": "0",
  "ad_share_count": "0"
}