{
  "ad_id": "1105970818416878",
  "ad_context": "🐶ദ്ദി(⩌ᴗ⩌ )養寵物的拔麻現在出國✈️真嘟是有夠方便耶.ᐟ‪‪.ᐟ\n超級貼心的寵物旅館🥲\n現在住四晚就直接贈送住家到機場的接駁服務🛻\n（超讚🫶🏻行李再多也不怕🤣）\n重點是毛孩寶貝還可以一起搭乘✌🏻\n把拔麻麻出國玩 \n鼻用再擔心Butter沒人顧惹🫶🏻 \n⊹ 偶悶到了機場𓂃\n直接到寵物旅館check in.ᐟ‪‪.ᐟ\n ˶˘꒳˘讓八特去享受五星級假期\n（放下心中的大俗頭！！）\n（這絕對是德政！！🤣）\n\n𓂃在機場第二航廈五樓的\n🐶꒰ 嗨！寵物們航站！ ꒱🐱\n幫把拔馬麻都想好惹呦(ง ᵕᴗᵕ)ว\n我悶推著行李 🧳抱著寶貝🧈\n可以直接在航站帶寶貝check in啦🫶🏻\n\n🥲有夠方便.ᐟ‪‪.ᐟ\n﹆24小時都可以checkin\n✈️鼻用擔心班機幾點呦😍\n（紅眼班機都不怕！）\n﹆以小時為單位計費（大拇哥！）\n所以不用前一天先去住旅館！\n隨著拔拔馬麻出發回國的時間配合(๑•̀∀•́ฅ ✧\n﹆下飛機就直接到寵物航站櫃檯接寶貝肥家啦🐶ง ´͈౪`͈)ว\n（好幸福耶！回國直接抱到Butter🥹我親媽無誤！）\n（八特只覺得有沒有帶他的禮物來接他🤣）\n\n💭在二航的寵物航站是給寶貝們稍作休息的地方🥹\n貓咪狗勾都有分區🐶🐱\n（活潑的小狗勾也可以在航站裡跑跑認識環境呦！）\n\n𓂃在機場航站櫃檯辦理好入住手續📑\n寶貝的推車行李都可以寄放\n或是不能少的小被被 🧸\n愛吃的肉肉零食都要記得給寵物管家歐🍗\n\n💭接著等待接駁車到🚍\n就會有專業的寵物管家帶著寶貝搭車到旅館呦！🏠\n（車程大約15-20分鐘🫶🏻）\n\n噗噗噗💨～抵達\n꒰  嗨！寵物們航站旅館 ꒱\n🏡這邊就是八特住宿等把拔馬麻回國的旅館歐(•‾̑⌣‾̑•)ノ\n\n﹆旅館是24小時真人管家加上24小時全天式攝影監控🎥\n🧈在國外很想小Butter的時候偶要跟他連線一下🥹\n﹆每天還有最開心的散步跑跑時間🐕\n（是在安全的社區內散步）\n﹆最棒的是分區管理！\n依照狗狗的體型性格跟生活習慣做分區歐🥹🐕‍🦺🦮\n🧈像是八特是小i狗 管家會幫他分配到文靜小狗區(‧ᴗ‧)\n\n﹆還有許多額外的加購服務🥹\n（偶要幫八特加購陪睡服務還有洗彭彭美容 🫧）\n\n﹆🐱貓咪的房間是獨立房！我覺得非常貼心🥹\n比較不用擔心會因為大聲音嚇到貓寶貝歐(👍🏻 ˃ ᴗ ˂ )👍🏻\n\n٩(๑˃́ꇴ˂̀๑)۶來來來𓂃\n\n前面有說到\n💛旅館超！級！貼！心\n為解決把拔麻麻帶寵物們還要帶🧳行李往返機場的交通不便\n\n在11/1正式啟動寵物接送服務呦\n𓇬服務範圍/雙北、桃園、台中\n𓇬方案內容/訂購四晚住宿可以享有從住家到機場單趟免費接送服務呦🥹\n\n𓂃✈️準備出國的把拔馬麻悶\n記得要先預約呦🫶🏻\n\n✈️24小時預約制機場寵物旅館\n@hi\n\n꒰  嗨寵物們航站 ꒱\n🏷️機場接待中心第二航廈5樓\n🏷️03-3833316\n\n꒰  嗨寵物們航站旅館 本館 ꒱\n🏷️桃園市蘆竹區南山路一段125號1樓\n🏷️03-3118239 / 03-3223973\n\n🐶寶貝悶進機場可落地記得牽牽繩！不影響他人呦🥹\n\n💭以下是꒰  嗨！寵物們航站 ꒱\n的入住條件給拔麻悶參考呦🫶🏻\n✦住宿請出示獸醫師蓋章的寵物年度疫苗手冊📖\n✦需完成動保處規範晶片登記\n✦疫苗須施打十/八/七合一加狂犬病疫苗💉\n✦因房間大小規劃，本旅館僅開放未滿15公斤之狗狗預約住宿唷～\n年齡須滿8個月至未滿13歲。（如年齡已滿13歲至15歲，但健康狀況良好者，歡迎來電洽詢📞）\n\n✈️꙳☁⊹꙳ 🎧⊹꙳ 🤍 *\n\n #機場寵物旅館 ＃桃園機場 ＃寵物旅館 #桃園機場第二航廈＃寵物住宿",
  "ad_profile_name": "嗨寵物們航站 Terminal P",
  "ad_profile_image": "https://scontent.ftpe8-1.fna.fbcdn.net/v/t39.35426-6/574580058_1490527772218125_6702222718562194407_n.jpg?stp=dst-jpg_s60x60_tt6&_nc_cat=105&ccb=1-7&_nc_sid=c53f8f&_nc_ohc=iviN1jostFsQ7kNvwG4IUyG&_nc_oc=Admh0ihLabSxh1sQDbxm2mvuN9Fm5FDGSLIt1DR6nTlathNScOiv0_vjNxIM0ltMdCw&_nc_zt=14&_nc_ht=scontent.ftpe8-1.fna&_nc_gid=I_X7c3-RxETs_11W1kLwog&oh=00_AfpohQnpMFAL6iuhxjOIEx0VcACL5xjFUieaZSrpNeQYqQ&oe=696DE467",
  "ad_is_video": false,
  "ad_video_preview_image": "https://scontent.ftpe8-4.fna.fbcdn.net/v/t39.35426-6/574886433_1918180359091693_884776301376294848_n.jpg?_nc_cat=102&ccb=1-7&_nc_sid=c53f8f&_nc_ohc=tYtaYKUt_AwQ7kNvwGJFz6u&_nc_oc=AdnhuxqwQKOaXp5Kc7-yFcquIx4jFl__8x-4z314svE9IjsFPe0rixd8ICI5DO0znxw&_nc_zt=14&_nc_ht=scontent.ftpe8-4.fna&_nc_gid=I_X7c3-RxETs_11W1kLwog&oh=00_Afq0EW20rLSyPNA-BzHj4_MmYm-CH0k2Bux96gLcM2-nDw&oe=696DC14B",
  "ad_image": null,
  "ad_cta_text": "搶先預約",
  "ad_link_description": null,
  "ad_link_url": "https://l.facebook.com/l.php?u=https%3A%2F%2Fterminalp.vip%2F6rYYN%3Ffbclid%3DIwZXh0bgNhZW0CMTAAYnJpZBExcjBkMnVFZ0F2RGFYN3NnVnNydGMGYXBwX2lkDzU0MTYzOTQ5Mzg4OTAyNQABHgiisMMtbRkxTcTDQ9_VrGAQ-WuVwhocVeBrQGPWACtYdKt91aolHERvxkBk_aem_mu6O7xHZWRJKdP6JKw-MDA&h=AT2BhxC3nAGXMCL473HGtxFcotb0PSRWI4mCTKDBMloqMPVjGlv1v3h5zUKShHwNRS_xhzJT_gfelTPvB9D39M3uCE6wZQMjftFtylU02hSLrZlsokaWpgpfrVbxomFiTI-bVYuPSat-l7s46x2oJw",
  "ad_title": null,
  "ad_caption": "terminalp.vip",
  "ad_page_id": "508414799030945",
  "ad_cta_type": "搶先預約",
  "ad_extra_links": [],
  "ad_extra_texts": [],
  "ad_page_categories": [
    "寵物服務"
  ],
  "ad_page_like_count": 6544,
  "ad_publisher_platform": [
    "facebook",
    "instagram",
    "audience_network"
  ],
  "ad_like_count": "0",
  "ad_share_count": "0"
}