{
  "ad_id": "1106171697823531",
  "ad_context": "縱容惡意職場霸凌？政府意圖粉飾太平？💢💢💢\n\n近期台灣發生基層員工遭受惡意職場霸凌而輕生的憾事，施暴者利用她在政府高層的關係，在事發後蓄意拖延調查、淡化主管責任、限制媒體報導、意圖掩蓋事實。\n\n這不僅是一個悲劇，也是一個關於行政透明度和責任問題的嚴肅考驗。當職場霸凌得以隱匿、沒有受到適當處理，我們必須問：這是我們希望看到的政府作風嗎？\n\n期待這起事件可以成為一個警訊：促使職場建立更嚴謹的霸凌防範機制、更透明的調查程序。創造一個沒有恐懼的工作環境，讓每一位員工都能在工作中感受到尊重與安全。🕯️🕯️🕯️\n\n對於這樣的職場霸凌事件，您認為政府應該負起哪些責任呢？歡迎留言表達你的觀點！💬💬💬\n\n#霸凌 #職場霸凌 #台灣 #勞動部 #時事\n#郵票故事 #郵票收購 #郵票 #集郵\n\n*本圖郵票：\n(希臘) STOP BULLYING，2020年12月3日發行\n\n*【經典公益郵舍】關心您：\n再給自己一次機會，勇敢求救並非弱者；生命線1995、張老師服務專線1980、衛福部安心專線1925",
  "ad_profile_name": "經典公益郵舍-跟著韓老師玩轉收藏世界",
  "ad_profile_image": "https://scontent.ftpe8-4.fna.fbcdn.net/v/t39.35426-6/467722788_1820616535374198_3089437301696474474_n.jpg?stp=dst-jpg_s60x60_tt6&_nc_cat=102&ccb=1-7&_nc_sid=c53f8f&_nc_ohc=ABEYAaguqucQ7kNvwEhIy75&_nc_oc=AdmanXoMdHt3xcrl-unEHE3sVe-anFgltv5hzzO6S5GoWn5yLJhou6TmOKyQwXvSh7Y&_nc_zt=14&_nc_ht=scontent.ftpe8-4.fna&_nc_gid=evxCz-6oa--OQXFMwlSUxg&oh=00_Afo5x9sV5nNB-rkvR2axeYiI5FBHkOkFQu9R6tyL2rdEkw&oe=696DDC64",
  "ad_is_video": false,
  "ad_video_preview_image": null,
  "ad_image": "https://scontent.ftpe8-4.fna.fbcdn.net/v/t39.35426-6/467593385_3824661537785079_8028097306130459075_n.jpg?stp=dst-jpg_s600x600_tt6&_nc_cat=102&ccb=1-7&_nc_sid=c53f8f&_nc_ohc=ZEfEwGQRluAQ7kNvwGuj9l9&_nc_oc=AdnmAGBRXEZiWZJFEms6TMvLRl6u1GL2taZmbau3QuZGOOfQhf5JTFWVC1X-ytSaL5k&_nc_zt=14&_nc_ht=scontent.ftpe8-4.fna&_nc_gid=evxCz-6oa--OQXFMwlSUxg&oh=00_AfpFPLd2EFb26np6yzCd6GvuVnbXgjgTqee55dojMpZMWA&oe=696DDA2B",
  "ad_cta_text": "發送訊息",
  "ad_link_description": null,
  "ad_link_url": null,
  "ad_title": null,
  "ad_caption": null,
  "ad_page_id": "113791200340934",
  "ad_cta_type": "發送訊息",
  "ad_extra_links": [],
  "ad_extra_texts": [],
  "ad_page_categories": [
    "收藏品專賣店"
  ],
  "ad_page_like_count": 6299,
  "ad_publisher_platform": [
    "facebook"
  ],
  "ad_like_count": "0",
  "ad_share_count": "0"
}