{
  "ad_id": "1108974657843236",
  "ad_context": "爭取老農津貼調升至1萬5千元，守護農民生計、帶動農業發展！\n\n農業是一個國家的根本，更是重要的戰略物資。以台東來說，不論是縱谷平原的稻作，還是各地的水果產業，長年撐起台灣重要的糧食與農業生產。然而這些撐起國家的農民朋友，目前每個月領到的老農津貼，只有 8,110 元。\n\n在物價年年上漲的今天，對許多年事已高、已難再從事勞動的農民而言，這樣的金額真的不敷生活所需。如果國家在這個時候選擇視而不見，那就是對不起一輩子為台灣付出的農民！\n\n國民黨立委早在上個會期就提出修正草案，提升老農津貼，但很遺憾，民進黨團卻以「修法不能增加預算」為由阻擋，甚至部分民進黨立委也被迫撤案。但民進黨的做法，絲毫禁不起檢驗，因為賴清德總統在 2005 年擔任立委時，就曾提案修法提高老農津貼，難道當年的賴清德也是民進黨口中的「毀憲亂政」？\n\n今天國民黨團立委宣布將提案修法：\n\n✊老農津貼調升至每月1.5萬元\n✊因土地現值增長，老農津貼應放寬排富門檻\n✊老農津貼調整必須與時俱進，至少每2年調整一次\n\n阿賓要強調，老農津貼不是政治議題，而是國家對農民最基本的尊重與照顧。我們呼籲民進黨，不要再用政治算計對待辛苦善良的農民，也誠摯邀所有願意為農民著想的立委，一起支持國民黨將老農津貼提升至 15,000 元的修法方向。\n\n照顧農民，就是守住台灣的根本！",
  "ad_profile_name": "黃建賓",
  "ad_profile_image": "https://scontent.ftpe8-1.fna.fbcdn.net/v/t39.35426-6/600447583_1197421735069775_8079088504757096816_n.jpg?stp=dst-jpg_s60x60_tt6&_nc_cat=108&ccb=1-7&_nc_sid=c53f8f&_nc_ohc=QnBsZnI6bMYQ7kNvwGDyswa&_nc_oc=Adm8y80Zz5aIzN-TpTDT9lEeuCakO_yCuJIMV_Uxuregb0DNIm1pdpstcjYxcCgDJuE&_nc_zt=14&_nc_ht=scontent.ftpe8-1.fna&_nc_gid=LqWHOWFuvwxV02T9kS7CIQ&oh=00_AfpX-FHS1NdiM-_pkmKA_Hd98-Zig1HDcxaHOz_Q_Qq3jw&oe=696DDABC",
  "ad_is_video": false,
  "ad_video_preview_image": null,
  "ad_image": "https://scontent.ftpe8-4.fna.fbcdn.net/v/t39.35426-6/600369861_1278563160675874_6513359399727399063_n.jpg?stp=dst-jpg_s600x600_tt6&_nc_cat=110&ccb=1-7&_nc_sid=c53f8f&_nc_ohc=82DqvfgadeoQ7kNvwEl5EIt&_nc_oc=AdnRdKAZum5YM_3ob11-a9sji6cYzk_bdIqb1WqiA4_XxnS_8QmZWS6mr_ZoRdncAck&_nc_zt=14&_nc_ht=scontent.ftpe8-4.fna&_nc_gid=LqWHOWFuvwxV02T9kS7CIQ&oh=00_AfqATMu5ciLLhJ0WmIi-Mn_2NoD6qb1Zsk22lK9h6ETm9w&oe=696DFC43",
  "ad_cta_text": "",
  "ad_link_description": null,
  "ad_link_url": null,
  "ad_title": null,
  "ad_caption": null,
  "ad_page_id": "288985605227865",
  "ad_cta_type": "",
  "ad_extra_links": [],
  "ad_extra_texts": [],
  "ad_page_categories": [
    "政治人物"
  ],
  "ad_page_like_count": 0,
  "ad_publisher_platform": [
    "facebook",
    "instagram"
  ],
  "ad_like_count": "0",
  "ad_share_count": "0"
}