{
  "ad_id": "1109948227792833",
  "ad_context": "災難發生時，你卻不在家人身邊，他們安全嗎？\n打造一個互助網 https://lihipro.com/pjyoY\n讓你可以牢牢接住在乎的人！\n\n面對不斷升高的戰爭與天災的風險，為了所有你在乎的人的平安，必須提前準備。\n\n「編織庇護網計畫」由此而生，為了能打造「由熟悉且可信賴的人們」組成的避風港。\n\n透過「收容所開設營運指南」、「套件」與「核心課程」，訓練夥伴在危機時刻，能迅速動員並開設收容所，與親友在準備好的地方，安全度過最混亂的時期。\n\n【募資原因】\n\n➊ 公部門量能專業但有限，無法第一時照顧到所有人。\n➋ 戰災與天災，無法只憑個人的防災準備去面對，必須仰賴團體互助。\n➌ 目前提供給大眾的課程，多數著重於提升個人的防救災能力，而較少見針對團體或組織設計的內容。\n\n【募資預計達成】\n⓵ 開發指南、套件與課程，提供實用有效的團體防災方案\n⓶ 2027年以前在台南建立75個民間收容所團隊，降低在地民眾面對災害的脆弱性。\n⓷ 將指南與套件，盡可能的部署到合適的避難處所，提升城市韌性，堆疊侵略者的成本\n\n💰小額贊助：就算只是投注一點力量，也是向前的一步。\n\n👥分享貼文：把這篇訊息分享給親友、社區群組、Line 社群，都可能帶來意想不到的影響。\n\n📱聯絡你所屬組織／社團：如果你在教會、社區、公司有影響力，可以推薦這專案給團體參與。\n\n立刻加入，跟我們一起編織強韌的庇護網\n🔥https://lihipro.com/pjyoY",
  "ad_profile_name": "圓鯨韌性",
  "ad_profile_image": "https://scontent.ftpe8-1.fna.fbcdn.net/v/t39.35426-6/567584741_2001756360399564_6140616927170855540_n.jpg?stp=dst-jpg_s60x60_tt6&_nc_cat=109&ccb=1-7&_nc_sid=c53f8f&_nc_ohc=2xFxuQxUMCoQ7kNvwExmPsL&_nc_oc=AdkTrTKaG1tmNsI7gH1Uovdskr6DMXedOd5m1u0Xr-iu7Sg1h3HADSOgiToCUE9qejI&_nc_zt=14&_nc_ht=scontent.ftpe8-1.fna&_nc_gid=surGOBD6rNWk8Bp0juTKMg&oh=00_AfqSyHi0M4LtURHZKYAxv5y6kBA67mgxkSW7MFIEvGG9yQ&oe=696E51C5",
  "ad_is_video": false,
  "ad_video_preview_image": "https://scontent.ftpe8-3.fna.fbcdn.net/v/t39.35426-6/567275280_1499025724772131_7590032468228767561_n.jpg?_nc_cat=111&ccb=1-7&_nc_sid=c53f8f&_nc_ohc=R6I_iJ-dNgAQ7kNvwHVnRBa&_nc_oc=AdmGFK5pPR6TTRfi6mhB0CYQfgGCk0gGg-O4G_mXg8AEUGpoA_FOE8iI3JGVQUjwRsc&_nc_zt=14&_nc_ht=scontent.ftpe8-3.fna&_nc_gid=surGOBD6rNWk8Bp0juTKMg&oh=00_AfpPUJzZSgdSjqEVvKSH6THqIzi6jgpunyr1-5Syu1CZyA&oe=696E61A1",
  "ad_image": null,
  "ad_cta_text": "觀看更多",
  "ad_link_description": null,
  "ad_link_url": "https://lihipro.com/pjyoY",
  "ad_title": "嘖嘖募資中｜民間收容所開設營運指南",
  "ad_caption": "lihipro.com",
  "ad_page_id": "685914854616134",
  "ad_cta_type": "觀看更多",
  "ad_extra_links": [],
  "ad_extra_texts": [],
  "ad_page_categories": [
    "顧問公司"
  ],
  "ad_page_like_count": 457,
  "ad_publisher_platform": [
    "facebook",
    "instagram"
  ],
  "ad_like_count": "0",
  "ad_share_count": "0"
}