{
  "ad_id": "1110836597801932",
  "ad_context": "【屏東潮州百坪運動用品】租約到期結束營業\n❄️冰絲短袖T恤(男女款)\n• 輕薄防曬、透氣舒適\n• 不褪色,不起皺,百搭好衣品\n搶購優惠 👉https://psce.pw/ppaSA\n超級百搭_好品質看得見摸的著！\n 🌈多色可選，運動外休閒，40-115KG可穿",
  "ad_profile_name": "雷根運動用品 屏東潮洲店",
  "ad_profile_image": "https://scontent.ftpe8-4.fna.fbcdn.net/v/t39.35426-6/558853973_1141551324045265_6825951118056232015_n.jpg?stp=dst-jpg_s60x60_tt6&_nc_cat=102&ccb=1-7&_nc_sid=c53f8f&_nc_ohc=oK1FAaS3a3wQ7kNvwHRmqrM&_nc_oc=AdkjMMh8Oa4AuzIub3g19H5w7CL_4_ZnvfbdVMtrG1KuMDjIW6-EaMU_tYcsM_iaa9I&_nc_zt=14&_nc_ht=scontent.ftpe8-4.fna&_nc_gid=xaBGl5pnBjTyEB-YSg8Obg&oh=00_AfqyeWj1D-am4bd9Z8nTeEFvlyyLAsPSjwfuS2r9l6c9HA&oe=696E4B57",
  "ad_is_video": false,
  "ad_video_preview_image": null,
  "ad_image": "https://scontent.ftpe8-2.fna.fbcdn.net/v/t39.35426-6/558919706_833153142386786_8631537167464084625_n.jpg?stp=dst-jpg_s600x600_tt6&_nc_cat=101&ccb=1-7&_nc_sid=c53f8f&_nc_ohc=oeik6tfpB0sQ7kNvwGVTjVK&_nc_oc=Adk-wb9l9xnNe-Fk_24ts8Lkppo58MlGZGeh-QEOZ0jkg1GKdP214l2lofQhVT8rU9I&_nc_zt=14&_nc_ht=scontent.ftpe8-2.fna&_nc_gid=xaBGl5pnBjTyEB-YSg8Obg&oh=00_AfqhmzOnBDA6SQuorgq_QJCxtSgCWzKMb4uNLw_Pa1UgcA&oe=696E709F",
  "ad_cta_text": "瞭解詳情",
  "ad_link_description": null,
  "ad_link_url": "https://psce.pw/ppaSA",
  "ad_title": "任選3件_僅NT$999，4件_僅NT$1000",
  "ad_caption": "vworawf.top",
  "ad_page_id": "771695122692824",
  "ad_cta_type": "瞭解詳情",
  "ad_extra_links": [],
  "ad_extra_texts": [],
  "ad_page_categories": [
    "運動用品店"
  ],
  "ad_page_like_count": 0,
  "ad_publisher_platform": [
    "facebook",
    "instagram",
    "audience_network",
    "messenger",
    "threads"
  ],
  "ad_like_count": "0",
  "ad_share_count": "0"
}