{
  "ad_id": "1110533613713850",
  "ad_context": "【 2024年1月8日總統及立委選前之夜 】\n\n🗓️ 1月8日（ㄧ）晚上 7:00，邀請大家來到『 #國門廣場 』，有您的支持以及鼓勵，我們可以走的更遠！\n\n📍怡芳的位置在 #5號，歡迎大家一起來參加！\n\n🙏2024年1月13日懇請支持\n\n👉🏻總統②號 賴清德、蕭美琴 Bi-khim Hsiao\n👉🏻立委⑥號 基隆 立委參選人 鄭文婷律師\n👉🏻政黨⑥號 民主進步黨\n\n#選對的人 #走對的路\n#台灣美德站出來\n#基隆市議員曾怡芳",
  "ad_profile_name": "曾怡芳",
  "ad_profile_image": "https://scontent.ftpe8-2.fna.fbcdn.net/v/t39.35426-6/413035672_607025161551262_6012604002175411865_n.jpg?stp=dst-jpg_s60x60_tt6&_nc_cat=101&ccb=1-7&_nc_sid=c53f8f&_nc_ohc=iQaWBe3Sh5oQ7kNvwHjCskd&_nc_oc=AdmkBcOrkiVg3Yj5qL-ZoztvXKOPt7lIg1orPUz2FOo-W79_Zl1lBm0krybcX4t3Xyw&_nc_zt=14&_nc_ht=scontent.ftpe8-2.fna&_nc_gid=ySme0po8HgiuX_H2Kx7Lhg&oh=00_AfoovuGLUI8o-aDC_srA2M_jCSRmdumVgHaRlQ8Thb2aFA&oe=696DBBA7",
  "ad_is_video": false,
  "ad_video_preview_image": "https://scontent.ftpe8-3.fna.fbcdn.net/v/t39.35426-6/413048790_807359974488871_5169628898467399043_n.jpg?_nc_cat=111&ccb=1-7&_nc_sid=c53f8f&_nc_ohc=YoZ759wDu8AQ7kNvwEjx_PC&_nc_oc=Adl_wgIZFzSu56qUU46k0aBfGNHk9-DW0pptn9EzNizlRsc3SSu31JL0wX7TtoLYPlE&_nc_zt=14&_nc_ht=scontent.ftpe8-3.fna&_nc_gid=ySme0po8HgiuX_H2Kx7Lhg&oh=00_Afp7-bwDYF8MprToJMRwRoXPeK_0IPoZO9eIKwm7klIMlA&oe=696DC76B",
  "ad_image": null,
  "ad_cta_text": "",
  "ad_link_description": null,
  "ad_link_url": null,
  "ad_title": null,
  "ad_caption": null,
  "ad_page_id": "110447271511670",
  "ad_cta_type": "",
  "ad_extra_links": [],
  "ad_extra_texts": [],
  "ad_page_categories": [],
  "ad_page_like_count": 0,
  "ad_publisher_platform": [
    "facebook"
  ],
  "ad_like_count": "0",
  "ad_share_count": "0"
}