{
  "ad_id": "1111791940901605",
  "ad_context": "核三延役，請投同意✅\n新角色加入，請多關注。\n#空汙篇\n#版權沒有請多分享",
  "ad_profile_name": "李明賢 -阿賢之聲",
  "ad_profile_image": "https://scontent.ftpe8-1.fna.fbcdn.net/v/t39.35426-6/534146500_750004148003627_6814656647023833888_n.jpg?stp=dst-jpg_s60x60_tt6&_nc_cat=109&ccb=1-7&_nc_sid=c53f8f&_nc_ohc=uVMoimKTn_kQ7kNvwG4bgkR&_nc_oc=AdnC1fEBznUawnRNe7vWVpk7sArAXaSOfRQgZMxre8rjmzdQa9O91t2ks7aY8QoVbxA&_nc_zt=14&_nc_ht=scontent.ftpe8-1.fna&_nc_gid=ttTyCESy2vhrDcPvNq5iYQ&oh=00_Afpuc_JwPigpfBP_TB9RxQo65ZF7hO5o6LP2O4OXIqT8Xg&oe=696E4408",
  "ad_is_video": false,
  "ad_video_preview_image": "https://scontent.ftpe8-2.fna.fbcdn.net/v/t39.35426-6/534615585_1426361965285581_4358433628783963153_n.jpg?_nc_cat=103&ccb=1-7&_nc_sid=c53f8f&_nc_ohc=QwSjDZJSUw4Q7kNvwHk9XiS&_nc_oc=AdngElAb5-V901JybFo88pDlLPoehc-8g7Ai5GXsHZhr9FhtVMYII3OYLlgZV4vb0a8&_nc_zt=14&_nc_ht=scontent.ftpe8-2.fna&_nc_gid=ttTyCESy2vhrDcPvNq5iYQ&oh=00_AfprvMm8P52ypii17dt2bCp3aJiX-GCi3rfNIpNnxP4_fg&oe=696E5C5C",
  "ad_image": null,
  "ad_cta_text": "立即通話",
  "ad_link_description": null,
  "ad_link_url": null,
  "ad_title": null,
  "ad_caption": null,
  "ad_page_id": "1014522188609435",
  "ad_cta_type": "立即通話",
  "ad_extra_links": [],
  "ad_extra_texts": [],
  "ad_page_categories": [],
  "ad_page_like_count": 0,
  "ad_publisher_platform": [
    "facebook",
    "instagram"
  ],
  "ad_like_count": "0",
  "ad_share_count": "0"
}