{
  "ad_id": "1112011897776393",
  "ad_context": "∴ ❈ •  2026 Booking Open • ❈ ∴ \n\n﹍﹍﹍﹍﹍﹍﹍﹍﹍﹍﹍﹍﹍\n\n2026 . 開放預約中，認領/客製 \n想刺小圖/曼陀羅與幾何大圖-包手/包腿/大背-歡迎預約討論\n已刺過的客製圖也能客製類似題材\n刺青師精選動態有更多領圖可以選擇✨\n\n • • • •• 曼陀羅 | 𝐌𝐚𝐧𝐝𝐚𝐥𝐚 •• • • •\n • • • •• 幾何 | 𝐆𝐞𝐨𝐦𝐞𝐭𝐫𝐲 •• • • •\n • • • •• 點陣 | 𝐃𝐨𝐭𝐰𝐨𝐫𝐤 •• • • •\n • • • •• 文字 | 𝐋𝐞𝐭𝐭𝐞𝐫𝐢𝐧𝐠 •• • • •\n\n﹍﹍﹍﹍﹍﹍﹍﹍﹍﹍﹍﹍﹍\n⠀⠀⠀⠀⠀⠀⠀⠀⠀⠀⠀⠀⠀⠀\n∵ ❈ • 歡迎訊息預約討論刺青 • ❈ ∵\n加入官方Line 🔍 \nIg inbox . Whatsapp . Fb .詢問\n\n⏀ Line - @418gnump\n⏀ Instagram - @androgyny_tattoo\n⏀ Facebook - Androgyny Lin\n⏀ Facebook Page - Androgyny Tattoo Studio\n⏀ Mail - androgynytattoo@gmail.com\n\n﹍﹍﹍﹍﹍﹍﹍﹍﹍﹍﹍﹍﹍\n\n#taiwan #taoyuan #tattoo #tattoodo #tattooing #tattoos #tattooartist #geometry #geometric #geometrictattoo #dotwork #dotworktattoo #black #blacktattoo #blaclworktattoo#blackworkers #blackink #blxckink #blkttt #tttism #linework #lineworktattoo #darkartists \n#androgyny_tattoo_barber #tattoobarbershop\n#桃園刺青店 #桃園刺青 #雌雄同体刺青理髮#藝文特區#幾何刺青\n@blacktattooing @blxckink @beautiful_mandalas @geometrieitaliane @black.pandemic @tattoodo\n⠀⠀⠀⠀⠀⠀⠀⠀⠀⠀⠀⠀⠀⠀ ⠀⠀⠀⠀⠀⠀⠀⠀⠀⠀⠀⠀⠀⠀ ⠀⠀⠀⠀⠀⠀⠀⠀⠀⠀⠀⠀⠀⠀\nDone at @androgyny_tattoo_barber",
  "ad_profile_name": "Androgyny Tattoo Studio",
  "ad_profile_image": "https://scontent.ftpe8-1.fna.fbcdn.net/v/t39.35426-6/571127652_1190310843154202_507009723871487286_n.jpg?stp=dst-jpg_s60x60_tt6&_nc_cat=108&ccb=1-7&_nc_sid=c53f8f&_nc_ohc=okp-RlJBGoIQ7kNvwE4ICF2&_nc_oc=AdkF-VYz4uOmbJUvTbj2Pq-DvvosmIe3dl0rvRKor2_Yiy3fxbUZMqQb6ZaEFOMEA04&_nc_zt=14&_nc_ht=scontent.ftpe8-1.fna&_nc_gid=O6eRwIfzr5DfUsS7OaC97A&oh=00_AfoV5pkCkOgbk3bgcFxBw9kJ3uFurl5_Te5wS8T3TL25Rw&oe=696DAC2B",
  "ad_is_video": false,
  "ad_video_preview_image": null,
  "ad_image": "https://scontent.ftpe8-3.fna.fbcdn.net/v/t39.35426-6/568925212_1375875457303325_7466206270370908182_n.jpg?stp=dst-jpg_s600x600_tt6&_nc_cat=107&ccb=1-7&_nc_sid=c53f8f&_nc_ohc=GLX1yTgK4ucQ7kNvwFAj_sU&_nc_oc=Adkft-1iTODJVVeBXCMfaCIUQaubUnmQTlRpdxrgoJNC6cngjDoKIQJ5uJ1CHqQg8aA&_nc_zt=14&_nc_ht=scontent.ftpe8-3.fna&_nc_gid=O6eRwIfzr5DfUsS7OaC97A&oh=00_Afq0gzwc4FT1x1S4lxYTFh0yvX0B8w5prP_3WphljnGzew&oe=696DCEA3",
  "ad_cta_text": "瀏覽 Instagram 個人檔案",
  "ad_link_description": null,
  "ad_link_url": "https://l.facebook.com/l.php?u=http%3A%2F%2Finstagram.com%2Fandrogyny_tattoo%3Ffbclid%3DIwZXh0bgNhZW0CMTAAYnJpZBExU1l2RFNqN2dFaHo0eUdwcHNydGMGYXBwX2lkDzU0MTYzOTQ5Mzg4OTAyNQABHl_QLfUyVcQYdwUFFgVV4Um_pg5uLJYVvOfkW8cRinl4Z3c5FEGoojAvJ9XE_aem_gHOUjX9D4uJiNFLiYiZzEQ&h=AT3Wv6q-ytWADCVoqySJPkKMTcC2-BcYk6hBp8v8n4Xo9BdfqVQrWiRKpOSouTJf5AiMxTmyemVu-fiFJoBagV0QKfBiwmZ1kFbIwk7kdWhCXMFmIftMQtcA-QOQYLMTHaQHEgzOS7Ts7Q7poAikaQ",
  "ad_title": "instagram.com",
  "ad_caption": "instagram.com",
  "ad_page_id": "129740487687401",
  "ad_cta_type": "瀏覽 Instagram 個人檔案",
  "ad_extra_links": [],
  "ad_extra_texts": [],
  "ad_page_categories": [],
  "ad_page_like_count": 0,
  "ad_publisher_platform": [
    "facebook",
    "instagram"
  ],
  "ad_like_count": "0",
  "ad_share_count": "0"
}