{
  "ad_id": "1113803669301058",
  "ad_context": "#周佳琪按鈴申告：#民進黨網軍出動奧步抹黑！ \n呼籲市民鄉親，請勿讓抹黑造謠的奧步設計得逞！\n\n佳琪上午前往地檢署按鈴申告，屏東市長選舉對手陣營網軍四處不斷散發不實訊息，隱射賄選，已構成誹謗要素，意圖使人不當選！佳琪要求檢察官徹查，並立即制止此等不當言論。\n\n對手李清聖候選人假情假意要反賄選，其實卻是出動網軍進行奧步抹黑，甚至為選前嫁禍他人的奧步做鋪陳！佳琪呼籲如此兩面暗黑手法，選民千萬不要中計，請看清民進黨的伎倆，理性投票。\n\n民進黨選前出奧步手段，已經多到罄竹難書，2006年高雄市長選舉最惡劣，選前深夜陳菊陣營以「走路工」奧步，讓原來領先的黃俊英以1114票飲恨，輸掉高雄市長選舉，事後證明根本沒有走路工。2020年佳琪參選屏南立委，也在選前被惡意放出賄選有人被抓的謠言，事後也證明根本沒有這回事。\n\n網路社群群組上，對手陣營不斷在散發不實內容的圖卡！佳琪今天到地檢署提告，就是要把幕後黑手揪出來。這種傳播散發不實資訊的行為，已經觸法。佳琪呼籲鄉親朋友不要受騙上當，成為幕後黑手的利用工具，反而讓自己觸法惹上官司。\n\n佳琪提告為伸張正義不能再忍！不能讓民進黨頂著正義大旗卻大撒奧步數，用網軍與文宣品不斷惡意連結賄選等名詞，選前最後時刻再出殺手鐧，栽贓嫁禍，讓人措手不及無法澄清！或作賊喊抓賊，反咬別人抹黑都是假爆料！請市民鄉親看清這些輪番奧步背後帶動人云亦云鼓惑是非的惡質操作！\n\n#表面笑著說愛 #私下狂出黑手 \n#對佳琪無止盡的政治霸凌可以停止！\n#候選人的人格言行應該被大眾公開檢視\n佳琪認為，選舉不能為了贏而無所不用其極，因為候選人的人格言行將反映出施政作為的未來縮影，是該被大眾檢視的重要一環！一個笑著笑著說愛，私下卻狂下黑手的人，他的愛是扭曲的愛，如何能期待做一個當選後實在做事、信實正派的市長！\n\n#佳琪競選總部今天也提出鄭重呼籲：選前市民朋友若有發現任何抹黑栽贓或賄選的事件，也請您主動向佳琪總部通報，共同為乾淨選舉盡一份心力！\n\n#屏東市長候選人1號周佳琪  #勇往直前",
  "ad_profile_name": "屏東市長候選人 周佳琪",
  "ad_profile_image": "https://scontent.ftpe8-3.fna.fbcdn.net/v/t39.35426-6/315871695_504915874998149_2026596059549188051_n.jpg?stp=dst-jpg_s60x60_tt6&_nc_cat=106&ccb=1-7&_nc_sid=c53f8f&_nc_ohc=JKNWj9yhuh8Q7kNvwFcePGK&_nc_oc=Adk4XvK6IJgLwwBrXn7K3eYYp6inhaeeEdQMDTrZ2MaUBC9j-6z85jLw_eNGPomdNUI&_nc_zt=14&_nc_ht=scontent.ftpe8-3.fna&_nc_gid=y4i9a-6s1M8Rc4JWETUrmA&oh=00_AfqOyi-BjVFGmMsHeZNn8-bxc0IDFSZrwUdJXASGLYb1Ng&oe=696DC3B9",
  "ad_is_video": false,
  "ad_video_preview_image": null,
  "ad_image": "https://scontent.ftpe8-1.fna.fbcdn.net/v/t39.35426-6/315893947_527109012765949_6958405019851030943_n.jpg?stp=dst-jpg_s600x600_tt6&_nc_cat=108&ccb=1-7&_nc_sid=c53f8f&_nc_ohc=9ZO-kXbJAyMQ7kNvwHMqhHL&_nc_oc=AdlGOS1WzqFv9p6K2RrxsYYCtVJTY9dPDjwMzl20M8RRirokCtf2mbNPdKtoICv16Ww&_nc_zt=14&_nc_ht=scontent.ftpe8-1.fna&_nc_gid=y4i9a-6s1M8Rc4JWETUrmA&oh=00_AfpZLZToXuqj7_Q1CjHNjsrH5afAj2tcr37sMMOMykmcVQ&oe=696DCB44",
  "ad_cta_text": "",
  "ad_link_description": null,
  "ad_link_url": null,
  "ad_title": null,
  "ad_caption": null,
  "ad_page_id": "258387768395887",
  "ad_cta_type": "",
  "ad_extra_links": [],
  "ad_extra_texts": [],
  "ad_page_categories": [
    "政治人物"
  ],
  "ad_page_like_count": 0,
  "ad_publisher_platform": [
    "facebook"
  ],
  "ad_like_count": "0",
  "ad_share_count": "0"
}