{
  "ad_id": "1113617170733870",
  "ad_context": "🎄攜手社區，把善意留在生活裡\n　\n上週參與左營劉淯騰 自助里里長舉辦的「聖誕二手公益市集」，今天把大家的愛心正式送到華山基金會左營站💛\n　\n今天，我們將市集當天募集到的所有發票全數捐贈給華山基金會，劉淯騰里長也特別加碼捐助愛心麵包、愛心果汁，期盼在歲末年終之際，為第一線民間照護服務送上一份實質支持與溫暖祝福。\n　\n長期走進社區、走進地方，我越來越感受到，其實基層社會裡藏著非常龐大的互助能量。公益不一定要很盛大，它可以就發生在生活裡、發生在社區中，只要有人願意一起伸出手。\n　\n謝謝每一位參與的居民、志工與夥伴，讓善意在地方持續流動。未來也希望能繼續串聯社區與公益資源，讓這樣的溫暖不只是一次活動，而是一種日常💛\n　\n💛支持華山基金會，一起陪伴長輩過好年\n華山基金會長期關懷三失（失依、失能、失智）獨居長輩，大高雄地區目前服務約3,400位長輩。現正推動「愛老人 愛團圓」公益活動，邀請大家一起認助愛心年菜（每份1,000 元），讓長輩在農曆春節也能感受到團圓的幸福。\n　\n📞愛心專線：(07) 345-2649 徐站長\n📮劃撥帳號：42182258\n👤戶名：華山基金會（請註明：115春節左營1站）\n👤勸募字號：114愛老人衛部救字第1131364620號",
  "ad_profile_name": "尹立 左營楠梓市議員參選人",
  "ad_profile_image": "https://scontent.ftpe8-1.fna.fbcdn.net/v/t39.35426-6/607683153_1421253096015754_1301820096120874731_n.jpg?stp=dst-jpg_s60x60_tt6&_nc_cat=108&ccb=1-7&_nc_sid=c53f8f&_nc_ohc=fM9kpkWvp98Q7kNvwEEd0Q9&_nc_oc=Adkv3e12_S1l09kQkOvnFecX9-9jsuudbhe5qIqDVXl2SfLq0SwWy5UTIciVyqZvZ4w&_nc_zt=14&_nc_ht=scontent.ftpe8-1.fna&_nc_gid=lIXOlQbZCR2B9zeX4XQXYg&oh=00_AfrWvPFjxIepoC9SW2ZBsb8KASegcxjy48BHSEnxlI7GDw&oe=696E417E",
  "ad_is_video": false,
  "ad_video_preview_image": null,
  "ad_image": "https://scontent.ftpe8-3.fna.fbcdn.net/v/t39.35426-6/606418776_890612903560289_4492733722187746015_n.jpg?stp=dst-jpg_s600x600_tt6&_nc_cat=106&ccb=1-7&_nc_sid=c53f8f&_nc_ohc=RpmDcBtpUJ4Q7kNvwG3oNZl&_nc_oc=AdlzGd375wBKRF7ypcxxkEa0DdUQx4Ee2flJwz7--5ZUh9UqEKUFEE7WJq4fK7-Vh8Y&_nc_zt=14&_nc_ht=scontent.ftpe8-3.fna&_nc_gid=lIXOlQbZCR2B9zeX4XQXYg&oh=00_AfrP6F6dSKaP-zcoXb8JwCfgyt_AsBE_0L9z76fN1_YoMw&oe=696E5038",
  "ad_cta_text": "",
  "ad_link_description": null,
  "ad_link_url": null,
  "ad_title": null,
  "ad_caption": null,
  "ad_page_id": "101568996094569",
  "ad_cta_type": "",
  "ad_extra_links": [],
  "ad_extra_texts": [],
  "ad_page_categories": [
    "公眾人物"
  ],
  "ad_page_like_count": 3451,
  "ad_publisher_platform": [
    "facebook",
    "instagram"
  ],
  "ad_like_count": "0",
  "ad_share_count": "0"
}