{
  "ad_id": "1114887737505837",
  "ad_context": "🌱 一起邁向永續：環境權導覽與木石頭DIY🪵\n\n9月27日，我們在陳定南紀念館舉辦了超好玩的教育活動：【木石頭DIY】，帶著大家一起回顧宜蘭的環保政策發展，認識「環境權」這項每個人都應擁有的人權，並實際體驗資源循環的可能性！\n\n宜蘭今日的好山好水是怎麼來的？\n導覽夥伴帶著大小朋友認識宜蘭自1980年代以來，如何守護環境的故事，從抗爭到政策推動，以及現在宜蘭需要面對的新挑戰。同時，也向大家分享紀念館的#節能減碳  行動，鼓勵各位在生活中實踐永續行動。\n\n這次的DIY體驗中，使用了【裝潢木材剩料】，讓大家親手打磨出獨一無二的「木石頭」，身體力行，體會資源再利用的樂趣。完成的木石頭除了可當作擺飾、刮痧板、玩具，還能變身為擴香石——化無用為有用，是最有溫度的永續小物！\n\n永續的未來從認識環境開始，期待下次與大家再相見，也歡迎分享你的木石頭成品，讓更多人看見這份對環境的關懷與價值。💚\n\n #低碳博物館  #陳定南紀念館 #親子活動",
  "ad_profile_name": "陳定南教育基金會．紀念館",
  "ad_profile_image": "https://scontent.ftpe8-2.fna.fbcdn.net/v/t39.35426-6/560431723_1339475647570089_5346426368887649930_n.jpg?stp=dst-jpg_s60x60_tt6&_nc_cat=100&ccb=1-7&_nc_sid=c53f8f&_nc_ohc=380c9Y6CR40Q7kNvwFnJamA&_nc_oc=AdkVOXx5rs6cd_ilhJPItrdBUUTfnYSYzB3D7P2CmVbbK5tAxjoOA0tNEaj8NTbYE4M&_nc_zt=14&_nc_ht=scontent.ftpe8-2.fna&_nc_gid=X9rEDtlb_zCkumX7hgezhw&oh=00_AfrA4CTLf9amegxOgdIOOU6Aqqi2pKBKo863r-YtiU11TA&oe=696E403B",
  "ad_is_video": false,
  "ad_video_preview_image": null,
  "ad_image": "https://scontent.ftpe8-4.fna.fbcdn.net/v/t39.35426-6/558081093_753979137644428_2605440903361729338_n.jpg?stp=dst-jpg_s600x600_tt6&_nc_cat=102&ccb=1-7&_nc_sid=c53f8f&_nc_ohc=WWLgVvOOG0wQ7kNvwHJFiyZ&_nc_oc=AdkyUQOp-ml6rPdp92wFfSGjyhWG1t69kY5hZVHmRomFsI8a1drcGrflWAGXEFL468c&_nc_zt=14&_nc_ht=scontent.ftpe8-4.fna&_nc_gid=X9rEDtlb_zCkumX7hgezhw&oh=00_AfrmHtC2-n9OUGHTgalqWrFfCv869kfK65XaSvk5vg4uVw&oe=696E57C3",
  "ad_cta_text": "",
  "ad_link_description": null,
  "ad_link_url": null,
  "ad_title": null,
  "ad_caption": null,
  "ad_page_id": "176102929076101",
  "ad_cta_type": "",
  "ad_extra_links": [],
  "ad_extra_texts": [],
  "ad_page_categories": [
    "非營利組織"
  ],
  "ad_page_like_count": 0,
  "ad_publisher_platform": [
    "facebook",
    "instagram"
  ],
  "ad_like_count": "0",
  "ad_share_count": "0"
}