{
  "ad_id": "1115579774071947",
  "ad_context": "▋孩子很想寫作業，可是他真的做不到！\n\n一個字可以寫五分鐘，\n一題還沒寫完，這裡玩筆、那裡玩橡皮擦屑，\n學習單的空格還有好幾個，旁邊卻塗鴉滿滿⋯⋯\n陪孩子寫功課比上班還累，\n甚至會懷疑：要不要乾脆幫他寫一寫還比較快 🐢\n\n🙍‍♂️🙍‍♀️：「你為什麼不乖乖寫作業！」\n🧒：「陛下、母妃以為兒臣不想嗎！兒臣多想寫作業啊，\n可是兒臣做不到，兒臣做不到啊 😭😭😭」\n\n有時候孩子不是不努力，是身體真的還沒準備好。\n\n你可能沒想到，「握筆寫字」這件小事，\n其實需要動用非常精細的手部肌群 ✍️\n如果孩子的大小肌肉還沒發展成熟，\n不只握筆不穩，更別說寫得快、寫得久、寫得整齊了。\n\n這支試看影片將帶你從「虎口」出發，\n矯正孩子的握筆姿勢，從源頭改善寫字表現 💪\n\n在正式課程中，除了虎口外，\n還會教大家其他手部大小肌肉的練習方法：\n✔️肩膀：穩固肩部肌群，支撐整體動作，避免寫字搖晃、駝背聳肩\n✔️前臂：強化外旋肌群，能看見筆尖、運用視覺回饋即時調整書寫\n✔️手腕：解決懸空與倒鉤問題，改善施力角度，減輕手部疲勞\n✔️手弓：提升穩定度，避免寫字忽大忽小、不連貫\n✔️虎口：認識正確握筆姿勢，增進手指靈活度與控制力\n\n幫助孩子從「做不到」變成「做得到」，\n寫字又快又好，學習更輕鬆、更有成就感 ✨\n\n📣 期待與你在「學校篇」課程見！\n\n【陪伴孩子的情緒學習成長課「學校篇」｜ 臨床治療師帶你破解校園關卡】\n課程連結：\nhttps://seeds.com.tw/courses/yourscenter\n\n學籽線上課程 © 2025 Seeducation. All Rights Reserved.\n#學校 #親子 #育兒 #學習動機 #寫作業",
  "ad_profile_name": "童童老師的孩子這樣說",
  "ad_profile_image": null,
  "ad_is_video": false,
  "ad_video_preview_image": null,
  "ad_image": null,
  "ad_cta_text": null,
  "ad_link_description": null,
  "ad_link_url": "https://seeds.com.tw/courses/yourscenter",
  "ad_title": null,
  "ad_caption": "seeds.com.tw",
  "ad_page_id": "100212014834114",
  "ad_cta_type": null,
  "ad_extra_links": [],
  "ad_extra_texts": [
    "▋孩子很想寫作業，可是他真的做不到！\n\n一個字可以寫五分鐘，\n一題還沒寫完，這裡玩筆、那裡玩橡皮擦屑，\n學習單的空格還有好幾個，旁邊卻塗鴉滿滿⋯⋯\n陪孩子寫功課比上班還累，\n甚至會懷疑：要不要乾脆幫他寫一寫還比較快 🐢\n\n🙍‍♂️🙍‍♀️：「你為什麼不乖乖寫作業！」\n🧒：「陛下、母妃以為兒臣不想嗎！兒臣多想寫作業啊，\n可是兒臣做不到，兒臣做不到啊 😭😭😭」\n\n有時候孩子不是不努力，是身體真的還沒準備好。\n\n你可能沒想到，「握筆寫字」這件小事，\n其實需要動用非常精細的手部肌群 ✍️\n如果孩子的大小肌肉還沒發展成熟，\n不只握筆不穩，更別說寫得快、寫得久、寫得整齊了。\n\n這支試看影片將帶你從「虎口」出發，\n矯正孩子的握筆姿勢，從源頭改善寫字表現 💪\n\n在正式課程中，除了虎口外，\n還會教大家其他手部大小肌肉的練習方法：\n✔️肩膀：穩固肩部肌群，支撐整體動作，避免寫字搖晃、駝背聳肩\n✔️前臂：強化外旋肌群，能看見筆尖、運用視覺回饋即時調整書寫\n✔️手腕：解決懸空與倒鉤問題，改善施力角度，減輕手部疲勞\n✔️手弓：提升穩定度，避免寫字忽大忽小、不連貫\n✔️虎口：認識正確握筆姿勢，增進手指靈活度與控制力\n\n幫助孩子從「做不到」變成「做得到」，\n寫字又快又好，學習更輕鬆、更有成就感 ✨\n\n📣 期待與你在「學校篇」課程見！\n\n【陪伴孩子的情緒學習成長課「學校篇」｜ 臨床治療師帶你破解校園關卡】\n課程連結：\nhttps://seeds.com.tw/courses/yourscenter\n\n學籽線上課程 © 2025 Seeducation. All Rights Reserved.\n#學校 #親子 #育兒 #學習動機 #寫作業"
  ],
  "ad_page_categories": [],
  "ad_page_like_count": 0,
  "ad_publisher_platform": [
    "facebook",
    "instagram",
    "audience_network",
    "messenger",
    "threads"
  ],
  "ad_like_count": "0",
  "ad_share_count": "0"
}