{
  "ad_id": "1116718419213887",
  "ad_context": "#許孩子一個永續的遊戲城市_ 承諾書簽署\n\n嘉慶是三個孩子的爸爸，\n假日休診時，偶爾會帶著孩子們到戶外公園遊憩.\n\n嘉慶認同 孩子們需要戶外遊戲空間幫助身心發展，\n讓孩子們的成長空間\n擁有一個更永續、更平等、更有韌性的未來。\n\n為了孩子們的成長，\n嘉慶會持續努力打拼，勇敢承擔，\n懇請鄉親賜給嘉慶一票，讓嘉慶進入議會，為大家爭取福利。\n\n#大肚 #烏日 #龍井\n#市議員候選人\n#7號\n#魏嘉慶醫師",
  "ad_profile_name": "魏嘉慶全家 大烏龍在地 社區醫師 幫您顧健康",
  "ad_profile_image": "https://scontent.ftpe8-1.fna.fbcdn.net/v/t39.35426-6/313295460_1246254012619173_1719272415217777573_n.jpg?stp=dst-jpg_s60x60_tt6&_nc_cat=105&ccb=1-7&_nc_sid=c53f8f&_nc_ohc=xKxEU-zV5F0Q7kNvwEkRNjM&_nc_oc=Adnwl8ONDzvcbb_4RVUdn8qaHUAx-oINmb7m4iRbH1D-4NMcYwGkDuZL1Ky6ICWZzD4&_nc_zt=14&_nc_ht=scontent.ftpe8-1.fna&_nc_gid=f7j3smqLEbwuaLNCQyVN4Q&oh=00_AfpWfvHa8XDdrfN0yUfJuGQiivfU_Qtu_KsmySAk9QDtwQ&oe=696DBC4E",
  "ad_is_video": false,
  "ad_video_preview_image": null,
  "ad_image": "https://scontent.ftpe8-4.fna.fbcdn.net/v/t39.35426-6/313190665_824185328732027_6828529251214375241_n.jpg?stp=dst-jpg_s600x600_tt6&_nc_cat=102&ccb=1-7&_nc_sid=c53f8f&_nc_ohc=m5D7H_rJVnoQ7kNvwFapw7F&_nc_oc=AdkCkTPql8ES8219X2pG-t-r2GSGofIkYif0ETjbH8h2HjiBE2t3QYOJRP4hUFi1xXs&_nc_zt=14&_nc_ht=scontent.ftpe8-4.fna&_nc_gid=f7j3smqLEbwuaLNCQyVN4Q&oh=00_AfrIBvtaalEuESGoRW0tbDV7me0C9LDNGGCE3kzk960PyA&oe=696DBD71",
  "ad_cta_text": "發送訊息",
  "ad_link_description": null,
  "ad_link_url": null,
  "ad_title": null,
  "ad_caption": null,
  "ad_page_id": "455620761591472",
  "ad_cta_type": "發送訊息",
  "ad_extra_links": [],
  "ad_extra_texts": [],
  "ad_page_categories": [
    "政治人物"
  ],
  "ad_page_like_count": 2140,
  "ad_publisher_platform": [
    "facebook"
  ],
  "ad_like_count": "0",
  "ad_share_count": "0"
}