{
  "ad_id": "1117922823000044",
  "ad_context": "面對極端氣候，我們更要未雨綢繆、防範未然\n\n這次丹娜絲颱風在南部帶來重大災情，也再次提醒我們，極端氣候下的防汛工作不容忽視。河道清淤就是守護我們市民安全的重要一環。\n\n對此，沛祥特別關心深澳坑地區的河道整治，要求水利署第十河川分署在防汛期前完成深澳坑溪的河道疏浚。分署也展現高效率，已於 8 月 29 日完成相關作業。\n\n未來，我會持續督促尤其是縣市交界的低窪地區進行河道改善，確保溪流能順暢疏通。為了維護市民的生命財產安全，提早準備，這就是我們要做的。",
  "ad_profile_name": "林沛祥",
  "ad_profile_image": "https://scontent.ftpe8-2.fna.fbcdn.net/v/t39.35426-6/541788469_803641652010091_3161938801775059084_n.jpg?stp=dst-jpg_s60x60_tt6&_nc_cat=100&ccb=1-7&_nc_sid=c53f8f&_nc_ohc=KOpoEOx1Hg0Q7kNvwFzzVBy&_nc_oc=AdkcpMjc_AZqPC0pVq2oQEEm0_tiu-jfup1X5AhX_YmKmnsw7aG2z-tGBwxDijsxiw8&_nc_zt=14&_nc_ht=scontent.ftpe8-2.fna&_nc_gid=Mqy11Z3Bjysk_s-nc0q1TA&oh=00_AfqfAWrrQvgJn2IsoY9uNu1bGqv7VtiZbUcBT-Y5JOhILA&oe=696DE686",
  "ad_is_video": false,
  "ad_video_preview_image": null,
  "ad_image": "https://scontent.ftpe8-3.fna.fbcdn.net/v/t39.35426-6/540484281_1315166220167234_4166937229325570655_n.jpg?stp=dst-jpg_s600x600_tt6&_nc_cat=107&ccb=1-7&_nc_sid=c53f8f&_nc_ohc=Y6vDB6ASgFIQ7kNvwEOUPwa&_nc_oc=AdnSg7VUFtG6ny4p2ny1hFnb8gT2PIQZzAwI4j3O5aQ_aeJ7A9VnEWXuAUsXcWgWQYU&_nc_zt=14&_nc_ht=scontent.ftpe8-3.fna&_nc_gid=Mqy11Z3Bjysk_s-nc0q1TA&oh=00_AfoK1g8ZnlXqXz8PmS-ZY-6wFpREXayU1T6JPk6JzK7_2w&oe=696DD15F",
  "ad_cta_text": "",
  "ad_link_description": null,
  "ad_link_url": null,
  "ad_title": null,
  "ad_caption": null,
  "ad_page_id": "1587628301470657",
  "ad_cta_type": "",
  "ad_extra_links": [],
  "ad_extra_texts": [],
  "ad_page_categories": [
    "政治人物"
  ],
  "ad_page_like_count": 0,
  "ad_publisher_platform": [
    "facebook"
  ],
  "ad_like_count": "0",
  "ad_share_count": "0"
}