{
  "ad_id": "1117331529491449",
  "ad_context": "2025年起全體上市櫃公司都必須編製永續報告書，\n對於尚未發展成熟的企業，顧問公司的輔助不可或缺。\n\n在漂綠消息頻傳的背景下，\n用數據說話的【永續報告書趨勢分析報告】，\n呈現最真實的報告書撰寫趨勢，\n揭露藏在報告書中不為人知的秘密，\n為顧問公司提供更貼心的加值服務！\n\n想知道標竿企業撰寫永續報告書的秘密數據？\n✔️盤點產業趨勢亮點\n✔️量化ESG議題的重視程度\n✔️科學客觀的統計方式\n✔️客製化需求一個月迅速完成\n\n歡迎點擊下方連結，免費報告搶先看：\nhttps://quickseekesg.com/reportDownloadList?id=212074\n----------------------------------------------------\n馬上關注QuickseeK ESGdata，獲取更多ESG數據資訊\nhttps://quickseekesg.com/index\n\n#永續報告書 #ESG #QuickseeK #快析 #金融業",
  "ad_profile_name": "QuickseeK快析輿情資料庫",
  "ad_profile_image": "https://scontent-tpe1-1.xx.fbcdn.net/v/t39.35426-6/447268260_1240894143557456_3622118753300136590_n.jpg?stp=dst-jpg_s60x60_tt6&_nc_cat=104&ccb=1-7&_nc_sid=c53f8f&_nc_ohc=8AIV5FkULDkQ7kNvwGsZztG&_nc_oc=AdmhSxbqkMHbSSpFFdh_hQpKDsOED5sQ2tW-5wPZV0oOKQ3AE00yTlL0j66XaIK95C4&_nc_zt=14&_nc_ht=scontent-tpe1-1.xx&_nc_gid=KbhldoWGtf3ETiqyYPVBqA&oh=00_AfpjFU6tKcTQ3_TCCRY9Qdntxl0haGso78tPSSG29pHruw&oe=696D4E7A",
  "ad_is_video": false,
  "ad_video_preview_image": null,
  "ad_image": "https://scontent-tpe1-1.xx.fbcdn.net/v/t39.35426-6/447286151_3889607937940852_8524757214458655718_n.jpg?stp=dst-jpg_s600x600_tt6&_nc_cat=106&ccb=1-7&_nc_sid=c53f8f&_nc_ohc=x0DsPiw9vW8Q7kNvwFYwBKU&_nc_oc=AdkH7hm77V9-bHxr8nH56nTkLSc7lix2RrvTdMmSi4LK5sY3xP6HcMADl4aYZYTYipc&_nc_zt=14&_nc_ht=scontent-tpe1-1.xx&_nc_gid=KbhldoWGtf3ETiqyYPVBqA&oh=00_AfqbiAPrM3TwBg74BcLKxElU7N8C8E8hkmR1aw4qiuRDUQ&oe=696D67DC",
  "ad_cta_text": "瞭解詳情",
  "ad_link_description": "立即與QuickseeK ESGdata攜手，提升企業ESG聲譽！為您深入分析利益關係人對企業永續作為的看法、協助您系統性地收集ESG數據和評價，更透過量化指標剖析ESG績效，找出永續溝通的最佳切入點。現在就行動！建立與利害關係人的深....",
  "ad_link_url": "https://quickseekesg.com/reportDownloadList?id=212074",
  "ad_title": "QuickseeK ESGdata | ESG聲譽管理與數據服務",
  "ad_caption": "quickseekesg.com",
  "ad_page_id": "1547614165384988",
  "ad_cta_type": "瞭解詳情",
  "ad_extra_links": [],
  "ad_extra_texts": [],
  "ad_page_categories": [],
  "ad_page_like_count": 0,
  "ad_publisher_platform": [
    "facebook",
    "instagram"
  ],
  "ad_like_count": "0",
  "ad_share_count": "0"
}