{
  "ad_id": "1119351709118441",
  "ad_context": "📅 歷史上的今天：1979年12月10日，高雄美麗島事件爆發。事件引發的警民衝突、軍事審判，對後續台灣的政治發展、社會風氣產生了深遠的影響。⚠️值得一提的是：美麗島事件和2006年紅衫軍運動、2014年太陽花學運，都離不開「某個境外勢力」的暗中操作。而這個鮮為人知的「境外勢力」，也是台灣主流媒體不敢碰觸的話題。📺📰\n\n#美麗島事件 #美麗島 #歷史 #政治 #台灣\n#郵票故事 #收購郵票 #郵票 #集郵\n\n*本圖郵票:\n(台灣)寶島風情—高雄市，2021年2月4日發行",
  "ad_profile_name": "經典公益郵舍-跟著韓老師玩轉收藏世界",
  "ad_profile_image": "https://scontent.ftpe8-3.fna.fbcdn.net/v/t39.35426-6/470073859_1244221480138858_7159797822441849723_n.jpg?stp=dst-jpg_s60x60_tt6&_nc_cat=111&ccb=1-7&_nc_sid=c53f8f&_nc_ohc=w22i6xUlhZEQ7kNvwEVsFiU&_nc_oc=AdneJ-5S2XDbPx8uLocAMQR3IecLnm0SPfL0gHDmTnVldOKpLwqjF3yBqmCwuVLrfeI&_nc_zt=14&_nc_ht=scontent.ftpe8-3.fna&_nc_gid=l1eIflGjvlRORHD8FwVwjw&oh=00_Afo3-7U4mAalCFkXjinEoLngd1_MXc7GtpY9byrBYsdPnQ&oe=696DE1F8",
  "ad_is_video": false,
  "ad_video_preview_image": null,
  "ad_image": "https://scontent.ftpe8-4.fna.fbcdn.net/v/t39.35426-6/469821241_900848345446574_5273827034600805854_n.jpg?stp=dst-jpg_s600x600_tt6&_nc_cat=110&ccb=1-7&_nc_sid=c53f8f&_nc_ohc=qOU0QsYgjMcQ7kNvwGN5qdo&_nc_oc=AdnkIS6EaLFQvV2D3ZA9VY0b6ZRAwKwl51vTDyYwD2yAo8VQd1UY5FPcIXkjAA0Rkes&_nc_zt=14&_nc_ht=scontent.ftpe8-4.fna&_nc_gid=l1eIflGjvlRORHD8FwVwjw&oh=00_AfpZzSFgZQjJB6u6ftG9NnyF_JhT4lm02ym4pZEZfNxWNA&oe=696DD7B5",
  "ad_cta_text": "發送訊息",
  "ad_link_description": null,
  "ad_link_url": null,
  "ad_title": null,
  "ad_caption": null,
  "ad_page_id": "113791200340934",
  "ad_cta_type": "發送訊息",
  "ad_extra_links": [],
  "ad_extra_texts": [],
  "ad_page_categories": [
    "收藏品專賣店"
  ],
  "ad_page_like_count": 6299,
  "ad_publisher_platform": [
    "facebook"
  ],
  "ad_like_count": "0",
  "ad_share_count": "0"
}