{
  "ad_id": "1120878089974384",
  "ad_context": "英格蘭政府於2025年12月22日正式發布《英格蘭動物福利策略》（Animal welfare strategy for England）。這份文件在「野生動物」專章中強調野生動物是具感知能力的生命，能經驗痛苦、受苦與愉悅，應被以尊重對待。\n\n▌法規必須與時俱進\n這份文件也指出，隨著科學界對動物福利理解的持續進化，政府必須確保立法能反映最新的證據 。若法規未能跟上科學進展，野生動物將面臨不必要的殘酷對待、痛苦或緊迫風險 。也因此英格蘭政府宣示將採取更積極的干預措施，確保無論是在野外或受人類控制下的野生動物，都能享有良好的福利待遇 。\n\n▌套索陷阱：殘酷且無差別的隱形威脅\n在整體政策脈絡下，「套索陷阱（snare traps）」被列為優先改革議題。文件明確定義套索陷阱為「固定在地面的鋼纜或金屬線圈套」，主要用於捕捉狐狸等野生動物；其可能使動物長時間缺水、缺食或無遮蔽受困，且具無差別性，常誤捕野兔、獾，甚至寵物犬。\n\n▌七成民眾支持禁用套索陷阱解禁\n針對社會觀感，文件引用了2025年1月的YouGov民調數據，顯示高達 71% 的英格蘭成年人認為使用套索陷阱應屬違法 。這項強大的民意基礎，不僅強化了政府禁用套索的決心，更直接呼應了其競選政見中的核心承諾 。\n\n▌具體行動\n文件於「行動方案（Actions）」中提到，未來將於英格蘭境內禁用套索陷阱外，同時也將一併檢討其他有侵害動物福利疑慮的陷阱工具（如舊式彈簧陷阱、鼴鼠陷阱與其他活體捕捉陷阱等），並審慎評估這些陷阱是否採取進一步法律措施。\n\n而在《英格蘭動物福利策略》發布後，接下來英國環境、食品與農村事務部也將針對「如何落實禁令」與「法律定義範圍」啟動正式諮詢，與農民、土地管理組織及獸醫專家共同研議技術細節，以確保禁令能有效執行。\n\n▌台灣需要的，不是「『改良』的山豬吊」而是「禁止山豬吊」\n英國曾試圖透過「非自鎖式」改良設計（如止縮裝置、轉環）降低套索陷阱的傷害，但官方與社會普遍承認其仍具高度殘忍性。隨著威爾斯與蘇格蘭相繼實施禁令，英格蘭也隨這著份動物福利策略表示跟進。其實過去包含英國獸醫專業體系BVA與BVZS，也都一致要求以物理防護、精準射擊等更人道的手段取代陷阱，並主張野生動物管理應優先採取預防與威懾策略。\n\n台灣常見的「山豬吊」具備強力彈簧機構，觸發後的收緊速度與殺傷力遠高於傳統套索，致殘與折磨動物的強度更甚。\n\n台灣目前推廣的「改良式山豬吊」實際上多著重於降低黑熊誤捕率，至於其他所謂「人道」措施是否真正有效仍令人存疑；就陷阱的核心機制而言，其殘酷本質與傳統山豬吊並無明顯差異，動物一旦誤中，即便是「改良」版本，依然可能在長時間掙扎中承受劇烈痛苦，進而出現脫水、嚴重受傷甚至斷肢等慘況，這些折磨也不會因為被冠上「改良」之名而消失。\n\n當國際社會早已正視野生動物作為具感知能力的生命，並以「降低不必要的痛苦」作為治理底線之際，台灣卻仍把「縮小踏板、降低黑熊誤捕率」包裝成改革，試圖以技術性微調替代真正的制度檢討。這種做法不僅迴避陷阱本質所造成的長時間折磨，也把「少抓錯對象」誤當成「更人道」，在動物福利與國際趨勢面前顯得保守而失格。\n\n因此台灣此刻更需要的，不是推動「改良式山豬吊」，而是果斷轉向「禁止山豬吊陷阱」！我們正在推動【終結山豬吊與改良式山豬吊陷阱】行動。 這是一場每個人都能參與的改變，真的很需要你的聲音與力量！\n\n【行動號召｜拒絕公告式禁止】\n要求法律明禁山豬吊（續壓彈簧金屬套索陷阱）\n山豬吊（續壓彈簧金屬套索陷阱）在台灣氾濫，是長期被法律忽視、放任流通的結果。\n\n多年來，政府僅以「公告」方式處理山豬吊問題。但公告可以更改、可以撤銷，卻無法阻止山豬吊被持續輸入、製造、販售、持有與使用，更無法阻止動物被纏住、勒斷肢體，在痛苦中慢慢死亡。\n\n我們要的不是口號，而是寫進法律、不能迴避的明文禁止\n 修正《動物保護法》\n 明文禁止山豬吊（續壓彈簧金屬套索陷阱）\n 全面禁止：輸入、製造、販售、持有與使用\n 建立明確法律責任與罰則，杜絕公告式卸責\n只要法律沒有明文禁止，續壓彈簧金屬套索陷阱就會繼續在電商平台販售、在山林與農地奪命，而動物的痛苦，永遠被推給一紙可撤回的行政公告。\n\n⸻\n\n 時間：12/31（週三）\n 早上：9:00\n 地點：濟南路群賢樓前\n如果你也認為：動物的命，不該被卡在「公告」裡，請站出來，或至少幫忙分享這篇貼文。\n 拒絕公告式禁止\n 要求法律明文禁止山豬吊（續壓彈簧金屬套索陷阱）\n 12/31（週三）早上 9 點，濟南路見\n\n參考資料：\n《Animal welfare strategy for England》\nhttps://www.gov.uk/government/publications/animal-welfare-strategy-for-england/animal-welfare-strategy-for-england \n\n《BVA and BVZS position on the use and sale of snares for the control of free-ranging wildlife》\n\nDEFRA BLOG《Animal Welfare Strategy for England published》",
  "ad_profile_name": "臺灣動物共生聯盟 TOEC",
  "ad_profile_image": "https://scontent.ftpe8-1.fna.fbcdn.net/v/t39.35426-6/605122048_25919848864299308_569745174280133321_n.jpg?stp=dst-jpg_s60x60_tt6&_nc_cat=108&ccb=1-7&_nc_sid=c53f8f&_nc_ohc=_LgoMCNLEqYQ7kNvwH0WcjC&_nc_oc=Adk7xhVKRI7ahoMlZoL-UHOWNz9YvhRKrkxoQlqjdpuby1O8HShtj5E-XGXT6MUG0Ms&_nc_zt=14&_nc_ht=scontent.ftpe8-1.fna&_nc_gid=B-SlTrr4pFfywiwWP5EOjA&oh=00_Afr11hIxztdsGgcRflJ-laERc9f2vPSA7yfClCCqWST0zg&oe=696DC5CD",
  "ad_is_video": false,
  "ad_video_preview_image": null,
  "ad_image": "https://scontent.ftpe8-2.fna.fbcdn.net/v/t39.35426-6/604942986_2116388519099034_1417984196855468577_n.jpg?stp=dst-jpg_s600x600_tt6&_nc_cat=101&ccb=1-7&_nc_sid=c53f8f&_nc_ohc=Vval0EF_OxMQ7kNvwEp9Za1&_nc_oc=Adn74Pk3eqhirTErx2lKfU53oW3-faKYqEqjx4ySEo56yMW60zDp4dmlbBXugWY7lbU&_nc_zt=14&_nc_ht=scontent.ftpe8-2.fna&_nc_gid=B-SlTrr4pFfywiwWP5EOjA&oh=00_AfrHZxUBruCVd6uwAZX9ZrMjiRfen12tCMvX6pvhCDfW-w&oe=696DE50D",
  "ad_cta_text": "",
  "ad_link_description": null,
  "ad_link_url": "https://www.gov.uk/government/publications/animal-welfare-strategy-for-england/animal-welfare-strategy-for-england",
  "ad_title": null,
  "ad_caption": null,
  "ad_page_id": "112827801877281",
  "ad_cta_type": "",
  "ad_extra_links": [],
  "ad_extra_texts": [],
  "ad_page_categories": [
    "動物和寵物"
  ],
  "ad_page_like_count": 2549,
  "ad_publisher_platform": [
    "facebook",
    "instagram"
  ],
  "ad_like_count": "0",
  "ad_share_count": "0"
}