{
  "ad_id": "1121230565910095",
  "ad_context": "用過 ＃水武士 才知道，原來洗澡也能這麼享受😚 https://richmore.cc/mvQfo\n\n之前跟朋友去岩盤浴，沖澡的時候就發現店家的蓮蓬頭水壓很足，沖起來特別舒服~回到家洗澡就變得好無感😂!\n\n回去後一直在社群上挖呀挖呀挖，終於在別人的實測影片中找到了 RIMO 的 ＃304不鏽鋼增壓蓮蓬頭，買回來用過以後，不但水壓明顯增強，沖水的力度真的就像做SPA一樣舒服🥹~\n\n＃水武士增壓蓮蓬頭｜質地堅硬、防爆、耐摔\n✅國際通用 4 分接頭，安裝便利\n✅黃金75度角，手持沐浴恰恰好\n✅專利增壓技術，出水強勁，效果提升10倍\n\n❤️三檔增壓模式 ，怎麼沖都舒適：\n＃增壓檔位-環狀水柱強勁有力度，用來洗頭超舒服！\n\n＃混合檔位-柱狀+柔霧雙管齊下，有層次的洗感超享受！\n\n＃霧化檔位-柔霧般的噴沖技術，療癒又舒壓，就像做了一場SPA😚\n\n❤️搭配專屬香氛濾芯，儀式感更到位🥰：\n\n·專屬濾芯不但能過濾水中雜質，還能 ＃除鏽 ＃除氯 ＃除異味 \n\n·內含 ＃維他命C 和 ＃蝸牛黏液萃取物，洗澡還能順便保養肌膚\n\n·萃取植物精油添加（香氛款才有唷），散發療癒香氛，洗完好放鬆！\n\n😮‍💨平時工作這麼累，回家就要更懂得享受~✨\n幫家裡換一支”能增壓的SPA級蓮蓬頭”\n\n官網限時 5 折優惠，還有送無香濾芯x1~\n來去逛逛：https://richmore.cc/mvQfo\n\n＃不銹鋼蓮蓬頭 ＃不鏽鋼蓮蓬頭 ＃增壓蓮蓬頭 ＃舒壓 ＃放鬆 ＃霧化蓮蓬頭 ＃花灑 ＃蓮蓬頭 ＃RIMO ＃SPA ＃淋浴 ＃儀式感 ＃香氛 ＃濾芯",
  "ad_profile_name": "郭品函Cookie",
  "ad_profile_image": "https://scontent.ftpe8-2.fna.fbcdn.net/v/t39.35426-6/473761153_598165119742602_1246910658222783669_n.jpg?stp=dst-jpg_s60x60_tt6&_nc_cat=103&ccb=1-7&_nc_sid=c53f8f&_nc_ohc=5slpyyQdYGEQ7kNvwFSbKnG&_nc_oc=Adm8ZapseKtTuQbQmLuJIjmarvJn7ZS-7hPp10As7XF7pq3vLqkCGCFA0FKa1azaj-0&_nc_zt=14&_nc_ht=scontent.ftpe8-2.fna&_nc_gid=dqb59EF3XkLRrdDMWvyITg&oh=00_Afr3EiDqIZ3_T71KBKTWyIzduxGQDZ1wL9lA6gt-duAmSw&oe=696DD3D6",
  "ad_is_video": false,
  "ad_video_preview_image": "https://scontent.ftpe8-2.fna.fbcdn.net/v/t39.35426-6/474228921_2336878416691727_3505251788161040994_n.jpg?_nc_cat=101&ccb=1-7&_nc_sid=c53f8f&_nc_ohc=_U_K8L1bp60Q7kNvwFzBQf8&_nc_oc=AdnCeTLJ6Fhw0dzPIiY4RjU6K_ES4TdEuEREn-6-BBEysPFIERd1JpPzmcHJXNS1gFg&_nc_zt=14&_nc_ht=scontent.ftpe8-2.fna&_nc_gid=dqb59EF3XkLRrdDMWvyITg&oh=00_Afq51eOzGVrDsI6OdTd2xSBor84-CBNSEEQ2E2YcrLA0iw&oe=696DC166",
  "ad_image": null,
  "ad_cta_text": "來去逛逛",
  "ad_link_description": null,
  "ad_link_url": "https://richmore.cc/mvQfo",
  "ad_title": null,
  "ad_caption": "richmore.cc",
  "ad_page_id": "404630423063881",
  "ad_cta_type": "來去逛逛",
  "ad_extra_links": [],
  "ad_extra_texts": [],
  "ad_page_categories": [],
  "ad_page_like_count": 0,
  "ad_publisher_platform": [
    "facebook",
    "instagram",
    "audience_network",
    "messenger"
  ],
  "ad_like_count": "0",
  "ad_share_count": "0"
}