{
  "ad_id": "1122697751611632",
  "ad_context": "【線上徵才週：2022運動人才媒合會】7月精選職缺\n跟著動編一起看看👀有哪些企業參與這次的線上媒合會\n7/4-7/17等你投遞履歷👉 https://reurl.cc/zZn3VV\n\n宣傳影片登場🎬https://reurl.cc/YvzRdL\n想跟他們一樣在運動場上與職場上都發光發熱嗎?\n教育部體育署為提供體育運動相關專業背景人員多元的求職媒合管道，辦理專屬運動人才的「線上徵才週：2022運動人才媒合會」，只要填妥履歷、參與本次線上媒合，就有眾多好康等你拿喔~ \n活動網頁👉 https://reurl.cc/zZn3VV\n\n#2022運動人才媒合會開跑囉\n│活動期程│※主辦單位保留活動變更權利\n■7/4(一)至7/17(日)：開放求職者投遞履歷\n■7/21(四)、7/22(五)：線上視訊面談\n我們在線上媒合會等你，還可享有免費服務\n✔️顧問諮詢服務✔️適性測驗\n🎁投履歷拿禮券 面試還可以參加抽獎🎁\n\n🏃‍求職對象資格🏃\n退役運動員、運動教練、體育運動相關系所畢業生或具體育專業證照者之人員。\n----------------------------------------------------\n推動企業聘用運動指導員專管中心\n洽詢專線：02-77378089 陳小姐\n#運動好人才企業動起來\n#運動人才就業媒合會 #專屬於運動人才媒合平台",
  "ad_profile_name": "運動好人才 企業動起來",
  "ad_profile_image": "https://scontent.ftpe8-4.fna.fbcdn.net/v/t39.35426-6/291935522_3299873870259610_822101853804758152_n.jpg?stp=dst-jpg_s60x60_tt6&_nc_cat=104&ccb=1-7&_nc_sid=c53f8f&_nc_ohc=QP47s_bjiq8Q7kNvwH58NFZ&_nc_oc=AdntHyeBczxYzDlG_x1Sv6uBWM5JC-3PGbM8Vdp_iGsbw4fli-SM4OyBChoBdFAt3f4&_nc_zt=14&_nc_ht=scontent.ftpe8-4.fna&_nc_gid=m19hqwFJhYkVygP-6cm5LQ&oh=00_AfrMhBN8-ky3um3zk9wZkNgFCVWyef5D5lH19HKY3nujmQ&oe=696DDB0B",
  "ad_is_video": false,
  "ad_video_preview_image": null,
  "ad_image": "https://scontent.ftpe8-2.fna.fbcdn.net/v/t39.35426-6/292305414_5326053104107480_8251048240829159268_n.jpg?stp=dst-jpg_s600x600_tt6&_nc_cat=100&ccb=1-7&_nc_sid=c53f8f&_nc_ohc=vZSuBRIslK4Q7kNvwE_lW8Q&_nc_oc=AdmAOt56-NSCPb5jiZmQ96JySte06Fn_WUu2yCuT8Jcc4W5FdpPMGhUHFZULausoIdA&_nc_zt=14&_nc_ht=scontent.ftpe8-2.fna&_nc_gid=m19hqwFJhYkVygP-6cm5LQ&oh=00_Afr6Gg_SD-1J5WJOfTM7tXJYEC1VclWJ5B1HUqhxDtffIQ&oe=696DDF6B",
  "ad_cta_text": "",
  "ad_link_description": null,
  "ad_link_url": "https://reurl.cc/zZn3VV",
  "ad_title": null,
  "ad_caption": null,
  "ad_page_id": "220455455169887",
  "ad_cta_type": "",
  "ad_extra_links": [],
  "ad_extra_texts": [],
  "ad_page_categories": [],
  "ad_page_like_count": 0,
  "ad_publisher_platform": [
    "facebook"
  ],
  "ad_like_count": "0",
  "ad_share_count": "0"
}