{
  "ad_id": "1123779949620932",
  "ad_context": "先小買 $1,000，再把 $9,000 放進你帳戶！#SOARIN #復古男裝 #SOARIN #復古穿搭 #夏季穿搭 #長褲穿搭 #紳士穿搭",
  "ad_profile_name": "SOARIN.tw｜獨立復古原創男裝",
  "ad_profile_image": "https://scontent.ftpe8-3.fna.fbcdn.net/v/t39.35426-6/598289009_2247252475686267_2524600578951178154_n.jpg?stp=dst-jpg_s60x60_tt6&_nc_cat=106&ccb=1-7&_nc_sid=c53f8f&_nc_ohc=8pBmutjrSEYQ7kNvwF7kEvu&_nc_oc=AdmfzWJ3ixKUYppCtIsoYFElr-B29ZjCdgJEZkHDYVk4k-l1kmdwOWdoAMOzJ30fvvk&_nc_zt=14&_nc_ht=scontent.ftpe8-3.fna&_nc_gid=5pcTEk48iilqllXpeRrv1w&oh=00_AfoyRma2f2fTEZrmmlbHY27t0rIkm3RLx-SRGxJMi0f8Ig&oe=696DA78C",
  "ad_is_video": false,
  "ad_video_preview_image": "https://scontent.ftpe8-2.fna.fbcdn.net/v/t39.35426-6/597240854_1006294881713464_5234773160405714875_n.jpg?_nc_cat=103&ccb=1-7&_nc_sid=c53f8f&_nc_ohc=IxTKNjyXb_cQ7kNvwFOP3Sj&_nc_oc=AdlxUVO8Da10uC3jTEaFlgDlR4Ac3Vr3dXdK6nJOLp3Ba0qnyXk60z77JhoQgA6coz0&_nc_zt=14&_nc_ht=scontent.ftpe8-2.fna&_nc_gid=5pcTEk48iilqllXpeRrv1w&oh=00_AfpaPYNa5JtynJdJwZyGkZGrxTUOBTfcHsoH9Xc8m3HEEw&oe=696D9EA0",
  "ad_image": null,
  "ad_cta_text": "取得促銷活動資訊",
  "ad_link_description": "領取條件就一個：指定夏裝滿 1000 元 (含)",
  "ad_link_url": "https://l.facebook.com/l.php?u=https%3A%2F%2Fwww.soarin-tw.net%2Fpages%2F2025-10-sale%3Ffbclid%3DIwZXh0bgNhZW0CMTAAYnJpZBExRlgwZjFCYTN1b0pDNWJKYXNydGMGYXBwX2lkDzU0MTYzOTQ5Mzg4OTAyNQABHtB18qIDFmg4DagKC2RhqtozX4UzJl9Wl2u_GCDv_mKpiEyRmA40gF0sS7Kk_aem_dlxBYIsFaXq7yV3I0oO0sA&h=AT0S3qKbyF2cbE694MjSqxh5W2XE29OFuuddFLEe07zfJcPyqcBVwwetH9oz50GN5h7IqPvsfuaW0hQrsQZf1vw_-cSPv3gFF2Wog6L5RUVXoThwUNYEA1zHLoL3NHsoxVPECATk3ojoaWImNt2HQA",
  "ad_title": "夏裝出清｜任選一件再領 $9,000 !",
  "ad_caption": "https://www.soarin-tw.net/promotions/68dd43c78a618c000aa355d6",
  "ad_page_id": "236487033823084",
  "ad_cta_type": "取得促銷活動資訊",
  "ad_extra_links": [],
  "ad_extra_texts": [],
  "ad_page_categories": [
    "男性服飾店"
  ],
  "ad_page_like_count": 0,
  "ad_publisher_platform": [
    "facebook",
    "instagram",
    "audience_network",
    "messenger",
    "threads"
  ],
  "ad_like_count": "0",
  "ad_share_count": "0"
}