{
  "ad_id": "1123238883220661",
  "ad_context": "📢 新書出版 | 歐洲權威藝術出版社 Éditions Cercle d’Art 即將出版李真專輯畫冊\n\n在歐洲最負盛名的法國藝術出版社 Éditions Cercle d’Art 將於2026年第一季推出一本厚達232頁的大型 #李真 藝術專書。由 #巴黎 馬恩河谷當代藝術博物館（Musée d’art contemporain du Val-de-Marne,  #macval ）典藏組總監 Yuan-Chih Cheng 撰寫萬餘字的論述，並由法國資深設計師 Camille Delahousse 與 François Meunier 負責整體書籍的規劃與美術設計，全書為法英雙語並於歐洲當地印製及發行，此專書深入梳理李真三十餘年充滿東方性的當代創作脈絡，完整呈現其各主要系列的重要代表作品。\n\n出版社 Éditions Cercle d’Art 創立於 1949年，由創辦人查爾斯．費爾德（Charles Feld, 1919-1995）在藝壇巨擘畢卡索 (Pablo Picasso, 1881-1973) 的大力支持下成立。歷經七十餘年的深耕與累積，該出版社奠定了其在歐洲藝術出版領域中無可撼動的聲望與地位。畢卡索以其對印刷技術與藝術傳播潛力的前瞻視野，自出版社草創之初便積極參與，並持續合作至生命晚期，為 Éditions Cercle d’Art 開啟了一個以高品質藝術圖書為核心的輝煌時代。\n\n一路走來，Éditions Cercle d’Art 始終致力於高規格的藝術出版，出版書籍的藝術家橫跨古典、現代與當代區塊的許多歷史重要藝術史大師，代表性書目涵蓋達文西 (Leonardo da Vinci, 1452–1519)、威廉·透納 (JMW Turner, 1775–1851)、塞尚 (Paul Cézanne, 1839–1906)、羅丹 (Auguste Rodin, 1840–1917)、梵谷 (Vincent van Gogh, 1853–1890)、克林姆 (Gustav Klimt,1862-1918)、馬諦斯 (Henri Matisse, 1869–1954)、杜象 (Marcel Duchamp, 1887-1968)、畢卡索 (Pablo Picasso, 1881-1973)、亨利·摩爾 (Henry Moore, 1898–1986)、傑克遜·波洛克 (Jackson Pollock, 1912-1956)、安迪·沃荷 (Andy Warhol, 1928-1987)、巴斯奇亞 (Jean-Michel Basquiat, 1960-1988)、以及法蘭西斯·培根 (Francis Bacon, 1909–1992) 等大師級藝術家的重要專書，並以其嚴謹的編輯品質與精湛的印製工藝享譽國際。\n\nÉditions Cercle d’Art 總監 Thomas Vivien 表示：\n\n「李真數十年來所建立的創作體系，展現出深刻而完整的內涵。他不僅以銅為主要創作媒材，也持續嘗試各種不同材質，展開一段融合深層靈性、省思人性矛盾，並對當代生活保持敏銳觀察的藝術旅程。」\n\n李真新書發表會計畫將於2026年上半年在法國巴黎盛大舉辦，並同步於巴黎 #賽努奇博物館  ( #MuseeCernuschi ) 舉辦一場學術論壇，由賽努奇博物館策展人 Mael Bellec 親自主持，藝術家李真亦將親臨博物館現場，與學術界人士及藝術愛好者面對面交流，分享其創作感悟與藝術精神。\n-\n2026 年 1 月出版 | 24.5 × 29 公分 | 英／法 | 232 頁\n出版者：Éditions Cercle d'Art\n網站: https://www.cercledart.com/produit/li-chen/\n\n---\n\n📢 Publication | Renowned European Art Publisher Éditions Cercle d’Art to Release a Major Monograph on  #LiChen \n\nOne of Europe’s most prestigious French art publishers, Éditions Cercle d’Art, will release a substantial 232-page monograph on Li Chen in the first quarter of 2026. The volume features essays of over ten thousand words by Yuan-Chih Cheng, Head of Collections at the Musée d’art contemporain du Val-de-Marne (MAC VAL) in Greater  #Paris , and is designed by senior French designer Camille Delahousse with the assistance of François Meunier. Published as a bilingual French–English edition and printed and distributed in Europe, the monograph offers an in-depth examination of Li Chen’s artistic development over more than three decades, presenting key representative works from all of his major series.\n\nÉditions Cercle d’Art was founded in 1949 by Charles Feld (1919–1995) with the strong support of the leading figure of modern art, Pablo Picasso (1881–1973). Through more than seventy years of sustained dedication and development, the publishing house has established an unassailable reputation and standing within the European art-publishing field. Guided by his forward-looking understanding of the potential of print technologies and artistic dissemination, Picasso was actively involved with the publisher from its inception and continued to collaborate until the final years of his life, ushering in a distinguished era centred on the production of high-quality art books.\n\nOver the decades, Éditions Cercle d’Art has remained committed to the highest standards of art publishing. Its catalogue spans classical, modern, and contemporary art, featuring monographs on many historically significant masters, including Leonardo da Vinci (1452–1519), J. M. W. Turner (1775–1851), Paul Cézanne (1839–1906), Auguste Rodin (1840–1917), Vincent van Gogh (1853–1890), Gustav Klimt (1862–1918), Henri Matisse (1869–1954), Marcel Duchamp (1887–1968), Pablo Picasso (1881–1973), Henry Moore (1898–1986), Jackson Pollock (1912–1956), Andy Warhol (1928–1987), Jean-Michel Basquiat (1960–1988), and Francis Bacon (1909–1992). The publisher is internationally recognised for its rigorous editorial standards and exceptional printing craftsmanship.\n\nThomas Vivien, Director of Éditions Cercle d’Art, remarks:\n\n“Over several decades, Li Chen has developed an artistic system of remarkable depth and coherence. While bronze remains his primary medium, he has continually explored a wide range of materials, pursuing an artistic journey that integrates profound spirituality, reflections on human contradiction, and a keen sensitivity to contemporary life.”\n\nThe launch of Li Chen’s new monograph is planned for the first half of 2026 in Paris and will be accompanied by an academic forum held at the Musée Cernuschi. The forum will be moderated by Mael Bellec, Curator at the Musée Cernuschi. Li Chen will also be present on-stie, engaging directly with scholars and art enthusiasts and sharing his creative reflections and artistic ethos.\n-\nPublished January 2026 | 24.5 × 29 cm | EN, FR | 232 pages\nPublisher: Éditions Cercle d'Art \nWebsite: https://www.cercledart.com/produit/li-chen/",
  "ad_profile_name": "亞洲藝術中心 | ASIA ART CENTER",
  "ad_profile_image": "https://scontent.ftpe8-3.fna.fbcdn.net/v/t39.35426-6/600242551_778362398601954_5389877835495279686_n.jpg?stp=dst-jpg_s60x60_tt6&_nc_cat=107&ccb=1-7&_nc_sid=c53f8f&_nc_ohc=0-ls3I6ZM6UQ7kNvwHKc5Pl&_nc_oc=AdngOjQtZSAhlO3nfSMH0BxK7BbN9ykwIzWrGiBzmi3CAc5BBwASpKFwdCMX5s3WLDE&_nc_zt=14&_nc_ht=scontent.ftpe8-3.fna&_nc_gid=OVxQkNPZFyg7SKtpS9J5xw&oh=00_Afos4ukqDsQY1CGiU7HBMRCEYYzXQX-ADvCJR6l6Jkv6zw&oe=696E55E4",
  "ad_is_video": false,
  "ad_video_preview_image": null,
  "ad_image": "https://scontent.ftpe8-2.fna.fbcdn.net/v/t39.35426-6/599181529_861473353038850_485064483986262922_n.jpg?stp=dst-jpg_s600x600_tt6&_nc_cat=100&ccb=1-7&_nc_sid=c53f8f&_nc_ohc=GMU6wqNCGDMQ7kNvwEVDW4L&_nc_oc=AdkFpM8-zPblqFm0MhGN8hMKcSG9X2gaF0tPxD7AC3Nf0rrzanRJ2zgWXh5EaGdbRvY&_nc_zt=14&_nc_ht=scontent.ftpe8-2.fna&_nc_gid=OVxQkNPZFyg7SKtpS9J5xw&oh=00_Afqs2baloG1q9eumTlgpLh5JuDZw9QnRX6-ZfcruHNA3mA&oe=696E6310",
  "ad_cta_text": "發送訊息",
  "ad_link_description": null,
  "ad_link_url": "https://www.cercledart.com/produit/li-chen/",
  "ad_title": null,
  "ad_caption": null,
  "ad_page_id": "106928189377884",
  "ad_cta_type": "發送訊息",
  "ad_extra_links": [],
  "ad_extra_texts": [],
  "ad_page_categories": [
    "藝廊"
  ],
  "ad_page_like_count": 0,
  "ad_publisher_platform": [
    "facebook",
    "instagram",
    "audience_network"
  ],
  "ad_like_count": "0",
  "ad_share_count": "0"
}