{
  "ad_id": "1124434318148878",
  "ad_context": "■先是（市民）才有（代表）■\n\n經過了幾個月的拜票洗禮，沿路拜訪、定點發送文宣品、各協會及社團社區的邀約，佩瑤才知道（傾聽）才是身為一個候選人該做的事，先是（市民）才有（代表）。\n\n未來~我會努力傾聽各位的需求\n希望各位也能給我力量\n3年的里長助理經驗\n6年的理事長助理經驗\n佩瑤更懂得~\n地方各里需要什麼?\n里協會需要什麼?\n社區大樓需要什麼?\n\n一步一步走出去\n\n一張一張懇託\n\n我們沒有經費到懸掛貼帆布\n我們沒有人脈到處連結資源\n我們沒有資金大量製作文宣\n如果少了這些東西\n各位還願意支持\n請在遇見佩瑤跟您懇託時\n給佩瑤一個微笑\n給佩瑤一個鼓勵\n給佩瑤一句加油\n\n■我們一起加油■\n\n#全民參政",
  "ad_profile_name": "瑤瑤的手札",
  "ad_profile_image": "https://scontent.ftpe8-2.fna.fbcdn.net/v/t39.35426-6/306139754_448304047326358_8751197973900277158_n.jpg?stp=dst-jpg_s60x60_tt6&_nc_cat=103&ccb=1-7&_nc_sid=c53f8f&_nc_ohc=4nwjp2kPo9IQ7kNvwENjqY3&_nc_oc=Admn--acAJIVrNogpRN8SsQiIbqlshBzlABRwdUsiPTj9qsAz2DAi3Nxw0lFJZxHgyY&_nc_zt=14&_nc_ht=scontent.ftpe8-2.fna&_nc_gid=k4G0hzAayah3N0Rn5hvO_Q&oh=00_AfpbjFXsnHZBSkNrCRH_AZDrwvZSx5ItEv63XNZ9KKgb-w&oe=696E4698",
  "ad_is_video": false,
  "ad_video_preview_image": null,
  "ad_image": "https://scontent.ftpe8-4.fna.fbcdn.net/v/t39.35426-6/302185543_1178153083044482_6862293739122561027_n.jpg?stp=dst-jpg_s600x600_tt6&_nc_cat=104&ccb=1-7&_nc_sid=c53f8f&_nc_ohc=hLpIRlaqOa4Q7kNvwGYuBRq&_nc_oc=Admi2DyYlu1VBYSSbeEXqECS8TqW0Ct9ppV88COe0xJdCWGth6gtfxLBtFCQc8wHByY&_nc_zt=14&_nc_ht=scontent.ftpe8-4.fna&_nc_gid=k4G0hzAayah3N0Rn5hvO_Q&oh=00_AfpZIGuLhiHEigBaENLn1rVYkB9MP0M_c_eWNaD4eL8bYw&oe=696E6F08",
  "ad_cta_text": "",
  "ad_link_description": null,
  "ad_link_url": null,
  "ad_title": null,
  "ad_caption": null,
  "ad_page_id": "110372941696293",
  "ad_cta_type": "",
  "ad_extra_links": [],
  "ad_extra_texts": [],
  "ad_page_categories": [
    "政治候選人"
  ],
  "ad_page_like_count": 524,
  "ad_publisher_platform": [
    "facebook"
  ],
  "ad_like_count": "0",
  "ad_share_count": "0"
}