{
  "ad_id": "1124221982570107",
  "ad_context": "留學之後，不該只留下學歷\n您的遠見，將讓孩子的留學選擇，不留遺憾",
  "ad_profile_name": "大都會移民",
  "ad_profile_image": "https://scontent.ftpe8-3.fna.fbcdn.net/v/t39.35426-6/464376230_1758501274970381_4376711898184574328_n.jpg?stp=dst-jpg_s60x60_tt6&_nc_cat=111&ccb=1-7&_nc_sid=c53f8f&_nc_ohc=Esjb-GrFR8kQ7kNvwHW4Idr&_nc_oc=AdncOONaSj_8tMHEBGw1FhIBfHwXCa0upx6ilaNm5m1vmYwSJUQPUehjNtexloM42qs&_nc_zt=14&_nc_ht=scontent.ftpe8-3.fna&_nc_gid=viiUHojO-3dW51zTCwtMyw&oh=00_Afp4ugY0LXjJGbP-hiWrCECmgkJ3XhRkNRs_8i99gv790w&oe=696E40B9",
  "ad_is_video": false,
  "ad_video_preview_image": "https://scontent.ftpe8-3.fna.fbcdn.net/v/t39.35426-6/464321058_1810627833030841_3204665432949197109_n.jpg?_nc_cat=106&ccb=1-7&_nc_sid=c53f8f&_nc_ohc=UI5un0nq1RMQ7kNvwEBtNXk&_nc_oc=Adkbzi8DZfhD7E5eiUAmh7tpoe1Rq9Lp4GDEV0bjF7UNXAiGJ9xvae75xw3QIoA_yNg&_nc_zt=14&_nc_ht=scontent.ftpe8-3.fna&_nc_gid=viiUHojO-3dW51zTCwtMyw&oh=00_AfrcIql0QmHYrnNt95Hvo2cpLc8p5ROCZLfdM9xGZMJgBg&oe=696E6EC7",
  "ad_image": null,
  "ad_cta_text": "Book Now",
  "ad_link_description": "✦「擔心孩子畢業後無法留在當地發展？」\n✦「想為孩子規劃最完整的留學方案？」\n留學不只求學歷！一次規劃孩子的國際未來\n11月限定｜全台四場留學轉移民實體說明會\n席位有限｜搶先掌握2024留學移民攻略\n\n11月2號，新竹、台北\n11月3號，台中、高雄\n\n請上網或來電：0800-885-107\n大都會移民 移民留學大都會",
  "ad_link_url": "https://l.facebook.com/l.php?u=https%3A%2F%2Fimmigrant.com.tw%2F20241102%3Ffbclid%3DIwZXh0bgNhZW0CMTAAYnJpZBExOFBnZndlbkFwVVZFVnBIQnNydGMGYXBwX2lkDzU0MTYzOTQ5Mzg4OTAyNQABHgjh3nMBz5zxWOjiknmJAlbxMh9LZTovwLPeXyoK_lVk0JaXRUi3gMiRNneP_aem_6Gspta1emXFRD84GcHTeUQ&h=AT30hbr9uTxGNOtpvKIHUyV9I5CMkvx-3ReCNWiYwp6Mur2hZ5TSNui_ZS60DZxkJwvZgb4IaWN5ibM0Nw8ycwOk4bF72QqJrplWfOVMJf6iMzhQ7v6LCJWhBzwoF2VKzlUY3Z_V1ksg6L8wE0ptIA",
  "ad_title": "留學後的下一步：留學轉移民實體說明會",
  "ad_caption": "immigrant.com.tw",
  "ad_page_id": "427123180489534",
  "ad_cta_type": "Book Now",
  "ad_extra_links": [],
  "ad_extra_texts": [
    "留學後的下一步：留學畢業之後，如何無痛留在當地繼續發展?"
  ],
  "ad_page_categories": [
    "教育諮詢顧問"
  ],
  "ad_page_like_count": 724,
  "ad_publisher_platform": [
    "facebook",
    "instagram"
  ],
  "ad_like_count": "0",
  "ad_share_count": "0"
}