{
  "ad_id": "112657791840250",
  "ad_context": "🔥 全球氣候變遷已經對企業營運帶來了威脅，不只是從 #實體營運風險，還擴大到遵守碳排放規定的 #法遵風險，甚至是投資人對於 #低碳轉型的要求。為了達到低碳營運的目標，超過800家全球企業（包含30多家台灣的企業）已經開始使用「 #內部碳定價 (Internal Carbon Pricing，ICP) 」──把碳排放的成本納入原有的生產及投資決策考量，進而理解並控制碳排放的實際代價。\n\n🌱利用企業內部碳定價的策略，企業能夠主動控制並降低自身的碳排放，改變內部營運方式，甚至調整與外部供應商的合作策略，使整個供應鏈都更朝向綠色化前進！\n\n🌳 企業進行碳定價不只是為了遵守法規，更是一種自我調整並尋找綠色商機的策略。根據 #世界銀行 的報告，2021年全球的政府碳定價政策收入達840億美元💲💲💲，比前一年增加了60%，這些收入將投入鼓勵產業清潔科技相關之投資，以公私合力模式，共同推進綠色經濟成長。\n\n🌍 內部碳定價不僅能助企業量化與管理因氣候變遷帶來的潛在風險，也有助於發掘新的低碳商機。若想了解更多內部碳定價的具體應用步驟，與最合適的訂價策略， 立刻報名 6 / 15 (四) 「 2023台達氣候沙龍- #碳定價研究報告發表會」，讓我們一同探索內部碳定價的力量！💪\n\n👉👉👉活動詳情：https://csrone.com/events/947\n\n#碳定價 # 低碳轉型 #綠色經濟 #氣候變遷 #企業營運 #綠色轉型",
  "ad_profile_name": "CSRone永續觀點",
  "ad_profile_image": "https://scontent.ftpe8-2.fna.fbcdn.net/v/t39.35426-6/353055722_1026178528761656_1348416413676548152_n.jpg?stp=dst-jpg_s60x60_tt6&_nc_cat=101&ccb=1-7&_nc_sid=c53f8f&_nc_ohc=wv0Grqb6tloQ7kNvwF66TmQ&_nc_oc=Adn3NCbBbRFFgVSehfQMBm4jpStnjXuy0s7CWW3CQb8xEqimcHnNxmrcx9VvZmfvMLo&_nc_zt=14&_nc_ht=scontent.ftpe8-2.fna&_nc_gid=pZgQWyD6MmMbwjSZG7sTzg&oh=00_Afrt1NMoCJS2fJ5glYJD-G_jJqkHZF0xbm_rBL3BPBZXrg&oe=696E715F",
  "ad_is_video": false,
  "ad_video_preview_image": null,
  "ad_image": "https://scontent.ftpe8-3.fna.fbcdn.net/v/t39.35426-6/353648869_793905658949612_1665438473264191113_n.jpg?stp=dst-jpg_s600x600_tt6&_nc_cat=107&ccb=1-7&_nc_sid=c53f8f&_nc_ohc=RWLX2CSNcKMQ7kNvwGkDE8F&_nc_oc=AdkT-JYYGeQXqw_MgKg3_Ucs1k_5Ly2bF514SQf838_D9irRH5aouSXRm5fqeGZBoFU&_nc_zt=14&_nc_ht=scontent.ftpe8-3.fna&_nc_gid=pZgQWyD6MmMbwjSZG7sTzg&oh=00_Afq0QDk_ubQ5LHYIcn1Yo5jp48MzVPpFFIeKNMOFbhbBdg&oe=696E59FA",
  "ad_cta_text": "",
  "ad_link_description": null,
  "ad_link_url": "https://csrone.com/events/947",
  "ad_title": null,
  "ad_caption": null,
  "ad_page_id": "469433823136537",
  "ad_cta_type": "",
  "ad_extra_links": [],
  "ad_extra_texts": [],
  "ad_page_categories": [
    "媒體／新聞機構"
  ],
  "ad_page_like_count": 0,
  "ad_publisher_platform": [
    "facebook",
    "instagram"
  ],
  "ad_like_count": "0",
  "ad_share_count": "0"
}