{
  "ad_id": "1126881732530606",
  "ad_context": "陪你長大-Podcast訂閱制第二季訂閱優惠",
  "ad_profile_name": "OT 莉莉當媽媽 - 治療師團隊陪你長大",
  "ad_profile_image": "https://scontent.ftpe8-3.fna.fbcdn.net/v/t39.35426-6/499082319_1053388503377518_8269401849434375936_n.jpg?stp=dst-jpg_s60x60_tt6&_nc_cat=107&ccb=1-7&_nc_sid=c53f8f&_nc_ohc=QULZT8l2ZnUQ7kNvwEZ8trg&_nc_oc=AdndXkp13w9GkFDZ_u_Uctz9UtBG73Zb6RYxknpNSP5FhaxP4qsF1ZMnCBBQLRyPnJ8&_nc_zt=14&_nc_ht=scontent.ftpe8-3.fna&_nc_gid=vGiEqh1C7TQg9uw7TJZMPg&oh=00_AfqbEuBSXs1N8aJ0HvZ6SDOGCouQ9O3M7UvIr9OVv1i7aA&oe=696DDC58",
  "ad_is_video": false,
  "ad_video_preview_image": null,
  "ad_image": "https://scontent.ftpe8-4.fna.fbcdn.net/v/t39.35426-6/499509104_694445486329568_8385848775120740847_n.jpg?stp=dst-jpg_s600x600_tt6&_nc_cat=110&ccb=1-7&_nc_sid=c53f8f&_nc_ohc=Rb-d911YJOEQ7kNvwEQbQU5&_nc_oc=AdkherCtL2V23CXOzkG56fvpYVR1WHpKFUCYDVTriPZTXWJLfJHnGv_wk0M-mCgaHoo&_nc_zt=14&_nc_ht=scontent.ftpe8-4.fna&_nc_gid=vGiEqh1C7TQg9uw7TJZMPg&oh=00_AfponmA9a7sSEUeB9nuTxpKWGOaZMCYnnMmzWbmWGWTnWg&oe=696DFA6E",
  "ad_cta_text": "Learn More",
  "ad_link_description": "陪你長大-Podcast訂閱制第二季訂閱優惠",
  "ad_link_url": "https://accompany.tw/latest-projects/?fbclid=IwY2xjawPVV9pleHRuA2FlbQIxMABicmlkETFJUXkwV2JIM1drSTlxWlZXc3J0YwZhcHBfaWQPNTQxNjM5NDkzODg5MDI1AAEewV3jj3nJ9gU4_eAMYXASKmRrzpZhnI58EigWLPqzW9OlDckfR6JXlSO3HxU_aem_4O-3BYRMLhkkYnyJ5CorDg",
  "ad_title": "職能治療師媽媽練肖話",
  "ad_caption": "accompany.tw",
  "ad_page_id": "831684253703849",
  "ad_cta_type": "Learn More",
  "ad_extra_links": [
    "爸媽縮影的最真實節目",
    "育兒專業輕鬆聊，好懂易實踐",
    "邀請四大專業專家齊聚",
    "專業與實踐並重",
    "橫跨育兒、夫妻、長輩及職場平衡等生活議題",
    "用幽默來聊專業"
  ],
  "ad_extra_texts": [
    "每個育兒故事都讓你感同身受，你會發現自己不孤單。",
    "拒絕說教式分享！節目風格輕鬆、幽默，讓你笑著聽、輕鬆學。",
    "職能治療師、臨床心理師、諮商心理師、精神科醫師，深入淺出解答育兒困惑！",
    "提供簡單、在家也能輕鬆嘗試的實質建議，一起面對孩子的各種情緒",
    "團隊深度多面向，從個人成長到家庭和諧都兼顧",
    "知識並不是冷冰冰的理論，用貼近你我生活的角度輕鬆長知識！"
  ],
  "ad_page_categories": [],
  "ad_page_like_count": 0,
  "ad_publisher_platform": [
    "facebook",
    "instagram",
    "audience_network",
    "messenger"
  ],
  "ad_like_count": "0",
  "ad_share_count": "0"
}