{
  "ad_id": "1126152508332362",
  "ad_context": "✨111年度移民專業人員訓練開始報名囉✨\n報名通道1 👉🏻 https://www.tica.org.tw/article/detail/334\n報名通道2 👉🏻 https://www.tica.org.tw/apply/step1\n.\n報名資格：滿20歲國民或持有效證件之非本國籍人士\n報名日期：自即日起～111年8月26日止\n訓練費用：新台幣8,400元\n上課方式：以「線上視訊教學」方式進行訓練課程\n.\n📌想要瞭解更多內容及報名資格\n歡迎到中華民國移民商業同業公會官網看完整介紹✅\n👉🏻 https://www.tica.org.tw/article/detail/334\n.\n✨有任何移民相關問題 都歡迎聯絡公會進行諮詢📝\n加Line諮詢👉🏻 https://lin.ee/RoKqzSq\n（礙於人力有限，請於上班時間09:00～18:00詢問。\n超過服務時間，將於次日回覆）\n.\n📱官方臉書：https://www.facebook.com/tica.org.tw/\n📪聯絡信箱：tica@tica.org.TW\n🌍官方網站：https://www.tica.org.tw\n🏠聯絡地址：105 台北市松山區復興南路一段 1 號 9 樓之5\n☎️聯絡電話： 02-2776-3158✨",
  "ad_profile_name": "中華民國移民商業同業公會",
  "ad_profile_image": "https://scontent.ftpe8-3.fna.fbcdn.net/v/t39.35426-6/300173647_592046479197896_6284750828631764886_n.jpg?stp=dst-jpg_s60x60_tt6&_nc_cat=106&ccb=1-7&_nc_sid=c53f8f&_nc_ohc=aTbtBgGneo0Q7kNvwGW4VHl&_nc_oc=AdmrRqvr0CCoBtFESh7Ya0U0RVxz5Saz1U9-2OWuIF81zeESEFQLYLQr7iaWxRmIiNw&_nc_zt=14&_nc_ht=scontent.ftpe8-3.fna&_nc_gid=Z8URbR_XFAIfZRM_loFjmw&oh=00_Afo9sG6D5D19BkThblXTkrl4XXJvAk0naXzLzjMeAUQq2g&oe=696E6B53",
  "ad_is_video": false,
  "ad_video_preview_image": null,
  "ad_image": "https://scontent.ftpe8-2.fna.fbcdn.net/v/t39.35426-6/300097911_594079412336250_5858982704544774863_n.jpg?stp=dst-jpg_s600x600_tt6&_nc_cat=100&ccb=1-7&_nc_sid=c53f8f&_nc_ohc=dqJxcRqx72EQ7kNvwHko82C&_nc_oc=Admb7yJ8VeqOgPNKITKCHFm6Pzb5A5dOgO1FG3TkUy8F0gYa3czal7i3zw_NhwX50j4&_nc_zt=14&_nc_ht=scontent.ftpe8-2.fna&_nc_gid=Z8URbR_XFAIfZRM_loFjmw&oh=00_AfpcSvZYIXLHXSKTT8frvedjeq2ND3vRO2HH9PjCl3LB6A&oe=696E4520",
  "ad_cta_text": "瞭解詳情",
  "ad_link_description": null,
  "ad_link_url": "https://www.tica.org.tw/article/detail/334",
  "ad_title": null,
  "ad_caption": null,
  "ad_page_id": "249613845066989",
  "ad_cta_type": "瞭解詳情",
  "ad_extra_links": [],
  "ad_extra_texts": [],
  "ad_page_categories": [
    "非營利組織"
  ],
  "ad_page_like_count": 2781,
  "ad_publisher_platform": [
    "facebook",
    "instagram"
  ],
  "ad_like_count": "0",
  "ad_share_count": "0"
}