{
  "ad_id": "1126138302537630",
  "ad_context": "#小編開箱｜Ordro G730 新一代 5K高清 Vlog相機 配備12倍光學變焦和即時臉部追蹤技術，無論是拍攝影像還是製作專業Vlog影片，G730都能輕鬆駕馭🔥👉  https://searchingc.com/collections/ordro-g730/\n.\n到底Ordro的實拍表現如何？我們一起看看小編的介紹吧~ \n.\n🌟5K高清畫質｜細節與色彩質感呈現\n以5K解析度拍攝，更精細的細節與色彩呈現，讓影片質感更加出色，適合高畫質需求的創作。\n🌟12倍光學變焦｜近景遠景清晰收錄\n無論是近景還是遠景，12倍光學變焦能夠提供清晰且穩定的畫面，滿足多元拍攝需求。\n🌟先進對焦感測｜實現即時臉部追蹤與自動對焦\n先進的即時臉部追蹤與Sony感測器技術，讓對焦更準確，瞬間捕捉清晰影像，提升拍攝效率。\n🌟3.2吋觸控大屏｜270°側翻設計，多種角度輕鬆拍攝\n大螢幕觸控操作更直觀，側翻式螢幕讓使用者能在不同角度輕鬆拍攝，創作更多視覺效果。\n🌟10種專業模式 X 15種創意濾鏡｜直觀操作各式創意風格\n包含標準、懷舊、黑白等多種濾鏡選項，快速增添創意風格，讓影片或照片更具個人特色。\n🌟相機Mini遙控器｜遠端操控，創作更便利\n支援Wi-Fi連接，可遠端操控相機並即時傳輸照片，快速上傳到社交平台，方便創作者即時分享作品。\n.\n超早鳥優惠 #最後倒數 🙌\n【Ordro G730 新一代 5K高清 X 12倍光學變焦 Vlog相機】360g 輕巧隨行，專業創作毫不費力！👉 https://searchingc.com/collections/ordro-g730/",
  "ad_profile_name": "Searching C",
  "ad_profile_image": "https://scontent.ftpe8-3.fna.fbcdn.net/v/t39.35426-6/474220407_1737382640140979_5734989705501543364_n.jpg?stp=dst-jpg_s60x60_tt6&_nc_cat=111&ccb=1-7&_nc_sid=c53f8f&_nc_ohc=1mso03BLgV8Q7kNvwHaVgAO&_nc_oc=Adk2JwkF4iRXtGb0lumGlmZyljSuiw_qtBecoZsnQzDO6OVaEHKhfHQn5bd06e4nr8s&_nc_zt=14&_nc_ht=scontent.ftpe8-3.fna&_nc_gid=ij_bXeOg-mYA8HdXxzqq_w&oh=00_Afq8pI0gbNZQ-QPKpCA9F2JceLzKbdBSOrukjvcCPqex3w&oe=696E6708",
  "ad_is_video": false,
  "ad_video_preview_image": "https://scontent.ftpe8-2.fna.fbcdn.net/v/t39.35426-6/474738270_1871677430034636_7222799127781283530_n.jpg?_nc_cat=100&ccb=1-7&_nc_sid=c53f8f&_nc_ohc=JCUCKQvbhHUQ7kNvwFBy3gF&_nc_oc=Adlc9dWC2XozLr3FokcHgDBnsxI0Yh98nD2ur8mqZdnh5Xa7g1gMBO4QinQM7bu0LwA&_nc_zt=14&_nc_ht=scontent.ftpe8-2.fna&_nc_gid=ij_bXeOg-mYA8HdXxzqq_w&oh=00_Afp6QENmreHh4MOYyJTKw_bnk6m4rQQ3X3Hc9d97pJWAag&oe=696E69FA",
  "ad_image": null,
  "ad_cta_text": "瞭解詳情",
  "ad_link_description": null,
  "ad_link_url": "https://searchingc.com/collections/ordro-g730/",
  "ad_title": "小編開箱｜Ordro G730 新一代 5K高清 Vlog相機",
  "ad_caption": "searchingc.com",
  "ad_page_id": "1565161010367883",
  "ad_cta_type": "瞭解詳情",
  "ad_extra_links": [],
  "ad_extra_texts": [],
  "ad_page_categories": [],
  "ad_page_like_count": 0,
  "ad_publisher_platform": [
    "facebook",
    "instagram",
    "audience_network",
    "messenger"
  ],
  "ad_like_count": "0",
  "ad_share_count": "0"
}