{
  "ad_id": "1127421209331265",
  "ad_context": "",
  "ad_profile_name": "Selfwho",
  "ad_profile_image": "https://scontent.ftpe8-1.fna.fbcdn.net/v/t39.35426-6/609063881_1180503880955145_3283458125674238251_n.jpg?stp=dst-jpg_s60x60_tt6&_nc_cat=109&ccb=1-7&_nc_sid=c53f8f&_nc_ohc=rk09N97Qr4EQ7kNvwG_e73z&_nc_oc=AdmOAChYn5xh5FLruz22bCGyiQG_nL0B7QlWUoHmzyD9qzI5yiktK6IsYjMCn57AsZ8&_nc_zt=14&_nc_ht=scontent.ftpe8-1.fna&_nc_gid=vQQRWP2oGquJhvipqwS6Hw&oh=00_AfqqK2sO_ZkL3SFOSNY37w-iF6-wW1o13qs0IRMns6WkMA&oe=696D989E",
  "ad_is_video": false,
  "ad_video_preview_image": null,
  "ad_image": "https://scontent.ftpe8-4.fna.fbcdn.net/v/t39.35426-6/612060820_1495569955573855_2239965397067755162_n.jpg?stp=dst-jpg_s600x600_tt6&_nc_cat=110&ccb=1-7&_nc_sid=c53f8f&_nc_ohc=wEmN6GW2Xe4Q7kNvwGEelau&_nc_oc=Adn79zP15vOxvdnot8wmPr1MrTtvnMGzdTHd_SYC0om3vq6O4nxnY2eXgOp7kHAuhmA&_nc_zt=14&_nc_ht=scontent.ftpe8-4.fna&_nc_gid=vQQRWP2oGquJhvipqwS6Hw&oh=00_AfrY9fgYgFvDi1lidA9BUP5CcgTKssbRljG3ys0GfzH-Hw&oe=696D978D",
  "ad_cta_text": "Shop Now",
  "ad_link_description": null,
  "ad_link_url": "https://l.facebook.com/l.php?u=https%3A%2F%2Fselfwhostudio.com%2F%3Ffbclid%3DIwZXh0bgNhZW0CMTAAYnJpZBExRlgwZjFCYTN1b0pDNWJKYXNydGMGYXBwX2lkDzU0MTYzOTQ5Mzg4OTAyNQABHp0qRx5jscbntIpJ535oYCLfzCau5AdeVnW3k_i3C31tjJNL4_-tDWEVGYwG_aem_4-QCj6sg-N2ZYmx9v_0o7Q&h=AT3ODi6NaNw9AKP5DtmGRhzl36yihU4zjsYrZ3clGZ-y2Psjsh_LyQqrhSWpHHZdvtws03FF68p4UitvIbbz3BxCr9DDtnWpy3Bya3jRyeXG1vC7_p6uv5yNcVAkklh7N05-K3PQByqcAlpG2m0LpA",
  "ad_title": "SELFWHO | Fashion Style - Aims To Make Comfort The Basic Style",
  "ad_caption": "selfwhostudio.com",
  "ad_page_id": "491797984027607",
  "ad_cta_type": "Shop Now",
  "ad_extra_links": [
    "SELFWHO | Fashion Style - Aims To Make Comfort The Basic Style",
    "SELFWHO | Fashion Style - Aims To Make Comfort The Basic Style",
    "SELFWHO | Fashion Style - Aims To Make Comfort The Basic Style",
    "SELFWHO | Fashion Style - Aims To Make Comfort The Basic Style",
    "SELFWHO | Fashion Style - Aims To Make Comfort The Basic Style",
    "SELFWHO | Fashion Style - Aims To Make Comfort The Basic Style",
    "SELFWHO | Fashion Style - Aims To Make Comfort The Basic Style",
    "SELFWHO | Fashion Style - Aims To Make Comfort The Basic Style"
  ],
  "ad_extra_texts": [],
  "ad_page_categories": [
    "服裝（品牌）"
  ],
  "ad_page_like_count": 1110,
  "ad_publisher_platform": [
    "facebook",
    "instagram",
    "audience_network",
    "messenger",
    "threads"
  ],
  "ad_like_count": "0",
  "ad_share_count": "0"
}