{
  "ad_id": "1127760035192390",
  "ad_context": "",
  "ad_profile_name": "WaBay 挖貝",
  "ad_profile_image": "https://scontent.ftpe8-4.fna.fbcdn.net/v/t39.35426-6/447697155_1113971183030500_3090659716015608216_n.jpg?stp=dst-jpg_s60x60_tt6&_nc_cat=104&ccb=1-7&_nc_sid=c53f8f&_nc_ohc=1iGFRL6RFA4Q7kNvwG4ryEQ&_nc_oc=AdkcCqezXT2X3e9pHiqPz-7clXtjvX0ZHnnvGQA3_ZlVPZ4nSDHFcZtOy6vzo3XqLs8&_nc_zt=14&_nc_ht=scontent.ftpe8-4.fna&_nc_gid=Okak3uY-7N2etE0QhNu3Ig&oh=00_AfoYH-F1Ch0W-jcZtqw-wBQdurMFdQ642hCMU4_fYZih7Q&oe=696E5A58",
  "ad_is_video": false,
  "ad_video_preview_image": null,
  "ad_image": "https://scontent.ftpe8-2.fna.fbcdn.net/v/t39.35426-6/442384373_765339479107852_8829464694221071606_n.jpg?stp=dst-jpg_s600x600_tt6&_nc_cat=100&ccb=1-7&_nc_sid=c53f8f&_nc_ohc=2--P2dnP7YcQ7kNvwEjbERB&_nc_oc=AdkEoZO3vvZS2_SFJORadPzTzg4D5oRFkzTvLzdxHohIu7PrmESzJOEkWbJkY8L0zu4&_nc_zt=14&_nc_ht=scontent.ftpe8-2.fna&_nc_gid=Okak3uY-7N2etE0QhNu3Ig&oh=00_AfpAZU0-0cdbihd7cN6WbNaJ0_M4MIJm_7ukqqh0nynlQQ&oe=696E5D21",
  "ad_cta_text": "Learn More",
  "ad_link_description": null,
  "ad_link_url": "https://l.facebook.com/l.php?u=https%3A%2F%2Fbit.ly%2F3RbUsCO%3Ffbclid%3DIwZXh0bgNhZW0CMTAAYnJpZBExOFBnZndlbkFwVVZFVnBIQnNydGMGYXBwX2lkDzU0MTYzOTQ5Mzg4OTAyNQABHp6QJ-Ci_uTv0tdoLGduhZG13jAoT6pFVuDC-2H50O9kRJjE9cSXdN8d7U1C_aem_dq7qEz_f3D6XJHV0IdvR7w&h=AT0YcRgDzGauRYwc8Cru1EuDaai0pzv58cl3MjAARdL9kBceq4F3v4Ya7ktRJOQu24jruf2Ajx6c5eq4pjl1rI8v5uVj1y8Joqy__WxbKfmJD3RPy8jzopPCPjO1Td-yH2NSVEh0SrMPhAuza0xtXA",
  "ad_title": "『日花』字型永久授權｜justfont 字友社年度計畫",
  "ad_caption": "bit.ly",
  "ad_page_id": "103469901828540",
  "ad_cta_type": "Learn More",
  "ad_extra_links": [
    "舊時代的手寫異體字，有時風味得來自不尋常之處",
    "似曾相似的筆跡，在不同空間有了共鳴",
    "新舊交融的摩登感，用了這個會變得很有味道吧！"
  ],
  "ad_extra_texts": [],
  "ad_page_categories": [],
  "ad_page_like_count": 0,
  "ad_publisher_platform": [
    "facebook",
    "instagram"
  ],
  "ad_like_count": "0",
  "ad_share_count": "0"
}