{
  "ad_id": "1127236405982822",
  "ad_context": "這段時間，家齊一直把市立游泳池的安全放在心上，也持續追蹤相關改善進度。\n\n10 月時，有家長向我反映，泳池天花板出現鐵屑掉落池中的情況，孩子在訓練時難免讓人憂心。我第一時間在議會提出質詢，要求市府正視問題、不要拖延。今天也特別和體育局一起到現場會勘，逐一確認現況與改善方式，務求每一個細節都不被忽略。\n\n目前將先採取緊急措施，在天花板下方架設帆布，避免鐵屑再掉入泳池；泳池外的走道也會同步加強清理，降低民眾踩踏受傷的風險，先穩定孩子們的訓練環境，讓家長能安心。\n\n但我也清楚，臨時措施不是終點。家齊已要求市府加快整建進度，從結構與設備全面改善，給市民一座真正安全、衛生、值得長久使用的游泳池。",
  "ad_profile_name": "黃家齊",
  "ad_profile_image": "https://scontent.ftpe8-1.fna.fbcdn.net/v/t39.35426-6/607787009_1215880483810218_3112877025769930811_n.jpg?stp=dst-jpg_s60x60_tt6&_nc_cat=109&ccb=1-7&_nc_sid=c53f8f&_nc_ohc=fAHSe1ktdJ0Q7kNvwEGh8OZ&_nc_oc=AdnTYwRaTBtkxPOL8RaVM_zMuCAtYqhVgeRq4cxLHeDu4s5g6VqIPdYUgy8czaEKHwk&_nc_zt=14&_nc_ht=scontent.ftpe8-1.fna&_nc_gid=Lo6XHO1rGuf3GpjYTY1QcA&oh=00_AfpLz3ooTC7JUTwNVZo6ZuRX-PUVeuw4tK46irMdYy_QUA&oe=696DE681",
  "ad_is_video": false,
  "ad_video_preview_image": null,
  "ad_image": "https://scontent.ftpe8-1.fna.fbcdn.net/v/t39.35426-6/605894531_872462288731587_2406425747404781194_n.jpg?stp=dst-jpg_s600x600_tt6&_nc_cat=108&ccb=1-7&_nc_sid=c53f8f&_nc_ohc=40Z2gImZYNAQ7kNvwGNl-CV&_nc_oc=Adlo0_z7C0gBHuUwG0t4y_R3HxJm9ZgNe6PyieMROP76Kn6N8anrKbsTnDKBRYibB_w&_nc_zt=14&_nc_ht=scontent.ftpe8-1.fna&_nc_gid=Lo6XHO1rGuf3GpjYTY1QcA&oh=00_Afq4xiSMsMdjce-OktBwI4rEyKo0W820W4-xqMnOBgtCkg&oe=696DEC54",
  "ad_cta_text": "",
  "ad_link_description": null,
  "ad_link_url": null,
  "ad_title": null,
  "ad_caption": null,
  "ad_page_id": "317996258579415",
  "ad_cta_type": "",
  "ad_extra_links": [],
  "ad_extra_texts": [],
  "ad_page_categories": [
    "政治人物"
  ],
  "ad_page_like_count": 0,
  "ad_publisher_platform": [
    "facebook"
  ],
  "ad_like_count": "0",
  "ad_share_count": "0"
}