{
  "ad_id": "1128080286008033",
  "ad_context": "🌟Brighten Your Brand with HD Outdoor LED Displays! \n👉https://www.rental-ledscreens.com/\n👉https://ledkingdisplay.com/\n👉https://www.alibaba.com/product-detail/P2-6-P3-91-Turnkey-Led_1601263763248.html?spm=a2700.29482153.0.0.167671d25ZO69v\n👉http://ledkings.en.alibaba.com\nLooking for high-impact outdoor advertising? Our HD Effect LED Screens (P2.5 / P2.976 / P3.91) deliver crystal-clear visuals with full customization options.\n✅ OEM/ODM Support\n✅ Custom Iron Cabinet Design\n✅ Synchronous Display \n✅ Ideal for Events, Retail, Advertising & More\n📩 Contact us today to customize your LED display solution!\n#LEDDisplay #OutdoorAdvertising #P391LED #CustomLED #DigitalBillboard #LEDSignage #EventDisplay #OEMODM #leddisplay #outdoorled #indoorled #ironcabinet #rgbledpanel #advertisingled",
  "ad_profile_name": "LED KING",
  "ad_profile_image": "https://scontent-tpe1-1.xx.fbcdn.net/v/t39.35426-6/514344179_701154622698943_8237342853298964494_n.jpg?stp=dst-jpg_s60x60_tt6&_nc_cat=107&ccb=1-7&_nc_sid=c53f8f&_nc_ohc=dQOxQ2Ik7iMQ7kNvwHB5S0Y&_nc_oc=AdnnFb-stN4_Lh8QrmZxmB7q4w4yynVQKT9wdWEkAaoDECd6DQJnFtGKiZh_clusRU0&_nc_zt=14&_nc_ht=scontent-tpe1-1.xx&_nc_gid=QjuVCjlu_EjYHaGFNWHbZA&oh=00_Afpf_adMfS0qavKlnzifuMJJjyO5zrIpq6N_dazJi3SAyA&oe=696D5AE0",
  "ad_is_video": false,
  "ad_video_preview_image": "https://scontent-tpe1-1.xx.fbcdn.net/v/t39.35426-6/514418359_1382295836408867_6004223189744331181_n.jpg?_nc_cat=100&ccb=1-7&_nc_sid=c53f8f&_nc_ohc=dsQzoLS2EV4Q7kNvwHmO1Ko&_nc_oc=Adle2vWwDxeovpDfei3DiYBeP1I6UnMBSs8claGjuCX4F50HEBFrNiGNqLCxdqkr92s&_nc_zt=14&_nc_ht=scontent-tpe1-1.xx&_nc_gid=QjuVCjlu_EjYHaGFNWHbZA&oh=00_Afp_yjH1bNUBJIJgEIoRKffelqiMYHBKqp7B4pqAh-RfQw&oe=696D5159",
  "ad_image": null,
  "ad_cta_text": "",
  "ad_link_description": null,
  "ad_link_url": "https://www.rental-ledscreens.com/",
  "ad_title": "🌟Brighten Your Brand with HD Outdoor LED Displays!",
  "ad_caption": null,
  "ad_page_id": "430042963531079",
  "ad_cta_type": "",
  "ad_extra_links": [],
  "ad_extra_texts": [],
  "ad_page_categories": [
    "電子產品"
  ],
  "ad_page_like_count": 3241,
  "ad_publisher_platform": [
    "facebook",
    "instagram",
    "audience_network",
    "threads"
  ],
  "ad_like_count": "0",
  "ad_share_count": "0"
}