{
  "ad_id": "1129573609197605",
  "ad_context": "📍\n 坪田昌之 / 本質\n Masayuki Tsubota - self\n ▍展期｜5/3 - 6/14\n ▍地點｜加力畫廊 ɪɴᴀʀᴛ ꜱᴘᴀᴄᴇ\n-\n坪田昌之\n在大阪藝術大學獲得學士和B.F.A.學位後， 坪田昌之(1976- ) 用木頭和鋁創造了一系列雕塑，並以巧妙的刮削和拋光介質、以及鮮豔的色彩創造了統一的效果。作品的潛在意義正賦予了雕塑多維度及機關。抽象的紋理和圖案促使觀者以不同的方式重新體驗看似熟悉的視覺(Déjà-vu)。\n\n坪田相信顏色總是以超現象的方式存在於周圍，它滲透我們的夢想、影響我們的意識/潛意識。 在這個節奏迅速的資訊時代，我 們有時淘汰了對訴於顏色的需求;又或許我 們忽略了某些重要的東西。 而坪田的回憶 ，正是無法通過物理感覺表達的藝術品。\n-\nMASAYUKI TSUBOTA\nVibrant colors, textures, and radiant movements built upon solid structure - the works of Masayuki Tsubota form an image while changing flexibly its expressions according to the viewpoint: density and playfulness are combined in a decent way stirring up the space. Selected materials like wood, stone, mineral pigments, which are closely related to the climate and natural features, blur their boundaries and mutually erode. Being breathed new life, these materials appeal to five senses of the viewer resonating with the realm of memory or sensibility that has been almost forgotten. This state of resonance is the origin of communication as well as the beginning of deep understanding that will be expanded beyond time and space. This is the very essence of the art of Tsubota.\n\nThe artist majored in sculpture at the Osaka University of Arts, and received a master's degree.\n\n#masayukitsubota #exhibition #art #本質 #gallery #坪田昌之 #MasayukiTsubota #本質 #inartspace #當代藝術 #極簡雕塑 #台南展覽 #加力畫廊 \n#藝術與感知 #TainanArt #MasayukiTsubota #TsubotaExhibition #inartspace\n#ContemporaryArt #Minimalism #Sculpture #ArtTainan",
  "ad_profile_name": "Inart Space 加力畫廊",
  "ad_profile_image": "https://scontent.ftpe8-3.fna.fbcdn.net/v/t39.35426-6/498013877_3083738195119854_6850126475413814399_n.jpg?stp=dst-jpg_s60x60_tt6&_nc_cat=106&ccb=1-7&_nc_sid=c53f8f&_nc_ohc=84ruUIO5HakQ7kNvwFLYmP1&_nc_oc=AdkczJii7zbsCLgbWDwSRADwT8tXlaTFW2cNKKlJGBPxXk7l4ht4WZgyDxDowh73db0&_nc_zt=14&_nc_ht=scontent.ftpe8-3.fna&_nc_gid=PPzvWPP49FpR1ViqzDyH8A&oh=00_AfooujWQoIoEWNyoYF5Aze22xbFv5F60bBmeTJq_vOcYcg&oe=696E4529",
  "ad_is_video": false,
  "ad_video_preview_image": "https://scontent.ftpe8-4.fna.fbcdn.net/v/t39.35426-6/496780426_553449634189393_6220364579349127794_n.jpg?_nc_cat=102&ccb=1-7&_nc_sid=c53f8f&_nc_ohc=tE2IdTXwyGYQ7kNvwF922MV&_nc_oc=AdkXTMtWRKDf2rEgjtrXz8iUTcszcm-osdvnm2oJC9_XuwfoEXrhORBQvVXxstHXMi8&_nc_zt=14&_nc_ht=scontent.ftpe8-4.fna&_nc_gid=PPzvWPP49FpR1ViqzDyH8A&oh=00_AfoO3RlS3g1UyYgly42Jo0lZEmmEPT2Vog4HrSMyOjlA1g&oe=696E6578",
  "ad_image": null,
  "ad_cta_text": "瞭解詳情",
  "ad_link_description": null,
  "ad_link_url": "https://l.facebook.com/l.php?u=https%3A%2F%2Fwww.inartspacetw.com%2F%3Ffbclid%3DIwZXh0bgNhZW0CMTAAYnJpZBExOFBnZndlbkFwVVZFVnBIQnNydGMGYXBwX2lkDzU0MTYzOTQ5Mzg4OTAyNQABHpXFI6NnZVG7Ek-CfCSepXXMf1nHd1Xk9oo7pMkoYPQ1PfypltjHS9AOYfhv_aem_TwxXHYPOA2mQPRgm4beAQw&h=AT0iKDqnf1y8s5xgXdH8g_m48eGcusccc8YLkOO2AZgMlbdd0vxSS9ocFMRzY5Us7tEa_toTP4jifykbuuohHG9iiaKsQ3uXELnYLo58wD7QB8TPVBE85GntwZtuThFnsBQsenAd-xrf3gNpfudkNw",
  "ad_title": null,
  "ad_caption": "www.inartspacetw.com",
  "ad_page_id": "175868492431518",
  "ad_cta_type": "瞭解詳情",
  "ad_extra_links": [],
  "ad_extra_texts": [],
  "ad_page_categories": [
    "藝廊"
  ],
  "ad_page_like_count": 9251,
  "ad_publisher_platform": [
    "facebook",
    "instagram"
  ],
  "ad_like_count": "0",
  "ad_share_count": "0"
}