{
  "ad_id": "1129253369281487",
  "ad_context": "#永續揭露 正式邁向與國際同步的新時代🌟\n當 IFRS S1／S2 成為全球共通標準\n永續資訊不再只是選填，而是企業治理與競爭力的關鍵\n\n📣 金管會已發布我國接軌 IFRS 永續揭露準則藍圖\n👉推動目標與推動方式\n👉適用對象、接軌時程\n一站式網站清楚看【接軌IFRS永續揭露準則專區】💯\nhttps://reurl.cc/yKAax6\u000b\n越早盤點資料、調整流程、啟動跨部門協作，\n越能在新的永續揭露時代站穩位置🙌\u000b\n\n上市櫃公司無需從零開始摸索，證交所及櫃買中心已建立 #專屬路徑圖\nhttps://reurl.cc/3bKve8 \n可快速查詢各項公司治理與永續發展議題的之\n✅適用時程   ✅揭露要求   ✅接軌時程\n隨時都能清楚知道「自己現在在哪一階段、下一步要做什麼」\n\n#證交所 #碳交所 #證循環_碳未來\n#IFRS永續揭露 #IFRSS1 #IFRSS2  #永續資訊 #企業治理\n#永續金融 #永續轉型 #資訊透明",
  "ad_profile_name": "證循環 碳未來",
  "ad_profile_image": "https://scontent.ftpe8-4.fna.fbcdn.net/v/t39.35426-6/598989984_906063795313149_6541445976937727148_n.jpg?stp=dst-jpg_s60x60_tt6&_nc_cat=102&ccb=1-7&_nc_sid=c53f8f&_nc_ohc=TmIz_KInx_oQ7kNvwFeLE-_&_nc_oc=AdkAmmSoO-0ucIqmMKEhdLw70T50meQ328HOcgLJolavexCv00mDkth0Rg6PWp2PzmI&_nc_zt=14&_nc_ht=scontent.ftpe8-4.fna&_nc_gid=UqGd_Kw2kEzfG202N_1j2Q&oh=00_AfodvVOVh5XGFO70PAnRagIKsW1z3QNvtNuODwD23LKomQ&oe=696E67C5",
  "ad_is_video": false,
  "ad_video_preview_image": null,
  "ad_image": "https://scontent.ftpe8-2.fna.fbcdn.net/v/t39.35426-6/600925614_942815638404090_5492706170672397081_n.jpg?stp=dst-jpg_s600x600_tt6&_nc_cat=100&ccb=1-7&_nc_sid=c53f8f&_nc_ohc=UwPhRWTNoqkQ7kNvwHan5AU&_nc_oc=AdlSmUJ2Jy-sA6zH1R8dhHr6i8wymw2B8YRdYuUrjI8Z1w9fWIwT4DgVFEn6hSvfZ-c&_nc_zt=14&_nc_ht=scontent.ftpe8-2.fna&_nc_gid=UqGd_Kw2kEzfG202N_1j2Q&oh=00_AfpJTkrqMQoo3AxuH_Fv4eWIRG3PyIkl2maX2r36A7DqZA&oe=696E5FE6",
  "ad_cta_text": "說這專頁讚",
  "ad_link_description": null,
  "ad_link_url": "https://reurl.cc/yKAax6",
  "ad_title": "證循環 碳未來",
  "ad_caption": "facebook.com",
  "ad_page_id": "616758028192998",
  "ad_cta_type": "說這專頁讚",
  "ad_extra_links": [],
  "ad_extra_texts": [],
  "ad_page_categories": [
    "非營利組織"
  ],
  "ad_page_like_count": 1366,
  "ad_publisher_platform": [
    "facebook"
  ],
  "ad_like_count": "0",
  "ad_share_count": "0"
}