{
  "ad_id": "1129577107925772",
  "ad_context": "國民黨提名六都候選人齊心強力推薦\n侯友宜 蔣萬安 張善政 盧秀燕 謝龍介 柯志恩\n\n🌟屏東市長最佳人選周佳琪\n20年公共服務經驗\n正義正派 智慧勇敢的新世代強棒\n有能力 執行力 創新視野 愛惜羽毛\n在綠油油的南台灣 力抗對手鋪天蓋地攻擊的大力士\n\n#拉票 #催票 #固票 #投票\n#懇請支持屏東市長候選人1號周佳琪 #勇往直前",
  "ad_profile_name": "屏東市長候選人 周佳琪",
  "ad_profile_image": "https://scontent.ftpe8-1.fna.fbcdn.net/v/t39.35426-6/316667899_1868379810182981_5790934175763563681_n.jpg?stp=dst-jpg_s60x60_tt6&_nc_cat=109&ccb=1-7&_nc_sid=c53f8f&_nc_ohc=ONDdZDLmzrYQ7kNvwG14LyK&_nc_oc=AdkTYe7Zqxie1ZQAhu_5swdO2UeEeLRlRHX5k7Oeq9-SSIoUXDO3WhCopi4I9eNrMMc&_nc_zt=14&_nc_ht=scontent.ftpe8-1.fna&_nc_gid=C9-LNx6OIyl3J1tSx9IwRQ&oh=00_AfolgItY_FrPSC7eqUVWgcj5mZRy5JmbDRPECvywENyiNw&oe=696DD91C",
  "ad_is_video": false,
  "ad_video_preview_image": null,
  "ad_image": "https://scontent.ftpe8-3.fna.fbcdn.net/v/t39.35426-6/316527042_3168214950065801_498599928854088025_n.jpg?stp=dst-jpg_s600x600_tt6&_nc_cat=106&ccb=1-7&_nc_sid=c53f8f&_nc_ohc=2f_qfdpt4TkQ7kNvwHyd16D&_nc_oc=Adnp_qsxciPQYJ9vCGUR-jwR0RWTypjYmLUOyE2HQbIsVE3qil4-2v3tLogLjgMNM1Y&_nc_zt=14&_nc_ht=scontent.ftpe8-3.fna&_nc_gid=C9-LNx6OIyl3J1tSx9IwRQ&oh=00_Afp6nepPlglIOPseSr_bok3qOuSFWjJxfU7nAXFuxmSEdw&oe=696DD04C",
  "ad_cta_text": "",
  "ad_link_description": null,
  "ad_link_url": null,
  "ad_title": null,
  "ad_caption": null,
  "ad_page_id": "258387768395887",
  "ad_cta_type": "",
  "ad_extra_links": [],
  "ad_extra_texts": [],
  "ad_page_categories": [
    "政治人物"
  ],
  "ad_page_like_count": 0,
  "ad_publisher_platform": [
    "facebook"
  ],
  "ad_like_count": "0",
  "ad_share_count": "0"
}