{
  "ad_id": "1130005025752304",
  "ad_context": "",
  "ad_profile_name": "Selfwho",
  "ad_profile_image": "https://scontent.ftpe8-1.fna.fbcdn.net/v/t39.35426-6/615863625_2119767591894325_101583404665791523_n.jpg?stp=dst-jpg_s60x60_tt6&_nc_cat=108&ccb=1-7&_nc_sid=c53f8f&_nc_ohc=QKTofgZfQ1YQ7kNvwEI8vjb&_nc_oc=Adle5K2-isjb6j2snjnlBq9RxWhKlH1Fxfyr3DAcxguCO1vZR_R8IksIYUlK9aA8rUE&_nc_zt=14&_nc_ht=scontent.ftpe8-1.fna&_nc_gid=uazRhh04ElqUwn_Lznh2Vw&oh=00_Afrq8ytEJXYht0DT5sPiJMXBFk6ezPEKJGCP9aLdWxe7zA&oe=696DAE6C",
  "ad_is_video": false,
  "ad_video_preview_image": null,
  "ad_image": "https://scontent.ftpe8-3.fna.fbcdn.net/v/t39.35426-6/616069806_1577123813316126_6116704217795320808_n.jpg?stp=dst-jpg_s600x600_tt6&_nc_cat=107&ccb=1-7&_nc_sid=c53f8f&_nc_ohc=Per4hiMtTPQQ7kNvwHR4BOG&_nc_oc=Adme7lKM0EBmrqc3GeWayoGl_kxWkgI8wdFTBl3Y4KOVIzZUyj4Q6w4Tff77-uRCYJY&_nc_zt=14&_nc_ht=scontent.ftpe8-3.fna&_nc_gid=uazRhh04ElqUwn_Lznh2Vw&oh=00_AfpH9FMaAEnmZ1LLw3ZyfdHv6cefdLMsZKscFAu-Lf82NA&oe=696DBCD5",
  "ad_cta_text": "Shop Now",
  "ad_link_description": null,
  "ad_link_url": "https://l.facebook.com/l.php?u=https%3A%2F%2Fselfwhostudio.com%2F%3Ffbclid%3DIwZXh0bgNhZW0CMTAAYnJpZBExRlgwZjFCYTN1b0pDNWJKYXNydGMGYXBwX2lkDzU0MTYzOTQ5Mzg4OTAyNQABHioKomtYIH4SPYFN9svSGGQ_bpWOIideQGkV6fbf5cp8E0lDKEyFxVNS8RPR_aem_-69acbh9Kt3AwU4IQQP7tw&h=AT2VkWLi_DZiRui6_mb4_CB_v2YpheEfKtBgyN0na2D8igqFW71jioHTqIcmsNoR3WagdNj7ZePNQwLsJc5jT8xDHkJ-O_-1YpeFQoEpoZWCfefOwhCx0jHxd5tBjA9jovVvpUe_rtAOX1ZxfFg3OQ",
  "ad_title": "SELFWHO | Fashion Style - Aims To Make Comfort The Basic Style",
  "ad_caption": "selfwhostudio.com",
  "ad_page_id": "491797984027607",
  "ad_cta_type": "Shop Now",
  "ad_extra_links": [
    "SELFWHO | Fashion Style - Aims To Make Comfort The Basic Style",
    "SELFWHO | Fashion Style - Aims To Make Comfort The Basic Style",
    "SELFWHO | Fashion Style - Aims To Make Comfort The Basic Style",
    "SELFWHO | Fashion Style - Aims To Make Comfort The Basic Style",
    "SELFWHO | Fashion Style - Aims To Make Comfort The Basic Style",
    "SELFWHO | Fashion Style - Aims To Make Comfort The Basic Style",
    "SELFWHO | Fashion Style - Aims To Make Comfort The Basic Style",
    "SELFWHO | Fashion Style - Aims To Make Comfort The Basic Style"
  ],
  "ad_extra_texts": [],
  "ad_page_categories": [
    "服裝（品牌）"
  ],
  "ad_page_like_count": 1110,
  "ad_publisher_platform": [
    "facebook",
    "instagram",
    "audience_network",
    "messenger",
    "threads"
  ],
  "ad_like_count": "0",
  "ad_share_count": "0"
}