{
  "ad_id": "1131228245735700",
  "ad_context": "最近歐美國家的朋友也來找我測算，對於東方玄學，他們可能了解得沒有我們華人多。但這是好東西，我會盡我的力量介紹給他們，並幫他們解決生活中的困惑。\nRecently, friends from Europe and the United States have come to me for divinations. They may not understand Eastern metaphysics as well as we Chinese do. But it's a good thing, and I will do my best to introduce it to them and help them resolve the confusions in their lives.\n #风水 #道教 #道教文化 #算命 #taoistwisdom #八字命理 #bazi #divination #divinationwitch #fengshui #destiny #FatedMates #fate",
  "ad_profile_name": "命理與情感",
  "ad_profile_image": "https://scontent.ftpe8-3.fna.fbcdn.net/v/t39.35426-6/531039524_1912157719629871_7265331419973104295_n.jpg?stp=dst-jpg_s60x60_tt6&_nc_cat=111&ccb=1-7&_nc_sid=c53f8f&_nc_ohc=Al_9CY07q8wQ7kNvwFMaQMJ&_nc_oc=AdlxPCkcXxUX68CC2JRYPyYvS_2Ee6sDSTDk-EsKBx4hxzZQC5638dQM3SgHasqIjL8&_nc_zt=14&_nc_ht=scontent.ftpe8-3.fna&_nc_gid=NiCfokIDTOmf4zUmZXbI5Q&oh=00_AfpWYr6jVshySQDSg6mFGnD7XYW5wI92AxVCbu_fCFFkYA&oe=696DD36D",
  "ad_is_video": false,
  "ad_video_preview_image": "https://scontent.ftpe8-4.fna.fbcdn.net/v/t39.35426-6/532310446_787399946962663_3203340415521983415_n.jpg?_nc_cat=110&ccb=1-7&_nc_sid=c53f8f&_nc_ohc=QFNIf6vHAvkQ7kNvwG7GwJz&_nc_oc=AdljyE3gOd0ithdUq4ogRoIFfaI1LZGyGK8AhEvl-6i32fbxu2h9m07YbbaYZvKzDyM&_nc_zt=14&_nc_ht=scontent.ftpe8-4.fna&_nc_gid=NiCfokIDTOmf4zUmZXbI5Q&oh=00_Afr1ZcFCLHdqVq-R6TdQa34q6F23T9t-xWlY5pKxhcoq3g&oe=696DD210",
  "ad_image": null,
  "ad_cta_text": "發送訊息",
  "ad_link_description": null,
  "ad_link_url": null,
  "ad_title": null,
  "ad_caption": null,
  "ad_page_id": "259192300621957",
  "ad_cta_type": "發送訊息",
  "ad_extra_links": [],
  "ad_extra_texts": [],
  "ad_page_categories": [],
  "ad_page_like_count": 0,
  "ad_publisher_platform": [
    "facebook",
    "instagram",
    "threads"
  ],
  "ad_like_count": "0",
  "ad_share_count": "0"
}