{
  "ad_id": "1132205735762459",
  "ad_context": "📈「少一字賠你千萬」？30年老手超馬芭樂帶你揭開最常見的投顧套路！➤ #投資不踩雷 教你避免成為追高的那個人！#新聞也能用聽的 #投顧話術 超馬芭樂 - 賤芭樂",
  "ad_profile_name": "鏡好聽",
  "ad_profile_image": "https://scontent.ftpe8-3.fna.fbcdn.net/v/t39.35426-6/558180126_1850313702575338_3461329123233965741_n.jpg?stp=dst-jpg_s60x60_tt6&_nc_cat=106&ccb=1-7&_nc_sid=c53f8f&_nc_ohc=zxsFJIyXdeQQ7kNvwGooRJE&_nc_oc=Adlgm0HOCm-iwXnYZWApenOcXov9YhL9DgutgyWnefqULPrELdmt5w4qajDFv4LhokU&_nc_zt=14&_nc_ht=scontent.ftpe8-3.fna&_nc_gid=ZHbi0ewRbJ1MaCnvS2acgg&oh=00_AfpT2VeumEffqoemaxmBsbiohL0GwDcsj2plIXH7ey70sw&oe=696E6968",
  "ad_is_video": false,
  "ad_video_preview_image": "https://scontent.ftpe8-2.fna.fbcdn.net/v/t39.35426-6/558029941_702073599573884_1134617431775661937_n.jpg?_nc_cat=101&ccb=1-7&_nc_sid=c53f8f&_nc_ohc=4-Atng02pDwQ7kNvwGGVdB6&_nc_oc=Admy98iaeUdFBW-0m977nEx4t628NLifOGfIGKJ9nzFlRl0ScOzT1t-GruidEcKiADc&_nc_zt=14&_nc_ht=scontent.ftpe8-2.fna&_nc_gid=ZHbi0ewRbJ1MaCnvS2acgg&oh=00_AfpzUlt78MZNRXDIHDE4O_4Nmr85GtY-Kilv3jqnLGB1AQ&oe=696E4EDA",
  "ad_image": null,
  "ad_cta_text": "馬上聽",
  "ad_link_description": null,
  "ad_link_url": "https://l.facebook.com/l.php?u=https%3A%2F%2Flinktr.ee%2Fmirrorvoice.finance%3Futm_source%3Dmirrorvoice%26utm_medium%3DIG%26utm_campaign%3D2025Aug%26fbclid%3DIwZXh0bgNhZW0CMTAAYnJpZBExOFBnZndlbkFwVVZFVnBIQnNydGMGYXBwX2lkDzU0MTYzOTQ5Mzg4OTAyNQABHpCPzZSaVoSVpqeJn2TrdvHZ8ebdDoKhz7-jK5Ho3oa18BogAOnGIm1AjVQm_aem_qM4oCf6SsKGsF58FdOcvmQ&h=AT02lw3Pv4Dh7JIU7bJ1-ui_ttzmJF8l-iU8-OjkOPfCAKeiM07_dXsUqlvZ96Qm8l4QM37qQQ0O8lYLcvozMxCjAXcUUgZ3-mdkAIspIi-knzL9zdnkwZYApPPWsSQn8aVbSPVevQwfbOmZxFV2ug",
  "ad_title": null,
  "ad_caption": "linktr.ee",
  "ad_page_id": "111693870493380",
  "ad_cta_type": "馬上聽",
  "ad_extra_links": [],
  "ad_extra_texts": [],
  "ad_page_categories": [],
  "ad_page_like_count": 0,
  "ad_publisher_platform": [
    "facebook",
    "instagram"
  ],
  "ad_like_count": "0",
  "ad_share_count": "0"
}