{
  "ad_id": "1132446640996519",
  "ad_context": "🍻新知𝟰𝟬週年感恩茶會倒數𝟭𝟬天！來跟𝙛𝙚𝙢𝙞𝙣𝙞𝙨𝙩𝙨一起𝙘𝙝𝙞𝙡𝙡🍻\n​\n今年是婦女新知的40歲生日，從戒嚴時期1982年一群女性主義者創立雜誌社宣揚理念，1987年解嚴後改組為基金會，我們關注女性的各項權益，從身體自主、勞動、家庭，到政治監督以及女性的培力，時至今日已走過40個年頭。\n​\n#有奮鬥\n今年的感恩茶會，除了「年度工作報告」與大家分享新知2021年在推動倡議上做的努力，我們也設計了小遊戲——「婦湯蹈火，婦運🅑🅘🅝🅖🅞！」和大家一起回顧40年來前輩們在父權的道路上披荊斬棘的點點滴滴。\n​\n#有感動\n另外，現場也會有「婦女新知基金會40週年老照片特展」，我們帶著婦運老照片，到當年社運發生的場景做今昔比對，透過時空流轉的視覺呈現，帶出新知婦運史漫漫長路上各種變革的重要意義，並對篳路藍縷推動改革的各界夥伴與支持者，致上最大敬意。\n​\n#有玩樂\n當天也佈置了一整座牆面的「戳破父權謊言」戳戳樂，每一格都書寫著一個父權體制對我們的誘騙、規範或束縛，讓我們直面這些謊言，一起戳破父權社會編織出來的假象吧！格格都讓人很想戳👈格格都有好禮可以帶回家！\n​\n#還有美食與美酒\n除了必備的酒水以外，當日餐點特別與萬華社區越南小吃店「越窩越好 越式家庭手作料理」合作，請大家一起來享用新住民的美食！留下9/24下午來跟我們一起吃吃喝喝吧🥂\n​\n​\n【新知40，滴水穿石感恩茶會】\n\n​日期｜9/24(六)\n\n活動流程｜\n​\n13:30-14:00 來賓入場\n14:00-14:10 開場、介紹貴賓\n14:10-14:30 年度工作報告\n14:30-16:10 婦湯蹈火 ，婦運BINGO！\n16:10-17:00 茶敘、交流\n17:00-17:30 40週年感恩大合照\n​\n現場同樂｜\n​\n戳破父權謊言戳戳樂！戳中好禮讓您帶回家！\n婦女新知基金會40週年老照片特展，讓我們一起進入時空流轉的倡議地景！（歡迎與老朋友新朋友合照留念）\n​\n​\n💕餐券認購連結：https://www.awakening.org.tw/news/5771\n​\n#新知40\n#滴水穿石 \n#感恩茶會924\n#歡迎舊雨新知一起來參加",
  "ad_profile_name": "婦女新知基金會",
  "ad_profile_image": "https://scontent.ftpe8-3.fna.fbcdn.net/v/t39.35426-6/306569548_569289858215086_483051094262451375_n.jpg?stp=dst-jpg_s60x60_tt6&_nc_cat=107&ccb=1-7&_nc_sid=c53f8f&_nc_ohc=g0EDatjStjYQ7kNvwHGbbVD&_nc_oc=AdmfrD3mGYb-expXDMZMuMGuZMQYpr_Gju9cK9SQjYTWrl_qNOutDjEv1o7qcWMmJvI&_nc_zt=14&_nc_ht=scontent.ftpe8-3.fna&_nc_gid=fYptpH0wjSAMU8Aolp3zVw&oh=00_AfpHsxxBK8Z16hGLdTBPI2p7UXzMKhBsxTl85h0Dj8S6lA&oe=696E66CC",
  "ad_is_video": false,
  "ad_video_preview_image": null,
  "ad_image": "https://scontent.ftpe8-3.fna.fbcdn.net/v/t39.35426-6/306854143_937971657605578_7658876673070829312_n.jpg?stp=dst-jpg_s600x600_tt6&_nc_cat=106&ccb=1-7&_nc_sid=c53f8f&_nc_ohc=3oRdyOmNQsUQ7kNvwGiTXdB&_nc_oc=AdmiiXniXL3WFJrTm4zWDjkhJyebsDokN_-Ozhy5rshnkdqDMy4nRRuGZ29jHKzY6_8&_nc_zt=14&_nc_ht=scontent.ftpe8-3.fna&_nc_gid=fYptpH0wjSAMU8Aolp3zVw&oh=00_Afp7F5h_EvKTHzHwgv-Ebj81qFq0yQ3STBrDtu-nrMvcFg&oe=696E5CA9",
  "ad_cta_text": "",
  "ad_link_description": null,
  "ad_link_url": "https://www.awakening.org.tw/news/5771",
  "ad_title": null,
  "ad_caption": null,
  "ad_page_id": "367586062104",
  "ad_cta_type": "",
  "ad_extra_links": [],
  "ad_extra_texts": [],
  "ad_page_categories": [
    "非營利組織"
  ],
  "ad_page_like_count": 0,
  "ad_publisher_platform": [
    "facebook",
    "instagram"
  ],
  "ad_like_count": "0",
  "ad_share_count": "0"
}