{
  "ad_id": "1134289652057724",
  "ad_context": "暑假快到了💜\n是許多大朋友小朋友喜歡開始矯正的時機囉🪄\n快來找朗朗醫師吧😎\n———————————\n為何朗朗一直致力於兒童和青少年矯正呢？\n只要能改變孩子的人生，我願意多雞婆一點！💎\n{ 朗朗醫師 孩子的笑容魔法師 }\n @langdentist",
  "ad_profile_name": "隱適美白金級專家 朗朗醫師",
  "ad_profile_image": "https://scontent.ftpe8-2.fna.fbcdn.net/v/t39.35426-6/522182143_1085346939822253_1437312378074770671_n.jpg?stp=dst-jpg_s60x60_tt6&_nc_cat=103&ccb=1-7&_nc_sid=c53f8f&_nc_ohc=ffTCEbUGhSEQ7kNvwFxnaE7&_nc_oc=AdnUIfL9iPXTH6nVdQoHylj_LmvOdP95uiO5MCgl5cbeLJrFd3weG0rcsOIc6I97Dq8&_nc_zt=14&_nc_ht=scontent.ftpe8-2.fna&_nc_gid=YSXf2mThZCbQOtScCbeYzw&oh=00_Afrnokar2H_vr4qElPPejmVrxEnHFUuXVeqmIYyU5YWydw&oe=696DCC24",
  "ad_is_video": false,
  "ad_video_preview_image": "https://scontent.ftpe8-4.fna.fbcdn.net/v/t39.35426-6/521300186_1292322262517692_9183697484784628220_n.jpg?_nc_cat=110&ccb=1-7&_nc_sid=c53f8f&_nc_ohc=VZdrnpWdGzIQ7kNvwFOHPsn&_nc_oc=AdmRmV2eQU0fb5LtLfd4EqFlZK8jXVm94vQ0AnHOTt8j86tuZYvjqiuD36BqbQKtuTQ&_nc_zt=14&_nc_ht=scontent.ftpe8-4.fna&_nc_gid=YSXf2mThZCbQOtScCbeYzw&oh=00_AfpmsPnTcXq6WKPWAZ5Abua7Xg0rI8gHOhDYr9E1qwL06g&oe=696DE0DB",
  "ad_image": null,
  "ad_cta_text": "瞭解詳情",
  "ad_link_description": null,
  "ad_link_url": "https://pse.is/4seas4?fbclid=IwY2xjawPVWAxleHRuA2FlbQIxMABicmlkETFJUXkwV2JIM1drSTlxWlZXc3J0YwZhcHBfaWQPNTQxNjM5NDkzODg5MDI1AAEehnCHqn_neW424XsM0x9YgdxB_Oe22mKa-qs1p2D6dTKYVhk8mCggFPU0XJU_aem_ut2wdT1DnVZ-lf7HW9150g",
  "ad_title": null,
  "ad_caption": "pse.is",
  "ad_page_id": "103823315191255",
  "ad_cta_type": "瞭解詳情",
  "ad_extra_links": [],
  "ad_extra_texts": [],
  "ad_page_categories": [
    "兒童牙醫"
  ],
  "ad_page_like_count": 1071,
  "ad_publisher_platform": [
    "instagram"
  ],
  "ad_like_count": "0",
  "ad_share_count": "0"
}