{
  "ad_id": "1135920887617527",
  "ad_context": "岳儒祝您\n\n身體健康！\n心想事成！\n家庭美滿！\n事業成功！\n財源廣進！\n2025新年快樂！",
  "ad_profile_name": "雲林縣議員 蔡岳儒",
  "ad_profile_image": "https://scontent.ftpe8-1.fna.fbcdn.net/v/t39.35426-6/475127982_1654174125456438_1732336954671878055_n.jpg?stp=dst-jpg_s60x60_tt6&_nc_cat=109&ccb=1-7&_nc_sid=c53f8f&_nc_ohc=X96_sfQKUFoQ7kNvwHgkJb1&_nc_oc=Admj15RzO2avMv698HEVkWXi64zEsqc3XLwDZ-02ccb7Yado8A4jSCnY6TWU8CbjAsA&_nc_zt=14&_nc_ht=scontent.ftpe8-1.fna&_nc_gid=XKK5s8HhFdriS4yYZe2DEg&oh=00_AfrO70wNqluzzUvA9GV4RHoDWlAhjJqV4KL5MSt9h77Xhw&oe=696E6A32",
  "ad_is_video": false,
  "ad_video_preview_image": null,
  "ad_image": "https://scontent.ftpe8-4.fna.fbcdn.net/v/t39.35426-6/475114302_1069250631620159_3417659334992583374_n.jpg?stp=dst-jpg_s600x600_tt6&_nc_cat=104&ccb=1-7&_nc_sid=c53f8f&_nc_ohc=awCX99uP-LkQ7kNvwHclo4E&_nc_oc=AdlRH-9hdNNF3_zhm_jXuI53kbeZbQIm-DTlJIJ4hW7rmfXNRbtm0wX4ojwwpxpSSsc&_nc_zt=14&_nc_ht=scontent.ftpe8-4.fna&_nc_gid=XKK5s8HhFdriS4yYZe2DEg&oh=00_Afrkw2D-bSpu9Jc64jjPR8aNr5ZbpJoiDOqYbBrI5CDrhQ&oe=696E5869",
  "ad_cta_text": "立即通話",
  "ad_link_description": "我是雲林縣議員蔡岳儒，歡迎您來到我的專頁！",
  "ad_link_url": null,
  "ad_title": "雲林縣議員 蔡岳儒",
  "ad_caption": null,
  "ad_page_id": "293352697389293",
  "ad_cta_type": "立即通話",
  "ad_extra_links": [],
  "ad_extra_texts": [],
  "ad_page_categories": [],
  "ad_page_like_count": 0,
  "ad_publisher_platform": [
    "facebook"
  ],
  "ad_like_count": "0",
  "ad_share_count": "0"
}