{
  "ad_id": "1135639741822051",
  "ad_context": "或許你也發現，隨著醫藥進步，愛滋早已是可控制的慢性病，近幾年愛滋在臺灣的討論度正逐漸降低。但這不代表問題已經解決，愛滋感染者的生活依然充滿挑戰，仍有一部分的感染者，在面對自己感染這件事，仍在學習如何與疾病和汙名共存，同時也還面對著社會中的不友善。\n​\n「感染誌」在愛滋倡議的路上將邁入第十年。持續邀請愛滋社群夥伴透過文字、藝術與平權行動進行倡議，讓更多人能看見感染者的生活與困境，讓社會不再漠視這個議題，並與社群一同練習發聲。\n​\n九月份女神受到感染誌的邀請，開設了個人募款頁，希望能為感染誌募得五萬元的工作費用。邀請你與我一起，支持「感染誌」，讓愛滋議題持續被看見，讓更多人能走入愛滋感染者的真實生活，持續邁向友善平等的未來。你的每一筆捐款，都將成為「感染誌」持續工作、講述更多愛滋故事的堅實後盾。\n​\n💖 邀請你與我一起，捐款支持「感染誌」➜ \nhttps://hiv-story.pse.is/diva2025\n---\n勸募字號：衛部救字第1141360255號",
  "ad_profile_name": "感染誌 Hivstory",
  "ad_profile_image": "https://scontent.ftpe8-1.fna.fbcdn.net/v/t39.35426-6/548757821_769798638991551_7191220013948209069_n.jpg?stp=dst-jpg_s60x60_tt6&_nc_cat=105&ccb=1-7&_nc_sid=c53f8f&_nc_ohc=D8rkaS5R4O8Q7kNvwGt7KTr&_nc_oc=AdmalaYEpyseETPJjCFzx8-EdRZLmdCfrAalTECeuTHLYbWUfm9rW5PxlSfQda9wnJA&_nc_zt=14&_nc_ht=scontent.ftpe8-1.fna&_nc_gid=Q_ovOTidWPs1G4EAr7i_Fw&oh=00_Afp3QxbJAol8hhhZO0Uxg_boCNFThFtLZ9F804jOjQELGQ&oe=696E58BC",
  "ad_is_video": false,
  "ad_video_preview_image": null,
  "ad_image": "https://scontent.ftpe8-1.fna.fbcdn.net/v/t39.35426-6/549825160_1179093390710007_6540287855392416301_n.jpg?stp=dst-jpg_s600x600_tt6&_nc_cat=109&ccb=1-7&_nc_sid=c53f8f&_nc_ohc=3wfdnDBDlF0Q7kNvwEs7LYW&_nc_oc=AdkQxQQCi1HAjLJpidx_53KIpkw6K1CyyPVB_pOqH7PWgcIHxQKm75XNhKUzuNu5_wU&_nc_zt=14&_nc_ht=scontent.ftpe8-1.fna&_nc_gid=Q_ovOTidWPs1G4EAr7i_Fw&oh=00_AfqqlDqXIjlNCSGI9T6MezQ4v1zZBa-onigqJRV90oWJ1A&oe=696E55FA",
  "ad_cta_text": "Learn More",
  "ad_link_description": null,
  "ad_link_url": "https://hiv-story.pse.is/diva2025",
  "ad_title": "女神下午茶邀請你，捐款支持感染誌！",
  "ad_caption": "https://hiv-story.pse.is/diva2025",
  "ad_page_id": "307448579410362",
  "ad_cta_type": "Learn More",
  "ad_extra_links": [
    "女神下午茶邀請你，捐款支持感染誌！",
    "女神下午茶邀請你，捐款支持感染誌！",
    "女神下午茶邀請你，捐款支持感染誌！",
    "女神下午茶邀請你，捐款支持感染誌！"
  ],
  "ad_extra_texts": [
    "或許你也發現，隨著醫藥進步，愛滋早已是可控制的慢性病，近幾年愛滋在臺灣的討論度正逐漸降低。但這不代表問題已經解決，愛滋感染者的生活依然充滿挑戰，仍有一部分的感染者，在面對自己感染這件事，仍在學習如何與疾病和汙名共存，同時也還面對著社會中的不友善。\n​\n「感染誌」在愛滋倡議的路上將邁入第十年。持續邀請愛滋社群夥伴透過文字、藝術與平權行動進行倡議，讓更多人能看見感染者的生活與困境，讓社會不再漠視這個議題，並與社群一同練習發聲。\n​\n九月份女神受到感染誌的邀請，開設了個人募款頁，希望能為感染誌募得五萬元的工作費用。邀請你與我一起，支持「感染誌」，讓愛滋議題持續被看見，讓更多人能走入愛滋感染者的真實生活，持續邁向友善平等的未來。你的每一筆捐款，都將成為「感染誌」持續工作、講述更多愛滋故事的堅實後盾。\n​\n💖 邀請你與我一起，捐款支持「感染誌」➜ \nhttps://hiv-story.pse.is/diva2025\n---\n勸募字號：衛部救字第1141360255號",
    "或許你也發現，隨著醫藥進步，愛滋早已是可控制的慢性病，近幾年愛滋在臺灣的討論度正逐漸降低。但這不代表問題已經解決，愛滋感染者的生活依然充滿挑戰，仍有一部分的感染者，在面對自己感染這件事，仍在學習如何與疾病和汙名共存，同時也還面對著社會中的不友善。\n​\n「感染誌」在愛滋倡議的路上將邁入第十年。持續邀請愛滋社群夥伴透過文字、藝術與平權行動進行倡議，讓更多人能看見感染者的生活與困境，讓社會不再漠視這個議題，並與社群一同練習發聲。\n​\n九月份女神受到感染誌的邀請，開設了個人募款頁，希望能為感染誌募得五萬元的工作費用。邀請你與我一起，支持「感染誌」，讓愛滋議題持續被看見，讓更多人能走入愛滋感染者的真實生活，持續邁向友善平等的未來。你的每一筆捐款，都將成為「感染誌」持續工作、講述更多愛滋故事的堅實後盾。\n​\n💖 邀請你與我一起，捐款支持「感染誌」➜ \nhttps://hiv-story.pse.is/diva2025\n---\n勸募字號：衛部救字第1141360255號",
    "或許你也發現，隨著醫藥進步，愛滋早已是可控制的慢性病，近幾年愛滋在臺灣的討論度正逐漸降低。但這不代表問題已經解決，愛滋感染者的生活依然充滿挑戰，仍有一部分的感染者，在面對自己感染這件事，仍在學習如何與疾病和汙名共存，同時也還面對著社會中的不友善。\n​\n「感染誌」在愛滋倡議的路上將邁入第十年。持續邀請愛滋社群夥伴透過文字、藝術與平權行動進行倡議，讓更多人能看見感染者的生活與困境，讓社會不再漠視這個議題，並與社群一同練習發聲。\n​\n九月份女神受到感染誌的邀請，開設了個人募款頁，希望能為感染誌募得五萬元的工作費用。邀請你與我一起，支持「感染誌」，讓愛滋議題持續被看見，讓更多人能走入愛滋感染者的真實生活，持續邁向友善平等的未來。你的每一筆捐款，都將成為「感染誌」持續工作、講述更多愛滋故事的堅實後盾。\n​\n💖 邀請你與我一起，捐款支持「感染誌」➜ \nhttps://hiv-story.pse.is/diva2025\n---\n勸募字號：衛部救字第1141360255號",
    "「感染誌」在愛滋倡議的路上將邁入第十年。持續邀請愛滋社群夥伴透過文字、藝術與平權行動進行倡議，讓更多人能看見感染者的生活與困境，讓社會不再漠視這個議題，並與社群一同練習發聲。\n​\n九月份女神受到感染誌的邀請，開設了個人募款頁，希望能為感染誌募得五萬元的工作費用。邀請你與我一起，支持「感染誌」，讓愛滋議題持續被看見，讓更多人能走入愛滋感染者的真實生活，持續邁向友善平等的未來。你的每一筆捐款，都將成為「感染誌」持續工作、講述更多愛滋故事的堅實後盾。\n​\n💖 邀請你與我一起，捐款支持「感染誌」➜ \nhttps://hiv-story.pse.is/diva2025\n---\n勸募字號：衛部救字第1141360255號"
  ],
  "ad_page_categories": [],
  "ad_page_like_count": 0,
  "ad_publisher_platform": [
    "facebook",
    "instagram"
  ],
  "ad_like_count": "0",
  "ad_share_count": "0"
}