{
  "ad_id": "1136008348336099",
  "ad_context": "大家最熟悉的拍攝場地\n其實就是我跟師丈的起家厝～～\n從我們結婚、生小孩、當鋼琴老師\n到現在成為創作者\n這間房子的用途也從自住變成工作室\n為了辦公、拍攝、練琴、收發包裹等需求\n長時間下來囤物累積、收納混亂、風格不統一\n有時甚至連走路都困難\n常常找不到需要的東西~~\n連小孩寫作業都得東搬西移\n\n這次有幸請到宅即變團隊改造起家厝\n我真的太喜歡了！！！！！！\n朱老師透過了解我的使用習慣、動線、收納需求\n簡單的軟裝就打造出符合需求又美觀的新空間\n現在走進工作室都像回到新家\n不用擔心打開門看到超雜亂空間\n小孩也有更舒適的地方寫作業\n\n如果你也有軟裝、收納、室內設計等需求，或正在為裝潢苦惱\n朱老師和學籽合作開了一堂【減法裝修Ｘ預算解析Ｘ格局美學｜一開始就做對的室內設計課】\n從風格規劃、預算控制、空間動線到建材選擇\n每個面向都從設計師角度出發教學\n讓新手在打造自己的家時\n方向更明確！\n\n課程現正募資中：https://seeds.com.tw/courses/jai-design\n現在有江老師專屬折扣碼可以使用喔～\n輸入：teacherchiang300\n即日起至 7/20 可折抵 300 元！",
  "ad_profile_name": "我是江老師",
  "ad_profile_image": "https://scontent.ftpe8-3.fna.fbcdn.net/v/t39.35426-6/507522657_4207861702821912_7443228229308035997_n.jpg?stp=dst-jpg_s60x60_tt6&_nc_cat=106&ccb=1-7&_nc_sid=c53f8f&_nc_ohc=yRkVWZSgX-oQ7kNvwFXrIwy&_nc_oc=Admg9aws3L8rI9FkcJF4Gozrfg211btl3JA0uVOEE3EvjREeIp44iENxOx9h-kz11lU&_nc_zt=14&_nc_ht=scontent.ftpe8-3.fna&_nc_gid=oCWVNUgHJuJyyMmRlVtP8A&oh=00_AfqnWNgnJr9hYfjr3tzeThDvXD3SSBCJuBNl98nVCZAU9A&oe=696E6BC2",
  "ad_is_video": false,
  "ad_video_preview_image": "https://scontent.ftpe8-2.fna.fbcdn.net/v/t39.35426-6/508570673_1449030939844622_1198290182800718789_n.jpg?_nc_cat=101&ccb=1-7&_nc_sid=c53f8f&_nc_ohc=mRPU6Sqc7zUQ7kNvwEVx15t&_nc_oc=AdnB_CX1nEcwGPogoxK3Uz3MVTg-J4Ti02liRrqhQwCFVkvQIuz9tZX-Nm8IQzNvHyc&_nc_zt=14&_nc_ht=scontent.ftpe8-2.fna&_nc_gid=oCWVNUgHJuJyyMmRlVtP8A&oh=00_Afo0rs0w85PxlIM3mhzy_Wn5GfaJlKdZBI42hTj4F2Vv4A&oe=696E4954",
  "ad_image": null,
  "ad_cta_text": "",
  "ad_link_description": null,
  "ad_link_url": "https://seeds.com.tw/courses/jai-design",
  "ad_title": "鋼琴埋在雜物堆 倉庫般工作室大改造 超強收納必看！師丈滿意到不行",
  "ad_caption": null,
  "ad_page_id": "1916312428628488",
  "ad_cta_type": "",
  "ad_extra_links": [],
  "ad_extra_texts": [],
  "ad_page_categories": [],
  "ad_page_like_count": 0,
  "ad_publisher_platform": [
    "facebook",
    "instagram",
    "audience_network",
    "messenger",
    "threads"
  ],
  "ad_like_count": "0",
  "ad_share_count": "0"
}