{
  "ad_id": "1136135344653044",
  "ad_context": "🌍【ESG媒合專區上線！一起打造永續新竹】🌱\n你知道嗎？企業不只可以在永續報告書上展現ESG行動，現在還能直接透過「新竹縣永續發展暨氣候變遷環保小學堂」👉 ESG媒合專區，找到縣內各局處的SDGs合作議題，一起為永續新竹出力！\n\n💡 在這裡，你可以：\n✅ 挑選符合企業ESG目標的合作項目（如：公園認養、新農民市場合作計畫、提供舊衣回收箱(點)設置地點等）\n✅ 清楚掌握合作議題資訊：簡要/需求說明、場域、進行方式、權利義務、期程等一次公開透明\n✅ 透過「自提方案區」👉 由在地社區、企業、公民團體提出創意方案，直接媒合縣府單位，促進雙向交流\n\n🌱 不論是環境永續、社區共好、能源轉型或綠色生活，每一份參與都能讓新竹縣往永續未來邁進！\n\n📌 立即上網看看有哪些議題適合你/你的企業，攜手推動新竹縣邁向永續！\n\n👉【新竹縣永續發展暨氣候變遷環保小學堂】ESG媒合專區\n（https://www.hcepbcc.com/modules/cadch/index.php?pid=2）\n\n#ESG #SDGs #永續新竹 #氣候變遷調適 #公私協力 #企業ESG行動\n#新竹縣環保局圖文 #新竹縣環保局廣告",
  "ad_profile_name": "新竹縣政府環境保護局",
  "ad_profile_image": "https://scontent.ftpe8-3.fna.fbcdn.net/v/t39.35426-6/556421026_734658282942759_2290623029894905207_n.jpg?stp=dst-jpg_s60x60_tt6&_nc_cat=107&ccb=1-7&_nc_sid=c53f8f&_nc_ohc=ytLb7dPAF_oQ7kNvwEZz1-3&_nc_oc=AdmNkVL4M5JDhINFWCnCvoTuYNiWb_I2W8TwObW1XhLlJ7GMKnl0u7prlE7hqJ1N8IQ&_nc_zt=14&_nc_ht=scontent.ftpe8-3.fna&_nc_gid=VZ3ku3D5niDD1BJ9kdPyXA&oh=00_AfoInmgE_kBTLA5SBYAWz-dU00TT7Ayhq-J6jVZfQ0VP6w&oe=696DC9F1",
  "ad_is_video": false,
  "ad_video_preview_image": null,
  "ad_image": "https://scontent.ftpe8-4.fna.fbcdn.net/v/t39.35426-6/558084691_1479354409949118_7041515672243858104_n.jpg?stp=dst-jpg_s600x600_tt6&_nc_cat=110&ccb=1-7&_nc_sid=c53f8f&_nc_ohc=mO29EBr4vhUQ7kNvwEeRcJF&_nc_oc=AdlPuUqH9PUJGXuZmFmNcbJmj4oSdLof2V-fNRBFV52f6M2nA2i8hFTzuH7wOaOjqGE&_nc_zt=14&_nc_ht=scontent.ftpe8-4.fna&_nc_gid=VZ3ku3D5niDD1BJ9kdPyXA&oh=00_AfpFdtczejS--vmzuq2liP3xLUNVrU91upfX5cJd78ykRQ&oe=696DE06A",
  "ad_cta_text": "",
  "ad_link_description": null,
  "ad_link_url": "https://www.hcepbcc.com/modules/cadch/index.php?pid=2）",
  "ad_title": null,
  "ad_caption": null,
  "ad_page_id": "460359517372079",
  "ad_cta_type": "",
  "ad_extra_links": [],
  "ad_extra_texts": [],
  "ad_page_categories": [
    "政府機構"
  ],
  "ad_page_like_count": 0,
  "ad_publisher_platform": [
    "facebook",
    "instagram"
  ],
  "ad_like_count": "0",
  "ad_share_count": "0"
}