{
  "ad_id": "1136303545353832",
  "ad_context": "放心說 FundaTalk，是由精神科醫師、心理師共同建立的平台。 \n​\n我們相信：穩定的心理狀態，才能讓人一步步靠近理想的生活。 \n​\n在這裡，你可以找到：\n​\n✅線上身心科醫師諮詢\n​\n✅線上心理師諮商\n​\n✅24 小時免費體驗的心理支持 FundaGPT\n \n​\n「讓心理照護，成為日常的一部分」\n​\n​👉了解詳情：https://www.fundatalk.com/zh-Hant/about資",
  "ad_profile_name": "放心說 FundaTalk",
  "ad_profile_image": "https://scontent.ftpe8-1.fna.fbcdn.net/v/t39.35426-6/576921264_1631987037580148_7958195375104830569_n.jpg?stp=dst-jpg_s60x60_tt6&_nc_cat=105&ccb=1-7&_nc_sid=c53f8f&_nc_ohc=pwSnk8D6_nsQ7kNvwEY3cpC&_nc_oc=AdlqW5Lhb_fO5jklTZimsWvawXH2ZXWQFJGBmvWNtwolVVBHKjXIPD3uNKvZCBuATAU&_nc_zt=14&_nc_ht=scontent.ftpe8-1.fna&_nc_gid=nE8Pw7mQ79MW-d5VnY-pcQ&oh=00_AfqemdhasKAUViK1qhCV1EbxqKdq_1XV9jm-E6eapM1srg&oe=696DF1CC",
  "ad_is_video": false,
  "ad_video_preview_image": null,
  "ad_image": "https://scontent.ftpe8-4.fna.fbcdn.net/v/t39.35426-6/576962357_1443020070129467_21391597387059134_n.jpg?stp=dst-jpg_s600x600_tt6&_nc_cat=102&ccb=1-7&_nc_sid=c53f8f&_nc_ohc=ZYBzGEnMmS0Q7kNvwGdrWY-&_nc_oc=AdmyzVua8c1oE1bvyB1MQiELTvRsMmuCsIwFC5fiTuVaUJeeGh77zQE_1tGx7B5QBS0&_nc_zt=14&_nc_ht=scontent.ftpe8-4.fna&_nc_gid=nE8Pw7mQ79MW-d5VnY-pcQ&oh=00_AfoSsNeCEwz3n7w-3HjMR0QjFXcfWGaeReJbjnELkxFXlw&oe=696DE2C6",
  "ad_cta_text": "聯絡我們",
  "ad_link_description": "無論你正為失眠、焦慮、憂鬱或自律神經失調等身心問題感到煩惱，我們的身心科醫師與心理師都可以透過安全有隱私的線上看診、視訊心理諮商，陪你一步步釐清症狀成因，找到治療方向。",
  "ad_link_url": "https://www.fundatalk.com/zh-Hant/about資",
  "ad_title": "線上身心醫師 & 心理師諮詢平台",
  "ad_caption": "fundatalk.com",
  "ad_page_id": "560408090491949",
  "ad_cta_type": "聯絡我們",
  "ad_extra_links": [],
  "ad_extra_texts": [],
  "ad_page_categories": [],
  "ad_page_like_count": 0,
  "ad_publisher_platform": [
    "facebook",
    "instagram",
    "audience_network",
    "messenger"
  ],
  "ad_like_count": "0",
  "ad_share_count": "0"
}