{
  "ad_id": "1137615395184326",
  "ad_context": "[ 一掬山水聯展 藝術家介紹 Ｉ陳芳蘭 Fang-Lan ChenＩ台灣] \n\n「做陶並不是“完成一件作品”，\n而是把自己安放回一個自在的狀態。」 —陳芳蘭\n\n她捏土的方式很安靜，\n沒有要控制也沒有要說服，\n只是讓雙手自然帶路，\n讓泥土慢慢形成為她想要的樣子。\n\n作品的光澤\n不是來自釉色的華麗，\n而是來自等待，\n來自火慢慢走過的痕跡，\n來自時間累積出的耐心。\n\n她說\n順著心去創作的作品，\n總會先感動到自己，\n它會慢慢長成她想成為的模樣，\n\n她做的\n只是順著那份最真實的感性去陪伴，\n在土還柔軟的時候聽它說話，\n在火裡成熟的時候等它安靜。\n\n這次聯展的茶碗作品看起來朴素而低語，\n卻讓人感覺到一份很深的安穩，\n像把土地的溫度，\n留在可以被人捧起的形裡，\n也像把長年以來沉默的力量，\n交付給火焰去說完最後一句話。\n\n或許\n這就是她的作品總能帶來感動，\n不是被裝飾得很美，\n而是被生活過的痕跡，\n安穩地托在手心上。\n\nFor Fang-Lan Chen, working with clay is not about completing an object,\nbut about finding a place where the heart can breathe again.\n\nShe works quietly,\nletting her hands move with the rhythm of the clay,\nallowing it to take its own shape,\nas if the earth remembers what it wants to become.\n\nThe glow on each piece does not come from brilliant glaze,\nbut from waiting,\nfrom the slow passage of fire,\nfrom patience built through time.\n\nShe says that when she follows her heart,\nthe work always finds its way,\nit grows into what it wishes to be.\nHer part is simply to stay beside it,\nto listen while it is soft,\nand to wait for its calm after the fire.\n\nThe tea bowls in this exhibition look humble, almost whispering,\nyet they hold a quiet strength and warmth,\nlike the earth resting in one’s hands.\nTheir beauty lies not in adornment,\nbut in the traces of life,\nhonestly and gently lived.\n\n個展經歷\n1994〈生活陶個展〉　春稻藝術中心　台中\n2018〈北中南巡迴個展〉　春稻藝術坊　台北・高雄・台中\n          〈茶器具個展〉　茶・山行　台北\n2025 〈心流〉 Gallery ONI 高雄\n⸻\n聯展 Group Exhibitions\n1993 〈第五屆陶藝雙年展〉　國立歷史博物館　台北\n1994〈小品陶聯展〉　景陶坊陶瓷專業藝廊　高雄\n遷居〈寶來窯・遊藝空間〉　寶來\n1995〈現代陶壺聯展〉　景陶坊陶瓷專業藝廊　高雄\n1996〈現代茶具聯展〉　景陶坊陶瓷專業藝廊　高雄\n          〈盤聯展〉　景陶坊陶瓷專業藝廊　高雄\n1997〈陶語壺情聯展〉　景陶坊陶瓷專業藝廊　高雄\n〈陶藝雙人展〉（與吳建福）　景陶坊陶瓷專業藝廊　高雄\n2001〈陶趣生活小品陶聯展〉　景陶坊陶瓷專業藝廊　高雄\n          〈壺劇〉現代陶壺・茶具創作聯展　景陶坊陶瓷專業藝廊　高雄\n2002〈新春‧賀禧‧生活陶展〉　景陶坊陶瓷專業藝廊　高雄\n           〈壺壺生風〉現代茶壺・茶具聯展　景陶坊陶瓷專業藝廊　高雄\n          〈創意生活陶聯展〉　景陶坊陶瓷專業藝廊　高雄\n2003〈祈壺〉現代茶壺・茶具聯展　景陶坊陶瓷專業藝廊　高雄\n           〈陶藝展〉　世外陶園　嘉義\n2011〈淡淡起茶煙〉茶壺聯展　富貴陶園　鶯歌\n         〈那些年 我們一起做的陶〉聯展　小畫廊　高雄\n2015〈合掌窯夥伴行旅〉　水色1214之間藝廊　台南\n2017〈陶人四象聯展〉　東門美術館　台南\n2018〈不祇是器〉聯展　東門美術館　台南\n          〈埏埴好器〉李懷錦・陳芳蘭・林素秋聯展　M畫廊　台北\n          〈火‧形色〉合掌窯創作聯展　川月堂　竹北\n          〈壺杯聯展〉　賞器藝廊　台北\n          〈器〉台灣當代工藝美術系列聯展　留園茶空間　洛陽\n2020〈合掌窯陶藝聯展〉　東門美術館　台南\n           〈黑之器聯展〉　賞器藝廊　台北\n           〈一覽芳哲雙個展〉 當代藝術館\n2022〈花間器味聯展〉 當代藝術館\n2023〈郁韻 壹藝創作展〉板橋\n2025〈六韻聯展〉當代藝術館 \n\n一掬山水Landscape between Our Hands\n |  台灣  |  日本 |  泰國 |  香港  |  八人聯展\n |  Taiwan |  Japan |  Thailand |  Hong Kong  |  Joint Exhibition\n\n陳芳蘭 Fang-Lan Chen\n黃美嫻 Yokky Wong\n梁慧思 Queenie Leung\nEve/ Sukanjana Kanjanabat\n加藤真美 Kato Mami \n賴孝哲 Hsiao-Che Lai\n黃歆淳 Hsin-Chun Huang\n羅士亷 Chris Lo\n展期｜2025.11.08 — 11.30  1pm ~ 5:30pm\n週末免預約自由參觀（週一至週三休館）\n週四週五請官方Line或來電預約 （請洽 0918-591-797）\n地點｜翼想空間（台南市安平區安平路606巷33號1樓）\n策展團隊：大陶工作室 Cobo Ceramic Workshop Taiwan - 台灣\n\n索取作品清單\n歡迎洽詢官方LINE： \nhttps://lin.ee/acKnFSV",
  "ad_profile_name": "翼想空間 Mind W/ Wings",
  "ad_profile_image": "https://scontent.ftpe8-2.fna.fbcdn.net/v/t39.35426-6/574046292_1886326892237340_6651537939998385651_n.jpg?stp=dst-jpg_s60x60_tt6&_nc_cat=101&ccb=1-7&_nc_sid=c53f8f&_nc_ohc=NhReRNk8Ij8Q7kNvwHoGwKF&_nc_oc=AdlV7oufs_WWoWmkE7CTk-frZOL6O3TxuSl0dJaDDt0x6mmTV7fWRYuo56pxwAsKUmo&_nc_zt=14&_nc_ht=scontent.ftpe8-2.fna&_nc_gid=brd7SN-Xb_TP3cLKWdLS-w&oh=00_AfpeaIs5vTKOHS1x-f6WZz1nHSU0g2O18krJFXE0MW5D4w&oe=696E5487",
  "ad_is_video": false,
  "ad_video_preview_image": null,
  "ad_image": "https://scontent.ftpe8-4.fna.fbcdn.net/v/t39.35426-6/574966549_2031974257595950_3777541994349283233_n.jpg?stp=dst-jpg_s600x600_tt6&_nc_cat=110&ccb=1-7&_nc_sid=c53f8f&_nc_ohc=cR2F3TQ1NwoQ7kNvwEK44FS&_nc_oc=AdnGQBWT2T4Po55CaYgxcNRtyRjeceEkxtk6sw6L1JuqOxKf4igha6m5cahnQQLVCg4&_nc_zt=14&_nc_ht=scontent.ftpe8-4.fna&_nc_gid=brd7SN-Xb_TP3cLKWdLS-w&oh=00_AfpP3w00SMPxkeDDxlCEb2J5KdW77XsvJzCYi0OBSKA_zg&oe=696E660A",
  "ad_cta_text": "",
  "ad_link_description": null,
  "ad_link_url": "https://lin.ee/acKnFSV",
  "ad_title": null,
  "ad_caption": null,
  "ad_page_id": "564175160122017",
  "ad_cta_type": "",
  "ad_extra_links": [],
  "ad_extra_texts": [],
  "ad_page_categories": [
    "藝廊"
  ],
  "ad_page_like_count": 1477,
  "ad_publisher_platform": [
    "facebook"
  ],
  "ad_like_count": "0",
  "ad_share_count": "0"
}