{
  "ad_id": "1137414337965275",
  "ad_context": "多位黨籍縣市首長聯合推薦4號郝龍斌，10月18日（六）懇請投下您神聖的一票，讓國民黨再次偉大！",
  "ad_profile_name": "郝龍斌",
  "ad_profile_image": "https://scontent.ftpe8-4.fna.fbcdn.net/v/t39.35426-6/558919194_1570017107506243_4762196329205148846_n.jpg?stp=dst-jpg_s60x60_tt6&_nc_cat=110&ccb=1-7&_nc_sid=c53f8f&_nc_ohc=gl8U4EwVV-0Q7kNvwGgSF7f&_nc_oc=AdnMIg4EgJRPq6ZXXZXfJMWpopfDN7nqd5wQvAA4_g6Nk37qXBFQMiMhWiUBzJQJBpQ&_nc_zt=14&_nc_ht=scontent.ftpe8-4.fna&_nc_gid=zyIjgsQRr26Y-GFxtAjXxA&oh=00_AfqzdXlgn1eGz6ok59ucM9y00c5ngducphC8KbuiPuyXjw&oe=696DE7C7",
  "ad_is_video": false,
  "ad_video_preview_image": "https://scontent.ftpe8-1.fna.fbcdn.net/v/t39.35426-6/561591344_679285741583948_7589213798871137890_n.jpg?_nc_cat=109&ccb=1-7&_nc_sid=c53f8f&_nc_ohc=9ccTmF41qrUQ7kNvwErEYMH&_nc_oc=AdmpbA7QKvcCxDA8p7gvb9aLaF88PM-ZaeOsqJfKjOZv39dovNZPDuSyp9VXwlqX8EM&_nc_zt=14&_nc_ht=scontent.ftpe8-1.fna&_nc_gid=zyIjgsQRr26Y-GFxtAjXxA&oh=00_AfoKGgA6aa1oMYS6cM6uvo2-7Z7zo63d74-xXqYmMnm75Q&oe=696DC4C7",
  "ad_image": null,
  "ad_cta_text": "",
  "ad_link_description": null,
  "ad_link_url": null,
  "ad_title": "多位黨籍縣市首長聯合推薦4號郝龍斌，10月18日（六）懇請投下您神聖的一票，讓國民黨再次偉大！",
  "ad_caption": null,
  "ad_page_id": "141362065899673",
  "ad_cta_type": "",
  "ad_extra_links": [],
  "ad_extra_texts": [],
  "ad_page_categories": [],
  "ad_page_like_count": 0,
  "ad_publisher_platform": [
    "facebook",
    "instagram"
  ],
  "ad_like_count": "0",
  "ad_share_count": "0"
}