{
  "ad_id": "1138552345012240",
  "ad_context": "再壞的命運，也能用這些方法去改變\n\n全文：https://bit.ly/3X0BCkZ\n\n登入【佛門網】，閱讀更多佛教文章：https://www.buddhistdoor.org",
  "ad_profile_name": "佛門網 Buddhistdoor",
  "ad_profile_image": "https://scontent.ftpe8-3.fna.fbcdn.net/v/t39.35426-6/579467380_764753459856786_2582043173190310329_n.jpg?stp=dst-jpg_s60x60_tt6&_nc_cat=111&ccb=1-7&_nc_sid=c53f8f&_nc_ohc=nWqLywF75qkQ7kNvwHAe9LO&_nc_oc=AdkdcOj0oiDon2hgsD7aU31ZMKEH8v5C4Juryt8GBpuF6zK8YfrSsb6YDHJ5DGbGdrQ&_nc_zt=14&_nc_ht=scontent.ftpe8-3.fna&_nc_gid=HfNp7tiHcQgGW7_PDDhjDA&oh=00_AfqX0UUkqYmvtYz_lrApSKZfGNfQpbn81ZSAP2up4_C0Iw&oe=696E5502",
  "ad_is_video": false,
  "ad_video_preview_image": null,
  "ad_image": "https://scontent.ftpe8-2.fna.fbcdn.net/v/t39.35426-6/579929994_1529583298255336_3774319297022588766_n.jpg?stp=dst-jpg_s600x600_tt6&_nc_cat=100&ccb=1-7&_nc_sid=c53f8f&_nc_ohc=ztpqbKdJRm8Q7kNvwFukc6l&_nc_oc=Adn835qJDEKzZoLZlwv-f9_8btAJR-i8qhkIfeM1MT21gY-hC_hkfl11YJs_uIGZddQ&_nc_zt=14&_nc_ht=scontent.ftpe8-2.fna&_nc_gid=HfNp7tiHcQgGW7_PDDhjDA&oh=00_AfpoXeq0KMY8TU5eJO5TfW-W0cRb9A0NN9vjVFKyLOp4ug&oe=696E4924",
  "ad_cta_text": "",
  "ad_link_description": "佛教雖然也講命運，但是有別於外道機械的宿命論。佛教主張諸法因緣而生，空無自性，因此命運也是因緣生法，...",
  "ad_link_url": "https://bit.ly/3X0BCkZ",
  "ad_title": "再壞的命運，也能用這些方法去改變 - 佛門網 - 香港佛教網站",
  "ad_caption": "buddhistdoor.org",
  "ad_page_id": "251206060251",
  "ad_cta_type": "",
  "ad_extra_links": [],
  "ad_extra_texts": [],
  "ad_page_categories": [
    "媒體／新聞機構"
  ],
  "ad_page_like_count": 0,
  "ad_publisher_platform": [
    "facebook",
    "instagram",
    "audience_network"
  ],
  "ad_like_count": "0",
  "ad_share_count": "0"
}