{
  "ad_id": "1141556556777961",
  "ad_context": "#做事不分藍綠  #問政不分藍綠 #一步一腳印\n#顯得用心\n\n阿顯這一路走來從基層做起\n沒有背景、沒有後台\n18年的助理的服務經驗與8年議員任期的問政歷練\n阿顯有信心可以完成對選民的承諾\n阿顯的服務從來不斷線\n阿顯的政績從來不灌水\n一步一腳印，腳踏實地守護民眾的幸福\n\n因為有這許多年的經驗\n阿顯更能夠深切的理解民眾的需求與難處\n更具備爭取各項建設經費的實務與協調能力\n阿顯的服務只會更好\n\n阿顯秉持同理心服務民眾\n阿顯問政只問對錯不分藍綠\n一本初心，堅持做對的事\n請大家支持阿顯再次服務大家",
  "ad_profile_name": "陳政顯",
  "ad_profile_image": "https://scontent.ftpe8-2.fna.fbcdn.net/v/t39.35426-6/314121696_837866560672739_9220321103634575120_n.jpg?stp=dst-jpg_s60x60_tt6&_nc_cat=100&ccb=1-7&_nc_sid=c53f8f&_nc_ohc=yFyjQzT09V0Q7kNvwH60xZ8&_nc_oc=AdkDXSoF2C1-ANLvcSCMxer39rnv-HEUwWv_Y9p58X6N73_grlPyyN5Y1TusYIKBat4&_nc_zt=14&_nc_ht=scontent.ftpe8-2.fna&_nc_gid=TyU0BdpKq2eknsd_LivdwA&oh=00_Afqmw3xMOKOGfW_GrdJdOmZQsj9Gwa-ZdOAfOxoWUzGCzw&oe=696DCAEF",
  "ad_is_video": false,
  "ad_video_preview_image": "https://scontent.ftpe8-3.fna.fbcdn.net/v/t39.35426-6/314590143_815761809636599_5977896572177105116_n.jpg?_nc_cat=106&ccb=1-7&_nc_sid=c53f8f&_nc_ohc=WFXTDWVzRB8Q7kNvwEV1kLI&_nc_oc=AdlYkaQBvsAE_BIodoFBIO1XOKwRr9yOkCY2wTcuem6c7P9RvTd__jtv4pyd2eijz68&_nc_zt=14&_nc_ht=scontent.ftpe8-3.fna&_nc_gid=TyU0BdpKq2eknsd_LivdwA&oh=00_Afpg-kEujs3CjTxzDq01cBiBaFWjfA4JiXX0cyUhNwt5eg&oe=696DDED0",
  "ad_image": null,
  "ad_cta_text": "瞭解詳情",
  "ad_link_description": null,
  "ad_link_url": "http://www.ahsien0630.com/?fbclid=IwY2xjawPVWGVleHRuA2FlbQIxMABicmlkETFJUXkwV2JIM1drSTlxWlZXc3J0YwZhcHBfaWQPNTQxNjM5NDkzODg5MDI1AAEerIZHwCwxsoXwozBP0v61T_slrDd_W235__8WJc_YABMOTIWyjGQA55Bi28E_aem_o1WlMpuEo610PapLDd16Ew",
  "ad_title": null,
  "ad_caption": "www.ahsien0630.com",
  "ad_page_id": "703446939716961",
  "ad_cta_type": "瞭解詳情",
  "ad_extra_links": [],
  "ad_extra_texts": [],
  "ad_page_categories": [
    "政治人物"
  ],
  "ad_page_like_count": 0,
  "ad_publisher_platform": [
    "facebook",
    "instagram"
  ],
  "ad_like_count": "0",
  "ad_share_count": "0"
}