{
  "ad_id": "1142527081293814",
  "ad_context": "阿彌陀佛聖誕紀念日：以無量光明和壽命度化眾生\n\n全文：https://bit.ly/4pVZ4wj\n\n登入【佛門網】，閱讀更多佛教文章：https://www.buddhistdoor.org",
  "ad_profile_name": "佛門網 Buddhistdoor",
  "ad_profile_image": "https://scontent.ftpe8-2.fna.fbcdn.net/v/t39.35426-6/607964733_2645158342513907_1003349602100038476_n.jpg?stp=dst-jpg_s60x60_tt6&_nc_cat=103&ccb=1-7&_nc_sid=c53f8f&_nc_ohc=CrrWM41cIzIQ7kNvwGbkrJo&_nc_oc=AdnLLsJy-S2yYZwRIW0pumI-8cpOEEUXZTgh96cp7XhK7RZFGs4h7A3lFe8HRk5n4H4&_nc_zt=14&_nc_ht=scontent.ftpe8-2.fna&_nc_gid=iTIEA06saBpWPrKBPFZTdA&oh=00_AfpzrDFLoEWkRyXTbXVcyKccH0wvZwNBrWCeu6Y0Eh74mA&oe=696E4498",
  "ad_is_video": false,
  "ad_video_preview_image": null,
  "ad_image": "https://scontent.ftpe8-4.fna.fbcdn.net/v/t39.35426-6/605730826_851032944578728_5478661573784064658_n.jpg?stp=dst-jpg_s600x600_tt6&_nc_cat=110&ccb=1-7&_nc_sid=c53f8f&_nc_ohc=MO5PClqNpwkQ7kNvwGb1wwQ&_nc_oc=AdmZKXC5qq6h1Z_ukBIz26QgXS38hJur9ICJ52yI0LyoxjUomQSyjRpocW4rvU3vUJc&_nc_zt=14&_nc_ht=scontent.ftpe8-4.fna&_nc_gid=iTIEA06saBpWPrKBPFZTdA&oh=00_AfpKGZ7AiXMGHQqiW0m__2VDLj-XXHKGOrGdItqu0MWhBA&oe=696E4C91",
  "ad_cta_text": "",
  "ad_link_description": "農曆十一月十七日（今年合陽曆12月17日）是阿彌陀佛聖誕紀念日，我們整理了這篇短文，以紀念這位以無量...",
  "ad_link_url": "https://bit.ly/4pVZ4wj",
  "ad_title": "阿彌陀佛聖誕紀念日：以無量光明和壽命度化眾生 - 佛門網 - 香港佛教網站",
  "ad_caption": "buddhistdoor.org",
  "ad_page_id": "251206060251",
  "ad_cta_type": "",
  "ad_extra_links": [],
  "ad_extra_texts": [],
  "ad_page_categories": [
    "媒體／新聞機構"
  ],
  "ad_page_like_count": 0,
  "ad_publisher_platform": [
    "facebook",
    "instagram",
    "audience_network"
  ],
  "ad_like_count": "0",
  "ad_share_count": "0"
}