{
  "ad_id": "1142495167482914",
  "ad_context": "#梅克爾回憶錄《自由》精選書摘\n󠀠\n我對於世界的看法也不是中立的。我之所以不是在東德就成為一個政治人物，而是在一個自由、民主且重新統一後的德國才成為政治人物，並不是沒有理由的。對我來說，我在政治工作上堅持的意義與目標在於，讓每個人都有機會過上成功的生活。引導我的價值就在《基本法》第一條：「人的尊嚴不可侵犯。」這個價值是普世的。我曾宣誓要將我的力量奉獻給德國人民的福祉，這意味著我要為德國的和平、自由、安全以及經濟福祉而投入。\n󠀠\n然而，作為聯邦總理，亦即歐盟裡人口最多、經濟最強的會員國以及全球第五大經濟體的政府首長，我並不是生活在真空裡。我們德國有自己的利益，而我必須盡可能實現這些利益。即使在歐盟和北約這兩個成員國共享同樣價值的聯盟中，各會員國仍有不同的意見與看法。一個國家的哪些目標被視為最優先項目，皆受到其地理環境、歷史、文化、經濟狀況以及當前的政治領導者所影響。\n󠀠\n當我們與那些政治制度與我們有根本上不同的國家合作時，困難度會變得更高。由於德國過去原物料匱乏，所以依賴與資源豐富的國家進行貿易。透過出口我們的產品並在其他國家進行投資，我們得以增加自身的福祉，並保障國內的許多就業機會。例如，德國的汽車工業、機械工業和化學工業便是如此。相對地，這種貿易關係當然也讓其他貿易夥伴國獲得經濟利益，包括政治制度不同的國家。\n󠀠\n為了代表德國的利益，我無法單憑對方是否符合我的價值觀，即是否符合遵循法治與人權的立場來挑選對話夥伴。我會與那些處於武裝衝突或內戰中的國家進行雙邊會談，也會向那些侵害人權國家的政治人物求助，以拯救身處當地的德國公民。在我能力所及的情況下，我會為言論自由和法治原則發聲，並盡力幫助遭受迫害與監禁的人。這使我不得不持續且經常在我的價值觀和我所代表的利益之間權衡。這就是實踐中務實。對我來說，這並非骯髒的交易，而是生存智慧的體現。為了取得成果，就必須妥協，正如《杜登字典》所定義的，妥協是「#透過互相讓步達到一致協議」。我稱之為利大於弊的協議。尋求妥協並不如散步般愉快，而是一個神經緊繃且經常充滿痛苦的過程。\n󠀠\n從我的角度來看，德國的利益並不僅限於雙邊關係。我深信，在經濟、社會與生態問題上，緊密的多邊合作可以增進全世界的福祉、穩定與和平。和平相處、克服貧窮與飢餓、自然資源永續利用、終止氣候變遷以及防止疫情擴散，這些議題都必須通過共同合作才能解決。\n󠀠\n這個信念始終引導著我，無論是在一九九五年擔任首屆全球氣候變遷會議主持人時，還是在2007年於海利根達姆舉行G8峰會與2015年於艾爾茂G7峰會時擔任地主國的時候。德國於2017年擔任二十大工業國集團主席國時，這個信念也支撐著我。當時我們的會議主題為「形塑一個互相連結的世界」，為象徵呼應2017年7月7日至8日的會議地點，即漢薩自由市漢堡這座國際重要港口，我們選擇了帆船上的「平結」作為標誌—承受的壓力愈大，繩結就愈牢固。然而，隨著時間推移，顯然並非所有人都跟我一樣，認同緊密連結能更為強大的這個信念。\n󠀠\n──第五部：為德國服務（二）\n一個地球儀、一張地圖以及包容（節錄）\n󠀠\n󠀠\n新書介紹｜梅克爾親筆回憶錄《自由》\n\n鉅細靡遺地記述了梅克爾的成長歷程與從政生涯的重要階段，讓讀者能深入了解她在不同時期的生命經歷。從在東德的成長歲月，到跨越柏林圍牆、踏入西德政壇的挑戰，每一個轉捩點都描述得細膩深刻，完整呈現她如何在困境與機會中不斷前行。\n\n書中最珍貴的部分，莫過於那些罕見的內心獨白。透過這些未曾透露的心路歷程，讀者得以一窺向來謹言慎行的德國鐵娘子較少示人的柔軟面，感受她在面對重大抉擇時的內心掙扎與思索過程。這些細膩的自剖，使更加立體的梅克爾形象，清晰地展現在我們眼前。\n\n#梅克爾自由",
  "ad_profile_name": "堡壘文化",
  "ad_profile_image": "https://scontent.ftpe8-1.fna.fbcdn.net/v/t39.35426-6/470602232_914010683788010_452292468833286045_n.jpg?stp=dst-jpg_s60x60_tt6&_nc_cat=108&ccb=1-7&_nc_sid=c53f8f&_nc_ohc=noJRzoB3yU0Q7kNvwGelBTx&_nc_oc=AdlB3wj8b3-XEtxZbyjA8S8hauH5USt6910drJ-gP7fY08Ru0aF_2jqmPYZor6wPDhA&_nc_zt=14&_nc_ht=scontent.ftpe8-1.fna&_nc_gid=2w-wbUiJy6aMrleju00KEQ&oh=00_AfqJMF7Il7VDODNFMFjPjzq04toa0ualrxRum1NFb8d2gw&oe=696DCD0E",
  "ad_is_video": false,
  "ad_video_preview_image": null,
  "ad_image": "https://scontent.ftpe8-1.fna.fbcdn.net/v/t39.35426-6/470799571_875831567747718_4941927270730227689_n.jpg?stp=dst-jpg_s600x600_tt6&_nc_cat=105&ccb=1-7&_nc_sid=c53f8f&_nc_ohc=ZardlBhuSLoQ7kNvwH-eHce&_nc_oc=AdnbwRWl1VKAc3D0Fu7w6EhNeWwOWX41U1zMHMhrOq64hLoKQN5BRSblU5Sfr3LCQjc&_nc_zt=14&_nc_ht=scontent.ftpe8-1.fna&_nc_gid=2w-wbUiJy6aMrleju00KEQ&oh=00_AfoEVuV52K0tkF6uu9lNzO0LUBK4ZnB9fjWvo7npncbL-g&oe=696DC467",
  "ad_cta_text": "來去逛逛",
  "ad_link_description": null,
  "ad_link_url": "https://www.books.com.tw/products/0011006211?loc=P_0005_005&fbclid=IwY2xjawPVWH1leHRuA2FlbQIxMABicmlkETFJUXkwV2JIM1drSTlxWlZXc3J0YwZhcHBfaWQPNTQxNjM5NDkzODg5MDI1AAEegARFU0oW1bGoQ0Z1Y8G1ZM6GWwBI4lVdF0WqpuQpR3PQKZCsD44I2NA8k0s_aem_0LAuaXd_Oi0xXck8pDElzg",
  "ad_title": null,
  "ad_caption": null,
  "ad_page_id": "105165057755996",
  "ad_cta_type": "來去逛逛",
  "ad_extra_links": [],
  "ad_extra_texts": [],
  "ad_page_categories": [
    "出版商"
  ],
  "ad_page_like_count": 5029,
  "ad_publisher_platform": [
    "facebook",
    "instagram"
  ],
  "ad_like_count": "0",
  "ad_share_count": "0"
}