{
  "ad_id": "1142220789756251",
  "ad_context": "每天超時工作、通勤的你還好嗎？🤨🤨\n基隆是全台灣通勤比例最高的城市\n超過11萬人每天都要為了生計早出晚歸\n\n根據主計總處的統計，基隆交通傷亡👨‍🦽💀事故有增加的趨勢📈\n完善的交通規劃不僅可以保障人身安全\n也可以讓大家不用睡眼惺忪的上路🥱😵‍💫\n如果可以選擇，你會想穿梭在車陣中嗎？🏍🛵🚗🚌\n\n你滿意基隆的交通現狀嗎？\n滿意請按 ❤️愛心❤️\n有待改善請按 😢哭臉😢\n有其他意見也歡迎大家留言跟我們分享喔～",
  "ad_profile_name": "【iVoter立委議題立場分析平台】",
  "ad_profile_image": "https://scontent.ftpe8-4.fna.fbcdn.net/v/t39.35426-6/315313181_824762388771177_4055935310763625351_n.jpg?stp=dst-jpg_s60x60_tt6&_nc_cat=102&ccb=1-7&_nc_sid=c53f8f&_nc_ohc=iTrKBxh4TCsQ7kNvwFUrqEA&_nc_oc=Adm15SeWw6qYd_JLFDJk8BvPi9pUSYluu6OznHqTP-g9XikTQa6Y5tj1DxOnabc-4sk&_nc_zt=14&_nc_ht=scontent.ftpe8-4.fna&_nc_gid=Ns52DuF9BhVIkLU6kGer2Q&oh=00_Afrdb1MmEKbhrzBqer8Kpecy8k9poVuBY2Zt-N81tGNJdA&oe=696DD5BF",
  "ad_is_video": false,
  "ad_video_preview_image": null,
  "ad_image": "https://scontent.ftpe8-1.fna.fbcdn.net/v/t39.35426-6/315899994_438595868467273_8476433639754558222_n.jpg?stp=dst-jpg_s600x600_tt6&_nc_cat=109&ccb=1-7&_nc_sid=c53f8f&_nc_ohc=CAF5u4lUbYgQ7kNvwGNRLr8&_nc_oc=AdlsHBopOpb3tXrV00oVdrRkiiFG-c6WPKD03rNMflJF1HPO1r1wdlrbgQAiptv_Mpw&_nc_zt=14&_nc_ht=scontent.ftpe8-1.fna&_nc_gid=Ns52DuF9BhVIkLU6kGer2Q&oh=00_AfrBtEbNahMZBLRGELwxkrwCC_lCbN9BO9PzS1HxXbZRIQ&oe=696DC3FE",
  "ad_cta_text": "",
  "ad_link_description": null,
  "ad_link_url": null,
  "ad_title": null,
  "ad_caption": "ivoter.tw",
  "ad_page_id": "108254142604400",
  "ad_cta_type": "",
  "ad_extra_links": [],
  "ad_extra_texts": [],
  "ad_page_categories": [],
  "ad_page_like_count": 0,
  "ad_publisher_platform": [
    "facebook",
    "instagram"
  ],
  "ad_like_count": "0",
  "ad_share_count": "0"
}