{
  "ad_id": "1142571864619227",
  "ad_context": "🌟高雄藝文新地標— 內惟藝術中心 Neiwei Arts Center \n\n剛接任文化局長時，正推動美術館行政法人化。一開始其實面對很大的反彈，因為相信文化需要更大的專業與彈性，才一步步說服並整合美術館、歷史博物館與電影館。\n\n文化的進步，是讓專業被信任，讓創作有空間被完整呈現。內惟藝術中心的設計讓影像播放、當代藝術策展，都能在一個被好好設計的空間裡完整呈現，讓藝術貼近生活，美學不再有距離！",
  "ad_profile_name": "尹立 左營楠梓市議員參選人",
  "ad_profile_image": "https://scontent.ftpe8-4.fna.fbcdn.net/v/t39.35426-6/608487380_907578514946890_2944937864831255903_n.jpg?stp=dst-jpg_s60x60_tt6&_nc_cat=110&ccb=1-7&_nc_sid=c53f8f&_nc_ohc=5IIihNMY1E0Q7kNvwEUg3-q&_nc_oc=AdnA_JUY_Xi74sBXRrI0ZLE_dn0kW2nmxdCy3_hNYFqna8B8WtMOJ06eMlblbnnMGco&_nc_zt=14&_nc_ht=scontent.ftpe8-4.fna&_nc_gid=fqIDdNTuWSAamwzyqCtdcw&oh=00_Afooc5LagHafbaGj3G6Ix2MmUOUcOwYkh9XILjHoS6dhvA&oe=696E6B26",
  "ad_is_video": false,
  "ad_video_preview_image": "https://scontent.ftpe8-2.fna.fbcdn.net/v/t39.35426-6/608923141_1407618484277939_4491564876304073375_n.jpg?_nc_cat=100&ccb=1-7&_nc_sid=c53f8f&_nc_ohc=ivGI15qiOr8Q7kNvwFEVKqz&_nc_oc=AdmKwqCMYxVhhpG37OKZjshon0uf80LrO4VdbqU0JFpOHSeECx5TsXnZqi2hmNfMNEE&_nc_zt=14&_nc_ht=scontent.ftpe8-2.fna&_nc_gid=fqIDdNTuWSAamwzyqCtdcw&oh=00_AfqHfh8z5LLkPKIAKH-IVdJMJBT6jzYj-HTqHe3-1ylifA&oe=696E406F",
  "ad_image": null,
  "ad_cta_text": "發送訊息",
  "ad_link_description": null,
  "ad_link_url": null,
  "ad_title": null,
  "ad_caption": "fb.com",
  "ad_page_id": "101568996094569",
  "ad_cta_type": "發送訊息",
  "ad_extra_links": [],
  "ad_extra_texts": [],
  "ad_page_categories": [
    "公眾人物"
  ],
  "ad_page_like_count": 3451,
  "ad_publisher_platform": [
    "facebook",
    "instagram"
  ],
  "ad_like_count": "0",
  "ad_share_count": "0"
}