{
  "ad_id": "1142654334138939",
  "ad_context": "【明覺專稿】應如何「持咒」？——暢懷法師學佛答問（十八） 　文：暢懷法師\n\n全文：https://bit.ly/4hm5PnO\n\n登入【佛門網】，閱讀更多佛教文章：https://www.buddhistdoor.org",
  "ad_profile_name": "佛門網 Buddhistdoor",
  "ad_profile_image": "https://scontent.ftpe8-3.fna.fbcdn.net/v/t39.35426-6/574335061_1575144330512545_3523965194944852715_n.jpg?stp=dst-jpg_s60x60_tt6&_nc_cat=107&ccb=1-7&_nc_sid=c53f8f&_nc_ohc=UAUSNgrLu5oQ7kNvwGM8LPM&_nc_oc=AdlpoqnvPiV4s_bXyJdLBj7Ap5mgPy2h0BKjbdYojIzuBFpH-ci4tp9Kv0yDIb2buG4&_nc_zt=14&_nc_ht=scontent.ftpe8-3.fna&_nc_gid=D6GxSOrD-docAXZ_ofpBbA&oh=00_Afo6lcpSOut_5VKjbpPS486L4nZT0PHhBlKTV2UGqWx8ew&oe=696E4BDE",
  "ad_is_video": false,
  "ad_video_preview_image": null,
  "ad_image": "https://scontent.ftpe8-4.fna.fbcdn.net/v/t39.35426-6/574333536_1869935536992228_5691166670031101195_n.jpg?stp=dst-jpg_s600x600_tt6&_nc_cat=102&ccb=1-7&_nc_sid=c53f8f&_nc_ohc=uAhkZbGro5gQ7kNvwFttBzy&_nc_oc=AdlyVwhYFl-Eg8bZD8cAKdu7zA_CqApWnbJPr2eFPPgH8EgggGPtDDqaDJXPC2Dyhvw&_nc_zt=14&_nc_ht=scontent.ftpe8-4.fna&_nc_gid=D6GxSOrD-docAXZ_ofpBbA&oh=00_Afqp2BPTgVdQGob2FSL0x3pWdgzu9IhGcyJmi8deo4yCEQ&oe=696E54EE",
  "ad_cta_text": "",
  "ad_link_description": "問： 是否不能清潔家中供奉的佛像？ 答： 一些資深佛教徒以訛傳訛，說沖擦佛像會令之出佛身血，是不合佛...",
  "ad_link_url": "https://bit.ly/4hm5PnO",
  "ad_title": "應如何「持咒」？——暢懷法師學佛答問（十八） - 佛門網 - 香港佛教網站",
  "ad_caption": "buddhistdoor.org",
  "ad_page_id": "251206060251",
  "ad_cta_type": "",
  "ad_extra_links": [],
  "ad_extra_texts": [],
  "ad_page_categories": [
    "媒體／新聞機構"
  ],
  "ad_page_like_count": 0,
  "ad_publisher_platform": [
    "facebook",
    "instagram",
    "audience_network"
  ],
  "ad_like_count": "0",
  "ad_share_count": "0"
}