{
  "ad_id": "1143970044583273",
  "ad_context": "🌍 #世界土壤日｜從腳下的土地，看見地球的韌性\n「土壤」不僅是農田耕作的重要基礎🌾還是藏著巨大氣候潛力的「天然碳庫」。\n只要管理得宜，土壤能把二氧化碳安全地“存”起來，變成實實在在的「綠色資產」。\n\n👩怎麼做？三大減碳行動報你知：\n只要更了解農業土壤管理的方法學\n就是離永續土壤管理更近一步！\n✅ #提升土壤有機質\n使用堆肥、有機肥與綠肥，或添加微生物接種劑，增強土壤保水與養分功能\n✅ #增加土壤碳匯能力\n採用保護性耕犁、不整地（無耕犁），並將作物殘體回歸農田，將碳固存在土壤中\n✅ #精準農地管理\n藉由土壤檢測與地力分區，精準施肥、避免養分流失\n✅ #水土共治與生態協同\n搭配節水灌溉、草生覆蓋、水源保護等方式，維持整體生態平衡\n\n🤝一起從腳下開始\n在這個世界土壤日，我們向每天與土地相伴的農民致敬，也邀請更多企業、社會大眾的力量一起投入自然碳匯。\n從一片田開始，創造更健康的土地、更永續的未來。🌱\u000b\n\n#證交所 #碳交所 #證循環_碳未來\u000b\n#世界土壤日 #土壤管理 #永續農業 #碳匯 #氣候調適 #環境永續\n#氣候 #溫室氣體 #水資源 #永續農法",
  "ad_profile_name": "證循環 碳未來",
  "ad_profile_image": "https://scontent.ftpe8-1.fna.fbcdn.net/v/t39.35426-6/598538979_1370969591375085_4473570826850407554_n.jpg?stp=dst-jpg_s60x60_tt6&_nc_cat=108&ccb=1-7&_nc_sid=c53f8f&_nc_ohc=lyhPlJCpUNUQ7kNvwGEJ3Jn&_nc_oc=AdkHHqHJItUG2_XVguKL6EqUr8jRc3cMi_YSKEuIvuFxX_RVJfVlbIoewzL1tvliVN0&_nc_zt=14&_nc_ht=scontent.ftpe8-1.fna&_nc_gid=a9XBYk1g3yt87-jo3Hqfkg&oh=00_Afp_vhqRI5qBUv-BWHOtL_XjrnzyY-hi8JuEvVpZokkhew&oe=696E6DB6",
  "ad_is_video": false,
  "ad_video_preview_image": null,
  "ad_image": "https://scontent.ftpe8-1.fna.fbcdn.net/v/t39.35426-6/597876454_1398464321900082_4504124008769070106_n.jpg?stp=dst-jpg_s600x600_tt6&_nc_cat=108&ccb=1-7&_nc_sid=c53f8f&_nc_ohc=Pt-TDSYsY8kQ7kNvwFMjNHY&_nc_oc=AdlyBwfZHYDagaDQa88zL1ArUTIVI8ffCsS244OkqRhc9cUMXxPezrEq1gS_GzturS8&_nc_zt=14&_nc_ht=scontent.ftpe8-1.fna&_nc_gid=a9XBYk1g3yt87-jo3Hqfkg&oh=00_AfoS8wJjzdMdY7QwnRE5-IN2pXkT3mF_wMM79Hz1Zj6UtA&oe=696E637E",
  "ad_cta_text": "說這專頁讚",
  "ad_link_description": null,
  "ad_link_url": "https://www.facebook.com/616758028192998",
  "ad_title": "證循環 碳未來",
  "ad_caption": "facebook.com",
  "ad_page_id": "616758028192998",
  "ad_cta_type": "說這專頁讚",
  "ad_extra_links": [],
  "ad_extra_texts": [],
  "ad_page_categories": [
    "非營利組織"
  ],
  "ad_page_like_count": 1366,
  "ad_publisher_platform": [
    "facebook"
  ],
  "ad_like_count": "0",
  "ad_share_count": "0"
}