{
  "ad_id": "1143396527873304",
  "ad_context": "過了30+，越來越信「好寓意自帶好氣場」\n這黃財神掛飾一上手，直接把「招財納福」焊在日常裡——\n鎏金工藝雕得巨精緻，八寶羅盤紋路裹著中式貴氣，彩珠點綴得剛好，拿在手裡是能摸到的質感。\n墜子/鑰匙扣雙款，把「實用」和「儀式感」都拿捏了：\n✔️吊墜款：配的繩鏈夠穩，戴在頸間不張揚，低頭看見就是「今天運氣不會差」的底氣；\n✔️鑰匙扣款：掛在車鑰匙/包上，還帶「平安符」小牌，出門隨手一摸，踏實感直接拉滿。\n不管是自己戴求順遂，還是送做生意的朋友當禮，這「招財+平安」的雙buff，誰收誰開心。我家那位把鑰匙扣掛公文包上，現在逢人就說「最近事儿都順」~\n👉想給生活添點好兆頭的，這波可以衝！",
  "ad_profile_name": "PjqjxE",
  "ad_profile_image": "https://scontent.ftpe8-3.fna.fbcdn.net/v/t39.35426-6/611361957_1194394532290710_2910008828343776377_n.jpg?stp=dst-jpg_s60x60_tt6&_nc_cat=106&ccb=1-7&_nc_sid=c53f8f&_nc_ohc=f27M_Zvpn9MQ7kNvwGGNZqB&_nc_oc=AdkF_XVe0BJXnbpxTXvnVg_nGhbhsAK7xyd84qPX9PYB05lzt-09suL1OTBeM9R8DdQ&_nc_zt=14&_nc_ht=scontent.ftpe8-3.fna&_nc_gid=KYXT-3Oon2Jd4eBHOjOAMg&oh=00_Afq_iDYgD4QYZINhYgXSiS-sD5bPluyI7VU4Dx2B5aTzAQ&oe=696DC294",
  "ad_is_video": false,
  "ad_video_preview_image": "https://scontent.ftpe8-3.fna.fbcdn.net/v/t39.35426-6/608846191_874920581700391_3634123396922249937_n.jpg?_nc_cat=111&ccb=1-7&_nc_sid=c53f8f&_nc_ohc=3mYeVO-OzYEQ7kNvwE3j2io&_nc_oc=AdlIFu7Gpffb7f1V9MNGcLGKvAJSwbl78GQFdRpsAAUydFeSVd-76M4-UANSXosNDys&_nc_zt=14&_nc_ht=scontent.ftpe8-3.fna&_nc_gid=KYXT-3Oon2Jd4eBHOjOAMg&oh=00_Afqwr-tpgWatSsOhldsJ4KRlIrO1B6Kj3Ovv_yjJFZKqFQ&oe=696DD364",
  "ad_image": null,
  "ad_cta_text": "瞭解詳情",
  "ad_link_description": null,
  "ad_link_url": "https://pjqjx.cyou/ectbrkzgb23",
  "ad_title": null,
  "ad_caption": "pjqjx.cyou",
  "ad_page_id": "789022560951181",
  "ad_cta_type": "瞭解詳情",
  "ad_extra_links": [],
  "ad_extra_texts": [],
  "ad_page_categories": [],
  "ad_page_like_count": 0,
  "ad_publisher_platform": [
    "facebook",
    "instagram",
    "audience_network",
    "messenger",
    "threads"
  ],
  "ad_like_count": "0",
  "ad_share_count": "0"
}