{
  "ad_id": "1144608194142556",
  "ad_context": "今天一早，我們一樣站上街頭，天色微亮，腳步就已經站在了熟悉的路口。一位路過的民眾停下來說：「你們一定要撐住，我們挺你！」短短一句話像一股暖流直直湧進心頭——這就是我們堅持的力量！\n\n很多人以為反對罷免的人佔多數就會贏，但這是錯的——這場選戰，拚的是「投票率」。\n\n罷免方只需要動員到25%的選民出門投票，就能讓罷免過關。他們鐵了心，颳風下雨，都會出來投。\n\n反觀我們，還是有人不知道「不同意罷免」就一定要出來投票。但只要有人沒投，罷免就有可能過關！\n\n不要讓少數人用動員，就決定我們多數人的未來。\n\n不能鬆懈，不能掉以輕心，現在就是最後關鍵時刻——催票！催票！催票！打電話、傳訊息，讓每一票「不同意」都進到票匭裡！\n\n📣7月26日，出來投，就會贏！\n\n#別讓認真做事的人孤單\n#不同意罷免\n#726一定出來投",
  "ad_profile_name": "洪孟楷",
  "ad_profile_image": "https://scontent-tpe1-1.xx.fbcdn.net/v/t39.35426-6/520398001_1381744759597595_6147095956125149687_n.jpg?stp=dst-jpg_s60x60_tt6&_nc_cat=106&ccb=1-7&_nc_sid=c53f8f&_nc_ohc=NCdSYy-IJw4Q7kNvwHet1y1&_nc_oc=AdlNVz7W8EC4diBdvCyqwu0kxOr_Q864g2h3CnImgKKJuozT4J2y2QLq5jyCeA5vpkQ&_nc_zt=14&_nc_ht=scontent-tpe1-1.xx&_nc_gid=oaHIc1ZYZ0xWXhxnv7eE7g&oh=00_AfpHsD85K7DsTWXiC2V1Q4q3NNxeWh5G_B3nkNC7PTj8XA&oe=696D62C2",
  "ad_is_video": false,
  "ad_video_preview_image": null,
  "ad_image": "https://scontent-tpe1-1.xx.fbcdn.net/v/t39.35426-6/520650112_1488058962361941_2878046212110230531_n.jpg?stp=dst-jpg_s600x600_tt6&_nc_cat=106&ccb=1-7&_nc_sid=c53f8f&_nc_ohc=AAR3SEwsuuwQ7kNvwHf8bW8&_nc_oc=AdlgupmKMeUAHUW4X3X5kHtvElu9Q6i2pbKs13apL0Pjtqv3qWrsaM-Vk8jAG4oMHm8&_nc_zt=14&_nc_ht=scontent-tpe1-1.xx&_nc_gid=oaHIc1ZYZ0xWXhxnv7eE7g&oh=00_AfpEToPSVBa9gyF-JMWO6akAxVucMa2hSd6iQ1N1ea5p1Q&oe=696D4852",
  "ad_cta_text": "",
  "ad_link_description": null,
  "ad_link_url": null,
  "ad_title": null,
  "ad_caption": null,
  "ad_page_id": "259512084446867",
  "ad_cta_type": "",
  "ad_extra_links": [],
  "ad_extra_texts": [],
  "ad_page_categories": [
    "政治人物"
  ],
  "ad_page_like_count": 0,
  "ad_publisher_platform": [
    "facebook",
    "instagram"
  ],
  "ad_like_count": "0",
  "ad_share_count": "0"
}