{
  "ad_id": "1144333767834421",
  "ad_context": "一早跑來重陽節活動，特別來參與 #在加生活節 ，現場有許多 #加蚋 在地店家、文創好物，歡迎大家一起來參加！\n\n把握假日好天氣出來走走吧！吃喝玩樂這裡都有，到馬場町公園參加「在加生活節」，真是太開心了！\n\n#台北市議員參選人 #中正 #萬華\n#張銘祐",
  "ad_profile_name": "張銘祐",
  "ad_profile_image": "https://scontent.ftpe8-1.fna.fbcdn.net/v/t39.35426-6/565697184_2033609674102668_132718968703069825_n.jpg?stp=dst-jpg_s60x60_tt6&_nc_cat=105&ccb=1-7&_nc_sid=c53f8f&_nc_ohc=jwI-oHT4lfQQ7kNvwEWcEdM&_nc_oc=AdmVQ_tZc0owwlpp1qst1wS-d-FfKVxVynmAkhuMC8D8ZROh8T-nwgpI26dqpHQjGtI&_nc_zt=14&_nc_ht=scontent.ftpe8-1.fna&_nc_gid=p7RpeaWIj9eG-MiQlNTWnQ&oh=00_Afpge7TNcjjZabIf85MCmxInWs2t3dyI2U9m5T0oL77ANA&oe=696E637D",
  "ad_is_video": false,
  "ad_video_preview_image": null,
  "ad_image": "https://scontent.ftpe8-3.fna.fbcdn.net/v/t39.35426-6/564004985_1318237552659527_6828635339576944913_n.jpg?stp=dst-jpg_s600x600_tt6&_nc_cat=106&ccb=1-7&_nc_sid=c53f8f&_nc_ohc=rXU7zbLVF1EQ7kNvwGlO-O8&_nc_oc=AdmCVi-QrDIhL5aPfcOkzw2lED2ebm6X7-Kyc5QwnCrZoXpVjdDUdn31VYcZYBypDL4&_nc_zt=14&_nc_ht=scontent.ftpe8-3.fna&_nc_gid=p7RpeaWIj9eG-MiQlNTWnQ&oh=00_AfrUnnn5uHcaTDUcuvRAv8WKMRhCL1HjfZ1nGAGmL_qkBw&oe=696E65DA",
  "ad_cta_text": "",
  "ad_link_description": null,
  "ad_link_url": null,
  "ad_title": null,
  "ad_caption": null,
  "ad_page_id": "420094631189546",
  "ad_cta_type": "",
  "ad_extra_links": [],
  "ad_extra_texts": [],
  "ad_page_categories": [],
  "ad_page_like_count": 0,
  "ad_publisher_platform": [
    "facebook",
    "instagram"
  ],
  "ad_like_count": "0",
  "ad_share_count": "0"
}