{
  "ad_id": "1144670537239234",
  "ad_context": "\\ 辦一場低碳永續的遊行 /\n\n11／1 #為氣候而走，是一場永續理念的集體實踐。\n.\n我們呼籲政府與企業做出系統性改變，同時也相信改變的力量也存在於每一個細小的選擇中。\n.\n🌱 11／1，請與我們一同「為氣候而走」，一起守護台灣。",
  "ad_profile_name": "為氣候而走",
  "ad_profile_image": "https://scontent.ftpe8-3.fna.fbcdn.net/v/t39.35426-6/570493952_826414766515583_7929000280487002360_n.jpg?stp=dst-jpg_s60x60_tt6&_nc_cat=106&ccb=1-7&_nc_sid=c53f8f&_nc_ohc=yajUyEjkU64Q7kNvwGbRWGY&_nc_oc=Adma42xO7auis8-3MHMNkpk7F8sRIU5RM-GgH-5M2EvXjidjUEaBPwpU1gakR_3nqFc&_nc_zt=14&_nc_ht=scontent.ftpe8-3.fna&_nc_gid=pYdNnuCXcZpff5GlBwhckQ&oh=00_Afqte9pSaB2JMzjiviOGLozDh8teXkvYdfUUTMIUlTO5uA&oe=696E599F",
  "ad_is_video": false,
  "ad_video_preview_image": null,
  "ad_image": "https://scontent.ftpe8-2.fna.fbcdn.net/v/t39.35426-6/568625443_824148923666475_2352368656316408593_n.jpg?stp=dst-jpg_s600x600_tt6&_nc_cat=103&ccb=1-7&_nc_sid=c53f8f&_nc_ohc=mjj4e5PJ7rgQ7kNvwHN8uoY&_nc_oc=Adm9fNlHwIHqlFauRekzrsDNpvuC_cIWu55mYbeBRyfmgTXEB1OK8rVg-pKTtQ_CkW4&_nc_zt=14&_nc_ht=scontent.ftpe8-2.fna&_nc_gid=pYdNnuCXcZpff5GlBwhckQ&oh=00_AfrCfJPwM__Wm7fbnRiZXGmr0F7DiCwr2W1ThAuwQ8mpGQ&oe=696E6BA7",
  "ad_cta_text": "有興趣",
  "ad_link_description": "🚶‍♀️🚶🚶‍♂️11.01 為氣候而走　打造韌性台灣🚶‍♀️🚶🚶‍♂️\n.\n2024年被記錄為全球史上最熱的一年，極端氣候的衝擊越來越無法忽視，嚴峻考驗著我們的環境與生活，在災害頻傳的此刻，我們更需要增強氣候韌性和防災調適能力，這些已不僅僅關乎地球暖化，也攸關台灣日常面臨的生存挑戰。\n.\n身處台灣，我們開始深切感受到氣候變遷的影響。高溫使勞動者與學童暴露於熱傷害風險；產業低碳轉型讓部分勞動者面臨工作轉型甚至轉業；豪雨強風則不斷挑戰社區的防災與復原能力。除了減碳之外，我們也必須正視氣候變遷帶來的直接衝擊。\n.\n2022年《氣候變遷因應法》上路，2025年「碳費」正式上路；今年是氣候政策的關鍵一年，年底即將召開的聯合國COP30大會，以加嚴氣候承諾為共同目標，台灣不能再置身事外。此刻，世界聚焦於各國如何共同將升溫控制在1.5℃以內，台灣是否能提出符合淨零路徑的2035減碳目標？是否繼續堅守非核減煤的能源轉型？確保碳費如期上路？這些積極的氣候行動，是台灣能否履行國際淨零承諾的關鍵。\n.\n然而，極端氣候事件頻傳、國際政經局勢不穩、地緣政治風險加劇、綠能開發爭議屢現等艱鉅考驗，都構成推動永續轉型的阻礙與挑戰，卻也同時凸顯積極氣候行動的重要性與急迫性。從紐約到柏林，從東京到首爾，全球各地早已有數百萬人走上街頭，要求政府與產業正視氣候危機，做出系統性的改變。2025年11月1日，我們將在台北呼籲「為氣候而走」，舉辦遊行與集會，以民間力量呼籲大眾關注台灣的氣候危機，守護下個世代的未來。\n.\n這場遊行不只是街頭呼喊，也是一場文化的集結。音樂、表演、藝術與多元社群將呈現台灣的活力與創意，讓氣候行動不再只是數字與政策，而是具體的行動與訴求，以及你我共同的改變與承諾。這是一個為了孩子的童年、為了勞工的尊嚴、為了弱勢家庭的安全、為了健康的生態，以及為了世代正義而共同做出的行動。\n.\n11月1日，讓我們一起「為氣候而走」！\n.\n\n☁️ 遊行詳情 ☁️\n.\n🔸時間｜2025年11月1日（六）12：30 至 17：00\n🔸集合地點｜台北市政府東門廣場\n🔸活動流程｜\n＿12:30 - 13:30 遊行集合、擺攤開始！\n＿13:30 - 13:50 遊行行動宣言\n＿14:00 - 15:30 遊行大隊出發🚶‍♂️\n＿15:30 - 17:00 市集擺攤＆舞台表演\n.\n\n👫 👭 👬 👫 👭 👬 👫 👭 👬 👫 👭 👬\n.\n\n☁️ 活動訴求 ☁️\n.\n1⃣️ 強化減碳目標， 守護升溫不超過1.5°C的世界\n2⃣️ 落實污染者付費，促進產業低碳競爭力\n3⃣️ 實現不遺落任何人的支持系統，捍衛地方為本與勞動尊嚴的公正轉型\n4⃣️ 打造最小衝突的能源路徑，深化綠能開發過程民主參與\n5⃣️ 減少進口能源依賴，提升全民能源安全與自主\n6⃣️ 落實國土規劃與協作，建構公平綠能與氣候韌性\n7⃣️ 履行聯合國公約兒少表意權，保障青年及未來世代參與氣候決策及司法救濟\n8⃣️ 百工百業站出來，氣候調適護未來\n9⃣️ 善用生態專業與在地知識，共同保護、修復及經營生態系統與生物多樣性\n🔟 拒絕戰爭加劇氣候危機，停止資助種族滅絕\n\n.\n\n👫 👭 👬🚶‍♀️🚶🚶‍♂️👩‍🦯🧑‍🦯👨‍🦯🏃‍♀️🏃👫 👭 👬\n\n活動官網 👉 https://neti.cc/ZmEK9Lo\n\n👫 👭 👬🏃‍♂️🧍‍♀️🧍🧍‍♂️🦌🐱🐶🐦👫 👭 👬\n.\n\n🔹主辦單位｜台灣氣候行動網絡、 地球公民基金會、環境權保障基金會、主婦聯盟環境保護基金會、綠色公民行動聯盟、媽媽氣候行動聯盟、台灣環境規劃協會、綠色和平、台灣青年氣候聯盟、國際特赦組織台灣分會\n\n🔹協辦單位｜荒野保護協會、環境正義基金會、環境法律人協會、台灣再生能源推動聯盟、台灣環境保護聯盟、台灣河溪網協會、生態專業技術服務商業同業公會 、自然保育與環境資訊基金會、台灣千里步道協會、財團法人人禾環境倫理發展基金會、臺灣蜻蜓學會、為野生動物而走行動聯盟、台灣蠻野心足生態協會、台灣勞工陣線協會、台灣職業安全健康連線、消防員工作權益促進會、彩虹平權大平台、台灣伴侶權益推動聯盟、台灣人權促進會、民間司法改革基金會、公民監督國會聯盟、壯闊台灣聯盟、黑熊學院、台灣巴勒斯坦自由連線、台灣親子共學教育促進會、海線一家親環保協會、台南新芽、五角拌Ngóo-kak、浪人食堂、無家可歸者聯盟、萬華大水溝二手屋、台北市新活力自立生活協會、苑裡掀海風、台灣原住民族政策協會、原住民族青年陣線、台灣基督長老教會總會、台灣原住民族青年公共參與協會、還路於民行人路權促進會、台灣行動柴棺龜淨零棄成長推動協會、臺灣社會科學種子實踐協會（陸續增加中..）",
  "ad_link_url": "https://www.facebook.com/events/1520932685729085",
  "ad_title": "為氣候而走　打造韌性台灣",
  "ad_caption": "為氣候而走　打造韌性台灣",
  "ad_page_id": "804387842758694",
  "ad_cta_type": "有興趣",
  "ad_extra_links": [],
  "ad_extra_texts": [],
  "ad_page_categories": [
    "環境保護組織"
  ],
  "ad_page_like_count": 404,
  "ad_publisher_platform": [
    "facebook"
  ],
  "ad_like_count": "0",
  "ad_share_count": "0"
}