{
  "ad_id": "1144268180835072",
  "ad_context": "🔥三重右岸「集美生活圈」🔥\n🚈集合雙捷共構🏡萬坪大都會公園綠意🏡\n近期還有Citylink百貨12/20將開幕 太羨慕三重了\n新案「成功集美」則搶攻區域市場💪💪\n❗一橋就能夠進入北市核心 ❗\n震撼讓利價入手最佳時機 就是現在👀👀\n＃成功集美 ＃三重 ＃三重右岸 ＃大都會公園 ＃房市",
  "ad_profile_name": "中時新聞網",
  "ad_profile_image": null,
  "ad_is_video": false,
  "ad_video_preview_image": null,
  "ad_image": null,
  "ad_cta_text": null,
  "ad_link_description": "台北市高房價推升居住門檻，促使年輕族群將購屋目光轉向新北市。其中，與台北一橋之隔的三重右岸重劃區「集美生活圈」因具備A2三重站雙捷運、128萬坪新北大都會公園、重劃區議題等地段優勢、交通機能與相對親民的房價....",
  "ad_link_url": null,
  "ad_title": "台北人久等了！「成功集美」搶佔三重右岸 讓利價震撼推出",
  "ad_caption": "house.chinatimes.com",
  "ad_page_id": "188311137478",
  "ad_cta_type": null,
  "ad_extra_links": [],
  "ad_extra_texts": [],
  "ad_page_categories": [
    "媒體／新聞機構"
  ],
  "ad_page_like_count": 0,
  "ad_publisher_platform": [
    "facebook"
  ],
  "ad_like_count": "0",
  "ad_share_count": "0"
}