{
  "ad_id": "1145427710501181",
  "ad_context": "【匠心3+1房，2658萬起含雙車位】\n桃園市政核心，日式精品御所🇯🇵\n齊質大戶，雙電梯，即刻搶席‼️\n\n▌禪風觀邸，日系精工\n🪭田字型結構系統規劃，方正格局\n🪭雙留美建築師╳101結構顧問打造\n\n▌精選建材，豪宅規格\n🪟日本三協鋁窗，高氣密，擋風遮雨更安心\n🔌PANASONIC插座，符合時代趨勢更便利\n🍽️SAKURA櫻花廚具，華人專業衛廚標竿\n🚪耶魯電子鎖、日本大建室內門，美觀又安全\n🛗TOSHIBA電梯除塵殺菌系統，全面守護\n\n🔽點選下方「搶先預約」瞭解更多詳情 \n專人為您提供詳細資訊【請留意陌生來電】",
  "ad_profile_name": "樂居",
  "ad_profile_image": "https://scontent-tpe1-1.xx.fbcdn.net/v/t39.30808-6/358702441_648939687259942_6762769536203015870_n.png?_nc_cat=102&ccb=1-7&_nc_sid=6ee11a&_nc_ohc=G8ygbB-K0TwQ7kNvwGKauS2&_nc_oc=AdmxAcKqByMoBJrE2fGXp8BTXBzXwDuBtz74oIGWll3CRXIjiFif4knEuZVRicPc2cL7Xrb9GvT5bFfmtWe0Q51R&_nc_zt=23&_nc_ht=scontent-tpe1-1.xx&_nc_gid=CuNXusJfbvTVV1cHcB-nag&oh=00_AfrmMwqQqWq0mdLK8xrz2WU0_HUl4m1C9ZQsDDEDXvcgpw&oe=696BB566",
  "ad_is_video": false,
  "ad_video_preview_image": null,
  "ad_image": "https://scontent-tpe1-1.xx.fbcdn.net/v/t39.35426-6/472996396_956690909243553_1703239851924422370_n.jpg?stp=dst-jpg_s600x600_tt6&_nc_cat=105&ccb=1-7&_nc_sid=c53f8f&_nc_ohc=X5AybzVMWYoQ7kNvwEV38xO&_nc_oc=AdnmDgvPIYz8JVDYU3VNxbgJCADka1HA-u1ttmiBzNKomuTtVHpgvpteXWQEAnxPh4x8pEQkhIE_Wo1whf4e9U_J&_nc_zt=14&_nc_ht=scontent-tpe1-1.xx&_nc_gid=8k7IYjWtbu7yVHDCkH0MLw&oh=00_AfrGn3Zn8bUKagvSgtK7AkO-JDeI-j2EsS_wpvLP40s6VA&oe=696BC9E5",
  "ad_cta_text": null,
  "ad_link_description": "【明瑋霞觀】桃園市政核心🏠",
  "ad_link_url": "https://l.facebook.com/l.php?u=http%3A%2F%2Ffb.me%2F&h=AT2LmDet0mziYSMMxTV6mHL0axIxyoNRqRbWh5HRzKkDxCW-m5NlLagYi7_pJ9wVnjGdPGWEpUV3nIeKPOAaLuzR6l9c-7q06B3MJSJWWpNXgt9BKyJxiZvM0du4U1FQ0ouUxB6ou_PV2gjk-XQRpw",
  "ad_title": "匠心3+1房，2658萬起含雙車位",
  "ad_caption": "fb.me",
  "ad_page_id": "1047871248609007",
  "ad_cta_type": null,
  "ad_extra_links": [],
  "ad_extra_texts": [],
  "ad_page_categories": [],
  "ad_page_like_count": 158000,
  "ad_publisher_platform": [
    "facebook",
    "instagram",
    "audience_network"
  ],
  "ad_like_count": "0",
  "ad_share_count": "0"
}