{
  "ad_id": "1145817976353341",
  "ad_context": "「這是一篇耗資70萬台幣的貼文」\n\n許多朋友問我怎麼沒有更早就開始站路口、掃市場，在這裡跟大家說明：「因為我在拆除家裡陽台違建」\n\n幾十年前有一陣子，台北很流行階梯狀公寓，陽台逐樓內縮，每一層樓都可以享受到陽光普照，想起來是很不錯的設計。\n\n但由於但台北天氣多雨以及耗材龜裂的問題，日子久了以後，許多陽台開始面臨漏水問題，不少民眾就選擇捨棄大陽台，把室內外推，避免漏水問題困擾自己以及樓下鄰居。我14年前購入住處時，當時的屋主就已經完成外推改建工程十餘年。\n\n近來我因擔任家裡大樓管委會職務，處理一樓全家便利商店店面今年新建外推違建的公共事務，導致家裡被報復檢舉有民國84年後興建的外推違章建築(之前屋主做的)，在與家人還有專業工程人員討論後，儘管選舉在即非常的忙，我不找關係、不硬拗，毅然決然開始違建拆除工程，也因此到了十月才開始跟各位在街頭相會。在此向各位關心的朋友說聲：不好意思，讓你們擔心了！\n\n陽台的空間，其實是建立起一個室外與室外大自然的一個橋樑，我是非常喜歡陽台的，也因此，換個角度想，雖然可使用的室內空間減少了，但是恢復原本的陽台空間，可以讓採光更好，空氣循環更佳，在現在少子化，普遍家庭空間使用上不需要那麼多的時空下，恢復陽台原本的功能，也是一個改變舊都市景觀的一個方法，或許很多家庭也可以考慮一下。\n\n經過這次的切身經驗，我也開始思考：30～40年前的建築設計有他的時代背景，經濟起飛、高生育率、子彈型人口金字塔時代的建築設計思維，套用到出生數低於死亡數的現代還行得通嗎？老人家行動需求當年有考慮到嗎？視障、身障朋友的通用設計思維是否有兼顧？\n\n2021年內政部統計，台灣有過半的屋齡超過30年，而台北更以位於平均屋齡36年領先全台，更有70%以上的房屋屋齡超過30年。老屋除了無法滿足使用者需求外，在面對極端氣候的變化下，台北老屋又要如何在地震來臨時保護住戶？\n\n從自身經驗出發，我開始探訪相關人士，積極學習都市更新計畫相關議題，並將其納入我參選議員的政見之中，未來將會向各位逐一報告！\n\n#生活就是政治\n#都更不是財產問題\n#更是生命安全問題\n#違章建築從自身拆起\n#有大陽台烤肉誰能比我強",
  "ad_profile_name": "搖滾教授林元敏-台北市大安文山市議員候選人",
  "ad_profile_image": "https://scontent.ftpe8-3.fna.fbcdn.net/v/t39.35426-6/313179557_5334953119961455_6587747107106456694_n.jpg?stp=dst-jpg_s60x60_tt6&_nc_cat=107&ccb=1-7&_nc_sid=c53f8f&_nc_ohc=HV1xmb2JowYQ7kNvwFZHimS&_nc_oc=AdnVzCG6VPbc-AakgtzAQ5DKWJKqtPwxdqa_8FJ9PiPLgT6TnLJXmbZrgKkR1cuD9zY&_nc_zt=14&_nc_ht=scontent.ftpe8-3.fna&_nc_gid=GHEnUP7pbhr7WfiFHZSDOQ&oh=00_AfpkrQYIUQUz5EdjxMOMmkP_O8WEjFhTpSJ8MHFt6tHW1A&oe=696E6AC1",
  "ad_is_video": false,
  "ad_video_preview_image": null,
  "ad_image": "https://scontent.ftpe8-4.fna.fbcdn.net/v/t39.35426-6/312935042_1082716819068614_5019614032099472224_n.jpg?stp=dst-jpg_s600x600_tt6&_nc_cat=102&ccb=1-7&_nc_sid=c53f8f&_nc_ohc=wFVr8-vtlmgQ7kNvwGtJurT&_nc_oc=AdlAhmgii_4MgqBouwyMRufVoIIIQqPAGCl4uJ8i9Z5tQP50JuXPuc46c83dQ2g8Fj8&_nc_zt=14&_nc_ht=scontent.ftpe8-4.fna&_nc_gid=GHEnUP7pbhr7WfiFHZSDOQ&oh=00_AfrkMGrvqWPHB1GdDUc4XUns9oT0EoosGSqbFRttd2Ztag&oe=696E3B5E",
  "ad_cta_text": "",
  "ad_link_description": null,
  "ad_link_url": null,
  "ad_title": null,
  "ad_caption": null,
  "ad_page_id": "1636843969894333",
  "ad_cta_type": "",
  "ad_extra_links": [],
  "ad_extra_texts": [],
  "ad_page_categories": [
    "喜劇演員"
  ],
  "ad_page_like_count": 2444,
  "ad_publisher_platform": [
    "facebook"
  ],
  "ad_like_count": "0",
  "ad_share_count": "0"
}