{
  "ad_id": "1148008824152255",
  "ad_context": "新竹縣三大鄉鎮市人口創新高！勇奪全國人口三冠王！\n\n新竹縣這幾年的發展全國有目共睹，今天更是達到了一個新里程碑，我要與所有鄉親分享喜悅，竹北市、竹東鎮、湖口鄉，成為了全國規模最大的鄉鎮市！\n\n同時，目前新竹縣總人口已突破59萬7千人，依此成長速度，明年底前有機會邁向60萬人口創造在一項歷史的里程碑！\n\n這是所有人共同把「科技首都・幸福竹縣」一步一步打造起來的成果。越來越多人願意在竹縣生活、工作、成家，這也是對縣政最真實的肯定。\n\n【湖口鄉】建設、人口穩健成長\n打造畚箕窩溪藍帶、茶香生態園區、湖口老街、王爺壟運動公園、戰車公園、全民樂活運動館及湖口高中獨立設校等建設，湖口鄉人口8萬4920人，逐漸成長，展現穩健的發展底蘊！\n此外「湖口米」大量外銷日本，更讓湖口在全國各鄉鎮中獨樹一幟。\n\n【竹東鎮】文化與建設同步升級\n竹東是竹縣客家大鎮，人口總計9萬7914人，從全民運動館、游泳池開放、行政中心、轉運站、大禾埕建設不斷推進，更規劃圖書館、68快速道路延伸、二重國中擴校及自強高工新設。\n竹東的建設與文化相輔相成，展現美好的生活品質。\n\n【竹北市】竹縣首善之區，最受矚目的城市\n歷任縣長與市長一棒接一棒，讓竹北一路變成最具現代感的城市，也吸引來自全台、國際人才進駐，人口數已達22萬808人，超越彰化市成為全國最大縣轄市。\n打造東興圳、中央公園成為城市亮點，城市建設結合音樂、藝文活動，美術館、總圖書館興建中、AI園區成科技核心，讓竹北成為全台最受期待的城市之一。\n\n我要特別感謝竹北 鄭朝方 市長、竹東 竹東鎮長郭遠彰 鎮長及湖口 吳淑君 鄉長的努力與所有鄉親支持，新竹縣才能一直往前走，一路向上、亮眼成長。\n\n未來，我們會繼續以「科技首都・幸福竹縣」為願景，讓每一位鄉親，都能感受到生活更便利、城市更美好，也一起看見新竹縣的光芒越來越亮。\n\n科技首都 幸福竹縣 #領頭楊",
  "ad_profile_name": "楊文科",
  "ad_profile_image": "https://scontent.ftpe8-4.fna.fbcdn.net/v/t39.35426-6/591747179_880403567651570_4884529462274838908_n.jpg?stp=dst-jpg_s60x60_tt6&_nc_cat=102&ccb=1-7&_nc_sid=c53f8f&_nc_ohc=w4coGmAwjmoQ7kNvwGU3toP&_nc_oc=AdkSBOK8vBHqbQ753bdai0cvuGlFbuJxJlSjN3omeeLrU8amQW0nN-tzHcWJSlnxYOg&_nc_zt=14&_nc_ht=scontent.ftpe8-4.fna&_nc_gid=IQjGEMq9DXtMH8wAiiTX4Q&oh=00_AfrHAuuOPi6CbNJhF0QixT9_52HpmURQ-qMJgk2b6qvQnA&oe=696DE1AD",
  "ad_is_video": false,
  "ad_video_preview_image": null,
  "ad_image": "https://scontent.ftpe8-2.fna.fbcdn.net/v/t39.35426-6/589921214_2122709251593797_2556208727593379298_n.jpg?stp=dst-jpg_s600x600_tt6&_nc_cat=103&ccb=1-7&_nc_sid=c53f8f&_nc_ohc=3yj9yTp01lMQ7kNvwHOZdEE&_nc_oc=AdlLK3DiZE_kk55MWFpu25PHik7-spoNhlVUOr_1w2ZcL4m37vSoJ_Vty2M2J-Ocmgg&_nc_zt=14&_nc_ht=scontent.ftpe8-2.fna&_nc_gid=IQjGEMq9DXtMH8wAiiTX4Q&oh=00_Afrkql1Raapcu0HBGUtLdyUb3wWnxRRML0kpiSKWfTfc7w&oe=696DCE26",
  "ad_cta_text": "發送訊息",
  "ad_link_description": null,
  "ad_link_url": null,
  "ad_title": null,
  "ad_caption": null,
  "ad_page_id": "1743825042576235",
  "ad_cta_type": "發送訊息",
  "ad_extra_links": [],
  "ad_extra_texts": [],
  "ad_page_categories": [],
  "ad_page_like_count": 0,
  "ad_publisher_platform": [
    "facebook"
  ],
  "ad_like_count": "0",
  "ad_share_count": "0"
}