{
  "ad_id": "1148578400412881",
  "ad_context": "《民主，練習中》那些令人感慨的時刻\n#院線即將下檔 #包場熱烈募集中\n​\n高山低谷走過一遭後\n不禁想問，政治到底是什麼？\n​\n一路上遇見形形色色的人\n目睹利益結構的無底黑洞\n理想都燒光了，依然被擋在門外\n​\n也只能繼續戰鬥\n就算像唐吉訶德高舉長槍\n就算像薛西佛斯，推著不會抵達終點的巨岩\n​\n民主如此，生命猶此\n昨日、今日、明日\n活著的我們依舊練習中\n——\n《民主，練習中》 𝟲.𝟮𝟳 全國上映 \n#院線即將下檔\n#包場熱烈募集中，相關資訊請見留言區連結\n​\n​\n監製｜林正盛\n導演｜楊正欣\n製片｜游惠貞\n音樂｜朱頭皮\n​\n​\n#民主練習中\n#TheAccidentalPolitician\n#0627全臺上映",
  "ad_profile_name": "民主，練習中",
  "ad_profile_image": "https://scontent.ftpe8-1.fna.fbcdn.net/v/t39.35426-6/517364811_4184790611841532_2797956530180393650_n.jpg?stp=dst-jpg_s60x60_tt6&_nc_cat=108&ccb=1-7&_nc_sid=c53f8f&_nc_ohc=kX1ceCUMmacQ7kNvwFtwtnC&_nc_oc=Adni4ak76DRZKz0JYMaQkk92VfMZQ1BfmpfvfLu6hFBj44D4FYktFceiUNjuXlQCC48&_nc_zt=14&_nc_ht=scontent.ftpe8-1.fna&_nc_gid=MRX4IxOzGd9WbJIH3a8vKA&oh=00_AfrrqGYw9jdu3mJa0qNep8eWhnBx2Jpk-PEaAwEQm-pdvA&oe=696DD58C",
  "ad_is_video": false,
  "ad_video_preview_image": null,
  "ad_image": "https://scontent.ftpe8-2.fna.fbcdn.net/v/t39.35426-6/518321433_1658878414795377_8849047624139654982_n.jpg?stp=dst-jpg_s600x600_tt6&_nc_cat=103&ccb=1-7&_nc_sid=c53f8f&_nc_ohc=qvkKteLmNYUQ7kNvwHbbv4E&_nc_oc=AdlSxSf8wjuRX3CdKv9f1mFDAIf3FefU6mSh7HOBOuR1tLLGNeqiCM-O0QEnoSb1Ves&_nc_zt=14&_nc_ht=scontent.ftpe8-2.fna&_nc_gid=MRX4IxOzGd9WbJIH3a8vKA&oh=00_Afpn0rt61uyox0CAw9cthgISG0XUBWIBdXt4xbi26ukIDA&oe=696DF264",
  "ad_cta_text": "",
  "ad_link_description": null,
  "ad_link_url": null,
  "ad_title": null,
  "ad_caption": null,
  "ad_page_id": "236197196238397",
  "ad_cta_type": "",
  "ad_extra_links": [],
  "ad_extra_texts": [],
  "ad_page_categories": [
    "電影"
  ],
  "ad_page_like_count": 7231,
  "ad_publisher_platform": [
    "facebook",
    "instagram"
  ],
  "ad_like_count": "0",
  "ad_share_count": "0"
}