{
  "ad_id": "1148632170776059",
  "ad_context": "當千年文明在你眼前展開，準備好走進宏偉歷史了嗎？\n《世界古文明 沉浸體驗展》將於 2026 年 1 月中在台北華山文創園區隆重登場，\n邀你踏上一場跨越千年的文明之旅。\n立即預約你的探索時刻\n購票連結🔗 https://lihi3.me/fztt2\n\n穿越古文明，一票走遍千年歷史。\n亞述的王權力量、埃及的永恆信仰、地中海的神話與理性、印度的輪迴與重生......\n明年一月相約在華山，期待四大古文明在眼前呈現。\n\n🔥 雙12典藏預售套票 🔥\n📅 限時至 12/21(日) 👉 https://lihi3.me/fztt2\n｜其他票種｜早鳥優惠至 2026/01/14\n\n🎫 預售單人票 + 造型手機包套票 💰$499 \n款式二選一｜尺寸 20.5 × 17cm（附 2 個內袋）\n𓁢 神秘守護系：《阿努比斯》造型手機包\n☥ 反差萌白系：《梅傑德》造型手機包\n\n🎫 預售單人票 + 《安德森貓》造型筆記本套票 💰$399 \n尺寸：21 × 14.5 cm｜橫線經典款\n\n📌 套票為單人入場。\n商品需於觀展當日至現場領取，款式以現場供應為主。\n\n🌍 世界四大古文明｜導覽搶先看 🌍\n「王權」──力量與秩序的象徵｜亞述文明 Assyrian Civilization\n走進帝國心臟，看亞述人如何以軍事、建築與組織力，打造人類史上最早的大帝國。\n\n「永恆」──靈魂與死後世界｜埃及文明 Egyptian Civilization\n在巨大的金字塔投影之中，光與影構築出通往來世的道路。\n木乃伊的沉睡、靈魂天秤的審判、太陽神往返冥界的循環-這些古老的符號在你四周甦醒。\n\n「神話」──人性與理性的誕生｜地中海文明 Mediterranean Civilization\n踏入「理性的拱門」，站在希臘哲學辯論的光影之中。\n看神話如何描繪人性的悲歡，而理性，又如何改寫文明的走向。\n\n「輪迴」──生命循環與心靈覺醒｜印度文明 Indus & Vedic Civilization\n跟著水流與光之輪（曼陀羅）旋轉，感受生命不斷重生的節奏。\n從摩亨佐達羅到未解讀的動物印章、業力與輪迴意象，\n帶你認識一種非直線、而是循環的時間觀。\n\n——————————————————————\n\n｜展覽資訊｜\n\n展覽名稱｜《世界古文明 沉浸體驗展》\n展覽日期｜2026/1/15(四)－2026/04/19(日)\n展覽時間｜10:00－18:00（17:00 停止售票與入場）\n展覽地點｜華山文創園區 東2AB館（台北市中正區八德路一段 1 號）\n主辦單位｜翡冷翠文創事業股份有限公司\n\n  @firenzecx_official\n#世界古文明沉浸體驗展 #古文明特展 #沉浸式體驗 #台北展覽\n#華山文創 #亞述 #埃及 #古希臘羅馬 #印度文明 #2026台北 #必看大展",
  "ad_profile_name": "Wenwen小姐和寶貝們",
  "ad_profile_image": "https://scontent.ftpe7-2.fna.fbcdn.net/v/t39.35426-6/597496210_855832153851739_8447599028433485436_n.jpg?stp=dst-jpg_s60x60_tt6&_nc_cat=111&ccb=1-7&_nc_sid=c53f8f&_nc_ohc=wzcvu00mFZcQ7kNvwHp6-GA&_nc_oc=AdkRPhwEmz1uCPT_ZE6CPtnHpT7mznkmN9ONL45R1OUT9CFq6goUc9QxHfule4t35dw&_nc_zt=14&_nc_ht=scontent.ftpe7-2.fna&_nc_gid=va76K4xbdYeyge-yZHE7PA&oh=00_AfrbYtli6so4iRv9Ymnrro3T7D3drhd3svKH2w9yMY9iCw&oe=696D4714",
  "ad_is_video": false,
  "ad_video_preview_image": "https://scontent.ftpe7-4.fna.fbcdn.net/v/t39.35426-6/595871831_1024492446520491_8161344190659536416_n.jpg?_nc_cat=107&ccb=1-7&_nc_sid=c53f8f&_nc_ohc=-yyYhFXS4pYQ7kNvwGhxQUV&_nc_oc=AdlADjmKFtZscUqU18xlQFLI-toacLDpcR7MBqHbO0BdBOfXT8RjKh6hqWlemMgS4ZU&_nc_zt=14&_nc_ht=scontent.ftpe7-4.fna&_nc_gid=va76K4xbdYeyge-yZHE7PA&oh=00_AfpYX6rc1tNsGdPoviD9agFq4zQM84uap8HPndIw1lLP8A&oe=696D33D6",
  "ad_image": null,
  "ad_cta_text": "來去逛逛",
  "ad_link_description": null,
  "ad_link_url": "https://lihi3.me/fztt2",
  "ad_title": null,
  "ad_caption": "lihi3.me",
  "ad_page_id": "1598220060396982",
  "ad_cta_type": "來去逛逛",
  "ad_extra_links": [],
  "ad_extra_texts": [],
  "ad_page_categories": [
    "部落客"
  ],
  "ad_page_like_count": 0,
  "ad_publisher_platform": [
    "facebook",
    "instagram",
    "audience_network",
    "messenger",
    "threads"
  ],
  "ad_like_count": "0",
  "ad_share_count": "0"
}