{
  "ad_id": "1150292533093340",
  "ad_context": "2025年 萬聖節變裝踩街大遊行來了！\n哇噻‼️ 這個獎勵太棒了👏 還不快點一起來搞鬼😈\n\n🎃👻 2025萬聖節踩街走秀 x 小草市集 🎭\n📅 活動日期｜10/18（六） 下午3點\n📍 活動地點｜草屯鎮炎峰街 ✖️ 碧山路交叉空地 （漢城自助餐停車場旁空地）\n💰 報名費用｜100元\n👊🏻主辦單位 ｜草屯街區繁榮發展協會\n👊🏻指導單位 ｜南投縣政府、草屯鎮公所\n👊🏻協辦單位 ｜南投縣議員蔡銘軒\n📝 報名方式｜線上表單 👉 [點我報名] https://docs.google.com/forms/d/16pmz71DsqY-5UyRSqqRnCvX5anMNZcNbKxIdBIkRYk8/edit\n\n✨ 穿上你的萬聖節裝扮，一起來\n✔️ 踩街走秀，秀出最驚豔造型\n✔️ 逛小草市集，邊玩邊吃邊買\n✔️ 感受草屯最熱鬧的萬聖節氛圍\n\n👶 大朋友、小朋友都能參加～\n無論可愛、搞怪還是恐怖，快來展現你的創意造型！",
  "ad_profile_name": "草屯商圈發展協會",
  "ad_profile_image": "https://scontent.ftpe8-4.fna.fbcdn.net/v/t39.35426-6/558836760_1882794589116239_4918970368325216799_n.jpg?stp=dst-jpg_s60x60_tt6&_nc_cat=110&ccb=1-7&_nc_sid=c53f8f&_nc_ohc=51B3inVQGY4Q7kNvwHRkwbH&_nc_oc=Adk2rI3NjafQGQf8h5_iDNdX4kx3Ly9uTrSIs0zajiFX_2h4ysp3AIpxw5T0AcRtVCE&_nc_zt=14&_nc_ht=scontent.ftpe8-4.fna&_nc_gid=Exn1Br9fB_p8xB45-5EhOg&oh=00_AfolIq2HxxD1CWFbrNzKwlRZrS6ypLXclrBvsRtUMdVHpw&oe=696E64D4",
  "ad_is_video": false,
  "ad_video_preview_image": null,
  "ad_image": "https://scontent.ftpe8-4.fna.fbcdn.net/v/t39.35426-6/558868012_1559251875215273_576167520454442164_n.jpg?stp=dst-jpg_s600x600_tt6&_nc_cat=104&ccb=1-7&_nc_sid=c53f8f&_nc_ohc=JX4EIUChLL8Q7kNvwEC4v0a&_nc_oc=AdnhDGt-sL6Zs3BFL7R6oYCRzXX-MS2AkHX3V5mDRNgujOTpVzn3bRxBsP0KtbTflxI&_nc_zt=14&_nc_ht=scontent.ftpe8-4.fna&_nc_gid=Exn1Br9fB_p8xB45-5EhOg&oh=00_AfqbZGHX4k9hqTiocmPBUkg22isyomVa_b7Qhb5vVSoneQ&oe=696E4421",
  "ad_cta_text": "發送訊息",
  "ad_link_description": null,
  "ad_link_url": "https://docs.google.com/forms/d/16pmz71DsqY-5UyRSqqRnCvX5anMNZcNbKxIdBIkRYk8/edit",
  "ad_title": null,
  "ad_caption": null,
  "ad_page_id": "1469012456707373",
  "ad_cta_type": "發送訊息",
  "ad_extra_links": [],
  "ad_extra_texts": [],
  "ad_page_categories": [
    "社群"
  ],
  "ad_page_like_count": 5985,
  "ad_publisher_platform": [
    "facebook",
    "instagram"
  ],
  "ad_like_count": "0",
  "ad_share_count": "0"
}