{
  "ad_id": "1151447126349728",
  "ad_context": "【聲明】\n關於吳子嘉多次於直播中對本人之指涉內容，均屬不實捏造，顯係蓄意散播謠言、製造社會紛擾，本人絕不姑息，已於10月3日，向臺北地方檢察署提出加重誹謗及公然侮辱之告訴，特此嚴正聲明。",
  "ad_profile_name": "柯建銘",
  "ad_profile_image": "https://scontent.ftpe8-4.fna.fbcdn.net/v/t39.35426-6/561362447_814778211488304_8618549436919889652_n.jpg?stp=dst-jpg_s60x60_tt6&_nc_cat=102&ccb=1-7&_nc_sid=c53f8f&_nc_ohc=TkgQvz_trZsQ7kNvwGO5jnv&_nc_oc=AdnKC3bvgLDD7p2bp8VEC5qYIrbo90txgO7ljPdmOLBvop6di30Hu2OpT8gri2oa8dA&_nc_zt=14&_nc_ht=scontent.ftpe8-4.fna&_nc_gid=oUTA0xlyDX0NGO4eJ-b_rg&oh=00_AfpfXHTJIC3C4dHqazXCdqzlsjUzCMPd8kQ6CFwVzp7qZg&oe=696DD35C",
  "ad_is_video": false,
  "ad_video_preview_image": null,
  "ad_image": "https://scontent.ftpe8-3.fna.fbcdn.net/v/t39.35426-6/564778927_656432943977527_8441148919361609852_n.jpg?stp=dst-jpg_s600x600_tt6&_nc_cat=111&ccb=1-7&_nc_sid=c53f8f&_nc_ohc=Bm0677sYBHEQ7kNvwFuexkC&_nc_oc=AdlmxlutuYkXCpPYFXeFEMdaTSjZNBDb6cCiqNbt3ShpyPnTzNVw_moTldGtHi7h7T8&_nc_zt=14&_nc_ht=scontent.ftpe8-3.fna&_nc_gid=oUTA0xlyDX0NGO4eJ-b_rg&oh=00_Afq-FZKjVzrRQhJxwqZd0KsadDef31z6OyBBgI4B2u-A0g&oe=696DE88B",
  "ad_cta_text": "",
  "ad_link_description": null,
  "ad_link_url": null,
  "ad_title": null,
  "ad_caption": null,
  "ad_page_id": "1413658198866930",
  "ad_cta_type": "",
  "ad_extra_links": [],
  "ad_extra_texts": [],
  "ad_page_categories": [
    "政治人物"
  ],
  "ad_page_like_count": 0,
  "ad_publisher_platform": [
    "facebook",
    "instagram"
  ],
  "ad_like_count": "0",
  "ad_share_count": "0"
}