{
  "ad_id": "1151520357159207",
  "ad_context": "台中市的未來，就是 您我孩子們的未來，我們都生長在這片土地上。\n\n北屯是台中急速發展的新區，需要您和我一同來把關，為您發聲，為您請命，義不容辭，敢衝行動派。\n\n台灣民眾黨北屯區電話民調 需要您的支持，也請您告知您北屯區的好友，請支持 敢衝行動派  北屯區市議員擬參選人 許瑞宏，拜託拜託。\n\n#台灣民眾黨\n#北屯區\n#北屯區電話民調\n#北屯區市議員擬參選人\n#敢衝行動派",
  "ad_profile_name": "許瑞宏",
  "ad_profile_image": "https://scontent.ftpe8-4.fna.fbcdn.net/v/t39.35426-6/596950723_1588487858828173_7485982700966960610_n.jpg?stp=dst-jpg_s60x60_tt6&_nc_cat=110&ccb=1-7&_nc_sid=c53f8f&_nc_ohc=vNVn64mjpWAQ7kNvwEWxHlZ&_nc_oc=AdkeGqEvHLhoSuMtUu71FuHOKc3crV2N1qeOsaHSGr8i9fh4T4RnGE96kO1_SPL4o0E&_nc_zt=14&_nc_ht=scontent.ftpe8-4.fna&_nc_gid=kF0Yb6OkbPkF4JMPgNywQg&oh=00_AfqDycLtCShKjrPZgtIE5N5Q_FTeN7HLEHxino1wH_rb7g&oe=696E5BFB",
  "ad_is_video": false,
  "ad_video_preview_image": null,
  "ad_image": "https://scontent.ftpe8-1.fna.fbcdn.net/v/t39.35426-6/598400370_1556003265410830_555386829528133842_n.jpg?stp=dst-jpg_s600x600_tt6&_nc_cat=105&ccb=1-7&_nc_sid=c53f8f&_nc_ohc=0gFb0XNfVfEQ7kNvwHqZGgf&_nc_oc=AdnftkvItifZ2TX4i8TpUnQ_VhMnid4yhHSz-r-f5cKITX3iSbLx4IDcY6136-ew0ZQ&_nc_zt=14&_nc_ht=scontent.ftpe8-1.fna&_nc_gid=kF0Yb6OkbPkF4JMPgNywQg&oh=00_Afpjq3L5gGNgCzW614G21Fud1-I2ScVZcxGRZNOPYn0Plg&oe=696E6FEB",
  "ad_cta_text": "",
  "ad_link_description": null,
  "ad_link_url": null,
  "ad_title": null,
  "ad_caption": null,
  "ad_page_id": "104640252092334",
  "ad_cta_type": "",
  "ad_extra_links": [],
  "ad_extra_texts": [],
  "ad_page_categories": [],
  "ad_page_like_count": 0,
  "ad_publisher_platform": [
    "facebook",
    "instagram"
  ],
  "ad_like_count": "0",
  "ad_share_count": "0"
}