{
  "ad_id": "1151083688868509",
  "ad_context": "#剩下9天\n感謝賴清德賴副總統國事繁忙中不忘關心慶鴻選情 !\n慶鴻真的危險拜託大家多多拉親朋好友全力支持🙏\n\n#議會拼過半\n#最關鍵一席\n#慶鴻服務全力以赴",
  "ad_profile_name": "陳慶鴻 大岡山最資深的新人",
  "ad_profile_image": "https://scontent.ftpe8-1.fna.fbcdn.net/v/t39.35426-6/314406630_1076410526358539_770159861296955058_n.jpg?stp=dst-jpg_s60x60_tt6&_nc_cat=108&ccb=1-7&_nc_sid=c53f8f&_nc_ohc=2pabW7dxYp8Q7kNvwF0uKrR&_nc_oc=Admvjmh6C9bUL4QZx1xOm80yFXI0h7Kmh3KOn6ldWLkFGtRN1ilLoNq7IUquAwZ0Y2s&_nc_zt=14&_nc_ht=scontent.ftpe8-1.fna&_nc_gid=Nvw2f1w0B51MokQRFuDNMg&oh=00_Afrl4TNn0Ra9Ffq3A7Fs6ruLS0vb0Q5v_5e9V1NnYpAlRw&oe=696E655B",
  "ad_is_video": false,
  "ad_video_preview_image": null,
  "ad_image": "https://scontent.ftpe8-2.fna.fbcdn.net/v/t39.35426-6/315441983_799635181097916_5753748242732771051_n.jpg?stp=dst-jpg_s600x600_tt6&_nc_cat=101&ccb=1-7&_nc_sid=c53f8f&_nc_ohc=EZyC8Pe7MkcQ7kNvwFyvH7x&_nc_oc=Adkcz2euOqEb6blPdxAFRbzrZg_RvHko9hkJYCTDV1SQqdc4LwT88Iy07CmankhdhUI&_nc_zt=14&_nc_ht=scontent.ftpe8-2.fna&_nc_gid=Nvw2f1w0B51MokQRFuDNMg&oh=00_AfpzWj86ayy6XDmUYXb0smq75Q_sDxibZ_-mD-vsjMt5Xg&oe=696E6CD3",
  "ad_cta_text": "發送訊息",
  "ad_link_description": null,
  "ad_link_url": null,
  "ad_title": null,
  "ad_caption": null,
  "ad_page_id": "102325275412395",
  "ad_cta_type": "發送訊息",
  "ad_extra_links": [],
  "ad_extra_texts": [],
  "ad_page_categories": [
    "公眾人物"
  ],
  "ad_page_like_count": 1975,
  "ad_publisher_platform": [
    "facebook",
    "instagram"
  ],
  "ad_like_count": "0",
  "ad_share_count": "0"
}