{
  "ad_id": "1151371526874092",
  "ad_context": "FED主席成被告，現實版紙牌屋正在上演\n \n眼看著3月就能退休了，FED主席鮑威爾卻對媒體透露驚天消息，就是FBI已經對他本人發起傳票，控訴的內容正是去年撥款修繕FED總部大樓，被認為有中飽私囊的嫌疑。\n\n鮑威爾表示，這個起訴非常荒唐，川普告他只是因為降息步調不符合他的期待。\n\n但FED這麼做是基於數據與經濟預期做出的決定，如果川普因為這個原因就恣意打壓FED主席，那未來的FED將淪為一個被政治壓力與恐嚇所主導的部門。\n\n如果大家不再信任FED，它印出來的美元也將喪失信用。\n\n消息傳出後，華爾街也迅速給出回應。\n\n美元指數迅速下跌，黃金則繼續上漲。\n\n彭博社表示，如果放任川普繼續肆意橫行，美元地位將迅速衰退。\n\n這個消息更讓我們持續看好並考慮增加對黃金、礦業、能源及新興市場股債的投資。",
  "ad_profile_name": "基金事webzz",
  "ad_profile_image": "https://scontent.ftpe8-2.fna.fbcdn.net/v/t39.35426-6/615243538_2310286016151654_3227579502899418159_n.jpg?stp=dst-jpg_s60x60_tt6&_nc_cat=103&ccb=1-7&_nc_sid=c53f8f&_nc_ohc=RBsGTqdaSbUQ7kNvwFuLQfk&_nc_oc=AdnkLwwE3mQ77D4wTMGpTKSyCqcdUfsjPTLdNJ3auHjBCNW41NXXo43-Wji4mjZ_2L8&_nc_zt=14&_nc_ht=scontent.ftpe8-2.fna&_nc_gid=0GG6mqDdepOae9_TLehrXw&oh=00_AfpdYMkU4tYUC3TltJJrdNWBkDT5u6J21cRG-uR2IrzPUA&oe=696E4282",
  "ad_is_video": false,
  "ad_video_preview_image": null,
  "ad_image": "https://scontent.ftpe8-2.fna.fbcdn.net/v/t39.35426-6/615776297_2188580958217452_5152356184167282879_n.jpg?stp=dst-jpg_s600x600_tt6&_nc_cat=100&ccb=1-7&_nc_sid=c53f8f&_nc_ohc=Clnr9hSlyqEQ7kNvwHFWuwI&_nc_oc=Admj6sRbihdfRqxzLOd8UkaEE5IalznthpFTTGo1QBeYrBxn2i93-r7UkclUEeXwKWo&_nc_zt=14&_nc_ht=scontent.ftpe8-2.fna&_nc_gid=0GG6mqDdepOae9_TLehrXw&oh=00_Afr9_tQYGW_iN3BJJR734-1kXYG0B-0U5X4NYYsEBzd_jA&oe=696E684A",
  "ad_cta_text": "瀏覽 Instagram 個人檔案",
  "ad_link_description": null,
  "ad_link_url": "https://l.facebook.com/l.php?u=http%3A%2F%2Finstagram.com%2Fwebzz.co%3Ffbclid%3DIwZXh0bgNhZW0CMTAAYnJpZBExOFBnZndlbkFwVVZFVnBIQnNydGMGYXBwX2lkDzU0MTYzOTQ5Mzg4OTAyNQABHhq9prkqANe6Ei2xq5CfM_eQQSlm08SMVfxqbFxoxP7b3pA2Sgbfg4vE2_DM_aem_NJ7WMQjkIlEil-osm6Bd9g&h=AT05oH3Ltj9rSWnNVusuaiey8pEZuRyjgRRc57Exs_8B1AB9_1M-yfP6oaPQCo4adpWaRUlKuM3GNWioMcXXxrhe1kT93e-LLju_N01WGwlkQ9M62OIfha0nY1u1sTJ9yl-BBEqJAZfQl4OqVhH1CQ",
  "ad_title": "instagram.com",
  "ad_caption": "instagram.com",
  "ad_page_id": "105678265119083",
  "ad_cta_type": "瀏覽 Instagram 個人檔案",
  "ad_extra_links": [],
  "ad_extra_texts": [],
  "ad_page_categories": [
    "媒體／新聞機構"
  ],
  "ad_page_like_count": 0,
  "ad_publisher_platform": [
    "facebook",
    "instagram"
  ],
  "ad_like_count": "0",
  "ad_share_count": "0"
}