{
  "ad_id": "1153074613583209",
  "ad_context": "打造毛孩專屬的五星級旅程🌟\n嗨寵物們航站✈️\n\n擁有經驗豐富的專業管家團隊，\n24小時全方位守護毛孩。\n堅持以毛孩福利為核心，\n享有安全、自在的療癒空間。\n\n「一起到機場，一起出發。」\n快樂出國 毛孩安心度假⛱️\n\n@hi_terminal_p_2025 \n@hi_pet_chan",
  "ad_profile_name": "嗨寵物們航站 Terminal P",
  "ad_profile_image": "https://scontent.ftpe8-3.fna.fbcdn.net/v/t39.35426-6/572023943_1366140944851656_8115200238111965667_n.jpg?stp=dst-jpg_s60x60_tt6&_nc_cat=106&ccb=1-7&_nc_sid=c53f8f&_nc_ohc=vEKdzeoe0gsQ7kNvwHgMoLa&_nc_oc=Adn82S-UOQHOE7AKjrzogm4oeZkDz4Dqi_b5L6rwTIbswFmQBfCymhPlGdlJ0HDKJlg&_nc_zt=14&_nc_ht=scontent.ftpe8-3.fna&_nc_gid=_mv-sbhqpVfHdguphhL0Kg&oh=00_AfoK8teoqxfH6sO6yMuqyIFDkb0iO_Z7lrSNWrNw0t45zg&oe=696DD807",
  "ad_is_video": false,
  "ad_video_preview_image": "https://scontent.ftpe8-1.fna.fbcdn.net/v/t39.35426-6/571131670_2912281578958805_2583479969169303416_n.jpg?_nc_cat=109&ccb=1-7&_nc_sid=c53f8f&_nc_ohc=-cfM7u2-EOkQ7kNvwEylcc4&_nc_oc=AdlAPJjltBw-ug2gpIlOMcX71lI4cJYklcnbgQ_9_CNiMaQa4gXM29HLznLfkcBhIWQ&_nc_zt=14&_nc_ht=scontent.ftpe8-1.fna&_nc_gid=_mv-sbhqpVfHdguphhL0Kg&oh=00_Afoh6b0SGB4e54d4TtbgSt1hL-JJZEJb3P7_aIVSS48NJw&oe=696DE479",
  "ad_image": null,
  "ad_cta_text": "瞭解詳情",
  "ad_link_description": null,
  "ad_link_url": "https://terminalp.com.tw/announcements?utm_source=facebook&utm_medium=ads&utm_campaign=2511_%E5%90%88%E4%BD%9C%E8%B2%BC%E6%96%87_%E6%8B%90%E6%8B%90",
  "ad_title": null,
  "ad_caption": "terminalp.vip",
  "ad_page_id": "508414799030945",
  "ad_cta_type": "瞭解詳情",
  "ad_extra_links": [],
  "ad_extra_texts": [],
  "ad_page_categories": [
    "寵物服務"
  ],
  "ad_page_like_count": 6544,
  "ad_publisher_platform": [
    "facebook",
    "instagram",
    "audience_network"
  ],
  "ad_like_count": "0",
  "ad_share_count": "0"
}