{
  "ad_id": "1153555070081402",
  "ad_context": "爸媽分開的時候…\n「我不是夾心餅乾🍪\n也不是大人的傳聲筒📢」\n\n孩子有自己的想法\n也需要一個安心又有愛的環境來長大🌱\n他想聽見的是：「爸媽雖然分開了，但愛你這件事，永遠不會變❤️」\n\n讓我們一起守護孩子長大\n給他們滿滿的安全感✨\n\n#CRC #兒童權利公約 #孩子心聲系列\n#爸媽分開 #但依然愛我",
  "ad_profile_name": "社會有愛 溫暖臺中",
  "ad_profile_image": "https://scontent.ftpe8-4.fna.fbcdn.net/v/t39.35426-6/574855226_1338186637987159_7537738712998098850_n.jpg?stp=dst-jpg_s60x60_tt6&_nc_cat=104&ccb=1-7&_nc_sid=c53f8f&_nc_ohc=qqg64HvUQXkQ7kNvwH0KgnX&_nc_oc=AdnCMFaENoBHutApBLc2XL2eUEnMKPTGfxiAB4vnl49Yqh3NhLP4282qlIWzn150SQg&_nc_zt=14&_nc_ht=scontent.ftpe8-4.fna&_nc_gid=wPHeHmpv5UliLxXOtU1bLg&oh=00_AfoGmCr91x-MsgFWIlSiDvIfGnMpHM44Ywr0gzsFBnm7_Q&oe=696E6751",
  "ad_is_video": false,
  "ad_video_preview_image": null,
  "ad_image": "https://scontent.ftpe8-2.fna.fbcdn.net/v/t39.35426-6/574087839_1182632050476255_4506149967648787067_n.jpg?stp=dst-jpg_s600x600_tt6&_nc_cat=100&ccb=1-7&_nc_sid=c53f8f&_nc_ohc=aUvpWNYhkdkQ7kNvwGHzbpy&_nc_oc=Adla_i-Sg79OG2_gdCT8NQqHb4x70ywCslUiTsW2Yj2P-VXrXfvHINAdOp68SFewUng&_nc_zt=14&_nc_ht=scontent.ftpe8-2.fna&_nc_gid=wPHeHmpv5UliLxXOtU1bLg&oh=00_AfqoFt1suNmDGLV_52FTHMU1jFJ1W2ZblcPfPErFLYmpXg&oe=696E50D7",
  "ad_cta_text": "",
  "ad_link_description": null,
  "ad_link_url": null,
  "ad_title": null,
  "ad_caption": null,
  "ad_page_id": "329523080529589",
  "ad_cta_type": "",
  "ad_extra_links": [],
  "ad_extra_texts": [],
  "ad_page_categories": [],
  "ad_page_like_count": 0,
  "ad_publisher_platform": [
    "facebook"
  ],
  "ad_like_count": "0",
  "ad_share_count": "0"
}