{
  "ad_id": "1154827939939046",
  "ad_context": "經營頻道邁向第八年\n終於首度合體音樂類 YouTuber\n而且還是「 流行撞古典 」的超跨界組合！\n\n本集邀請《 音樂家的無聊人生 Musecow 》主理人－\n鋼琴家 許崴 (海牛) 一起來玩「 猜歌遊戲 」\n究竟那些耳熟能詳的華語經典歌曲背後⋯\n悄悄致敬了哪些古典音樂大師？\n\nhttps://jimibro321.psee.ly/musecow\n🔥 吉米哥 YouTube 現正熱映中 🔥\n\n🎵🎵🎵🎵🎵🎵\n\n【 樂譜上的革命｜翻轉古典音樂視野的必修課 】\n\n鋼琴家許崴以直觀的視覺引導、清晰的時間軸線\n透過專業幽默的解說、實作與動畫\n帶你輕鬆走進一點都不深奧的古典音樂大門！\n\n📢 課程報名連結：\nhttps://seeds.com.tw/courses/musicianseacow\n\n📢 米粉專屬優惠：\n結帳輸入折扣碼「 jimibro300 」再折300元！\n折扣碼使用期限：即日起～12/5 23:59\n\nSpecial thanks to：學籽\n\n#樂譜上的革命 #音樂家的無聊人生 \n#鋼琴家 #許崴 #古典音樂 #音樂賞析 #樂理解析",
  "ad_profile_name": "Jimi Bro 吉米哥",
  "ad_profile_image": "https://scontent.ftpe7-1.fna.fbcdn.net/v/t39.35426-6/566227709_1806368063582618_8144888514174151390_n.jpg?stp=dst-jpg_s60x60_tt6&_nc_cat=110&ccb=1-7&_nc_sid=c53f8f&_nc_ohc=Uzhr8n5lOqkQ7kNvwHgylJG&_nc_oc=Adle84s31HukLpMty1_xm6ZC1vmbuKUQEM6rdth5EUsBqAfcucBDonuYCGkZs8JT92k&_nc_zt=14&_nc_ht=scontent.ftpe7-1.fna&_nc_gid=-YbSsLYn1asOLk4fRKqrig&oh=00_AfqyJqQMRowYjwmiZOEz3QSyR2bvRY8L8TkSzjq-CjD5jQ&oe=696D48D1",
  "ad_is_video": false,
  "ad_video_preview_image": "https://scontent.ftpe7-2.fna.fbcdn.net/v/t39.35426-6/565680221_804974612134661_6706146781612893258_n.jpg?_nc_cat=108&ccb=1-7&_nc_sid=c53f8f&_nc_ohc=rOFjAhMmSpEQ7kNvwFSnWVw&_nc_oc=AdlIWPV2uHe7zgj1-bHMpFFbSKKiAahbkLg3-jlCGcMNS975jfVGGQ6X3cjL1nYKnIk&_nc_zt=14&_nc_ht=scontent.ftpe7-2.fna&_nc_gid=-YbSsLYn1asOLk4fRKqrig&oh=00_AfpfzibAIZ-gul530sffG3jxECL29szpZ4YpNABgVy8oMw&oe=696D4B4E",
  "ad_image": null,
  "ad_cta_text": "",
  "ad_link_description": null,
  "ad_link_url": "https://jimibro321.psee.ly/musecow",
  "ad_title": "猜歌大挑戰！原來S.H.E、蔡依林、周杰倫的金曲暗藏這些秘密！",
  "ad_caption": null,
  "ad_page_id": "746719245714538",
  "ad_cta_type": "",
  "ad_extra_links": [],
  "ad_extra_texts": [],
  "ad_page_categories": [
    "部落客"
  ],
  "ad_page_like_count": 6554,
  "ad_publisher_platform": [
    "facebook",
    "instagram",
    "audience_network",
    "messenger",
    "threads"
  ],
  "ad_like_count": "0",
  "ad_share_count": "0"
}