{
  "ad_id": "1155536019641908",
  "ad_context": "💥High - Quality OUTDOOR P6 SMD1921 LED Billboard - Your Ideal Advertising Solution!​\nAre you looking for  LED billboard to boost your brand visibility? Look no further!​\n👉https://ledkingdisplay.com/\n👉https://www.alibaba.com/product-detail/Hot-Sale-HD-Outdoor-P6-192x192mm_1601365541166.html?spm=a2747.product_manager.0.0.577971d2x316i1\n🌟 Professional LED Screen Manufacturer​\nWe are a leading LED screen manufacturer, dedicated to delivering high - quality products. Our OUTDOOR P6 SMD1921 LED Billboard is a testament to our craftsmanship and expertise.​\n🎯 Fully Customizable​\nTailor the LED billboard to your exact needs. Whether it's size, content display, or any other aspect, we've got you covered. 📏​\n👨‍🏭 OEM/ODM Services Available​\nHave a unique idea? Our OEM/ODM services allow you to turn your concept into a reality. We work closely with you from design to production. 🔧​\n📺 Synchronous Display​\nEnjoy seamless and real - time content display with our synchronous display feature. Keep your audience engaged at all times. ⏱️​\n🛠️ Novastar Control​\nPowered by Novastar control, our LED billboard offers stable performance, accurate color reproduction, and easy operation. 🤖\nLet's start this exciting journey of enhancing your brand presence together! 💬 #ledwall #ledscreen #ledlights #leddisplay #waterproofled #outdoorled #RGB #rgbledpanel #billboard #advertisingled",
  "ad_profile_name": "LED KING",
  "ad_profile_image": "https://scontent-tpe1-1.xx.fbcdn.net/v/t39.35426-6/489088277_1027934255896924_6040980392668617330_n.jpg?stp=dst-jpg_s60x60_tt6&_nc_cat=109&ccb=1-7&_nc_sid=c53f8f&_nc_ohc=4cMIbsxryE8Q7kNvwFZ9Cd8&_nc_oc=AdlMVaEKZgqLEjioL43UtWodQuBnCr2TbIu1uC2jX3cJY5iNkhIAcH3VaZNz-78Fa3I&_nc_zt=14&_nc_ht=scontent-tpe1-1.xx&_nc_gid=sakdfHjvFp9IPR1rC5YiRQ&oh=00_AfobzcPN_GIeHEfdaNK6y9d5jQaNSB1iAdqmVt_AoocnPQ&oe=696D3CEE",
  "ad_is_video": false,
  "ad_video_preview_image": "https://scontent-tpe1-1.xx.fbcdn.net/v/t39.35426-6/490024769_1124391669454211_6704476858616406888_n.jpg?_nc_cat=105&ccb=1-7&_nc_sid=c53f8f&_nc_ohc=3qYu7nfT368Q7kNvwG68Mpf&_nc_oc=Adm0E0vBKepuwhFkr41dSWfE0s1nmJNZ6WUM9GsN2ZXQ_rZkLhmrGItLJTHn6b4T6Kg&_nc_zt=14&_nc_ht=scontent-tpe1-1.xx&_nc_gid=sakdfHjvFp9IPR1rC5YiRQ&oh=00_AfoEQ_9Htn8FTNToLWpKKtFyt8VsX1EIvIhXEx9Fer6hwQ&oe=696D572C",
  "ad_image": null,
  "ad_cta_text": "",
  "ad_link_description": null,
  "ad_link_url": "https://ledkingdisplay.com/",
  "ad_title": "💥High - Quality OUTDOOR P6 SMD1921 LED Billboard - Your Ideal Advertising Solution!​",
  "ad_caption": null,
  "ad_page_id": "430042963531079",
  "ad_cta_type": "",
  "ad_extra_links": [],
  "ad_extra_texts": [],
  "ad_page_categories": [
    "電子產品"
  ],
  "ad_page_like_count": 3241,
  "ad_publisher_platform": [
    "facebook",
    "instagram",
    "audience_network"
  ],
  "ad_like_count": "0",
  "ad_share_count": "0"
}