{
  "ad_id": "1156329255001478",
  "ad_context": "#窩報導【從選舉看見動物，動物政見為了誰？】\n\n選舉將至，動物政見也在全台遍地開花，不少地方首長候選人紛紛高喊著政見，為動物發聲、謀福利，然而，這些動物政見之所以被提出，除了幕僚團隊的不同策略，也夾雜著許多因素。 \n\n綜觀今年的動物政見，雖然政見數目明顯成長，但內容所提到的受眾對象，仍多限縮在寵物，且涵蓋的動物福利概念也偏低，展演動物、經濟動物、實驗動物等更是敬陪末座。\n\n而在選舉的造勢期間，候選人所到之處皆是鎂光燈焦點，這對動保團體來說是把動物議題推出去，讓更多人看到的好機會！今年，也有許多團體積極向候選人遊說，將動物議題放入政見裡。 \n\n東吳大學政治系陳方隅教授說明：「通常非營利組織在選舉期間，都會更大力宣傳，跟候選人做喊話、接觸，因為選舉前，民眾特別容易在意這些議題。而做社會倡議本身，很多時候無法直接影響到政見甚至政策，但透過選舉的曝光機會，更可以影響更多人對議題的關注！」\n\n動物政見，無論是對欲建立形象的候選人、為動物發聲的動保團體，甚至期待提升寵物福利的飼主來說，或許皆是美意；然而，若從動物福利的角度出發，這些政見會是直指問題核心，甚至是改善動物處境的解方嗎？\n\n理想上，民眾都期待動物議題能透過政見走向政策，進而去改變動物的處境，但臺南大學行政管理學系吳宗憲教授提醒：「選舉基本上是一個政治行為，並不是真正要去解決問題的管道。」 \n\n許多候選人提出「動保」政見，以宣示對動物保護、友善動物的決心，但這些政見是否符合「動物保護」的定義，實際上多不然。 \n\n#完整報導連結在留言",
  "ad_profile_name": "窩窩 wuowuo",
  "ad_profile_image": "https://scontent.ftpe8-4.fna.fbcdn.net/v/t39.35426-6/316680539_675507030606070_3089977330953128069_n.jpg?stp=dst-jpg_s60x60_tt6&_nc_cat=104&ccb=1-7&_nc_sid=c53f8f&_nc_ohc=irvuKrEWIIsQ7kNvwGne46C&_nc_oc=AdmhQdiBHf6_0k0fOgOopao3oopMggXTLt51Ofo5MyGF0g8DXlkLlRrR_NiO3ABFsEk&_nc_zt=14&_nc_ht=scontent.ftpe8-4.fna&_nc_gid=spwaXuxIeSvhzS_9u5S47g&oh=00_Afqk5eIDTeYiN2V_lrVQ8F6wwWrwb4oLRGQuPWrXG_I6UQ&oe=696E53A7",
  "ad_is_video": false,
  "ad_video_preview_image": null,
  "ad_image": "https://scontent.ftpe8-1.fna.fbcdn.net/v/t39.35426-6/316310625_814032649883236_2925684903711526234_n.jpg?stp=dst-jpg_s600x600_tt6&_nc_cat=105&ccb=1-7&_nc_sid=c53f8f&_nc_ohc=b8Ht4Yo5L8QQ7kNvwFxAxTb&_nc_oc=AdmuWsifptkX_QfKZLfi25LQXoZH8eal0R4GdhpuEfMtddVqZZC-cn68cB-0GaQnHq0&_nc_zt=14&_nc_ht=scontent.ftpe8-1.fna&_nc_gid=spwaXuxIeSvhzS_9u5S47g&oh=00_AfpGiGVmpB2oKlmseQenP-3E3eUZpDKpPd4o0w_827L6vg&oe=696E7399",
  "ad_cta_text": "觀看更多",
  "ad_link_description": null,
  "ad_link_url": "https://l.facebook.com/l.php?u=https%3A%2F%2Fwuo.pros.is%2F4klhz2%3Ffbclid%3DIwZXh0bgNhZW0CMTAAYnJpZBExOFBnZndlbkFwVVZFVnBIQnNydGMGYXBwX2lkDzU0MTYzOTQ5Mzg4OTAyNQABHiHqsSG3yjNB5yJRQb1qoUKl5GKfpt74bK4c8idp2jLbZekFdc9w3Gh8PKAc_aem_FF8bgyI6Je862KbcXUSN9w&h=AT26ZMwpeCug_tyKC9-DXVOSoGh-f9i6KoYUmHPzTfuD330jLg1JEFH1-aLMNPTQJafRiNi6vQP15gv9yxeSfIkwviZls43iYBg7x9rzqrmS3V18_mlZNKPif0wweKFKgQ7B3BTwfDgmAbf45O_31A",
  "ad_title": null,
  "ad_caption": null,
  "ad_page_id": "451593611569576",
  "ad_cta_type": "觀看更多",
  "ad_extra_links": [],
  "ad_extra_texts": [],
  "ad_page_categories": [
    "媒體／新聞機構"
  ],
  "ad_page_like_count": 0,
  "ad_publisher_platform": [
    "facebook",
    "instagram"
  ],
  "ad_like_count": "0",
  "ad_share_count": "0"
}