{
  "ad_id": "1156915449841755",
  "ad_context": "昨天與台南 古都扶輪社鄭仁貴社長及台南市補習教育事業協會吳政瑞理事，一起來到光明早療中心慰問及訪視。\n​\n扶輪社今年初開始就陸續捐助經費幫助美善更新早療中心的設施設備，我也希望社會各界幫助親子休息室及教具櫃汰舊換新的經費，為發展遲緩與身心障礙的兒童提供更優質的學習環境。\n​\n如果你也願意幫助早療的孩子與家庭、響應美善公益活動，請電洽06-2365328 林專員。",
  "ad_profile_name": "李宗霖Lí Chong-lîm",
  "ad_profile_image": "https://scontent.ftpe8-1.fna.fbcdn.net/v/t39.35426-6/575175357_874482064915771_5070467578974304837_n.jpg?stp=dst-jpg_s60x60_tt6&_nc_cat=108&ccb=1-7&_nc_sid=c53f8f&_nc_ohc=sPptXS8oOicQ7kNvwEmIrYu&_nc_oc=Adkzifipn75-6KP3FMii9Fzs6iLnuPVdzC4dW-OGQ1A0b4F29Y4W8rEIoPyhP4jKAtE&_nc_zt=14&_nc_ht=scontent.ftpe8-1.fna&_nc_gid=WPWJD7FY7wt_P4HkqmQ3Qg&oh=00_AfrQn-igxNnK0q6kgLMppMNom1q290T51yOP4CgwqMTpkw&oe=696E46B2",
  "ad_is_video": false,
  "ad_video_preview_image": null,
  "ad_image": "https://scontent.ftpe8-3.fna.fbcdn.net/v/t39.35426-6/576925757_2076767909795101_85122893098431492_n.jpg?stp=dst-jpg_s600x600_tt6&_nc_cat=106&ccb=1-7&_nc_sid=c53f8f&_nc_ohc=spVG-QtLxNUQ7kNvwEK533A&_nc_oc=AdkCIhL60iaGyAzJAWLKv7AszrCm6xAElIyib5U14H3quLoFB17eHEaxz8S2384Zvm0&_nc_zt=14&_nc_ht=scontent.ftpe8-3.fna&_nc_gid=WPWJD7FY7wt_P4HkqmQ3Qg&oh=00_AfpVuAu98CLC4Ps5vTpODY5b1e1d9Z9chEIeKA12d5jCJA&oe=696E6753",
  "ad_cta_text": "發送訊息",
  "ad_link_description": null,
  "ad_link_url": null,
  "ad_title": null,
  "ad_caption": null,
  "ad_page_id": "561929534174419",
  "ad_cta_type": "發送訊息",
  "ad_extra_links": [],
  "ad_extra_texts": [],
  "ad_page_categories": [],
  "ad_page_like_count": 0,
  "ad_publisher_platform": [
    "facebook",
    "instagram"
  ],
  "ad_like_count": "0",
  "ad_share_count": "0"
}