{
  "ad_id": "1158949696403333",
  "ad_context": "▎一位律師因說出真相而入獄\n\n索妮亞．達赫瑪妮（Sonia Dahmani）是突尼西亞的律師與媒體評論員，始終為弱勢發聲。她在螢幕前談論監獄的惡劣環境、揭露種族歧視，也提醒人們別對不公沉默。\n\n在2024年5月，她遭到蒙面的警察突襲並逮捕。她被控「散播虛假消息」，在沒有正當程序的情況下被判刑入獄。在馬努巴監獄中，她面對鼠患、羞辱與醫療照護的剝奪。\n\n📰 今年11月，索妮亞雖獲得有條件釋放，但其他出於政治動機的司法程序仍在持續，索妮亞仍面臨多年監禁的風險。\n\n當全球各地的表達自由正面臨威脅，不只媒體工作者，更有許多人挺身捍衛自己的權利，卻因此遭受各種迫害，付出巨大代價......\n\n📢 但是你的聲援行動，可以為他們帶來改變！\n\n👉加入2025寫信馬拉松全球線上連署\n用行動捍衛人權",
  "ad_profile_name": "國際特赦組織 台灣分會 Amnesty International Taiwan",
  "ad_profile_image": "https://scontent.ftpe8-4.fna.fbcdn.net/v/t39.35426-6/600194298_4433150206967186_6142930751248317314_n.jpg?stp=dst-jpg_s60x60_tt6&_nc_cat=110&ccb=1-7&_nc_sid=c53f8f&_nc_ohc=ReyjodN1oP8Q7kNvwGJMDnF&_nc_oc=Adlz_TR0BHfEzrngESy9_bF5taRnkridFFY5YJ8Bz1zLxOHlfxwQuB_FWa0WGX34-9I&_nc_zt=14&_nc_ht=scontent.ftpe8-4.fna&_nc_gid=cCQZSGRiv7KEFPm2ZcGHsg&oh=00_AfqYtDPezAJkQiHOM1aduN_i8KEEgYd0ONsOGrzrSSYfHw&oe=696E643A",
  "ad_is_video": false,
  "ad_video_preview_image": null,
  "ad_image": "https://scontent.ftpe8-1.fna.fbcdn.net/v/t39.35426-6/599932175_829783703194699_1410751639914583736_n.jpg?stp=dst-jpg_s600x600_tt6&_nc_cat=105&ccb=1-7&_nc_sid=c53f8f&_nc_ohc=MnR2JykbikkQ7kNvwFHDiOQ&_nc_oc=AdkrQFDOD3ObSQDmHRhRQjHN46cq-Whq1Y36RsPu38vVUng8vCQCrw4ujoyPCeEoQwc&_nc_zt=14&_nc_ht=scontent.ftpe8-1.fna&_nc_gid=cCQZSGRiv7KEFPm2ZcGHsg&oh=00_AfqJBMW_0Hzmoxb-n14b5ROW5thNCURPrTTkmGO8os8SBw&oe=696E569E",
  "ad_cta_text": "Learn More",
  "ad_link_description": "為人權律師發聲",
  "ad_link_url": "https://l.facebook.com/l.php?u=https%3A%2F%2Fwww.amnesty.tw%2Fcivicrm%2Fevent%2Finfo%3Freset%3D1%26id%3D392%26utm_source%3DFacebook%26utm_medium%3DPaidSocial%26utm_campaign%3DW4R25_tunisia_Sonia_engagement%26fbclid%3DIwZXh0bgNhZW0CMTAAYnJpZBExOFBnZndlbkFwVVZFVnBIQnNydGMGYXBwX2lkDzU0MTYzOTQ5Mzg4OTAyNQABHqr0p5MzBh2pQbKDkpXDlliEMx0s9SjBTilLTcv_mJLe1JYo6bOmP8QX_EZ1_aem_Rf_p7Ew5PP5iPfJSM-aZcA&h=AT1_Dw2pt3HqA2o6IpHj7BcAw8GEpUx4TjCtWggucEzAPSn7pO39rLR1m0uIzrXAm2Gpe3GfQuFF6p84J2165JbOYvp0O9Iif0MUizgs2fx98ZnJomVr7UMSW5TS_6hn4ESyd1xVsGBTCh5MQZdtEQ",
  "ad_title": "你的行動 能改變她的生命",
  "ad_caption": "amnesty.tw",
  "ad_page_id": "238507146264909",
  "ad_cta_type": "Learn More",
  "ad_extra_links": [
    "你的行動 能改變她的生命",
    "你的行動 能改變她的生命",
    "你的行動 能改變她的生命"
  ],
  "ad_extra_texts": [
    "▎一位律師因說出真相而入獄\n\n索妮亞．達赫瑪妮（Sonia Dahmani）是突尼西亞的律師與媒體評論員，始終為弱勢發聲。她在螢幕前談論監獄的惡劣環境、揭露種族歧視，也提醒人們別對不公沉默。\n\n在2024年5月，她遭到蒙面的警察突襲並逮捕。她被控「散播虛假消息」，在沒有正當程序的情況下被判刑入獄。在馬努巴監獄中，她面對鼠患、羞辱與醫療照護的剝奪。\n\n📰 今年11月，索妮亞雖獲得有條件釋放，但其他出於政治動機的司法程序仍在持續，索妮亞仍面臨多年監禁的風險。\n\n當全球各地的表達自由正面臨威脅，不只媒體工作者，更有許多人挺身捍衛自己的權利，卻因此遭受各種迫害，付出巨大代價......\n\n📢 但是你的聲援行動，可以為他們帶來改變！\n\n👉加入2025寫信馬拉松全球線上連署\n用行動捍衛人權",
    "▎一位律師因說出真相而入獄\n\n索妮亞．達赫瑪妮（Sonia Dahmani）是突尼西亞的律師與媒體評論員，始終為弱勢發聲。她在螢幕前談論監獄的惡劣環境、揭露種族歧視，也提醒人們別對不公沉默。\n\n在2024年5月，她遭到蒙面的警察突襲並逮捕。她被控「散播虛假消息」，在沒有正當程序的情況下被判刑入獄。在馬努巴監獄中，她面對鼠患、羞辱與醫療照護的剝奪。\n\n📰 今年11月，索妮亞雖獲得有條件釋放，但其他出於政治動機的司法程序仍在持續，索妮亞仍面臨多年監禁的風險。\n\n當全球各地的表達自由正面臨威脅，不只媒體工作者，更有許多人挺身捍衛自己的權利，卻因此遭受各種迫害，付出巨大代價......\n\n📢 但是你的聲援行動，可以為他們帶來改變！\n\n👉加入2025寫信馬拉松全球線上連署\n用行動捍衛人權",
    "▎一位律師因說出真相而入獄\n\n索妮亞．達赫瑪妮（Sonia Dahmani）是突尼西亞的律師與媒體評論員，始終為弱勢發聲。她在螢幕前談論監獄的惡劣環境、揭露種族歧視，也提醒人們別對不公沉默。\n\n在2024年5月，她遭到蒙面的警察突襲並逮捕。她被控「散播虛假消息」，在沒有正當程序的情況下被判刑入獄。在馬努巴監獄中，她面對鼠患、羞辱與醫療照護的剝奪。\n\n📰 今年11月，索妮亞雖獲得有條件釋放，但其他出於政治動機的司法程序仍在持續，索妮亞仍面臨多年監禁的風險。\n\n當全球各地的表達自由正面臨威脅，不只媒體工作者，更有許多人挺身捍衛自己的權利，卻因此遭受各種迫害，付出巨大代價......\n\n📢 但是你的聲援行動，可以為他們帶來改變！\n\n👉加入2025寫信馬拉松全球線上連署\n用行動捍衛人權"
  ],
  "ad_page_categories": [
    "非政府組織（NGO）"
  ],
  "ad_page_like_count": 0,
  "ad_publisher_platform": [
    "facebook",
    "instagram"
  ],
  "ad_like_count": "0",
  "ad_share_count": "0"
}