{
  "ad_id": "1159616382778711",
  "ad_context": "【可以更早開始的準備 - 收容所開設營運套件】\n\n你曾在救災時，\n想將告示、文件先印出來準備好嗎？\n\n—\n我們也有同樣的想法，《編織庇護網計劃》\nhttps://lihivip.com/orcatainandefender\n\n預先將防災收容所所需要的指示物、文件預先準備好\n不論是公告、標示、文件、表單\n許多現場製造耗費時間、資源的事情\n我們想要提早規劃、預先就準備好更方便使用的方案\n\n—\n當大規模地震、天災或戰爭發生時，台灣現存的防災力量\n除了官方、軍方之外，更需要民間的團結與整合\n\n《編織庇護網計劃》 致力於強化、放大民間互助力量：\n\n將防災收容的流程模組化、製作成可操作的「開設手冊」與「預製套件」。\n無經驗的志願者依手冊指引，6 小時內即可搭建收容所雛形；\n受過訓練的成員，更能在 1 小時內完成全架構開設——\n從指揮流程、通訊協調，到物資與人員管理，全都能立即啟動。\n\n—\n募資原因\n 1. 將現有驗證成果整理為可普及的手冊與培訓教材。\n 2. 製作標準化「收容所開設套件」，讓各地團體能快速啟用。\n 3. 培訓第一批具備開設與運作能力的地方核心人員。\n\n募資階段達標重點目標\n 1. 發行《民間收容所開設指南》與套件部署版、推出 16 小時完整培訓課程\n 2. 建立 3 處示範型民間收容所據點，驗證流程。\n 3. 在台南輔導建立 75處 民間收容所，建立民間庇護網\n\n請你支持我們，不論是小額捐贈\n或參與單人支持方案，都能推動這份集體準備的力量。\nhttps://lihivip.com/orcatainandefender\n\n——\n放大民間互助量能、簡化操作流程\n是圓鯨韌性持續努力的方向\n跟我們一起了解更多民間庇護、收容議題\n你的一份參與、是我們共同前進的動力\n #圓鯨韌性 #編織庇護網計畫\n#台南市民團協會 #防災 #民防 #互助網",
  "ad_profile_name": "圓鯨韌性",
  "ad_profile_image": "https://scontent.ftpe8-1.fna.fbcdn.net/v/t39.35426-6/565666026_4205533116384766_8745689676106512133_n.jpg?stp=dst-jpg_s60x60_tt6&_nc_cat=108&ccb=1-7&_nc_sid=c53f8f&_nc_ohc=DOibHpu5QzgQ7kNvwHMpXWS&_nc_oc=AdnDvtB_eH0m4fCHLlf228592uXDy5Ox9lFX1Tis_06IT0g99SlG-1sTHfYL7B1MAqc&_nc_zt=14&_nc_ht=scontent.ftpe8-1.fna&_nc_gid=H2aupmlF9dg680iF0fnDhQ&oh=00_AfoOS5QUcml_4kuu3tQifC388ZtJpBgMNaKvbNMQpe_p6Q&oe=696E59CF",
  "ad_is_video": false,
  "ad_video_preview_image": null,
  "ad_image": "https://scontent.ftpe8-3.fna.fbcdn.net/v/t39.35426-6/565902868_1330111228593823_5833290112208921455_n.jpg?stp=dst-jpg_s600x600_tt6&_nc_cat=107&ccb=1-7&_nc_sid=c53f8f&_nc_ohc=ago7TuceEX0Q7kNvwHF5oMD&_nc_oc=AdmNz5YhcSQ4u9Ar45a9VkikUYMYKiUJL8OlkExkxpRBJGGAzEiz3iZIMHeXdXdLLw8&_nc_zt=14&_nc_ht=scontent.ftpe8-3.fna&_nc_gid=H2aupmlF9dg680iF0fnDhQ&oh=00_AfqSkMOfn7d7XxeBSL-dl4MQd_vgL25VKGTyVxPhazdDBg&oe=696E5273",
  "ad_cta_text": "發送訊息",
  "ad_link_description": null,
  "ad_link_url": "https://lihivip.com/orcatainandefender",
  "ad_title": null,
  "ad_caption": null,
  "ad_page_id": "685914854616134",
  "ad_cta_type": "發送訊息",
  "ad_extra_links": [],
  "ad_extra_texts": [],
  "ad_page_categories": [
    "顧問公司"
  ],
  "ad_page_like_count": 457,
  "ad_publisher_platform": [
    "facebook",
    "instagram"
  ],
  "ad_like_count": "0",
  "ad_share_count": "0"
}