{
  "ad_id": "1161133468121526",
  "ad_context": "🌟更好的大直、更年輕的選擇\n🌟用您的一票支持大直新氣象",
  "ad_profile_name": "臺北市大直里里長曹邦全電子公佈欄",
  "ad_profile_image": "https://scontent.ftpe8-3.fna.fbcdn.net/v/t39.35426-6/316525048_1249804415578801_4906427439664071456_n.jpg?stp=dst-jpg_s60x60_tt6&_nc_cat=111&ccb=1-7&_nc_sid=c53f8f&_nc_ohc=tDxZ_YnOcC4Q7kNvwF8yeEh&_nc_oc=AdkwkO8mxTGR1LyJkmFiJpxe_X_lOHjrshqJXdxtHXa5CqTXpaJIYJWn2_Ye-snKD3I&_nc_zt=14&_nc_ht=scontent.ftpe8-3.fna&_nc_gid=nkRMehOEPXbqb_vGQ7uglw&oh=00_AfoELsqKNEJiVYKXDlQFFFJHuo7H_Wj7GnasuqnP23kmcA&oe=696E6F05",
  "ad_is_video": false,
  "ad_video_preview_image": null,
  "ad_image": "https://scontent.ftpe8-2.fna.fbcdn.net/v/t39.35426-6/316531888_438183775174937_2883496743782033001_n.jpg?stp=dst-jpg_s600x600_tt6&_nc_cat=103&ccb=1-7&_nc_sid=c53f8f&_nc_ohc=tGqFHbfLajkQ7kNvwEXDrab&_nc_oc=AdmIvCb8ud-AsrstelRFVIiDX8i1p91L9OfQS8XqF3ZePPLgr1Sr0S9Eq-qXQJXDsKs&_nc_zt=14&_nc_ht=scontent.ftpe8-2.fna&_nc_gid=nkRMehOEPXbqb_vGQ7uglw&oh=00_Afrd9yC9GCv4QlSyoOhJJW7uOnY_y5ihtlhfwKV_0GVxtQ&oe=696E69D4",
  "ad_cta_text": "發送訊息",
  "ad_link_description": null,
  "ad_link_url": null,
  "ad_title": null,
  "ad_caption": null,
  "ad_page_id": "712048795813548",
  "ad_cta_type": "發送訊息",
  "ad_extra_links": [],
  "ad_extra_texts": [],
  "ad_page_categories": [],
  "ad_page_like_count": 0,
  "ad_publisher_platform": [
    "facebook"
  ],
  "ad_like_count": "0",
  "ad_share_count": "0"
}