{
  "ad_id": "1161582246122740",
  "ad_context": "🌟本週日一起來聊《島嶼新日常》！UBI 在台灣的科幻想像讀書會📚\n哈囉科幻迷、UBI 好奇者、社會未來想像家們！  這週日（11/16）下午，就在摩茲工寮新址，我們要來一場超chill的讀書會～  \n 主題：《島嶼新日常》小說 × 無條件基本收入制（UBI）在台灣的實施想像  \n這本台灣第一本以 UBI 為主題的科幻短篇集，集結曉由、阿宗、馬立、靜川、伍薰、大獵蜥、子藝、戲雪等8位作家的8篇小說 + 1篇漫畫！  \n從女性覺醒、職場轉型、親子關係、音樂創作，到經濟挑戰、制度盲點……用科幻推理描繪 UBI 來了之後，台灣人的「新日常」會長什麼樣子？  \n　\n💡 活動亮點：  \n- 面對面聽 中華科幻學會、海穹文化作者 & 編輯、台灣無條件基本收入協會 分享創作秘辛與 UBI 倡議心得！  \n- 就算還沒讀過書也完全OK！可以聊 UBI、分享生活經驗，或單純來聽聽大家的未來腦洞～  \n- 輕鬆自由交流，沒有壓力，只有火花！  \n　\n🕑 時間：11月16日（日）14:00 - 17:00  \n📍 地點：摩茲工寮（新址！）  \n   台北市中正區重慶南路一段99號 世界大樓11樓1105室  \n   🚨 提醒：摩茲工寮已搬家！別跑錯光華商場喔～  \n　\n👥 主辦：中華科幻學會 × 海穹文化 × 台灣無條件基本收入協會  \n　\n✨ 想來+1：留言 +1 讓我們知道你會來！（也歡迎幫忙按讚分享支持一下～）  \n　\n一起來想像：如果每個月都有基本收入，台灣會變成什麼樣子？  \n你的夢想、你的家庭、你的工作……會不會也跟書裡一樣，迎來「新日常」？  \n　\n👇 快留言 +1，一起來聊！  \n#島嶼新日常 #UBI #台灣科幻 #讀書會 #無條件基本收入",
  "ad_profile_name": "UBI Taiwan 台灣無條件基本收入協會",
  "ad_profile_image": "https://scontent.ftpe8-4.fna.fbcdn.net/v/t39.35426-6/582008019_1019479620324394_8944502632262608407_n.jpg?stp=dst-jpg_s60x60_tt6&_nc_cat=110&ccb=1-7&_nc_sid=c53f8f&_nc_ohc=yOqWyNm5_eQQ7kNvwG6qkdx&_nc_oc=Adkz1FfqadlOiIBIWsKGAmtkZkDGz3o-DwoLVfWktOR8TibT6SRopfcc6YZi4xyOpJ8&_nc_zt=14&_nc_ht=scontent.ftpe8-4.fna&_nc_gid=LuyDLqCc2Z6BY3nkyyZ7xw&oh=00_Afq5ge_ceS2G0jIadob08tFtOC8h3G91HX5Gf84VUnf7Lw&oe=696DD7FB",
  "ad_is_video": false,
  "ad_video_preview_image": null,
  "ad_image": "https://scontent.ftpe8-4.fna.fbcdn.net/v/t39.35426-6/582044430_720788947120506_7696342317501295108_n.jpg?stp=dst-jpg_s600x600_tt6&_nc_cat=104&ccb=1-7&_nc_sid=c53f8f&_nc_ohc=exnlY0pZXFAQ7kNvwFCDWD4&_nc_oc=AdkOtwLyPVVUmD2NKE9pIVK-2U3OO7eHqiOzSov4aUxVCQtUrFncKRQntXOo5fUwa5M&_nc_zt=14&_nc_ht=scontent.ftpe8-4.fna&_nc_gid=LuyDLqCc2Z6BY3nkyyZ7xw&oh=00_Afr68FXiMh6knHeG7diB_Qz6tDtNdBsb3taZ2aRQEnYzOw&oe=696DF991",
  "ad_cta_text": "有興趣",
  "ad_link_description": "科幻學會十月份的讀書會，選讀的是由海穹出版社出版，台灣作家群曉由、阿宗、馬立、靜川、伍薰、大獵蜥、子藝、戲雪所寫的科幻推理小說《島嶼新日常》。\n\n本短篇集聚焦於無條件基本收入制度在台灣的實施想像，共有八篇小說和一篇漫畫，是近未來的社會制度科幻作品，從女性、科學、經濟、親子、音樂各種不同角度切入，譜出一個個既寫實又科幻的故事，究竟這個理想的制度，會帶給台灣什麼樣的未來呢？\n\n本會很榮幸邀請到台灣UBI和諸位作者與編輯，來和大家分享創作的時候的討論溝通秘辛，對於台灣科幻和UBI有興趣的朋友們，歡迎一起來討論喔~\n\n主辦單位：中華科幻學會、海穹文化、台灣無條件基本收入協會\n\n注意：摩茲工寮已經遷移到新址，參加讀書會的學會朋友們別跑去光華商場啊!!\n摩茲工寮新址：\n100台北市中正區重慶南路一段99號世界大樓11樓1105室",
  "ad_link_url": "https://www.facebook.com/events/4238214423102708/",
  "ad_title": "第一百三十八屆讀書會--《島嶼新日常》",
  "ad_caption": "第一百三十八屆讀書會--《島嶼新日常》",
  "ad_page_id": "1206024742797005",
  "ad_cta_type": "有興趣",
  "ad_extra_links": [],
  "ad_extra_texts": [],
  "ad_page_categories": [
    "非政府組織（NGO）"
  ],
  "ad_page_like_count": 0,
  "ad_publisher_platform": [
    "facebook"
  ],
  "ad_like_count": "0",
  "ad_share_count": "0"
}