{
  "ad_id": "1162515302663715",
  "ad_context": "有些不順，不是做錯事，是煞氣已纏身 \n讓五雷令來幫你驅邪擋煞 \nhttps://horeu.icu/s048de58e400\n這不是量產工廠出來的飾品， \n這是限量開光、道壇加持的真品。 \n#五雷令牌 可做護身符使用，告別負能量，特別適合本命年和身弱的人士，提升自身運勢！可鎮宅可隨時攜帶#五雷令牌 可做護身符使用，告別負能量，特別適合本命年和身弱的人士，提升自身運勢！可鎮宅可隨時攜帶",
  "ad_profile_name": "Horeu",
  "ad_profile_image": "https://scontent.ftpe8-3.fna.fbcdn.net/v/t39.35426-6/594008949_1868587417062108_1120212801174269196_n.jpg?stp=dst-jpg_s60x60_tt6&_nc_cat=111&ccb=1-7&_nc_sid=c53f8f&_nc_ohc=HnUImLEdoKsQ7kNvwHhubQ7&_nc_oc=AdltYNy9VzFd7IujGW3tpD4R6kH7elUAGPRg1V54WXNvrTUsqsWcGvthjalW6cH8Yvs&_nc_zt=14&_nc_ht=scontent.ftpe8-3.fna&_nc_gid=bfjyAEfge9HG1ntGQkJgUA&oh=00_AfqxxfBbcxv4m1j5lcBimtZEvREZmCb2vERr9x7G1iuYkQ&oe=696E7630",
  "ad_is_video": false,
  "ad_video_preview_image": "https://scontent.ftpe8-4.fna.fbcdn.net/v/t39.35426-6/593966325_871313932117027_5395276901352942769_n.jpg?_nc_cat=110&ccb=1-7&_nc_sid=c53f8f&_nc_ohc=l0fxMhnT2aoQ7kNvwGA3MHA&_nc_oc=Adlp4P23193GU9CLn6so1eK9RfBIAZoE2oo721VR-w6N4QOY0f8riLvhRq8pEV9DeF4&_nc_zt=14&_nc_ht=scontent.ftpe8-4.fna&_nc_gid=bfjyAEfge9HG1ntGQkJgUA&oh=00_Afq5c3QiGZy3Z2gLMYFSmFpstIVEXpCcA_YAwY5UJhjTtA&oe=696E57CA",
  "ad_image": null,
  "ad_cta_text": "瞭解詳情",
  "ad_link_description": "免運貨到付款、15天鑒賞期、不滿意退款",
  "ad_link_url": "https://horeu.icu/s048de58e400",
  "ad_title": "【開壇繪符 開光加持】朱砂紫金砂五雷號令護身符 辟邪驅鬼 净化空氣 逆轉運勢",
  "ad_caption": "horeu.icu",
  "ad_page_id": "104072169451958",
  "ad_cta_type": "瞭解詳情",
  "ad_extra_links": [],
  "ad_extra_texts": [],
  "ad_page_categories": [],
  "ad_page_like_count": 0,
  "ad_publisher_platform": [
    "facebook",
    "instagram",
    "audience_network",
    "messenger",
    "threads"
  ],
  "ad_like_count": "0",
  "ad_share_count": "0"
}