{
  "ad_id": "1162490092737353",
  "ad_context": "陸委會邱垂正主委弔唁香港大埔宏福苑大火受難者 獻上真摯關懷\n\n    11月26日香港大埔宏福苑發生重大火災事故，造成嚴重傷亡，令人深感悲痛。大陸委員會邱垂正主任委員今(2)日率港澳蒙藏處處長兼本會秘書長盧長水及同仁，前往由在台港人設置的弔唁點「九月茶餐廳」致意，並留言寫下「沉痛哀悼香港大埔宏福苑火災罹難者，願逝者安息、傷者早日康復，盼台港關懷能跨越距離，彼此陪伴，帶台灣良善的祝福，港人勇敢堅強，穩步前行！」向罹難者致上深切的哀悼，並向傷者、受災民眾及家屬表達誠摯的慰問和關懷，陪伴香港朋友們共同面對沉重哀痛時刻。\n\n    在台港人們身在台灣，心繫香港，對大埔宏福苑火災感到無比悲痛。為了向受難者致意，也讓更多台灣民眾能一同傳遞對香港的祈願與祝福，在台港人店家與社群自發設置弔唁點，希望能在台灣匯聚彼此的力量，讓台港兩地的關懷能跨越距離、彼此相伴。\n\n    在這段艱難的日子裡，我們與香港朋友心靈牽繫，願逝者安息、傷者康復、失聯者平安，也願所有受影響的家庭度過難關。讓我們在台灣與香港之間，用關懷串起連結，以行動相互支持，在艱難時刻成為彼此最堅定的力量。\n\n    陸委會與策進會也將持續提供各項服務與協助，陪伴每位在台的港澳新住民朋友穩定生活、安心前行。",
  "ad_profile_name": "走台步—臺港經濟文化合作策進會",
  "ad_profile_image": "https://scontent.ftpe8-4.fna.fbcdn.net/v/t39.35426-6/593960247_1579542243061902_2911182821585372361_n.jpg?stp=dst-jpg_s60x60_tt6&_nc_cat=102&ccb=1-7&_nc_sid=c53f8f&_nc_ohc=wPqWVUfpHFgQ7kNvwEeyJC2&_nc_oc=AdlJriRZqOBWtVYOWgHryTh90HahklU-No5XyzWvfut9mCcPQl5fZObr4XPpUI9sQbU&_nc_zt=14&_nc_ht=scontent.ftpe8-4.fna&_nc_gid=NFaehRCvq5CfGhVmIXPITg&oh=00_AfpGhJ1rOU9n_OPl3FSgUEFTZl5VF7jY7uMeO1kuBUznWw&oe=696DF1EF",
  "ad_is_video": false,
  "ad_video_preview_image": null,
  "ad_image": "https://scontent.ftpe8-4.fna.fbcdn.net/v/t39.35426-6/592348335_1753103978705196_115652662850864459_n.jpg?stp=dst-jpg_s600x600_tt6&_nc_cat=102&ccb=1-7&_nc_sid=c53f8f&_nc_ohc=ligJIq4sdecQ7kNvwFqaYMb&_nc_oc=AdmXfZX9b3ZV3IVSZydZhDioySpmIKCj-cGQaPvk1EvNDfnA4LP3fx3vRE1KmeFKhwE&_nc_zt=14&_nc_ht=scontent.ftpe8-4.fna&_nc_gid=NFaehRCvq5CfGhVmIXPITg&oh=00_AfoG75m6Q_6kb83B_41N6S71nPhyVfoF58kMt7CIz1TsPg&oe=696DBC08",
  "ad_cta_text": "",
  "ad_link_description": null,
  "ad_link_url": null,
  "ad_title": null,
  "ad_caption": null,
  "ad_page_id": "245127985514208",
  "ad_cta_type": "",
  "ad_extra_links": [],
  "ad_extra_texts": [],
  "ad_page_categories": [
    "公共服務"
  ],
  "ad_page_like_count": 0,
  "ad_publisher_platform": [
    "facebook"
  ],
  "ad_like_count": "0",
  "ad_share_count": "0"
}