{
  "ad_id": "1164163215600370",
  "ad_context": "當各界還在搶收市立醫院政績時，我已經往前關心市立醫院落成之後造成的區域交通壅塞！楊朝偉做實事，不搶收政績，成功爭取政績的當下，高興一天就繼續向前！",
  "ad_profile_name": "楊朝偉",
  "ad_profile_image": "https://scontent.ftpe8-3.fna.fbcdn.net/v/t39.35426-6/552347457_1426726911733315_5093280885100676877_n.jpg?stp=dst-jpg_s60x60_tt6&_nc_cat=107&ccb=1-7&_nc_sid=c53f8f&_nc_ohc=2nStTAyUEBEQ7kNvwGdeUVA&_nc_oc=Adlp1zhf88PMVYq4_6MnQ84q2A7oxiJO8O5-15u5hr_t454aHd8v9iLTS5NZjBMKBcM&_nc_zt=14&_nc_ht=scontent.ftpe8-3.fna&_nc_gid=p8GU-C7qPvgFb9z6W4Cvow&oh=00_AfrpSKoTQwA8tE5BqlJWXYAQf2GLm2zvw9-k9hJVEpGopQ&oe=696E5596",
  "ad_is_video": false,
  "ad_video_preview_image": "https://scontent.ftpe8-1.fna.fbcdn.net/v/t39.35426-6/550686085_2010912436314653_5833259293445892408_n.jpg?_nc_cat=109&ccb=1-7&_nc_sid=c53f8f&_nc_ohc=zXpxRDZdVSwQ7kNvwGjyL3J&_nc_oc=AdkM9qwkZGjKW4JdAUEFT4RwUc2Q4hMBXHD86sBUMSwnH2hOJZCkEfC8-wtXQ9kpOqA&_nc_zt=14&_nc_ht=scontent.ftpe8-1.fna&_nc_gid=p8GU-C7qPvgFb9z6W4Cvow&oh=00_AfqVZRIO_hZACTbvSxD12P0YauwCeQW2cPDzgXCnyXQNAQ&oe=696E77EB",
  "ad_image": null,
  "ad_cta_text": "",
  "ad_link_description": null,
  "ad_link_url": null,
  "ad_title": null,
  "ad_caption": null,
  "ad_page_id": "505048462850808",
  "ad_cta_type": "",
  "ad_extra_links": [],
  "ad_extra_texts": [],
  "ad_page_categories": [],
  "ad_page_like_count": 0,
  "ad_publisher_platform": [
    "facebook",
    "instagram"
  ],
  "ad_like_count": "0",
  "ad_share_count": "0"
}