{
  "ad_id": "1165485032440095",
  "ad_context": "今年5月《核子反應器設施管制法》倉促修法，放寬核電重啟門檻。近期經濟部依台電報告，初步判定核二、核三有再運轉的可能，台電預計於2026年3月提送核二、核三廠的再運轉計畫，接受核安會審查 。 ​ \n​\n☢️中央決策、地方承擔：南部不該成為政治操作的代償者\n​\n日本發生311核災後地球公民基金會便投入反核倡議工作，十多年來我們在南方與居民持續對話，地方居民憂心的是「在台北做政治決定，卻叫地方承擔風險」。\n​\n今年藍白提出核三公投，在非常草率的情況下，要全台選民決定核三是否繼續運轉，是最不負責任的示範。而 #公投結果並沒有通過，屏東縣更是全國不同意票比例最高的縣市，顯示了台灣社會、尤其是屏東居民，不接受以這種草率的方式決定未來。\n \n☢️有了藍白的前車之鑑，行政院更不應重蹈覆轍\n​\n政府若沒有 #先釐清核廢料如何處理、沒有 #建立透明的資訊揭露與社會溝通機制，就沒資格談個別核電廠是否重新運轉。一再以「行政程序」為由，準備讓核二、核三的再運轉計畫進入核安會審查，等於先啟動重啟的程序，後續再來溝通。\n​\n我們要強調，#核安沒有妥協的空間！我們呼籲行政院，應先向社會說明究竟未來將如何具體落實「核安無虞、核廢有解、社會共識」三原則，而不是只把原則當作政治口號，否則最終承擔風險的，還是受核災波及的地方社會。\n​\n-\n​\n今日立法院教育文化委員會安排核能安全委員會赴立院進行報告，全國廢核行動平台邀請立委一同在立法院舉辦記者會，呼籲核安不能妥協，反對危險核電再運轉。全文請看:https://cet.ngo/lZ0z\n​\n#行政院 #核能安全 #核廢料",
  "ad_profile_name": "地球公民基金會",
  "ad_profile_image": "https://scontent.ftpe8-3.fna.fbcdn.net/v/t39.35426-6/597942397_1157502633118316_6023832169474200777_n.jpg?stp=dst-jpg_s60x60_tt6&_nc_cat=107&ccb=1-7&_nc_sid=c53f8f&_nc_ohc=iYpXj_ciF0AQ7kNvwH5asOV&_nc_oc=Adm1VCb-6OaR8cl1kd426hsaHcgS0aGGRd9dR7RSjF_uHWPTDm2YT_WHB17Asjt8WFY&_nc_zt=14&_nc_ht=scontent.ftpe8-3.fna&_nc_gid=T85fAggNFLile39ZMJUm_g&oh=00_AfqDovVl5mRW_xdPkX9pb8mhZn5oMBX1llKKMTHI_9pnOA&oe=696E4E9D",
  "ad_is_video": false,
  "ad_video_preview_image": null,
  "ad_image": "https://scontent.ftpe8-1.fna.fbcdn.net/v/t39.35426-6/596796083_879407757979980_6633437647195282152_n.jpg?stp=dst-jpg_s600x600_tt6&_nc_cat=105&ccb=1-7&_nc_sid=c53f8f&_nc_ohc=yUu1f7ChLxsQ7kNvwFTHML4&_nc_oc=AdnuYfjoIS3155P0uV_XMT87NmeuekGJEyjHl4peuLKGPk4dZG6DCr1-ykCS_guOqbc&_nc_zt=14&_nc_ht=scontent.ftpe8-1.fna&_nc_gid=T85fAggNFLile39ZMJUm_g&oh=00_Afpct7RjoZmlNn0JOokc9rwYce_Fjtbkqu37eyNhyA--Yw&oe=696E4EEB",
  "ad_cta_text": "",
  "ad_link_description": null,
  "ad_link_url": "https://cet.ngo/lZ0z",
  "ad_title": null,
  "ad_caption": null,
  "ad_page_id": "148513668543221",
  "ad_cta_type": "",
  "ad_extra_links": [],
  "ad_extra_texts": [],
  "ad_page_categories": [
    "環境保護組織"
  ],
  "ad_page_like_count": 0,
  "ad_publisher_platform": [
    "facebook",
    "instagram"
  ],
  "ad_like_count": "0",
  "ad_share_count": "0"
}