{
  "ad_id": "1165249579056586",
  "ad_context": "【 守護竹東小寶貝 👶🏻✨ 頭重托嬰中心正式揭幕！】\n\n各位竹東的爸爸媽媽們，遠彰要帶給大家一個好消息！🎉\n\n為了減輕年輕家庭的負擔，我們與新竹縣政府攜手合作，由我們提供場地資源，積極爭取並布建公共托育資源。12月18日，竹東第3處、同時也是全縣第9處的公設民營托嬰中心——「頭重托嬰中心」在頭重社區活動中心正式揭幕了！🎊\n\n遠彰和陳見賢副縣長及多位民意代表，一起見證這個充滿喜悅的時刻。看著小朋友們活力四射的太鼓表演，真的深深感受到孩子們就是我們竹東的未來與希望。❤️\n\n這次「頭重托嬰中心」有幾個亮點要分享給大家：\n✅ 專業收托：提供 28 名 0-2 歲嬰幼兒優質照顧。\n✅ 師生比優化：師生照顧比降至 1:4，讓寶貝獲得更細膩的照護。\n✅ 安全把關：空間規劃與人力配置皆嚴格遵循標準，家長最放心。\n\n遠彰深知在雙薪家庭盛行的時代，育兒的壓力非常大。我們希望透過公共托育量能的提升，落實「生得起、養得好、育得安心」的目標，繼頭重地區之後，我們接下來也會設法陸續在二重等地區也打造相同的育兒據點，讓竹東成為一個更友善、更宜居的育兒之鎮。💪\n\n謝謝縣府的支持，也謝謝所有家長對我們的信任。我們一起努力，讓竹東的下一代在愛與安全中快樂成長！🌱\n\n#竹東鎮長郭遠彰 #頭重托嬰中心 #友善育兒 #公托中心 #竹東大小事 #減輕育兒負擔 #育兒神隊友 #陳見賢",
  "ad_profile_name": "竹東鎮長郭遠彰",
  "ad_profile_image": "https://scontent.ftpe8-3.fna.fbcdn.net/v/t39.35426-6/605534137_3363599590481066_875874646646631259_n.jpg?stp=dst-jpg_s60x60_tt6&_nc_cat=111&ccb=1-7&_nc_sid=c53f8f&_nc_ohc=lm8D1piPs3oQ7kNvwGx4N30&_nc_oc=AdnLiG_bMh7NssG4wvXT28wGbdL6ljVRM4i5gM4JRbMECPm_uCcVScty0PT-NUNZzdY&_nc_zt=14&_nc_ht=scontent.ftpe8-3.fna&_nc_gid=nG4YAwzjJufOzia_FIRs3Q&oh=00_AfpiIe3rFl12hZaizPitGpugKs42iltotV2sk6wt5NZHxg&oe=696DDDB7",
  "ad_is_video": false,
  "ad_video_preview_image": null,
  "ad_image": "https://scontent.ftpe8-1.fna.fbcdn.net/v/t39.35426-6/605373070_876721115289831_7852370023738570316_n.jpg?stp=dst-jpg_s600x600_tt6&_nc_cat=109&ccb=1-7&_nc_sid=c53f8f&_nc_ohc=wounixPpG-8Q7kNvwEgCSLY&_nc_oc=Adly75gdM-lqRn6ikWd8HeEEEhAXS_USgbvG6xxMNrCBvrLvt2LEwS8rhCVeVCYUGRA&_nc_zt=14&_nc_ht=scontent.ftpe8-1.fna&_nc_gid=nG4YAwzjJufOzia_FIRs3Q&oh=00_Afq5zQwDvuexjJtEtoXXlDm5pUqbyhstAL3nzy7sVcTyrA&oe=696DF9A9",
  "ad_cta_text": "發送訊息",
  "ad_link_description": null,
  "ad_link_url": null,
  "ad_title": null,
  "ad_caption": null,
  "ad_page_id": "1728853307164235",
  "ad_cta_type": "發送訊息",
  "ad_extra_links": [],
  "ad_extra_texts": [],
  "ad_page_categories": [],
  "ad_page_like_count": 0,
  "ad_publisher_platform": [
    "facebook"
  ],
  "ad_like_count": "0",
  "ad_share_count": "0"
}