{
  "ad_id": "1167576841801122",
  "ad_context": "【一個營養午餐免費，看清政客嘴臉🤡】\n台中市府就算財政窘迫，還有捷運等重大建設進行中，\n但為了下一代的教育與成長，怕孩子輸在起跑點，\n盧秀燕市長一句「#苦不能苦孩子，#窮不能窮教育」，\n咬緊牙關也要籌錢推營養午餐免費政策。\n\n反觀，\n台南市長黃偉哲為了一個營養午餐免費，竟破口狂噴台北市：\n「#台北炫富南部痛苦」、\n「#現在又搞一個營養午餐免費，#台北除了馬路沒有用金子打造人行道外，其他不是什麼都做了嗎？」\n「 #朱門酒肉臭，#路有凍死屍」。\n\n更可笑的是，黃偉哲罵完急改口：\n「#會好好去思考，預計在今年8月、也就是新學年度開始前，做出政策性決定。」\n\n原來，\n給孩子免費營養午餐，對某些政客而言這麼痛苦！\n堂堂市長為此失控飆罵，氣成這樣有多不情願？\n#台南孩子是次等孩？",
  "ad_profile_name": "鎖綠鴉",
  "ad_profile_image": "https://scontent.ftpe8-1.fna.fbcdn.net/v/t39.35426-6/613661364_1517256566041043_8685616775560507147_n.jpg?stp=dst-jpg_s60x60_tt6&_nc_cat=109&ccb=1-7&_nc_sid=c53f8f&_nc_ohc=fMUmH-It23cQ7kNvwG1sf_h&_nc_oc=AdnHL2wKSpQT-GU2F6BssvDo8HVou3uB952WqvN2ccIgXIfIORMrKOtZFkKLQtggqyo&_nc_zt=14&_nc_ht=scontent.ftpe8-1.fna&_nc_gid=XZhUoMP3mOe2weaRhkyD3w&oh=00_AfrlVkJCMB_eQDzLjdM2Rs0lOKrCrU_GGZ5HHTQyQHo5HA&oe=696E6FB1",
  "ad_is_video": false,
  "ad_video_preview_image": null,
  "ad_image": "https://scontent.ftpe8-2.fna.fbcdn.net/v/t39.35426-6/612324336_930990912828359_7717080620659800329_n.jpg?stp=dst-jpg_s600x600_tt6&_nc_cat=100&ccb=1-7&_nc_sid=c53f8f&_nc_ohc=5gwuxVmsJ5gQ7kNvwHKuSIl&_nc_oc=AdlUl97Jq_XMgPrVtJ7fRfbOCbYaQMg-rP_tZr66lPxfLithO19NjF2F0sJ5DAfYF58&_nc_zt=14&_nc_ht=scontent.ftpe8-2.fna&_nc_gid=XZhUoMP3mOe2weaRhkyD3w&oh=00_AfreCtoVWGCLFtDLWhv78-XEnZ8VmGh5hq1ibI4MZDuSJg&oe=696E5F11",
  "ad_cta_text": "",
  "ad_link_description": null,
  "ad_link_url": null,
  "ad_title": null,
  "ad_caption": null,
  "ad_page_id": "109595017115314",
  "ad_cta_type": "",
  "ad_extra_links": [],
  "ad_extra_texts": [],
  "ad_page_categories": [
    "社群"
  ],
  "ad_page_like_count": 0,
  "ad_publisher_platform": [
    "facebook",
    "instagram"
  ],
  "ad_like_count": "0",
  "ad_share_count": "0"
}