{
  "ad_id": "1168546325010962",
  "ad_context": "「中國戰狼」如何「借嘴說話」\n​\n最近網路自媒體創作者徐某人公布的錄音檔引起廣泛討論，懶人包很多，我們大致整理一些重點：\n​\n1️⃣再度證實中共積極拉攏海外網紅\n2️⃣訂出招募行情\n3️⃣最想招募的類型為「中立內容」帳號\n​\n中共不再以官媒發聲，或傳統強硬宣傳（戰狼模式），而是——「借嘴說話」。\n​\n意思是，中共廣泛開始利用海外或看似獨立的華人自媒體，以「第三方視角」淡化官方色彩，增加可信度，並藉此規避西方社交平台對「官媒」的標籤限制。\n​\n【打台灣不如騙台灣】\n​\n自習近平上台後，中共早已不再單純依靠官媒，而是試圖收買或培養表面上「反共」或「理性、中立、客觀」的自媒體人。\n​\n在必要的時候，會利用他們在特定議題上（如唱衰台灣國防、傳播中國文化優越論）潛移默化地影響受眾觀點。\n​\n【國外研究報告多不勝數】\n​\n中共一直都相當擅長干預他國選舉及政治議程，因此各國智庫早就注意到這類事件。\n​\n例如一些知名智庫（如ASPI、CSIS、IRSEM）的共識就是：中國的外宣策略，已經從單純依賴官方媒體（如新華社、CCTV），轉向「借嘴說話（Borrowing Mouths to Speak）」。\n​\n​\n📌澳洲戰略政策研究所 （ASPI）的研究主要兩個：\n​\n1️⃣「Singing from the CCP's Songsheet（唱中共的調子) 」\n2️⃣「Borrowing Mouths to Speak on Xinjiang (在新疆議題上借嘴說話)」。\n​\n內容揭露中國利用網紅經紀公司作為中間人，簽約管理外國網紅。這些單位往往有官方背景或資金，負責提供腳本、拍攝資源與流量推廣。\n​\n或是組織外國 YouTuber 赴新疆旅遊，行程由官方精心安排，用以反駁西方關於人權問題的指控。\n​\n📌法國的軍事學院戰略研究所 （IRSEM），其關鍵報告為 「Les Opérations d'influence chinoises（中國影響力行動）」。\n​\n這份長達 600 多頁的報告詳細區分了「有用的傻瓜」（Useful Idiots）與「收買的代理人」（Paid Agents）。\n​\n內容詳述了中共統戰部（UFWD）是如何利用當地的華人社團作為中介，接觸並資助當地的意見領袖。\n​\n【有流量或看起來「越中立的人」是首要招募對象】\n​\n其實這類的研究報告非常多，就不一一列舉。\n​\n該份錄音檔所對話的「落日海盜」帳號已全數消失，但此段錄音是再證明這類的招募活動從未停止。\n​\n但是我們也想提醒：這些在對話中提及的細節甚至價碼，也有可能是被刻意丟出來「試水溫」的可揭露資訊。\n​\n意思是，不能排除對方會料到這些內容會被流出。\n​\n真正的目的可能是立出「甜美的標竿」，用極具「誘惑」的價碼讓更多「願者上鉤」的對象，開始朝向中國想要的內容，更加積極經營自媒體。\n​\n至於能不能人人都拿到這種價碼？那可就不一定。",
  "ad_profile_name": "黑熊學院",
  "ad_profile_image": "https://scontent.ftpe8-4.fna.fbcdn.net/v/t39.35426-6/605183521_1498922374527404_979432864554409815_n.jpg?stp=dst-jpg_s60x60_tt6&_nc_cat=102&ccb=1-7&_nc_sid=c53f8f&_nc_ohc=36q09BAFFIwQ7kNvwHiodOb&_nc_oc=AdlfR13eaGozZ7OlSXM1jI1xzzfKweGcsN066NEGogNwC4R62v74UaHDIW7kxPVMqKs&_nc_zt=14&_nc_ht=scontent.ftpe8-4.fna&_nc_gid=xpFTk3uUNmxDYTcezXtDCg&oh=00_AfrF0hZrW-VSSZ5SkXTsbs_XLRoWWB4s-fWgFvNSBd2X4w&oe=696E52D8",
  "ad_is_video": false,
  "ad_video_preview_image": null,
  "ad_image": "https://scontent.ftpe8-4.fna.fbcdn.net/v/t39.35426-6/605722650_1349309716878829_6642176115258962760_n.jpg?stp=dst-jpg_s600x600_tt6&_nc_cat=110&ccb=1-7&_nc_sid=c53f8f&_nc_ohc=59PZ6pEHqaMQ7kNvwEPIpU_&_nc_oc=AdmYKMe8bvvWYzoiDrgdwtYN5mdLfl6Vkj1kQKcDvsBDOsCAIbQ5rTLdaumLryE5TuA&_nc_zt=14&_nc_ht=scontent.ftpe8-4.fna&_nc_gid=xpFTk3uUNmxDYTcezXtDCg&oh=00_Afr9Suki8AsGyhml6e0Z5Prt_8g4yCjqGx9wDD4mVbMoSw&oe=696E5083",
  "ad_cta_text": "",
  "ad_link_description": null,
  "ad_link_url": null,
  "ad_title": null,
  "ad_caption": null,
  "ad_page_id": "101823675693502",
  "ad_cta_type": "",
  "ad_extra_links": [],
  "ad_extra_texts": [],
  "ad_page_categories": [],
  "ad_page_like_count": 0,
  "ad_publisher_platform": [
    "facebook",
    "instagram"
  ],
  "ad_like_count": "0",
  "ad_share_count": "0"
}