{
  "ad_id": "1170908684496287",
  "ad_context": "🎉【On sale雷根運動用品特賣】新化店\n租約到期結束營業，出清鞋衣2-3.8折\nMizuno／美津濃 運動長袖T恤\n👉 立即入手：https://pse.is/8cwfkz\n❄️ 聚熱鎖溫黑科技，抗寒又保暖\n🧘 彈性無感剪裁，行動超自在\n💫 百搭有型，運動休閒都好看！",
  "ad_profile_name": "雷根運動用品-新化店Sinhua",
  "ad_profile_image": "https://scontent.ftpe8-1.fna.fbcdn.net/v/t39.35426-6/585523313_821455200669645_3773786109822356252_n.jpg?stp=dst-jpg_s60x60_tt6&_nc_cat=108&ccb=1-7&_nc_sid=c53f8f&_nc_ohc=nmYa-tfg_qsQ7kNvwEpAJM8&_nc_oc=AdnBRqIxLVVvvM4Dnb6PgLb1muCrS1FfsKt494FjJE0keadS_M948SSADlHimjMLm3o&_nc_zt=14&_nc_ht=scontent.ftpe8-1.fna&_nc_gid=MMjO45mYvVL81LF6sAEevA&oh=00_AfpVGrNYp20BhLSlMNFbxNo8xRG6GAZQj_00OYLiVmNmVA&oe=696E4938",
  "ad_is_video": false,
  "ad_video_preview_image": null,
  "ad_image": "https://scontent.ftpe8-3.fna.fbcdn.net/v/t39.35426-6/584945761_825485406763020_4187072082491618365_n.jpg?stp=dst-jpg_s600x600_tt6&_nc_cat=106&ccb=1-7&_nc_sid=c53f8f&_nc_ohc=RiJFxE580E4Q7kNvwEbhTH3&_nc_oc=AdlDAdjec-rl2Be5g0_wRSDDPXcSQXskgW4qNDLNq8kJv2FIMshN88lNqk4deZgW0I8&_nc_zt=14&_nc_ht=scontent.ftpe8-3.fna&_nc_gid=MMjO45mYvVL81LF6sAEevA&oh=00_Afq5IHfDIJJNeDmyIENUqCvO2SmrvFewmi855ike2CG8YQ&oe=696E7A02",
  "ad_cta_text": "瞭解詳情",
  "ad_link_description": null,
  "ad_link_url": "https://pse.is/8cwfkz",
  "ad_title": "租約到期結束營業，出清鞋衣2-3.8折",
  "ad_caption": "vworawf.top",
  "ad_page_id": "767875303077160",
  "ad_cta_type": "瞭解詳情",
  "ad_extra_links": [],
  "ad_extra_texts": [],
  "ad_page_categories": [],
  "ad_page_like_count": 0,
  "ad_publisher_platform": [
    "facebook",
    "instagram",
    "audience_network",
    "messenger",
    "threads"
  ],
  "ad_like_count": "0",
  "ad_share_count": "0"
}