{
  "ad_id": "1170656014330110",
  "ad_context": "2023🦉屏東夏日狂歡祭\n🎡去年在大鵬灣突破200萬人次入園🎠\n\n✅活動日期：112.7／14～8／27\n✅招商日期：\n7／14.15.16.22.23.29.30\n8／5.6.12.13.19.20.26.27\n✅營業時間：\n10:00-20:00，配合園區遊具開放時間\n✅活動地點：潮州林後四林園區\n✅招商需求：\n文創手作・童趣商品・輕美食・\n特色餐車（目前暫定不可明火）\n✅提供設備：\n3米歐式帳×1，需統一佈置\n會議桌×1桌，塑椅×2張，電力110v插座\n✅注意事項：因場地係屬林務特區\n請攤商撤離時・必須清理自屬環境・\n品項需經縣政府審核\n💥連絡人：黃先生 0918-828888💥\n\n鳳凰國際散發魅力🆚️超強活動即將公佈",
  "ad_profile_name": "鳳凰國際公關顧問有限公司",
  "ad_profile_image": "https://scontent.ftpe8-4.fna.fbcdn.net/v/t39.35426-6/353049217_1961282537542691_1597464753605389658_n.jpg?stp=dst-jpg_s60x60_tt6&_nc_cat=110&ccb=1-7&_nc_sid=c53f8f&_nc_ohc=d8mPnaAwsqoQ7kNvwFu6s9v&_nc_oc=Adm7VRpySjFOcDb3_xZyg1-ahd-P_oytopttb_9qUagsJzpr_mCC604GYjgnSKAV6kw&_nc_zt=14&_nc_ht=scontent.ftpe8-4.fna&_nc_gid=XNcSOU3zlEfhHhUSGVuU6Q&oh=00_AfpDwBPTGGiF0Zb3PDOOGJ3kIbWzbwSoec5JqvSje2TmvQ&oe=696DD91F",
  "ad_is_video": false,
  "ad_video_preview_image": null,
  "ad_image": "https://scontent.ftpe8-1.fna.fbcdn.net/v/t39.35426-6/353794802_2016027522085223_8982902687506981555_n.jpg?stp=dst-jpg_s600x600_tt6&_nc_cat=108&ccb=1-7&_nc_sid=c53f8f&_nc_ohc=dck3vPIlVegQ7kNvwHJeDU-&_nc_oc=AdktQN9Wz3URJ1ShPGdBf2Al30K5__2jPhHeTJj0w3DEhuSua1KXUY53Tr1shQKMh9E&_nc_zt=14&_nc_ht=scontent.ftpe8-1.fna&_nc_gid=XNcSOU3zlEfhHhUSGVuU6Q&oh=00_AfrnmixAgJti5LpVNuMFaOibFpxdRx6iLZ62MHLoCV0Ocw&oe=696DC2D3",
  "ad_cta_text": "立即通話",
  "ad_link_description": "鳳凰國際  散發魅力",
  "ad_link_url": null,
  "ad_title": "鳳凰國際公關顧問有限公司",
  "ad_caption": null,
  "ad_page_id": "126361734041343",
  "ad_cta_type": "立即通話",
  "ad_extra_links": [],
  "ad_extra_texts": [],
  "ad_page_categories": [
    "公眾人物"
  ],
  "ad_page_like_count": 0,
  "ad_publisher_platform": [
    "facebook"
  ],
  "ad_like_count": "0",
  "ad_share_count": "0"
}