{
  "ad_id": "1170944528328699",
  "ad_context": "建議開除丁瑀\n\n國民黨活該死好\n撿到籃子就是菜\n\n前有李正皓\n現在有丁瑀\n都是名不見經傳\n都是提名不分區立委\n\n只要討黨主席歡心\n就能被提名不分區立委\n想要出名就靠攻擊國民黨\n\n像我們這種爹不疼娘不愛\n一輩子只能幫你們抬轎\n一個被提名不分區立委的人\n到底有過什麼汗馬功勞\n到底有什麼資格鬧黨中央？\n\n你丁瑀到底何德何能\n被提名國民黨不分區立委？\n\n民進黨的年輕人想成名\n必須挑戰國民黨立下戰功\n\n在國民黨的年輕人呢？\n只要討好黨主席就好嗎？\n為什麼提名丁瑀不分區立委\n\n如果國民黨持續用這種方式\n怎麼可能獲得年輕人支持\n\n建議開除丁瑀\n他不代表所有的年輕人\n充其量只能代表青鳥\n讓他去民進黨好了！\n這次大鬧國民黨中央\n剛好可以充當投名狀。\n\n國民黨可以接受建言\n但不是用這種方式\n這種方式說是為國民黨好\n你騙誰啊！民進黨都不信！",
  "ad_profile_name": "詹江村",
  "ad_profile_image": "https://scontent.ftpe8-2.fna.fbcdn.net/v/t39.35426-6/580036195_1136693725329383_8029325659726937743_n.jpg?stp=dst-jpg_s60x60_tt6&_nc_cat=100&ccb=1-7&_nc_sid=c53f8f&_nc_ohc=CfBv1kQF2d8Q7kNvwE3i-Qh&_nc_oc=AdmCVdAR7L7KLNyrv3HOmKguIR-gTZwtOt2bTSTH-4K5asHELcDNY6J78iUKpvLSK2E&_nc_zt=14&_nc_ht=scontent.ftpe8-2.fna&_nc_gid=_Eaw6DSPoz9Z9NsFU6Iejw&oh=00_AfrrhdIAPp5Lvv-LLycT0Aed71kpie-znKhjIGLGPwndZA&oe=696E7126",
  "ad_is_video": false,
  "ad_video_preview_image": null,
  "ad_image": "https://scontent.ftpe8-3.fna.fbcdn.net/v/t39.35426-6/577009591_2375478542884911_921097438393368552_n.jpg?stp=dst-jpg_s600x600_tt6&_nc_cat=107&ccb=1-7&_nc_sid=c53f8f&_nc_ohc=UZQU5x96kCkQ7kNvwHrreK8&_nc_oc=AdlcycvhQmFfqrfAaWNIjX9d8jrr_vmrkhg7VZTYdIRkC7SmW-q1ycZHwVHxH-fElKU&_nc_zt=14&_nc_ht=scontent.ftpe8-3.fna&_nc_gid=_Eaw6DSPoz9Z9NsFU6Iejw&oh=00_AfoU-LnLXMFUBorOUqwr6lK9-X8nN1CYLgwPjZZdTLRWgw&oe=696E5D06",
  "ad_cta_text": "",
  "ad_link_description": null,
  "ad_link_url": null,
  "ad_title": null,
  "ad_caption": null,
  "ad_page_id": "229534397097826",
  "ad_cta_type": "",
  "ad_extra_links": [],
  "ad_extra_texts": [],
  "ad_page_categories": [],
  "ad_page_like_count": 0,
  "ad_publisher_platform": [
    "facebook",
    "instagram"
  ],
  "ad_like_count": "0",
  "ad_share_count": "0"
}