{
  "ad_id": "1171885354897921",
  "ad_context": "異國料理5分鐘即食開吃~上班族的快速救星 \n吃完一餐彷彿環遊世界一圈！\n>>https://www.kklife.com.tw/\n======\n米粒作為一個下班到家只想癱在沙發，連開火都覺得費力的社畜上班族，從前加班回家只能啃泡麵或叫外送，直到遇見「KKLife 冷凍料理包」只需微波叮一下，加熱5分鐘就能吃到餐廳級料理，像日式牛肉咖哩+法式紅酒燉牛肉+印度奶油咖哩雞+義式莓果醬烤羔羊肩排等異國美食直接上桌，幸福感直接拉滿。\n======\n講到「KKLife 冷凍料理包」可不是什麼新創小牌～它跟台灣人耳熟能詳的麥當勞或美式賣場熱賣的「紅龍炸雞塊、紅龍牛肉捲」，都是來自創立1987年的碁富食品K&K FOODS 旗下姊妹品牌，這品質根本不用擔心，難怪無數老饕瘋狂推薦！​\n*\n30多年食品工法經驗加持，KKLife 打造出多款冷凍即食餐點，從西式、日式到台式通通包辦，完全是忙碌上班族的幸福備案。KKLife 冷凍料理包的初心就是要陪大家解鎖 365 天的餐桌時刻，不管是小家庭日常、萬聖節派對，還是聖誕跨年聚餐，擺上幾道 KKLife 熱騰騰料理，天天吃也不怕膩\n======\n#加熱方式\n「KKLife 冷凍料理包」系列餐點真的可以說是上班族、懶人、露營族、小家庭的「廚房救星」。微波加熱、電鍋加熱、隔水加熱都OK，只要幾分鐘，不用看火不用盯，立刻從廚房新手切換成異國主廚模式！\n======\n這次米粒直接開箱 8款人氣料理包，從異國咖哩到暖心雞湯，再到烤肋排，不用廚藝也能輕鬆變身餐廳主廚，看看這一桌也太豐盛，完美印證了KKLife的 Slogan「品味世界餐桌，就是這麼簡單！」\n\n人氣主食料理包 Top3：一口穿越日本、法國、印度，百元價格吃出台幣千元級口感​，\n\n#KKLife法式紅酒燉牛肉\n牛腱肉吸滿了紅酒和牛骨熬的醬汁，濃郁帶點微酸尾韻，整個高級感爆棚，搭配義大利麵，微波5分鐘就能吃到餐廳級的法式紅酒燉牛肉，這款絕對是派對聚餐的門面擔當！\n---\n#KKLife日式牛肉咖哩\n打開包裝就能看到大塊牛肉，不是那種碎肉渣，而是厚實的牛肉塊，加熱後咬下去超嫩，還能吃到整塊紅蘿蔔口感，拌著米飯吃保證能連扒兩碗！\n---\n#KKLife印度奶油咖哩\n雞腿肉搭配獨門香料醬與酸奶提味，咖哩醬帶著淡淡的奶香，不會像傳統印度咖哩那樣嗆辣，反而多了點清爽感，搭配烤蔬菜與吐司，好吃到碗內醬汁一滴都不剩！\n---\n#KKLife剝皮辣椒香菇雞湯\n嚴選大塊台灣雞腿肉厚實軟嫩Q彈，剝皮辣椒微辣中帶點甘甜還加了菊苣纖維，秋冬季節簡單加熱，從胃暖到腳，完全不用自己熬湯熬半天。\n---\n#KKLife黑蒜藥膳雞湯\n黑蒜香氣超濃～沒有中藥的苦味，老公下班回家或小朋友成長期，簡單微波當午晚餐，配個麵線或白飯就很營養，喝完感覺全身都灌入了元氣。\n---\n#KKLife義式莓果醬烤羔羊肩排\n解凍後烤8-12分鐘就能上桌，高級感直逼五星餐廳，完全不像冷凍料理！嚴選澳洲羔羊肩排，吃起來一點都不腥，搭配義式莓果醬的馥郁香氣，綜合莓果加上義式青醬，清爽酸甜中和了羊肉的油膩\n---\n#KKLife蜂蜜蘋果醬烤豬肋排\n使用專業溫控爐煮熟製處理，豬肋排依然保持軟嫩多汁，用手一撕就能脫骨，淋上蜂蜜蘋果醬，酸甜中帶點鹹香，聖誕跨年派對直接端上桌，保證大人小孩都搶著啃\n---\n#KKLife花椰菜米餅\n放上綠花椰菜，比普通白米飯多了膳食纖維含量，微波2分鐘就能吃，許多創意吃法，像是米餅漢堡/米餅 PIZZA/雞湯米餅粥，熱量相較一般米餅少12%，用膳食纖維換走熱量減少負擔，簡直是百搭神器。\n---\n試完這 8 款「KKLife 冷凍料理包」米粒陸續又下單囤了一大箱！不管是上班族、家庭主婦，還是露營愛好者，都能靠它解鎖 365 天不重樣的美味「品味世界餐桌，就是這麼簡單！」\n連結>>https://www.kklife.com.tw/\n---\n#KKLife #料理包 #異國料理 #世界餐桌 #簡單煮\n@kklife.tw",
  "ad_profile_name": "大胃米粒 David & Milly 吃貨日常",
  "ad_profile_image": "https://scontent.ftpe8-4.fna.fbcdn.net/v/t39.35426-6/572788475_854412407009305_4515089342220206056_n.jpg?stp=dst-jpg_s60x60_tt6&_nc_cat=102&ccb=1-7&_nc_sid=c53f8f&_nc_ohc=_O-Y-G1Tp0AQ7kNvwFpbxB1&_nc_oc=AdndPCJ-eDYeRP1oq99AUmn_UXtXmmKVSKb7slQ7aa1eknwsqEnXYEY-sp0qaMJipN4&_nc_zt=14&_nc_ht=scontent.ftpe8-4.fna&_nc_gid=eLI_a2rR-Jntd5AXlx1j5A&oh=00_AfoSzhgMZ-ZaK1mTWk4_j8jTSB5jqlvFm7vRGuKwdfnxHg&oe=696E5DF2",
  "ad_is_video": false,
  "ad_video_preview_image": "https://scontent.ftpe8-2.fna.fbcdn.net/v/t39.35426-6/573879229_791531120389309_8362244881522225354_n.jpg?_nc_cat=101&ccb=1-7&_nc_sid=c53f8f&_nc_ohc=HQP6p6ovZgcQ7kNvwERfgm2&_nc_oc=AdnJb2vJHE7h9y6gipmxqvROkwx9UaWQFRK1EgK6qVOCFeSmPfJmZbhusD3eAsCUvXw&_nc_zt=14&_nc_ht=scontent.ftpe8-2.fna&_nc_gid=eLI_a2rR-Jntd5AXlx1j5A&oh=00_Afr26PktkdyxmibM2lEOSDBaWju_Udx6HB-jaywf2JYGBg&oe=696E634C",
  "ad_image": null,
  "ad_cta_text": "來去逛逛",
  "ad_link_description": null,
  "ad_link_url": "https://www.kklife.com.tw/",
  "ad_title": null,
  "ad_caption": "dm0520.com",
  "ad_page_id": "721735544512306",
  "ad_cta_type": "來去逛逛",
  "ad_extra_links": [],
  "ad_extra_texts": [],
  "ad_page_categories": [],
  "ad_page_like_count": 0,
  "ad_publisher_platform": [
    "facebook",
    "instagram",
    "audience_network",
    "messenger",
    "threads"
  ],
  "ad_like_count": "0",
  "ad_share_count": "0"
}