{
  "ad_id": "1171319705070557",
  "ad_context": "🛒新品上架 https://bit.ly/3YfaoHX\n【直播限定】刺绣天丝罩衫 RM10 OFF‼️满RM388再减RM38🔥SHOPLOOOH新年礼包🎁+LULU红包限量送🧧！",
  "ad_profile_name": "SHOPLOOOH",
  "ad_profile_image": "https://scontent.ftpe8-2.fna.fbcdn.net/v/t39.35426-6/611143000_1534445487857706_7488649527257631342_n.jpg?stp=dst-jpg_s60x60_tt6&_nc_cat=101&ccb=1-7&_nc_sid=c53f8f&_nc_ohc=G5yEg0NzkvcQ7kNvwGBeOgu&_nc_oc=AdlnX6ZULSUQ-o-SRofRYkcOQCK0noreqXESxAD2eI9hte_CN47l3g0f7bZW74u7gYc&_nc_zt=14&_nc_ht=scontent.ftpe8-2.fna&_nc_gid=gTm61H5YdO-cQlSbrUhyjQ&oh=00_AfrXOMq-VXBJlYtedG4igapUXX6QCZeZHqxRJF6vKE5Nng&oe=696D96F4",
  "ad_is_video": false,
  "ad_video_preview_image": null,
  "ad_image": null,
  "ad_cta_text": "發送訊息",
  "ad_link_description": null,
  "ad_link_url": "https://bit.ly/3YfaoHX",
  "ad_title": "🛒新品上架【直播限定】刺绣天丝罩衫 RM10 OFF‼️满RM388再减RM38🔥SHOPLOOOH新年礼包🎁+LULU红包限量送🧧！",
  "ad_caption": null,
  "ad_page_id": "114566128668469",
  "ad_cta_type": "發送訊息",
  "ad_extra_links": [],
  "ad_extra_texts": [],
  "ad_page_categories": [
    "服裝（品牌）"
  ],
  "ad_page_like_count": 0,
  "ad_publisher_platform": [
    "facebook"
  ],
  "ad_like_count": "0",
  "ad_share_count": "0"
}