{
  "ad_id": "1171909038481609",
  "ad_context": "我反對推動「助理費除罪化」，反對把助理費統籌權集中到立委手中，並取消核銷，這不是改革，而是把制度推往不透明與不可問責的方向。這項修法並沒有改善現存制度，反而削弱勞權、降低透明度、鬆動監督。若把既有限制卸除，未來更會將造成更多爭端。\n\n當權力不再需要受到監督制衡，它就容易會開始腐化。一旦取消核銷，就是讓權力從受監督的義務中脫身。立委與助理的權力本就不對稱，若立委對助理費的裁量權擴張，弱勢一方的助理將更無助。任何聲稱行政簡化的詭辯，都掩蓋不了權力集中後可預見的壓力與風險。\n\n公帑不用核銷，等於用途不必被看見，破壞必要的監督機制。制度鬆動到仰仗個人自律，箇中問題將永遠無法釐清，責任也難以被追究。這項修法不會提升國會運作效率，只會讓外界更難信任政治承諾、也更難分辨是非。越是不願接受檢視的權力，越需要更嚴格的制度。助理費的問題不會因為放寬規範而解決，只會因為缺乏紀錄而被永遠遮蔽。\n\n所謂制度，是為了防止濫權而存在，不是為了讓有心人擴權。《正義論》作者羅爾斯認為，「社會制度的安排，唯有對最弱勢者最有利時，不平等才具有正當性。」也就是說，將社會資源的分配與對最弱勢群體的福祉掛鉤，建立在自由、平等與公平合作的基礎上，確保任何社會結構中的不平等，都必須對社會最底層的成員具有正當性與益處，才能被視為正義。\n\n人民對政治的信任很大程度來自公開透明的制度，當公帑的使用開始逃避監督，人民必然會質疑立法機關是否仍站在公共利益的一方。制度改革應該前進，不應該倒退走，保障勞權、接受監督、公開透明，是民主國會理當持續提供給社會的重要價值。",
  "ad_profile_name": "林筱淇",
  "ad_profile_image": "https://scontent.ftpe8-3.fna.fbcdn.net/v/t39.35426-6/597028475_703540029490114_6429558899484240303_n.jpg?stp=dst-jpg_s60x60_tt6&_nc_cat=107&ccb=1-7&_nc_sid=c53f8f&_nc_ohc=OE3QE_6nCl4Q7kNvwHHuLwW&_nc_oc=AdnX_Ai1-EBCV1jbj0Yco6rDa_r8R-90uQHyYTL1327GMbfWeg8Jw7yqi5jNofiXqv4&_nc_zt=14&_nc_ht=scontent.ftpe8-3.fna&_nc_gid=rTdsGBdbAqEHPrqkp9OiFw&oh=00_AfqeKUOPnfmWRkRsBJyrW6CjvUnJ6T376thWqQ9olh7JNg&oe=696E4B8E",
  "ad_is_video": false,
  "ad_video_preview_image": null,
  "ad_image": null,
  "ad_cta_text": "",
  "ad_link_description": null,
  "ad_link_url": null,
  "ad_title": null,
  "ad_caption": null,
  "ad_page_id": "1549881451947136",
  "ad_cta_type": "",
  "ad_extra_links": [],
  "ad_extra_texts": [],
  "ad_page_categories": [],
  "ad_page_like_count": 0,
  "ad_publisher_platform": [
    "facebook"
  ],
  "ad_like_count": "0",
  "ad_share_count": "0"
}