{
  "ad_id": "1172533676732861",
  "ad_context": "社會各界 唯一推薦\n台中 第三選區 巿議員, 大肚 烏日 龍井,  #魏嘉慶 醫師。\n\n過去，他為 大烏龍 鄉親 顧健康,\n居家醫療、長照2.0、到宅打疫苗、視訊看診,\n改善空污—遊行抗議、參加公聽會、召開記者會、\n寫計劃書、演講、辦研習營…等等\n\n未來，\n#魏嘉慶 想為台中市民服務更多，\n親自進入議會，監督台中市政府。\n大烏龍地區 各界唯一推薦 #魏嘉慶 醫師。\n\n----\n東海大學 副校長 財金系 詹家昌 教授\n東海大學 副校長 社科院 劉正 教授\n嶺東科大 前副校長 呂宗麟 教授\n\n中華民國 醫師公會全聯會 理事長 周慶明 醫師\n中華民國 診所協會全聯會 理事長 陳宏麟 醫師\n大台中醫師公會 理事長 魏重耀 醫師 暨 全體理監事\n\n台灣健康空氣行動聯盟 理事長 葉光芃醫師\n東海大學 研發長 生命科學系 林惠真 教授\n資深環境保護志工 石毓菁 小姐\n\n中華民國 都市更新權益促進會副理事長 張渝江 技師\n中華民國 律師公會 劉家榮 律師\n中華民國 朱健德 會計師...等\n\n#詹家昌\n#劉正\n#呂宗麟\n#周慶明\n#陳宏麟\n#魏重耀\n#葉光芃\n#林惠真\n#石毓菁\n#張渝江\n#劉家榮\n#朱健德\n#台中巿議員候選人\n#大肚烏日龍井\n#7號魏嘉慶",
  "ad_profile_name": "魏嘉慶全家 大烏龍在地 社區醫師 幫您顧健康",
  "ad_profile_image": "https://scontent.ftpe8-1.fna.fbcdn.net/v/t39.35426-6/315856461_647328073548449_4323636683950173996_n.jpg?stp=dst-jpg_s60x60_tt6&_nc_cat=108&ccb=1-7&_nc_sid=c53f8f&_nc_ohc=aZRLWQN9b48Q7kNvwGuFlwF&_nc_oc=Adldcje2svrmVQgut19ciNkFlJCsZ0edu0nxvKurXxNHqAVmM03CUFnG8q75x8UcXE0&_nc_zt=14&_nc_ht=scontent.ftpe8-1.fna&_nc_gid=ZkrkyITeqOMJsiaIb7OH6g&oh=00_AfokelywbUXQEjvkn6hldxvUmpvFKEp-D1n0OK0ntp7J3A&oe=696DDBEC",
  "ad_is_video": false,
  "ad_video_preview_image": null,
  "ad_image": "https://scontent.ftpe8-1.fna.fbcdn.net/v/t39.35426-6/315888344_1813581555667673_6097119395081823004_n.jpg?stp=dst-jpg_s600x600_tt6&_nc_cat=105&ccb=1-7&_nc_sid=c53f8f&_nc_ohc=UTiF2S8kJ6AQ7kNvwHrx9hw&_nc_oc=AdlPgwISYwjvyjo0TVmYWwJZzzI3Zho2JmALru52P3aWUcE3uburKRDTzIHNd9Kyja8&_nc_zt=14&_nc_ht=scontent.ftpe8-1.fna&_nc_gid=ZkrkyITeqOMJsiaIb7OH6g&oh=00_AfodS5yhCFPuXfFda-lVDOhBDV5YKV9XIkyP2QWe8mxDzA&oe=696DC9C1",
  "ad_cta_text": "發送訊息",
  "ad_link_description": null,
  "ad_link_url": null,
  "ad_title": null,
  "ad_caption": null,
  "ad_page_id": "455620761591472",
  "ad_cta_type": "發送訊息",
  "ad_extra_links": [],
  "ad_extra_texts": [],
  "ad_page_categories": [
    "政治人物"
  ],
  "ad_page_like_count": 2140,
  "ad_publisher_platform": [
    "facebook"
  ],
  "ad_like_count": "0",
  "ad_share_count": "0"
}