{
  "ad_id": "1172237724314639",
  "ad_context": "有看過會噴射的蓮蓬頭嗎？直接讓你實現每天洗澡兼 SPA 的夢想🚿 https://richmore.cc/htiek\n      \n＃水武士 給你SPA級別的沐浴享受！\n每天回家第一件事就是洗澡紓壓\n三檔自由切換調整\n從 ＃深層清潔毛孔 到 ＃SPA級增壓按摩\n只需要一隻蓮蓬頭幫你搞定！\n     \n＃RIMO不鏽鋼增壓蓮蓬頭 → 最強硬實力\n✨ 最高品質 航天級內核\n✨ 316 不鏽鋼負離子隔熱內膽\n✨ 三檔可調 簡單變化出水模式\n✨ 德國工業級壓鑄技術，防爆再升級\n✨ 專利增壓技術 增壓效果提升 10 倍\n✨ 國際通用 4 分接口，輕鬆旋轉安裝\n    \n※ 專用香氛濾芯 ＃除鏽 ＃除氯 ＃除雜質跟異味\n五種味道自由挑選，洗完澡一定讓你香香的☺️\n    \n✅限時 5 折！買就送無香濾芯 x1（市價＄399）\n🎁活動期間每滿1000元就送有香濾芯x1，滿2000送有香濾芯x2，以此類推，買越多越划算！\n🛒來去搶購：https://richmore.cc/htiek\n    \n＃RIMO ＃不鏽鋼蓮蓬頭 ＃增壓蓮蓬頭 ＃花灑 ＃增壓花灑 ＃淋浴 ＃洗澡 ＃SPA ＃蓮蓬頭 ＃衛浴 ＃廁所 ＃居家生活",
  "ad_profile_name": "Gooddeal 估迪歐",
  "ad_profile_image": "https://scontent.ftpe8-2.fna.fbcdn.net/v/t39.35426-6/480922283_2039116229941204_1359203424960579698_n.jpg?stp=dst-jpg_s60x60_tt6&_nc_cat=101&ccb=1-7&_nc_sid=c53f8f&_nc_ohc=aya-ttZeRSAQ7kNvwHvVaWL&_nc_oc=Adlc7AzEudhcKlr7Gj08HW5IIt75uxdfbQcrhSEZ4cOZ4wb17dYU9KVueJcpFsSn1d4&_nc_zt=14&_nc_ht=scontent.ftpe8-2.fna&_nc_gid=329jPLmE1697lBQkx50rRA&oh=00_Afo75s6PwNLkjq8U2eepj-AoRODQbyHJMge_Ox6AlOHbuw&oe=696DBA5A",
  "ad_is_video": false,
  "ad_video_preview_image": "https://scontent.ftpe8-4.fna.fbcdn.net/v/t39.35426-6/481044787_9870277933011949_1440625252238834132_n.jpg?_nc_cat=102&ccb=1-7&_nc_sid=c53f8f&_nc_ohc=wSQwR15x02oQ7kNvwEGqiEC&_nc_oc=AdlE_p4C-fhCaT0ujlLznu7lPaBf5S7CjykvFe1H8adNSylaz0qR7Nu5403Vl_Pqocs&_nc_zt=14&_nc_ht=scontent.ftpe8-4.fna&_nc_gid=329jPLmE1697lBQkx50rRA&oh=00_Afr-AwphMr7P8zTeIHk3T7ptOEXgIQcjNupnWMjjr4pcbw&oe=696DD02A",
  "ad_image": null,
  "ad_cta_text": "來去逛逛",
  "ad_link_description": "三檔可調簡單變化出水模式，專利增壓技術增壓效果提升 10 倍！",
  "ad_link_url": "https://richmore.cc/htiek",
  "ad_title": "買就送無香濾芯乙顆，滿千再送有香濾芯乙顆（＄市價399）",
  "ad_caption": "richmore.cc",
  "ad_page_id": "106275712245902",
  "ad_cta_type": "來去逛逛",
  "ad_extra_links": [],
  "ad_extra_texts": [],
  "ad_page_categories": [],
  "ad_page_like_count": 0,
  "ad_publisher_platform": [
    "facebook",
    "instagram",
    "audience_network",
    "messenger"
  ],
  "ad_like_count": "0",
  "ad_share_count": "0"
}