{
  "ad_id": "1172715038098401",
  "ad_context": "謝謝侯友宜市長對我的力挺，我一定會加油、一定會勝選！",
  "ad_profile_name": "郝龍斌",
  "ad_profile_image": "https://scontent.ftpe8-2.fna.fbcdn.net/v/t39.35426-6/559294460_1373700530940410_2095033712300094753_n.jpg?stp=dst-jpg_s60x60_tt6&_nc_cat=101&ccb=1-7&_nc_sid=c53f8f&_nc_ohc=R4QPW0Ge-JIQ7kNvwGOpchW&_nc_oc=AdnONX5KYXJN5-NDM6aseuGXw7vVibmts8QdZCtqYcFxsTSFUZ8_jcF6hRttMIpKLXw&_nc_zt=14&_nc_ht=scontent.ftpe8-2.fna&_nc_gid=LvQHbRd7OOaEOfDkr_7ERw&oh=00_AfrtZB3tV8FHx75_80goTro9PY9ClpeflD_ArKUpizhg-Q&oe=696DCDC5",
  "ad_is_video": false,
  "ad_video_preview_image": "https://scontent.ftpe8-1.fna.fbcdn.net/v/t39.35426-6/564602481_1149895319984761_2239344785206340666_n.jpg?_nc_cat=109&ccb=1-7&_nc_sid=c53f8f&_nc_ohc=gYK1dKO4d-wQ7kNvwGq1j_N&_nc_oc=AdkmQ_fE3ZpyZqanZO2fIWIFEKbWGm3yJIfGUUl_OD5nkLgz5jClH28qBYlYDOQ7keA&_nc_zt=14&_nc_ht=scontent.ftpe8-1.fna&_nc_gid=LvQHbRd7OOaEOfDkr_7ERw&oh=00_AfrleyVbbfbR2m_bw0M3UzhHoNK0f0gfIYnLkQGbK0VA5w&oe=696DCECB",
  "ad_image": null,
  "ad_cta_text": "",
  "ad_link_description": null,
  "ad_link_url": null,
  "ad_title": "謝謝侯友宜市長對我的力挺，我一定會加油、一定會勝選！",
  "ad_caption": null,
  "ad_page_id": "141362065899673",
  "ad_cta_type": "",
  "ad_extra_links": [],
  "ad_extra_texts": [],
  "ad_page_categories": [],
  "ad_page_like_count": 0,
  "ad_publisher_platform": [
    "facebook",
    "instagram"
  ],
  "ad_like_count": "0",
  "ad_share_count": "0"
}