{
  "ad_id": "1172894698340169",
  "ad_context": "翡翠手鐲、精品翡翠掛件珠寶專場，新鮮出爐各品類翡翠首飾傾情放漏，工廠貨主不爲賺錢只爲出貨~\n直播時間：\n早上 08:00--14:00\n#翡翠直播 #翡翠 #珠寶 #玉石 #高端翡翠 #手鐲 #手鍊 #耳環 #戒指 #冰種手鐲 #珠寶首飾 #翡翠掛件 #帝王綠 #白月光 #紫羅蘭 #翡翠吊墜 #天空藍 #珠寶設計 #珍珠 #寶石",
  "ad_profile_name": "翡翠玉佳人直播台",
  "ad_profile_image": "https://scontent.ftpe8-1.fna.fbcdn.net/v/t39.35426-6/612538479_1425484408975176_3949934059062708867_n.jpg?stp=dst-jpg_s60x60_tt6&_nc_cat=105&ccb=1-7&_nc_sid=c53f8f&_nc_ohc=hfF1NEVc9dcQ7kNvwEu4YHW&_nc_oc=AdktQ3q1969aEjvIqPyhE8A2r2JCknyM8xLlMpE56HfE3DMFKkgqKfWLsqIX57rKMX0&_nc_zt=14&_nc_ht=scontent.ftpe8-1.fna&_nc_gid=EW2t2pWoL1DlxHPJ9hoWew&oh=00_AfoVzs0-AobejIOJQehixQkMkKlRhGTM1gJc0KE76PI3yQ&oe=696E5329",
  "ad_is_video": false,
  "ad_video_preview_image": null,
  "ad_image": null,
  "ad_cta_text": "發送訊息",
  "ad_link_description": null,
  "ad_link_url": null,
  "ad_title": null,
  "ad_caption": null,
  "ad_page_id": "116591534659223",
  "ad_cta_type": "發送訊息",
  "ad_extra_links": [],
  "ad_extra_texts": [],
  "ad_page_categories": [
    "商業服務"
  ],
  "ad_page_like_count": 0,
  "ad_publisher_platform": [
    "facebook",
    "instagram",
    "audience_network",
    "messenger"
  ],
  "ad_like_count": "0",
  "ad_share_count": "0"
}