{
  "ad_id": "1173344284416545",
  "ad_context": "由台日夫妻創辦的旅行社✈️\n人生本是一場冒險旅程。希望旅人們可以透過「新冒險」的旅行，發現屬於自己人生的「新的冒險方式」。\n🇯🇵日本專門｜深度文化｜私人訂製｜精緻高端",
  "ad_profile_name": "新冒険／新冒險／New Adventure",
  "ad_profile_image": "https://scontent.ftpe8-4.fna.fbcdn.net/v/t39.35426-6/596820961_1370924047856382_7030891091281018838_n.jpg?stp=dst-jpg_s60x60_tt6&_nc_cat=110&ccb=1-7&_nc_sid=c53f8f&_nc_ohc=sdELQ7h_rA8Q7kNvwFt1na4&_nc_oc=Adkzo2lDHvGa4_vTjAlk17OqvM79XnXJZig_p9PaYgPaqHfPejo6bV2SVgfQvMbRv9o&_nc_zt=14&_nc_ht=scontent.ftpe8-4.fna&_nc_gid=70U6eqkc1exCCAGd7XSkPw&oh=00_AfoSvWQUFYBiZhJXCFrs7dqRTYGlZyd3oHkAfmyGhDPl7Q&oe=696DE3D0",
  "ad_is_video": false,
  "ad_video_preview_image": null,
  "ad_image": "https://scontent.ftpe8-3.fna.fbcdn.net/v/t39.35426-6/599957229_1972478686647866_5393590616069590666_n.jpg?stp=dst-jpg_s600x600_tt6&_nc_cat=111&ccb=1-7&_nc_sid=c53f8f&_nc_ohc=czEWvBElDM4Q7kNvwHM1Dw2&_nc_oc=Adlu-Z4B3A6shwcP9aOhx7_9AVvAUdc8LWbWlunV4FFyPFU5TUe7q46qWTJeEGzEXOI&_nc_zt=14&_nc_ht=scontent.ftpe8-3.fna&_nc_gid=70U6eqkc1exCCAGd7XSkPw&oh=00_AfoOjO6uVwN-xjLXqYckgM_FIi3w3ndJ9NBVWYy3aYj-RQ&oe=696DC381",
  "ad_cta_text": "說這專頁讚",
  "ad_link_description": null,
  "ad_link_url": "https://www.facebook.com/newadventurespirit",
  "ad_title": "新冒険／新冒險／New Adventure",
  "ad_caption": "facebook.com",
  "ad_page_id": "193120103880745",
  "ad_cta_type": "說這專頁讚",
  "ad_extra_links": [],
  "ad_extra_texts": [],
  "ad_page_categories": [
    "旅行社"
  ],
  "ad_page_like_count": 0,
  "ad_publisher_platform": [
    "facebook"
  ],
  "ad_like_count": "0",
  "ad_share_count": "0"
}