{
  "ad_id": "1174075551007345",
  "ad_context": "高雄捷運黃線Y2、Y4都計變更案內政部審核通過！地區發展再加速！\n.\n大家長期關注的捷運黃線相關都市計畫變更案，位於鳥松區神農路的Y2站及高雄長庚醫院的Y4，今天已經正式通過內政部審核！這不只是各別車站建設的進度往前，更是我們鳥松、長庚醫院周邊未來發展的重要進程！\n.\n期待Y2站的通過，為鳥松地區帶來轉型發展的契機，引進商業活動，讓在地生活更加便捷！Y2站周圍目前多為家具公司、園藝產業所利用。為加速鳥松地區的蛻變，未來國道七號也將設有交流道，市府在神農路南側劃設了近1.9公頃的捷運開發區。未來，開發量體上看3萬坪，300%容積率！未來將結合產業、活動、交通，提供宜居機能，包含居住和日常生活購物。未來，也可與鳳山文山地區商圈串聯，型塑鳥松新聚落，引導周邊發展與都市再生！\n.\nY4站-高雄長庚醫院站，也將大大提升民眾就醫的便利性！\n.\n今天Y4站都市計畫變更案也同步通過，未來將透過捷運地下聯通道，讓民眾【直接抵達長庚醫院B1層】，創造最友善、最無障礙的搭乘空間！通車後，不僅就醫更方便，周邊區域也將因鄰近鳳山文山特區商圈，也期待能帶動沿線產業、住宅、商辦、醫療、樂齡生活圈的全面發展！\n.\n從鳥松的新聚落，到長庚醫院的便捷就醫，捷運黃線的每一步都將高雄的發展帶向更美好的未來。俊憲會持續為大家緊盯工程進度，爭取最完善的周邊配套，讓我們的生活品質持續向上提升！\n.\n請大家持續關注黃線的進度，也分享這個重要的推動進度消息給親朋好友知悉！持續努力、持續打拚！\n-\n照片來源-高雄市政府捷運局；捷運黃線Y2Y4澄特主計書",
  "ad_profile_name": "邱俊憲 高雄市議員",
  "ad_profile_image": "https://scontent.ftpe8-1.fna.fbcdn.net/v/t39.35426-6/596490805_1889202681702970_7427876793226111255_n.jpg?stp=dst-jpg_s60x60_tt6&_nc_cat=105&ccb=1-7&_nc_sid=c53f8f&_nc_ohc=O71iq9BsZlcQ7kNvwEJnFhT&_nc_oc=Adl-ZjX3lzBbdhb6z1RT_l51Dgp0q93ChTztGQE9aUjV_WYhj6IFHTdKp1SVAvsqK3w&_nc_zt=14&_nc_ht=scontent.ftpe8-1.fna&_nc_gid=CnCNT309HECNwFYq74PN5g&oh=00_AfpvyiKH4lFW_lVa4yMWz8DdmHHOhJ3gkYaZqDCRW4TnaA&oe=696E4B75",
  "ad_is_video": false,
  "ad_video_preview_image": null,
  "ad_image": "https://scontent.ftpe8-3.fna.fbcdn.net/v/t39.35426-6/596472788_1399069091810595_934690166892172445_n.jpg?stp=dst-jpg_s600x600_tt6&_nc_cat=111&ccb=1-7&_nc_sid=c53f8f&_nc_ohc=PXyxsNQvdvwQ7kNvwFpGyUV&_nc_oc=AdmoFkG7SI03qokZOUdOrRte0IHH_-30Tq-NNj75FTJ-5e9VJ4urrai3V1JZ_JPY1fw&_nc_zt=14&_nc_ht=scontent.ftpe8-3.fna&_nc_gid=CnCNT309HECNwFYq74PN5g&oh=00_AfrPJC2DpWZRTIXnZ4dQJEMbdP5qzhPm-IFp23KDQlVMQw&oe=696E5864",
  "ad_cta_text": "",
  "ad_link_description": null,
  "ad_link_url": null,
  "ad_title": null,
  "ad_caption": null,
  "ad_page_id": "635537303170117",
  "ad_cta_type": "",
  "ad_extra_links": [],
  "ad_extra_texts": [],
  "ad_page_categories": [],
  "ad_page_like_count": 0,
  "ad_publisher_platform": [
    "facebook"
  ],
  "ad_like_count": "0",
  "ad_share_count": "0"
}