{
  "ad_id": "1175345494522228",
  "ad_context": "【聲明】\n關於吳子嘉多次於直播中對本人之指涉內容，均屬不實捏造，顯係蓄意散播謠言、製造社會紛擾，本人絕不姑息，已於10月3日，向臺北地方檢察署提出加重誹謗及公然侮辱之告訴，特此嚴正聲明。",
  "ad_profile_name": "柯建銘",
  "ad_profile_image": "https://scontent.ftpe8-4.fna.fbcdn.net/v/t39.35426-6/564604284_1496098838083721_2940525013043943309_n.jpg?stp=dst-jpg_s60x60_tt6&_nc_cat=110&ccb=1-7&_nc_sid=c53f8f&_nc_ohc=uGPAUQPNHFgQ7kNvwFlNMr-&_nc_oc=AdlLp9HoYdMm9ZJXwnwpU4xgY9HQN-IvuJUVL4eFQejfxqJ9QEKlEuXyiDp7JJ-QngA&_nc_zt=14&_nc_ht=scontent.ftpe8-4.fna&_nc_gid=jSg78jCmNxLqG16BmRxelQ&oh=00_Afp6v7uuGWlXpMbb42XOtTbRas8Cx9t6PxSnUaZlN_Y2nw&oe=696DD1BF",
  "ad_is_video": false,
  "ad_video_preview_image": null,
  "ad_image": "https://scontent.ftpe8-2.fna.fbcdn.net/v/t39.35426-6/559925289_3129652433883166_5848556371906491939_n.jpg?stp=dst-jpg_s600x600_tt6&_nc_cat=100&ccb=1-7&_nc_sid=c53f8f&_nc_ohc=R-gCB673acMQ7kNvwGqSGFR&_nc_oc=Adnwk7lp_fl6Eub5G8aVMYqhxUh_wtdgwBEaciDMOUjXY1nZ38ulPgxe0pvHrqCdY94&_nc_zt=14&_nc_ht=scontent.ftpe8-2.fna&_nc_gid=jSg78jCmNxLqG16BmRxelQ&oh=00_AfptJ1PXPX4Gr1TT09CXfcItusD-Pphc_S6awWz0Z8kfMA&oe=696DC8C6",
  "ad_cta_text": "",
  "ad_link_description": null,
  "ad_link_url": null,
  "ad_title": null,
  "ad_caption": null,
  "ad_page_id": "1413658198866930",
  "ad_cta_type": "",
  "ad_extra_links": [],
  "ad_extra_texts": [],
  "ad_page_categories": [
    "政治人物"
  ],
  "ad_page_like_count": 0,
  "ad_publisher_platform": [
    "facebook",
    "instagram"
  ],
  "ad_like_count": "0",
  "ad_share_count": "0"
}