{
  "ad_id": "1175508408111842",
  "ad_context": "小狗知道要走斑馬線，但人卻在闖紅燈= = #路上觀察 #交通地獄 #三寶",
  "ad_profile_name": "Taigo台果",
  "ad_profile_image": "https://scontent.ftpe8-2.fna.fbcdn.net/v/t39.35426-6/598147865_1256200129871566_4653648575760483880_n.jpg?stp=dst-jpg_s60x60_tt6&_nc_cat=100&ccb=1-7&_nc_sid=c53f8f&_nc_ohc=HtHkPdJ95J0Q7kNvwFv1Nnj&_nc_oc=Adkeh94nTeKQYFrU-4N41nFaAJ_84impIDfmDGv9Gdv7L7tZkry3GVgSgjTpvHrRZN8&_nc_zt=14&_nc_ht=scontent.ftpe8-2.fna&_nc_gid=Hq0yGTCA8z_qFc4DyYTpcA&oh=00_AfqeUVGxn8-7DUXATvmnNcyXhZou8NT4Yh8eM5DnZGsM3g&oe=696DDC54",
  "ad_is_video": false,
  "ad_video_preview_image": "https://scontent.ftpe8-3.fna.fbcdn.net/v/t39.35426-6/597936143_837322479276092_2109576981986483484_n.jpg?_nc_cat=107&ccb=1-7&_nc_sid=c53f8f&_nc_ohc=OqTp4_dW-m4Q7kNvwFTTxq3&_nc_oc=Adnr6O5oXbdqEE6yb7U0wFd0Cyw21E9LzPh7-atJ_BUkLEcHL8-rdiiWaPTTpOeg9XU&_nc_zt=14&_nc_ht=scontent.ftpe8-3.fna&_nc_gid=Hq0yGTCA8z_qFc4DyYTpcA&oh=00_AfqqYgPgOYO_zDrztNA0_guYd3k056Chh9rLZ-1uqtRHGw&oe=696DEDAD",
  "ad_image": null,
  "ad_cta_text": "說這專頁讚",
  "ad_link_description": null,
  "ad_link_url": null,
  "ad_title": null,
  "ad_caption": null,
  "ad_page_id": "104196999092672",
  "ad_cta_type": "說這專頁讚",
  "ad_extra_links": [],
  "ad_extra_texts": [],
  "ad_page_categories": [
    "Podcast"
  ],
  "ad_page_like_count": 0,
  "ad_publisher_platform": [
    "facebook"
  ],
  "ad_like_count": "0",
  "ad_share_count": "0"
}