{
  "ad_id": "1175166127309877",
  "ad_context": "如果你是一名影像創作者\n我想你懂那種…\n總是會想要不斷突破框架的心情\n挑戰影像結合3D我一直很想嘗試\n回顧幾年前我在YT自學Blender\n只能說是屢戰屢敗😅\n因為網路上大部分完整的教學資源\n都是以英文為主真的很挫折\n介面和快捷鍵記不起來就算了\n稍微一不注意就整個設計跑掉\n這次我搶先體驗 @yuren.tseng 的\n「Blender高效創作實戰課」\n簡直就是挖到寶✨\n開始上課前也有基礎知識介紹影片\n再跟跟著專案一步一步慢慢練習\n我的第一堂寶箱專案成品就誕生了\n此外我還自己設計了一個相機怪\n影片中的動畫就是我的心血結晶啊🥹\n推薦給想突破創作限制的創作者\n你有什麼天馬行空的idea\n在3D世界裡都有無限可能\n現在使用專屬折扣碼「kathy300」\n募資價格直接再省300 元\n使用時間即日起至4/7 23:59\n\nHey creators! You know that feeling of always wanting to break out of the mold? I‘ve always been itching to mix 3D into my work. A few years ago, I tried self-learning Blender on YouTube—andI kept failing. I could never remember all the shortcuts, and one little mistake would mess up my whole design.\nThis time, I got early access to @yuren.tseng ”Blender Efficiency Masterclass“ and it was like finding a hidden gem! There‘s even an intro video to cover the basics, then you follow a project step by step. I ended up finishing my first ”chest“ project—and I even designed my own quirky camera monster. That animation in the video? My heart and soul, all in one!\nI highly recommend this course to anyone looking to push their creative limits. Got any wild ideas? In the 3D world, anything’s possible!\nUse my exclusive code ”kathy300“ now to save 300 off the crowdfunding price. Offer ends 4/7 at 11:59 PM!\n\n#Blender #線上課程",
  "ad_profile_name": "Kathy凱希",
  "ad_profile_image": "https://scontent.ftpe8-1.fna.fbcdn.net/v/t39.35426-6/481921293_1172256581153744_3141869569547135527_n.jpg?stp=dst-jpg_s60x60_tt6&_nc_cat=105&ccb=1-7&_nc_sid=c53f8f&_nc_ohc=WqraHx099IsQ7kNvwFiECGa&_nc_oc=AdnUgSaMH9-kVEUsfCq1fXKVu1dp-H7MHfgKmo9UNK2wMJU-OvwuMlN6kMceLeJ6MaQ&_nc_zt=14&_nc_ht=scontent.ftpe8-1.fna&_nc_gid=BGQQp3bkVpQE977xfPJ8Tg&oh=00_AfrTkjHSFkLZGN1GjoRp499u4f8Y4ak-H7lEhBv7w8fV1w&oe=696E6A07",
  "ad_is_video": false,
  "ad_video_preview_image": "https://scontent.ftpe8-4.fna.fbcdn.net/v/t39.35426-6/481262539_1012257037620009_2337372895310207576_n.jpg?_nc_cat=102&ccb=1-7&_nc_sid=c53f8f&_nc_ohc=Nq7d1Pz1LKYQ7kNvwE9mf5G&_nc_oc=AdnExJPrvl-ps86gvP2ZItVN_mrREomeO2DFEYj6DXdgSvSZ07qy4kNyB8f41-Ci7hs&_nc_zt=14&_nc_ht=scontent.ftpe8-4.fna&_nc_gid=BGQQp3bkVpQE977xfPJ8Tg&oh=00_AfomPpiyWpLOBOQz9Yw38A4w35fwYHvInbm2si0D40QXeA&oe=696E63F0",
  "ad_image": null,
  "ad_cta_text": "瞭解詳情",
  "ad_link_description": null,
  "ad_link_url": "https://l.facebook.com/l.php?u=https%3A%2F%2Fseeds.com.tw%2Fcourses%2Fblender%3Ffbclid%3DIwZXh0bgNhZW0CMTAAYnJpZBExOFBnZndlbkFwVVZFVnBIQnNydGMGYXBwX2lkDzU0MTYzOTQ5Mzg4OTAyNQABHq5Byfgl4H6_fSIScW4RW3Z5CgiQdzPR3COsHcI1q5NsWGBoDiJmUc2KmGoa_aem_J4M4hN73Aue47z2nWdrNPw&h=AT0jKW3n2VkKp9Qin3T7kySU-5mAiZGg_xlLE-9ZYWSEwyxFayn6FdYj4KHs9QLCnszDrrBvTunuo8j8ijb3zrIKv7cXGNPs5FCKfvBdmjASSqAl9F_QCPXFSO1aq6YECvkkF7RbF30vf-q86-Z5bA",
  "ad_title": null,
  "ad_caption": "seeds.com.tw",
  "ad_page_id": "1585786708382343",
  "ad_cta_type": "瞭解詳情",
  "ad_extra_links": [],
  "ad_extra_texts": [],
  "ad_page_categories": [],
  "ad_page_like_count": 0,
  "ad_publisher_platform": [
    "facebook",
    "instagram",
    "audience_network",
    "messenger"
  ],
  "ad_like_count": "0",
  "ad_share_count": "0"
}