{
  "ad_id": "1175217034110469",
  "ad_context": "∴ ꕥ • Full back of mandala • ꕥ ∴\n\n曼陀羅全背進行中\n\n圖形以對稱構築\n能量以層次展開\n\n編織成一幅正在誕生的作品。\n\n﹍﹍﹍﹍﹍﹍﹍﹍﹍﹍﹍﹍﹍\n\n2026 . 開放預約中，認領/客製 \n想刺小圖/曼陀羅與幾何大圖-包手/包腿/大背-歡迎預約討論\n已刺過的客製圖也能客製類似題材\n刺青師精選動態有更多領圖可以選擇☺️🖤\n\n • • • •• 曼陀羅 | 𝐌𝐚𝐧𝐝𝐚𝐥𝐚 •• • • •\n • • • •• 幾何 | 𝐆𝐞𝐨𝐦𝐞𝐭𝐫𝐲 •• • • •\n • • • •• 點陣 | 𝐃𝐨𝐭𝐰𝐨𝐫𝐤 •• • • •\n • • • •• 文字 | 𝐋𝐞𝐭𝐭𝐞𝐫𝐢𝐧𝐠 •• • • •\n\n﹍﹍﹍﹍﹍﹍﹍﹍﹍﹍﹍﹍﹍\n\n∵ ❈ • 歡迎訊息預約討論刺青 • ❈ ∵\n加入官方Line 🔍 \nIg inbox . Whatsapp . Fb .詢問\n\nLine ：@418gnump\nInstagram ： @androgyny_tattoo_barber\nFacebook Page - Androgyny Tattoo x Barber studio\nOpen：12：00-8：00pm\nMail：androgyny.tat.barber@gmail.com\nAdd：桃園市桃園區安慶街133巷30號8F\n\n歡迎電話.訊息預約刺青🖤🙏🏻\n✥藝文室ㄧ律不作刺青網路.電話報價\n✥如需諮詢費用請到店家現場當面討論\n\n﹍﹍﹍﹍﹍﹍﹍﹍﹍﹍﹍﹍﹍\n\n#taiwan #taoyuan #tattoo #tattoodo #tattooing #tattoos #tattooartist #geometric #geometrictattoo #dotwork #dotworktattoo #black #blackworkerssubmission #blacktattoo #blackink #blxckink #blkttt #tttism #linework #lineworktattoo #darkartists \n#androgyny_tattoo_barber #tattoobarbershop\n#桃園刺青店#桃園刺青#雌雄同体刺青理髮#藝文特區#幾何刺青 \n\nDone at @androgyny_tattoo_barber",
  "ad_profile_name": "Androgyny Tattoo Studio",
  "ad_profile_image": "https://scontent.ftpe8-3.fna.fbcdn.net/v/t39.35426-6/583325008_3312607512211724_2072913550673872536_n.jpg?stp=dst-jpg_s60x60_tt6&_nc_cat=107&ccb=1-7&_nc_sid=c53f8f&_nc_ohc=bIfxdlTVtwwQ7kNvwGaw4wy&_nc_oc=AdktZXTeuEO6bB2O37fzELZWCiv4voK51Yp_k0neDgiKyaTLa_7Kw47jSy57BWYYCVw&_nc_zt=14&_nc_ht=scontent.ftpe8-3.fna&_nc_gid=JnV1nAUqeUHUMbksv2hFNA&oh=00_AfoX7vm3fQfr9HgacuTU9Z6odWF7ZEoJBYASNHG4wtLqhg&oe=696DBCFB",
  "ad_is_video": false,
  "ad_video_preview_image": "https://scontent.ftpe8-2.fna.fbcdn.net/v/t39.35426-6/582599369_2718777045181350_7663622071727500514_n.jpg?_nc_cat=103&ccb=1-7&_nc_sid=c53f8f&_nc_ohc=8Hs_uph-m3QQ7kNvwFUO_Ga&_nc_oc=Adk6wrDa30NUKP0RUi9yqWg-hnfKqSHs-X43vyovmzGpSlPY1h6DOTNhMckRMSI0EzY&_nc_zt=14&_nc_ht=scontent.ftpe8-2.fna&_nc_gid=JnV1nAUqeUHUMbksv2hFNA&oh=00_AfpPq5b28n3OlKM1KszUCIj-E6wbR0hwzmBxGE7p3FOvhA&oe=696DB800",
  "ad_image": null,
  "ad_cta_text": "瀏覽 Instagram 個人檔案",
  "ad_link_description": null,
  "ad_link_url": "https://l.facebook.com/l.php?u=http%3A%2F%2Finstagram.com%2Fandrogyny_tattoo%3Ffbclid%3DIwZXh0bgNhZW0CMTAAYnJpZBExYTJFemdWemFYaG9Ia2pkVnNydGMGYXBwX2lkDzU0MTYzOTQ5Mzg4OTAyNQABHntp9rTT3XOJcacZex1ah5I9vYNTojpS7I-IiToEAoxQwGhNyLLPU_XKzeRo_aem_PR3Wk5AG0bEd5zZTT65mJg&h=AT0bUr2t5Ghjf3u8VrZQKfXGcu1TA7xcsWvMOwFv62g-6skfTzdpQFEPZOldugl1-CrlAAd8zKmtsWfY04PCZrVXHbcG6NRbbIVBW1irOUSB39Qr_-QQfHvWgPTPABYKtzxkljPAlVFlO5QbOiHmhQ",
  "ad_title": null,
  "ad_caption": "instagram.com",
  "ad_page_id": "129740487687401",
  "ad_cta_type": "瀏覽 Instagram 個人檔案",
  "ad_extra_links": [],
  "ad_extra_texts": [],
  "ad_page_categories": [],
  "ad_page_like_count": 0,
  "ad_publisher_platform": [
    "facebook",
    "instagram"
  ],
  "ad_like_count": "0",
  "ad_share_count": "0"
}