{
  "ad_id": "1176605634498520",
  "ad_context": "睿慈將持續並積極爭取，改善高地社區供水問題！\n​\n▌頻傳的管線爆裂與漏水事件，影響山海觀社區3000多戶居民用水品質\n​\n前段時間，#山海觀社區 供水管線爆裂、漏水等事件頻傳，前後共計發生13次之譜，居民飽受無水可用之苦，更產生用水安全疑慮。\n​\n睿慈除了調度水車協助居民緊急用水外，也積極尋求解決方案，希望更新社區供水設備與管線，增加居民生活品質、確保社區供水穩定。\n​\n▌為甚麼改善高地供水設備與管線這麼重要？\n​\n供水管線爆裂導致漏水，除了水資源浪費、居民無水可用外，每期水費負擔也多出數十度的差額，久而久之總計費用十分可觀。\n​\n當然，水源可以調配、經費可以爭取，但漏水滲入地下導致土壤流失，進而造成地基掏空並對附近山坡與社區形成安全疑慮，影響到居民居住安全的結果卻是不可逆的。\n​\n因此，改善高地社區供水設備與管線才成了當務之急，不只確保居民用水也保障居住安全！\n​\n▌為了改善高地社區供水，睿慈做了哪些努力？\n​\n睿慈上週五與 蔡適應 委員，邀請 #水利署 林元鵬 副署長、 #台灣自來水公司 穆岳鈞 副總經理，針對「老舊高地社區用戶加壓受水設備改善計畫」第二期補助計畫，來積極爭取山海觀社區供水設備的汰換改善經費補助，也感謝張顥瀚議員會後關心相關進度。\n​\n會後水利署統整相關意見，對於社區執行計畫的狀況表示肯定，也會將相關意見納入12月20日召開的水資源審查會議，如果順利的話，明年3月就有機會送進行政院審議，期待未來會有好消息！\n​\n▌爭取過後，積極凝聚地方共識一齊創造更好的用水環境\n​\n昨晚睿慈也邀請 #山海觀社區管委會 以及 台灣自來水公司 的同仁，一起來到山海觀社區跟住戶們報告，整體補助計劃期程與辦法以及目前爭取進度，除了建立住戶彼此之間共識，也弭平居民對於相關計畫施行的疑慮。\n​\n很高興在席間，許多住戶都樂見其成，也都團結一心希望改善社區內的供水管線設備，讓鄰居們享有更好的用水環境。\n​\n▌感謝適應委員與眾多夥伴的共同努力\n​\n如此重大的建設推動不易，睿慈除了要感謝山海觀社區管委會、全體住戶以及台灣自來水公司的支持與努力外，也要謝謝 適應 委員過去四處奔走、積極爭取，連結不同部門間的合作，促成「老舊高地社區用戶加壓受水設備改善計畫」第一期補助計畫，成功改善超過5000戶的供水問題。\n​\n未來睿慈將持續積極爭取基隆高地社區供水設備改善補助經費，讓山海觀社區以及基隆高地社區的居民們，能夠免受無水可用的窘境，更安心地生活在這座城市！\n​\n#高地社區供水\n#自來水管線汰換",
  "ad_profile_name": "許睿慈．許願池",
  "ad_profile_image": "https://scontent.ftpe8-3.fna.fbcdn.net/v/t39.35426-6/520880967_1159977332838254_4556915460198288547_n.jpg?stp=dst-jpg_s60x60_tt6&_nc_cat=106&ccb=1-7&_nc_sid=c53f8f&_nc_ohc=0N9s2j6MYncQ7kNvwGw6sH-&_nc_oc=AdkLsGvLlcEGIZGRePSZsL1J-wUFKaySHLgqsGhtIYH0exfHMEoNyZMVeWoH9m2K0gw&_nc_zt=14&_nc_ht=scontent.ftpe8-3.fna&_nc_gid=1g8Pkumsbk8c0aaWkSVOzA&oh=00_AfqOzhw811bUsAEQ50hCcNVo_CdV4CTedPfoX7f9BiyQAw&oe=696DE672",
  "ad_is_video": false,
  "ad_video_preview_image": null,
  "ad_image": "https://scontent.ftpe8-4.fna.fbcdn.net/v/t39.35426-6/519598427_613496804742551_5774732273930830648_n.jpg?stp=dst-jpg_s600x600_tt6&_nc_cat=110&ccb=1-7&_nc_sid=c53f8f&_nc_ohc=MlJ5QgVlJg4Q7kNvwEmigV2&_nc_oc=AdmQmyK29OslU_Lb-MD3sv3PDSrmLkFXhTJdxXGipF8EB_mwkdeOpcOuNLN_sXEZV2w&_nc_zt=14&_nc_ht=scontent.ftpe8-4.fna&_nc_gid=1g8Pkumsbk8c0aaWkSVOzA&oh=00_AfooDzB77efNlB6I0E827xfyhQXDtc8JN74UTrG-hzGKjg&oe=696DEFF6",
  "ad_cta_text": "發送訊息",
  "ad_link_description": null,
  "ad_link_url": null,
  "ad_title": null,
  "ad_caption": null,
  "ad_page_id": "112830608131440",
  "ad_cta_type": "發送訊息",
  "ad_extra_links": [],
  "ad_extra_texts": [],
  "ad_page_categories": [
    "政治人物"
  ],
  "ad_page_like_count": 0,
  "ad_publisher_platform": [
    "facebook",
    "instagram"
  ],
  "ad_like_count": "0",
  "ad_share_count": "0"
}