{
  "ad_id": "1176071816660248",
  "ad_context": "縣議員如何拿來納稅錢做人情？（文長慎入）\n\n有時大家都會問「縣議會為何會一片祥和沒有監督的聲音？」「為何縣府可以直接補貼（社團）經費卻放給議員花錢做人情？」「特別預算為何成為議員們的噤聲咒？」\n\n為了了解問題，禾秦最近翻閱了 #屏東縣議員 #四年任期 #特別預算支出 狀況（這些都是人民的辛苦錢），其中發現禾秦發現，民脂民膏每年至少都支出約「#兩億」在特別預算上，且不少支出名目其實縣政府本身可以自行辦理，禾秦大概整理一下歷年（總額）：\n\n111 年（上半年）約 7,258 萬元\n110 年（整年）2 億 3,840 萬元\n109 年（整年） 2 億 5,379 萬元\n108 年（整年） 2 億 7,306 萬元\n\n屏東每一位議員一上任就有 600 萬（每年）的特別預算可以使用，而該費用依照類別等分三份，各別為 200 萬（#其他公共工程均衡、#地方發展和施政計畫綜合業務聯合服務、#道路橋樑工程）三個項目。\n\n經查議員特別預算了解發現，大多為 #社團 經費支出，為了解決特別預算造成問政監督的問題，不少縣市早已廢除特別預算編列。議員為了幫社團要經費獲得選票，然而這也影響了議員對於縣府 #監督 的發聲，想要經費核撥順暢，就少在議會提出問題？為什麼縣府可以自行辦理的作業程序卻丟給議員一年花掉約兩億支出？\n\n#特別預算 逐年下來也成了進入議會議員的噤聲咒，人民的聲音也不可能出現在議事殿堂，社團的發展與經營也較難回歸初衷（本來可以跟行政機關請領不必經由議員）。\n\n然而屏東財政每年至少需要支出 2 億多在這些費用上，而這些問題的循環也造成監督聲音的失衡，禾秦一只以來主張 #廢除議員特別預算，每年的六百萬特別預算，讓社團經費補貼回歸縣府行政作業，也讓地方發展回歸務實（而非政治影響）！\n\n特別預算問題在不少縣市早已廢除，屏東議會要改變，特別預算的廢除才是根本的開始！\n\n全民查閱屏東縣議員特別預算怎麼花？\nhttps://bit.ly/3DvLxpC\n\n━━━━━━━━━━━━━━━━━\n不掛看板、旗幟、布條、不設競選總部、三十元選舉補助款全部捐出\n\n#屏東可以更好\n#屏東縣議員候選人 #蕭禾秦 ⑨\n#枋寮 | #潮州 | #內埔 | #竹田 | #萬巒 | #新埤 \n\n文宣分享（LINE 轉傳）\nhttps://foxhsiao.com/idcard\n\n小額捐款\nhttps://foxhsiao.com/donate2022",
  "ad_profile_name": "蕭禾秦 Sio Hô-tsîn",
  "ad_profile_image": "https://scontent.ftpe8-3.fna.fbcdn.net/v/t39.35426-6/316128930_381899384120363_9212768108329463834_n.jpg?stp=dst-jpg_s60x60_tt6&_nc_cat=106&ccb=1-7&_nc_sid=c53f8f&_nc_ohc=E7vKut6xUYwQ7kNvwFHjiZp&_nc_oc=Adme707BiQtb5KGrZ2rMpcac4ND8_qt5v7oSqHml0GbEWOGPQJFxuM5vLEvRiwdsJec&_nc_zt=14&_nc_ht=scontent.ftpe8-3.fna&_nc_gid=fh9TTX88JY0e0KjUkudPiA&oh=00_Afpa8xhLds61i784oHDGNbGTw2LiFcwkkLEtWdA-9ttwYg&oe=696E7160",
  "ad_is_video": false,
  "ad_video_preview_image": null,
  "ad_image": "https://scontent.ftpe8-1.fna.fbcdn.net/v/t39.35426-6/316168497_1808245316206826_1122431450951798302_n.jpg?stp=dst-jpg_s600x600_tt6&_nc_cat=105&ccb=1-7&_nc_sid=c53f8f&_nc_ohc=01S7ivllWA0Q7kNvwFP2cJJ&_nc_oc=AdmRRpjaKt6MO0wPKwkDGnXrDgkq8XGulhdga-BjOURgJhPOPxnvcc8EADJ-mtPU0-U&_nc_zt=14&_nc_ht=scontent.ftpe8-1.fna&_nc_gid=fh9TTX88JY0e0KjUkudPiA&oh=00_AfoSQCDAY15SD_UrwlDMHfqNFsmGXvAvU4gbwuwJokSeCQ&oe=696E6544",
  "ad_cta_text": "",
  "ad_link_description": null,
  "ad_link_url": "https://bit.ly/3DvLxpC",
  "ad_title": null,
  "ad_caption": null,
  "ad_page_id": "103626332519310",
  "ad_cta_type": "",
  "ad_extra_links": [],
  "ad_extra_texts": [],
  "ad_page_categories": [],
  "ad_page_like_count": 0,
  "ad_publisher_platform": [
    "facebook"
  ],
  "ad_like_count": "0",
  "ad_share_count": "0"
}