{
  "ad_id": "1177799597756203",
  "ad_context": "",
  "ad_profile_name": "Cosmopolitan HK",
  "ad_profile_image": "https://scontent.ftpe8-2.fna.fbcdn.net/v/t39.35426-6/603070134_1930855504528541_4385727562159026136_n.jpg?stp=dst-jpg_s60x60_tt6&_nc_cat=103&ccb=1-7&_nc_sid=c53f8f&_nc_ohc=qr_wA8mBbH8Q7kNvwFAGgsV&_nc_oc=AdlWH8PsSDoMYlJgoALq1xLnWB3I3BzWvVNh7iLUKkFbqpkSfVxGy1CLpFogmixLGaA&_nc_zt=14&_nc_ht=scontent.ftpe8-2.fna&_nc_gid=-4yQiwEbbfXKnZIx4LpINA&oh=00_AfpJyVcA5MIoyt8pjXogZu3iWW3B2M15yFujofHOdwRyyQ&oe=696DBC09",
  "ad_is_video": false,
  "ad_video_preview_image": null,
  "ad_image": "https://scontent.ftpe8-1.fna.fbcdn.net/v/t39.35426-6/601916793_1170313825266832_8770355313660222745_n.jpg?stp=dst-jpg_s600x600_tt6&_nc_cat=108&ccb=1-7&_nc_sid=c53f8f&_nc_ohc=fmjVuvaoUlUQ7kNvwFSD2wB&_nc_oc=AdnRABvvqxLaNURrHysxKH4ChtF1xhzPdBn35wLr_UxiIB0nE5Nsyi5FriK3PW3xHjY&_nc_zt=14&_nc_ht=scontent.ftpe8-1.fna&_nc_gid=-4yQiwEbbfXKnZIx4LpINA&oh=00_Afosx689yNUgdBtKHCttRCeTVFrr9G-63HIE-vRW6fYA8A&oe=696DDC64",
  "ad_cta_text": "Learn More",
  "ad_link_description": null,
  "ad_link_url": "https://l.facebook.com/l.php?u=https%3A%2F%2Fcampaigns.scmpmagazines.com%2Fforerunner-of-hope%2Fthe-ocean-guardian%3Ffbclid%3DIwZXh0bgNhZW0CMTAAYnJpZBExYTJFemdWemFYaG9Ia2pkVnNydGMGYXBwX2lkDzU0MTYzOTQ5Mzg4OTAyNQABHiZjgNeDBi1aK_iwweoNmLOfqSTQjSKGNgsm5fQJi5YXnZ3B4ihArU2I0A0O_aem_fWe7x6V95mWRE8wDSUSzUw&h=AT18FLJ_K3M0_sEkKK4IE-VUyJ_cIAdbLK_AxNSyCigU1pG7E2y4mz3XPEnkdWRGNbG0Sfj1Eg6WdK4rJ8_3qSMwj1TCWcE4XO5HN3YcdpfMDa1sh0JPpXHvNjx1B7lt18wVDsxtOKu4MVQOdkSANQ",
  "ad_title": "海洋守護者",
  "ad_caption": "campaigns.scmpmagazines.com",
  "ad_page_id": "117246628326445",
  "ad_cta_type": "Learn More",
  "ad_extra_links": [
    "海洋守護者",
    "海洋守護者",
    "海洋守護者",
    "海洋守護者"
  ],
  "ad_extra_texts": [],
  "ad_page_categories": [],
  "ad_page_like_count": 0,
  "ad_publisher_platform": [
    "instagram"
  ],
  "ad_like_count": "0",
  "ad_share_count": "0"
}