{
  "ad_id": "1177484570658409",
  "ad_context": "🔸《喚醒生命的根：海底輪創造之旅》課程正式開放報名！🔸\n這次，\n我們會一起用水晶 × 色彩 × 直覺，\n畫出屬於你靈魂的生命根基。\n這不是畫畫課，而是一場——\n讓你的身體重新感覺「我在這裡，我是安全的」的能量回歸之旅。\n\n✦ 課程亮點（你將體驗）\n• 海底輪覺察 × 身心落地\n• 水晶手位引導｜啟動底氣能量\n• 90 分鐘直覺創作｜水晶 × 色彩 × 生命樹\n• 與畫作連線的冥想儀式\n• 個人覺察書寫 × 能量回到身體\n這不是畫技課，而是一場讓你重新回到自己身體與生命力的旅程。\n\n🕯️ 課程資訊\n📅 日期｜2026/1/11（日）14:00–17:00\n📍 地點｜台北北車商圈\n👥 名額｜限量 15 位（滿 6 人即開班）\n💰 費用｜NT$2,800（含所有材料）\n\n🌿 你將帶走：\n一幅屬於你靈魂的海底輪水晶能量畫\n一份自我覺察的書寫\n回到身體的穩定與安全感\nTina / Hanie 的專屬能量引導與祝福\n\n🔮 誰適合這堂課？\n* 正在尋找「穩定、底氣、力量感」的人\n* 想重新連回身體、找回安全感者\n* 正在轉換階段、想重建生命根基的人\n* 需要放下焦慮、回到當下\n* 想體驗水晶 × 能量藝術的人\n* 零基礎也可以！（不用會畫畫）\n\n💌 報名方式\n私訊我 / 點擊限動連結\n限量開放，額滿即止。",
  "ad_profile_name": "Tinahsiehart613",
  "ad_profile_image": "https://scontent.ftpe8-2.fna.fbcdn.net/v/t39.35426-6/600972839_863200209796751_8321085767920427511_n.jpg?stp=dst-jpg_s60x60_tt6&_nc_cat=100&ccb=1-7&_nc_sid=c53f8f&_nc_ohc=VOPCIM-ezTwQ7kNvwEjgzPC&_nc_oc=AdlZcQsLdqLMAubGVXhXLmGCBzQ4Hs1AXXA7GmV9Fc-MI4HFsZJejLSx0mVAOB8VoRg&_nc_zt=14&_nc_ht=scontent.ftpe8-2.fna&_nc_gid=GZJBrKakm_HXtfaZmAjOwg&oh=00_AfpM3Ez60F8vTL5COEKJcFMtn4uow3mG6bCq-aywGu-hig&oe=696E42B8",
  "ad_is_video": false,
  "ad_video_preview_image": "https://scontent.ftpe8-1.fna.fbcdn.net/v/t39.35426-6/601414696_1193957919499876_6774632313392766562_n.jpg?_nc_cat=109&ccb=1-7&_nc_sid=c53f8f&_nc_ohc=PVWeY66FBCYQ7kNvwEMjid8&_nc_oc=AdlX_EwyEXHG84McFOfJCe7GncSn5RM-n34zmr0KagWon8AC0HDGrDWbkOvovNDGASM&_nc_zt=14&_nc_ht=scontent.ftpe8-1.fna&_nc_gid=GZJBrKakm_HXtfaZmAjOwg&oh=00_AfpLblkt7h4nWdJQnCmO0APTZIEbRPfzmDjfPpQRs3Zn7A&oe=696E66B4",
  "ad_image": null,
  "ad_cta_text": "瞭解詳情",
  "ad_link_description": null,
  "ad_link_url": "https://l.facebook.com/l.php?u=https%3A%2F%2Fforms.gle%2F4i48ueJVFHb68bFt5%3Ffbclid%3DIwZXh0bgNhZW0CMTAAYnJpZBExOFBnZndlbkFwVVZFVnBIQnNydGMGYXBwX2lkDzU0MTYzOTQ5Mzg4OTAyNQABHhLMq1c5yxGfQS5amujV5be0nJh2ESnEKCl4tFgl7oGKgmPD41GtVtvTN55O_aem_XxdTSW9DpkR1Ln_ZJQdrIQ&h=AT2jyU-hUVMGapNnh28G1VaEYTWw86ly1P-Xqd16966fnhbNPUPMMBn8Pm1_I1YthinorWmw9cBKlZyqjZx-GwtEKfSLTyLbYkGmK2moyUpDWjZCExndwsCvOUcMs-vjvPN3oq49CFZHlY315A_3XA",
  "ad_title": null,
  "ad_caption": "forms.gle",
  "ad_page_id": "111102201807997",
  "ad_cta_type": "瞭解詳情",
  "ad_extra_links": [],
  "ad_extra_texts": [],
  "ad_page_categories": [
    "藝術家"
  ],
  "ad_page_like_count": 98,
  "ad_publisher_platform": [
    "instagram"
  ],
  "ad_like_count": "0",
  "ad_share_count": "0"
}