{
  "ad_id": "1177674056467304",
  "ad_context": "11/26\n票投 登記12號 史雪燕\n\n#一票一世情\n#雪燕需要您來牽成\n#懇託\n\n#登記12號\n#史雪燕\n\n#投票三寶\n印章、身分證、投票通知單\n#雪燕提醒您",
  "ad_profile_name": "史雪燕",
  "ad_profile_image": "https://scontent.ftpe8-3.fna.fbcdn.net/v/t39.35426-6/316240911_853495449124664_8370872376359677854_n.jpg?stp=dst-jpg_s60x60_tt6&_nc_cat=107&ccb=1-7&_nc_sid=c53f8f&_nc_ohc=XzX61ZuEi3AQ7kNvwEzBABi&_nc_oc=AdkRNWWlEBpz7F3i1eRpKEzCOhF5kgjt6nsAU4pC27zQRcuBKbf2f0YzU0L-kJZDa6Q&_nc_zt=14&_nc_ht=scontent.ftpe8-3.fna&_nc_gid=8V4kcSzeShWqgp87lAbZ9g&oh=00_AfotuX1_pTdHxhu67BQi-GzrtFFH5lxh2qri3ZSOLYcu3A&oe=696E4658",
  "ad_is_video": false,
  "ad_video_preview_image": null,
  "ad_image": "https://scontent.ftpe8-2.fna.fbcdn.net/v/t39.35426-6/316425522_412041934346235_1082854404363300775_n.jpg?stp=dst-jpg_s600x600_tt6&_nc_cat=103&ccb=1-7&_nc_sid=c53f8f&_nc_ohc=sd2yJSnPDbkQ7kNvwEiAXYa&_nc_oc=AdmOzoGxoxMye_TpWH0FfQ3KV5gLPo_IvJgHlVO5ia_AF9HJ3cIWyM6cr1SLGdOxsOs&_nc_zt=14&_nc_ht=scontent.ftpe8-2.fna&_nc_gid=8V4kcSzeShWqgp87lAbZ9g&oh=00_AfouxLkjzau4VAuHxfN6ozmOcjKY1eox3OCrU1hzluH25w&oe=696E5E0C",
  "ad_cta_text": "發送訊息",
  "ad_link_description": null,
  "ad_link_url": null,
  "ad_title": null,
  "ad_caption": null,
  "ad_page_id": "140579700012503",
  "ad_cta_type": "發送訊息",
  "ad_extra_links": [],
  "ad_extra_texts": [],
  "ad_page_categories": [
    "政治人物"
  ],
  "ad_page_like_count": 2716,
  "ad_publisher_platform": [
    "facebook",
    "instagram"
  ],
  "ad_like_count": "0",
  "ad_share_count": "0"
}