{
  "ad_id": "1178179107631110",
  "ad_context": "夫妻宮有左輔右弼，會有第三者？來聽張老師怎麼說～\n \n命盤12宮位 ‧ 探索你的命與運👇\n【紫微命盤免費算】：https://click108.tw/Fxl4Z\n\n#左輔 #右弼 #第三者 #科技紫微網 #click108 #張盛舒 #紫微 #命盤 #運勢 #八字 #東方 #命理 #算命 #占卜 #解惑 #觀念",
  "ad_profile_name": "科技紫微網-星座算命",
  "ad_profile_image": "https://scontent.ftpe8-3.fna.fbcdn.net/v/t39.35426-6/612613953_1597034034807023_2452593437191736756_n.jpg?stp=dst-jpg_s60x60_tt6&_nc_cat=111&ccb=1-7&_nc_sid=c53f8f&_nc_ohc=5Yt8gQZ7iugQ7kNvwFlqQ9t&_nc_oc=Adlht05EjGcD1WSTuaXb-rkpBfzpeenYsAcWmmSAEADvBcUz4xAonEd8zWDSaYpDBTc&_nc_zt=14&_nc_ht=scontent.ftpe8-3.fna&_nc_gid=yYFos7dbFJe6sSk73La60A&oh=00_Afq-Ju2ty2JPMK6KxtDtxqlFeVKFGHe6yc6IbeoLBDYaGw&oe=696DDF35",
  "ad_is_video": false,
  "ad_video_preview_image": "https://scontent.ftpe8-3.fna.fbcdn.net/v/t39.35426-6/613397121_26387053050899248_5959200824010440344_n.jpg?_nc_cat=106&ccb=1-7&_nc_sid=c53f8f&_nc_ohc=dz08YfiEEZIQ7kNvwH7-NvC&_nc_oc=AdmggL-B_cjzDk4pxLMHwIU0TDN5IK08Lqx54pG-au9kBm82pjeObCVXXk8De9BM5UY&_nc_zt=14&_nc_ht=scontent.ftpe8-3.fna&_nc_gid=yYFos7dbFJe6sSk73La60A&oh=00_AfrU65tkesxqbZ2Cr8jTG9Yt2_E1Yc1tHL0sYK2GnutIzA&oe=696DCDF1",
  "ad_image": null,
  "ad_cta_text": "",
  "ad_link_description": null,
  "ad_link_url": "https://click108.tw/Fxl4Z",
  "ad_title": "夫妻宮有左輔右弼，會有第三者？",
  "ad_caption": null,
  "ad_page_id": "102292983156154",
  "ad_cta_type": "",
  "ad_extra_links": [],
  "ad_extra_texts": [],
  "ad_page_categories": [],
  "ad_page_like_count": 0,
  "ad_publisher_platform": [
    "facebook",
    "instagram",
    "audience_network",
    "threads"
  ],
  "ad_like_count": "0",
  "ad_share_count": "0"
}