{
  "ad_id": "1178281544515933",
  "ad_context": "Taipei's Chillest New Year’s!!\n\nTaipei 101‘s iconic NYE fireworks are coming! \nDiscover the best viewing spots to catch both the spectacular show and breathtaking city views. \nSave and share with your loved ones!\n\n‼️Follow #TaipeiTravel for endless Taipei travel inspo!",
  "ad_profile_name": "台北旅遊網",
  "ad_profile_image": "https://scontent.ftpe8-1.fna.fbcdn.net/v/t39.35426-6/596963436_1876866869586512_4359625340614779793_n.jpg?stp=dst-jpg_s60x60_tt6&_nc_cat=105&ccb=1-7&_nc_sid=c53f8f&_nc_ohc=HDqdXtk7NgsQ7kNvwFL7SBu&_nc_oc=AdnU1AzMXdFNqHCffi--AMQ43XL-dJRoMsBOOi1bPw73FJ7pk0dx8c25Nk6UkWJj4N0&_nc_zt=14&_nc_ht=scontent.ftpe8-1.fna&_nc_gid=b-ZFeWO1aC13bRZI-nm5vw&oh=00_AfrTunQ5bdkyXWgzXMqc-NTtmtt1M25su3rN0YNoWdaJ8Q&oe=696DDC6E",
  "ad_is_video": false,
  "ad_video_preview_image": "https://scontent.ftpe8-2.fna.fbcdn.net/v/t39.35426-6/597000439_1754298601916484_4781002538862524770_n.jpg?_nc_cat=103&ccb=1-7&_nc_sid=c53f8f&_nc_ohc=OhfBwe9FOWwQ7kNvwEeOudI&_nc_oc=AdngmjoiXP4EsH3emkKsPcgKAUFAeV17a1pFMhpa-dteHbBsPz0C_D9XBoZjcTKuZBs&_nc_zt=14&_nc_ht=scontent.ftpe8-2.fna&_nc_gid=b-ZFeWO1aC13bRZI-nm5vw&oh=00_AfqSOrgsXVZ7QtytQK9tYL2z6tyG_h1K3vyvzxkWkj2D-w&oe=696DC5E3",
  "ad_image": null,
  "ad_cta_text": "瀏覽 Instagram 個人檔案",
  "ad_link_description": null,
  "ad_link_url": "https://www.instagram.com/taipeitravel?fbclid=IwY2xjawPVWXlleHRuA2FlbQIxMABicmlkETFJUXkwV2JIM1drSTlxWlZXc3J0YwZhcHBfaWQPNTQxNjM5NDkzODg5MDI1AAEeuqwDpcyu4bZYNTptz-erS8ETUbZ_Rx89-ApvaqZRuAxQGmpRxy4J5QBXiQg_aem_BbJ-gCTnXakF1MQJ9B8f7Q",
  "ad_title": null,
  "ad_caption": "instagram.com",
  "ad_page_id": "117197561638092",
  "ad_cta_type": "瀏覽 Instagram 個人檔案",
  "ad_extra_links": [],
  "ad_extra_texts": [],
  "ad_page_categories": [
    "本地和旅遊網站"
  ],
  "ad_page_like_count": 0,
  "ad_publisher_platform": [
    "instagram"
  ],
  "ad_like_count": "0",
  "ad_share_count": "0"
}