{
  "ad_id": "1179579160965689",
  "ad_context": "",
  "ad_profile_name": "Cosmopolitan HK",
  "ad_profile_image": "https://scontent.ftpe8-2.fna.fbcdn.net/v/t39.35426-6/601847467_848507817889673_8657593536980815274_n.jpg?stp=dst-jpg_s60x60_tt6&_nc_cat=101&ccb=1-7&_nc_sid=c53f8f&_nc_ohc=R8SRl16jhHgQ7kNvwEMAFrc&_nc_oc=AdlPPkvmSDN0HLLPjrVVUO5f_AzXtEFLD0qIJBN3HPa7PUuKoU2KJhHul9RmhCQSSi0&_nc_zt=14&_nc_ht=scontent.ftpe8-2.fna&_nc_gid=q-cESM-0ITzf_L7tplcuVA&oh=00_Afq-UdaYyB8d9oO7h0qO_TE-iY4DB-U5VVvz-kUdHL4Rsg&oe=696DD19F",
  "ad_is_video": false,
  "ad_video_preview_image": null,
  "ad_image": "https://scontent.ftpe8-3.fna.fbcdn.net/v/t39.35426-6/601943746_2710589972628905_5966080698122164626_n.jpg?stp=dst-jpg_s600x600_tt6&_nc_cat=106&ccb=1-7&_nc_sid=c53f8f&_nc_ohc=JOvImSsvFxQQ7kNvwGb8NkY&_nc_oc=AdljXZB8sXjE8CAr2CohwCRsYbwJFf4RjAcMQI646CKBcNWMNXPbDuDEaoNc2uqCVtc&_nc_zt=14&_nc_ht=scontent.ftpe8-3.fna&_nc_gid=q-cESM-0ITzf_L7tplcuVA&oh=00_Afr6QnRFBy8wMCvOBmniph-yxAxhbLCpymmCUMyn4PZA2Q&oe=696DD1CB",
  "ad_cta_text": "Learn More",
  "ad_link_description": null,
  "ad_link_url": "https://l.facebook.com/l.php?u=https%3A%2F%2Fwww.instagram.com%2Fcosmopolitan_hk%2F%3Ffbclid%3DIwZXh0bgNhZW0CMTAAYnJpZBExYTJFemdWemFYaG9Ia2pkVnNydGMGYXBwX2lkDzU0MTYzOTQ5Mzg4OTAyNQABHj2BDK935OiWMgiYnmolO_eyBli8dX5veNNEKSwnGNjZsyhp21pN5AggPETe_aem_HvPexPX9Y4D8r34575aJCA&h=AT2W-XAZjcRazWIDN5qA5kaR42hHibv5lzjuyXSjPIMufS4IuoQ5gnbP34xuvoBvl0bv_LLiEubLWdARhAsZwaZqWgZQHV8989nAHcSivrxZJwSwGrQleHjYzxWYZKzm1-f5HWtfY2k84kZOf0UlkQ",
  "ad_title": "Cosmopolitan HK Official (@cosmopolitan_hk) • Instagram photos and videos",
  "ad_caption": "instagram.com",
  "ad_page_id": "117246628326445",
  "ad_cta_type": "Learn More",
  "ad_extra_links": [
    "Cosmopolitan HK Official (@cosmopolitan_hk) • Instagram photos and videos",
    "Cosmopolitan HK Official (@cosmopolitan_hk) • Instagram photos and videos",
    "Cosmopolitan HK Official (@cosmopolitan_hk) • Instagram photos and videos",
    "Cosmopolitan HK Official (@cosmopolitan_hk) • Instagram photos and videos"
  ],
  "ad_extra_texts": [],
  "ad_page_categories": [],
  "ad_page_like_count": 0,
  "ad_publisher_platform": [
    "instagram"
  ],
  "ad_like_count": "0",
  "ad_share_count": "0"
}