{
  "ad_id": "1180045354311897",
  "ad_context": "🎄 2025 新竹FUN聖誕 12/6 啟動\n「光×科技×童話」的沉浸式冬季光之旅\n\n新竹市年度冬季盛事「2025新竹FUN聖誕」將於12/5-12/31正式啟動！今年以「光×科技×童話」為主題，串聯新竹火車站、東門城與護城河畔，為舊城區打造一場沉浸式的冬季光之旅。\n\n✨12/5 （五）護城河畔主題裝置｜護城河畔的光環境率先點亮，活動期間每日17時準時點亮，營造佳節氛圍 \n✨12/6 （六）點亮主燈｜啟動聖誕主燈，並以光雕投影點亮百年新竹火車站\n✨光雕展演｜12/6（六）起，每日18時起整點播出，21:50為最後一場，利用科技光影，讓歷史建築在夜色中煥發迷人光彩\n✨聖誕市集｜活動期間的週末及12/24、12月25日陸續登場\n\n邀請大家一起到新竹留下溫暖的歲末回憶！",
  "ad_profile_name": "新竹市政府",
  "ad_profile_image": "https://scontent.ftpe8-1.fna.fbcdn.net/v/t39.35426-6/593868749_4014763782147234_8807589392514414064_n.jpg?stp=dst-jpg_s60x60_tt6&_nc_cat=108&ccb=1-7&_nc_sid=c53f8f&_nc_ohc=NtiBzEB2Ot8Q7kNvwHDMcZa&_nc_oc=Adn6rqGXAuTdUBIpOCYG-gTHlXHPfe_O06rjsN9o_mbCwlj7GyUJH9-NmuBy4B7udKE&_nc_zt=14&_nc_ht=scontent.ftpe8-1.fna&_nc_gid=PqBghnYq61T11BKsyqp76Q&oh=00_Afpr3ZhsouTfZVYP7CvsLIS_6exp12wKcxdJ_OXeDQVM9A&oe=696DDB9D",
  "ad_is_video": false,
  "ad_video_preview_image": null,
  "ad_image": "https://scontent.ftpe8-4.fna.fbcdn.net/v/t39.35426-6/592193140_1233654268939356_3427461674212661817_n.jpg?stp=dst-jpg_s600x600_tt6&_nc_cat=110&ccb=1-7&_nc_sid=c53f8f&_nc_ohc=Je6uNDoKA28Q7kNvwGUs0vQ&_nc_oc=AdnRp8FzIKp55UvFd2xQq2gUlmP96v1SUhtenUyGf6itoXc44oKGa2DkweUDjVTlMr8&_nc_zt=14&_nc_ht=scontent.ftpe8-4.fna&_nc_gid=PqBghnYq61T11BKsyqp76Q&oh=00_Afot-m9UVZ6jEdpLPdEvEWpmpepBU0WB9K-u969A3hxeww&oe=696DD8C9",
  "ad_cta_text": "",
  "ad_link_description": null,
  "ad_link_url": null,
  "ad_title": null,
  "ad_caption": null,
  "ad_page_id": "924427494268643",
  "ad_cta_type": "",
  "ad_extra_links": [],
  "ad_extra_texts": [],
  "ad_page_categories": [
    "公所／市政府"
  ],
  "ad_page_like_count": 0,
  "ad_publisher_platform": [
    "facebook"
  ],
  "ad_like_count": "0",
  "ad_share_count": "0"
}