{
  "ad_id": "1181942607229983",
  "ad_context": "我是主播茜茜，每日14:00-19:50，中緬邊境源頭現金收貨，省去所有中間環節，品質嚴格把關，我鄭重承諾所售貨品皆為緬甸天然A貨翡翠，均附權威證書，支持全球復檢。讓您買得安心。點擊進入直播間，期待您遇見命中註定的那一抹翠色！\n#珠寶直播 #天然翡翠A貨 #訂製 #奢侈品 #翡翠珠寶 #翡翠手鐲 #翡翠鐲子 #直播購物 #玉市源頭 #服飾搭配 #穿搭 #冰種 #玻璃種 #珠寶首飾 #翡翠批發 #翡翠掛件 #玉鐲 #翡翠直播 #jade #緬甸翡翠 #天然翡翠 #工廠批發 #玉石 #手鐲 #翡翠 #源頭翡翠 #帝王綠 #jadeite #珠寶設計",
  "ad_profile_name": "緬甸尋翠",
  "ad_profile_image": null,
  "ad_is_video": false,
  "ad_video_preview_image": null,
  "ad_image": null,
  "ad_cta_text": null,
  "ad_link_description": null,
  "ad_link_url": null,
  "ad_title": null,
  "ad_caption": null,
  "ad_page_id": "110033778382595",
  "ad_cta_type": null,
  "ad_extra_links": [],
  "ad_extra_texts": [],
  "ad_page_categories": [
    "珠寶批發商"
  ],
  "ad_page_like_count": 0,
  "ad_publisher_platform": [
    "facebook",
    "instagram",
    "audience_network"
  ],
  "ad_like_count": "0",
  "ad_share_count": "0"
}