{
  "ad_id": "1181098660345067",
  "ad_context": "🎓邏輯酷程式學院～2025 夏令營正式啟動！\n\n#邏輯酷程式學院 #2025營隊 #麥塊\n\n🎮【Minecraft 系列營隊】等你來開蓋！\n別再只是「玩」Minecraft，現在開始 設計陷阱、操控紅石、打造自己的世界！\n從侏儸紀恐龍園、海底奇幻世界、未來火星基地，到充滿機關的英雄城市，\n每個孩子都能成為自己的建築師、邏輯王與冒險王🛠️🧠\n📌超熱門麥塊課程開放報名中～\n👉https://forms.gle/rQXqtYEPSb5nP6cv5\n\n👾好想參加但還想多了解？\n快來加我們的 LINE 啦～\n課程消息、名額提醒、偷偷告訴你優惠也在裡面！\n📲加進來👉 https://lin.ee/7rn5cQC\n\n快來一起「邊玩邊學」，用創意蓋出你的夢幻世界！\n\n#邏輯酷夏令營 #夏令營 #Minecraft課程 #兒童程式設計 #麥塊夏令營 #紅石邏輯 #創意建築 #親子推薦 #2025夏令營 #Minecraft",
  "ad_profile_name": "邏輯酷程式學院 Logiscool Taiwan",
  "ad_profile_image": "https://scontent.ftpe8-1.fna.fbcdn.net/v/t39.35426-6/489498426_988769210106209_3497790998546096736_n.jpg?stp=dst-jpg_s60x60_tt6&_nc_cat=108&ccb=1-7&_nc_sid=c53f8f&_nc_ohc=BsBLebV-nUoQ7kNvwFmOa0M&_nc_oc=Adkt-z7el2GqkZt648JiN8-9878NhVZGHmpht-rA4TdokY2sMx91wZr31FfPIhilmp4&_nc_zt=14&_nc_ht=scontent.ftpe8-1.fna&_nc_gid=EkfY3lRf6V6MaEgcZVuIsg&oh=00_Afq-C_ofnRl_oEeIEUXJAvFaVFXFmk3g5fDGo3vHK6cufQ&oe=696E6FF0",
  "ad_is_video": false,
  "ad_video_preview_image": "https://scontent.ftpe8-4.fna.fbcdn.net/v/t39.35426-6/489429362_1844694849613872_8150511423285294497_n.jpg?_nc_cat=102&ccb=1-7&_nc_sid=c53f8f&_nc_ohc=CbdNBBsEMMMQ7kNvwEs_YtO&_nc_oc=AdnSJm-IniILGmfWA4A2r5c1F_0j-5QaUhoJm5W1mJvZKDzdJDGg241e2JhTCXYY4m4&_nc_zt=14&_nc_ht=scontent.ftpe8-4.fna&_nc_gid=EkfY3lRf6V6MaEgcZVuIsg&oh=00_Afpg4Bj3OMO7VoNFPRoafDBKpE348NCo_H-op4ZqynOCEw&oe=696E7447",
  "ad_image": null,
  "ad_cta_text": "搶先預約",
  "ad_link_description": "別再只是「玩」Minecraft，現在開始 設計陷阱、操控紅石、打造自己的世界！",
  "ad_link_url": "https://forms.gle/rQXqtYEPSb5nP6cv5",
  "ad_title": "2025 邏輯酷夏令營正式啟動",
  "ad_caption": "fb.me",
  "ad_page_id": "100452768039162",
  "ad_cta_type": "搶先預約",
  "ad_extra_links": [],
  "ad_extra_texts": [],
  "ad_page_categories": [],
  "ad_page_like_count": 0,
  "ad_publisher_platform": [
    "facebook",
    "instagram",
    "audience_network"
  ],
  "ad_like_count": "0",
  "ad_share_count": "0"
}