{
  "ad_id": "1181648913710550",
  "ad_context": "關於憂鬱：這不是你的錯\n\n憂鬱，至今仍常被社會誤解。\n不是脆弱、不是想太多、不是不知足，而是一種需要被正視的疾病。\n像被烏雲籠罩著，\n明明天亮了，心裡卻感覺越來越黑暗不見光。\n簡單的事情做不起來，快樂的事情也無法感受。\n從一開始的難過、煩躁，漸漸地變成了麻木、空洞，\n甚至連開口求救的力氣都沒有......\n最痛苦的是，還得裝作一切正常，\n不讓身邊的人發現，反而讓自己更疲憊。\n那些「你要加油啊」、「想開一點」的話，\n有時反而像一根根針，扎進心裡，刺痛著。\n\n📌請記得：\n這不是你不夠努力，而是你生病了。\n像其他疾病一樣，憂鬱症需要治療。\n心理諮商、藥物治療都可能幫助你逐漸走出黑暗。\n\n🌧️ 如果你正經歷這些痛苦——\n你不是一個人。這不是你的錯。你並不孤單。\n請給自己一個機會，尋求專業的幫助，\n讓知道怎麼幫你的人，陪你一起走過這段路。\n🫂 而如果你身邊有人正經歷這些，\n請不要急著鼓勵，而是好好陪伴，\n並引導他們尋求專業協助。\n願我們的心足夠柔軟，\n即使無法完全理解，也願意去靠近理解。\n也願每一位在深淵的人，都能找到呼喊與被聽見的力量。\n\n#憂鬱症 #心理健康 #你不是一個人 \n#陪伴勝於鼓勵 #身心平安 \n\nNot Your Fault\n\n🕊️\nA cloud hangs low,\ndimming even the brightest day.\nSmall tasks feel like mountains,\nand joy slips quietly away.\n\n🌫️\nThoughts turn numb,\nyour voice retreats.\nYou long for help—\nbut silence repeats.\n\n💔\nYou smile so no one sees,\nyou break so no one knows.\nKind words feel sharp,\nmisunderstanding grows.\n\n🫂\nBut hear this truth,\nsoft and clear:\nYou are not broken.\nYou’re simply here—\n\n🌱\nFacing an illness,\nnot a flaw.\nYou need support,\nnot just a “rah-rah.”\n\n❤️‍🩹\nSo if you’re lost,\ndon’t walk alone.\nLet others in—\nlet healing be sown.\n\n#YouAreNotAlone #MentalHealthMatters\n#DepressionAwareness #HealingJourney",
  "ad_profile_name": "qiaoyu.chen",
  "ad_profile_image": "https://scontent.cdninstagram.com/v/t51.82787-19/610783477_18548051203052077_5345432429113443840_n.jpg?stp=dst-jpg_s206x206_tt6&_nc_cat=105&ccb=7-5&_nc_sid=525117&efg=eyJ2ZW5jb2RlX3RhZyI6InByb2ZpbGVfcGljLnd3dy43MjAuQzMifQ%3D%3D&_nc_ohc=S7Mb-IiXJqcQ7kNvwGJcBJN&_nc_oc=AdnuR_TBE7USnzdwFgxSlgsxyTnle-5X5BQYgPvtVS-v0ltk9JDWN5PN8U747wZy63c&_nc_zt=24&_nc_ht=scontent.cdninstagram.com&_nc_gid=VWjSRmr8ZTQZ5MRHxIKX2Q&oh=00_Afpj9djMWr8H9dFsMr92u_J-1PW29XPtWmmSa7LF1QfHkw&oe=696DE430",
  "ad_is_video": false,
  "ad_video_preview_image": null,
  "ad_image": "https://scontent.ftpe8-1.fna.fbcdn.net/v/t39.35426-6/501662507_2166783273746136_251168081991651117_n.jpg?stp=dst-jpg_s600x600_tt6&_nc_cat=108&ccb=1-7&_nc_sid=c53f8f&_nc_ohc=Bi7OW-rqh6sQ7kNvwG4EMOl&_nc_oc=AdmC4WaKREy8ogK4GcNgdUPyts0z_4jQ6Nz9FiaXtQwT6_arq_ZKDSX9mkx0damkzz4&_nc_zt=14&_nc_ht=scontent.ftpe8-1.fna&_nc_gid=VWjSRmr8ZTQZ5MRHxIKX2Q&oh=00_Afplwx3FuJhGB3RSiANBcf9WGG0jQx6PO3R06yZ5Q1hy0A&oe=696DE7AA",
  "ad_cta_text": "瀏覽 Instagram 個人檔案",
  "ad_link_description": null,
  "ad_link_url": "https://www.instagram.com/taipeitravel?fbclid=IwY2xjawPVWXlleHRuA2FlbQIxMABicmlkETFJUXkwV2JIM1drSTlxWlZXc3J0YwZhcHBfaWQPNTQxNjM5NDkzODg5MDI1AAEeuqwDpcyu4bZYNTptz-erS8ETUbZ_Rx89-ApvaqZRuAxQGmpRxy4J5QBXiQg_aem_BbJ-gCTnXakF1MQJ9B8f7Q",
  "ad_title": "instagram.com",
  "ad_caption": "instagram.com",
  "ad_page_id": "707964152389263",
  "ad_cta_type": "瀏覽 Instagram 個人檔案",
  "ad_extra_links": [],
  "ad_extra_texts": [],
  "ad_page_categories": [],
  "ad_page_like_count": 0,
  "ad_publisher_platform": [
    "instagram"
  ],
  "ad_like_count": "0",
  "ad_share_count": "0"
}