{
  "ad_id": "1181914756940956",
  "ad_context": "《谈本说源》第6-2\n#机器人百米冠军天工竟在打工当跑鞋测试员？ 天工具身智能机器人，既是全球首个人形机器人运动会百米短跑冠军、也是全球首个人形机器人半程马拉松冠军。听说它最近正在打工测试跑鞋?\n\nA robot-turned shoe tester? Chinese super star #humanoid robot #TienKung is both the world’s first humanoid robot 100-meter dash champion and the world’s first half-marathon champion. Now, it gets hired by a famous #shoe brand. To do what? #DiggingForFacts Episode 6 #robotics #robots #China #future #tech #jobs #fun #sports",
  "ad_profile_name": "北京广播电视台BRTVChannel",
  "ad_profile_image": "https://scontent.ftpe8-4.fna.fbcdn.net/v/t39.35426-6/608756438_3183709905135339_2771515921506633696_n.jpg?stp=dst-jpg_s60x60_tt6&_nc_cat=102&ccb=1-7&_nc_sid=c53f8f&_nc_ohc=GVri-1aiha4Q7kNvwH199Or&_nc_oc=Adn0DtsVKhgyIYIr65czkXdQJ17Fi6pbTTSs-4cCMHdzzvyzHRQJwpecAxXFCXT0D0Q&_nc_zt=14&_nc_ht=scontent.ftpe8-4.fna&_nc_gid=sC8wgb0ZMHLk37q6GoJBfA&oh=00_AfraxIgedPVz3pDCcjAkr2IVcHUtHrJr6_uHS2MQreIu_Q&oe=696E5FEA",
  "ad_is_video": false,
  "ad_video_preview_image": "https://scontent.ftpe8-1.fna.fbcdn.net/v/t39.35426-6/606495920_2121728688571246_2253834874205625567_n.jpg?_nc_cat=105&ccb=1-7&_nc_sid=c53f8f&_nc_ohc=7hetmC8mjq8Q7kNvwGCnmdq&_nc_oc=Admpfm_-yhUC8xH4hyRpL71UpUmVekAQR0SBGO_Qj7tVUjeAmxBvVttDTWUsEijSB7U&_nc_zt=14&_nc_ht=scontent.ftpe8-1.fna&_nc_gid=sC8wgb0ZMHLk37q6GoJBfA&oh=00_Afqt0523YJjPPVuQ01Vs2DsOvV4zmkcO1DjTpDOUob6f4w&oe=696E644A",
  "ad_image": null,
  "ad_cta_text": "發送訊息",
  "ad_link_description": null,
  "ad_link_url": null,
  "ad_title": null,
  "ad_caption": null,
  "ad_page_id": "100130952583498",
  "ad_cta_type": "發送訊息",
  "ad_extra_links": [],
  "ad_extra_texts": [],
  "ad_page_categories": [],
  "ad_page_like_count": 0,
  "ad_publisher_platform": [
    "facebook",
    "instagram",
    "audience_network"
  ],
  "ad_like_count": "0",
  "ad_share_count": "0"
}