{
  "ad_id": "1183333499268539",
  "ad_context": "不好意思，想耽誤大家一分鐘時間，讓我和大家說幾句心內話。\n\n幕僚參選，從台下走到台上，從幕後走到幕前，看似簡單，但花了我超過十年的時間。我知道自己比較「憨慢」，但也知道，做人做事都要「骨力」、誠懇才能得人疼。\n\n陳其邁市長現在正在加緊腳步拚市政，我也沒有時間再慢慢走，大岡山的發展，需要我更加努力的拼搏。感謝邱志偉委員的力挺，感謝高閔琳 高雄市議員無私的肯定與傳承，感謝一路走來所有幫助我的前輩與夥伴們，當然更要感謝每一位願意支持我的您們。\n\n拜託大家，可以的話，請幫我分享這支影片給您的親友。\n拜託大家，11月26日投票當天，請把手中一票投給8號陳慶鴻，讓我陪市長再拚四年，讓我為大岡山，繼續「骨力拚」。",
  "ad_profile_name": "陳慶鴻",
  "ad_profile_image": "https://scontent.ftpe8-1.fna.fbcdn.net/v/t39.35426-6/316804252_663911931881008_8100373712059103698_n.jpg?stp=dst-jpg_s60x60_tt6&_nc_cat=105&ccb=1-7&_nc_sid=c53f8f&_nc_ohc=1oChsUwP3L0Q7kNvwGrp_Lm&_nc_oc=Adk7qLItkvs0j4EJrWMBmrBLby59mX6whPP5DilQlYmPuJAHtyjt_oYAmpw4Gw0V0AA&_nc_zt=14&_nc_ht=scontent.ftpe8-1.fna&_nc_gid=4UdYqhHDMuxYVZ5W_bpnMg&oh=00_AfpqzezGEYV5W_Jbm_qwxzlFMnqg53j3xQ-GFeYkjpsg8Q&oe=696E45E6",
  "ad_is_video": false,
  "ad_video_preview_image": "https://scontent.ftpe8-1.fna.fbcdn.net/v/t39.35426-6/316271268_644668407356943_9047569500773031790_n.jpg?_nc_cat=108&ccb=1-7&_nc_sid=c53f8f&_nc_ohc=1aGcsi1ZNDcQ7kNvwENUHnt&_nc_oc=Adl8B8JGouiV2XVA4j6IzKiMWS8aKaF1kAbzYncyuDjqONhrVj-Urj-oDVpQdA8bIGk&_nc_zt=14&_nc_ht=scontent.ftpe8-1.fna&_nc_gid=4UdYqhHDMuxYVZ5W_bpnMg&oh=00_AfqC9DQh_UopLoV7By-C40WEcoac-KMZNeIP54bhcoXCRA&oe=696E4B3E",
  "ad_image": null,
  "ad_cta_text": "發送訊息",
  "ad_link_description": null,
  "ad_link_url": null,
  "ad_title": null,
  "ad_caption": "fb.com",
  "ad_page_id": "102325275412395",
  "ad_cta_type": "發送訊息",
  "ad_extra_links": [],
  "ad_extra_texts": [],
  "ad_page_categories": [
    "公眾人物"
  ],
  "ad_page_like_count": 1975,
  "ad_publisher_platform": [
    "facebook",
    "instagram"
  ],
  "ad_like_count": "0",
  "ad_share_count": "0"
}