{
  "ad_id": "1184414060240255",
  "ad_context": "｜第三屆街舞大賽｜圓滿成功 📣\n\n昨天的天氣超棒，現場也嗨到不行 👏\n感謝所有舞者熱情參與，從小朋友到阿公阿嬤，大家都一起跟著音樂動起來～🎶\n\n這次特別邀請到 | 霹靂舞金牌得主 林耀東 |  為我們帶來精彩演出！從外送員到金牌舞者，他的故事就像電影一樣熱血，也證明「只要不放棄，夢想真的能起舞」\n\n而我能做的，就是把舞台搭好，讓每個人都能盡情站上來展現自己、發光發熱✨\n我相信，只要持續努力，未來一定有人能代表台灣登上奧運舞台，替國家拿下金牌 🇹🇼🥇\n\n感謝所有熱愛街舞的大家，因為有你們，讓第三屆街舞大賽這麼熱鬧、這麼精彩 ❤️\n\n#好嗨舞團 #街舞大賽 #霹靂舞 #街舞精神 #板橋動起來",
  "ad_profile_name": "張宏陸",
  "ad_profile_image": "https://scontent.ftpe8-3.fna.fbcdn.net/v/t39.35426-6/580759596_818456084399216_7868571331974469180_n.jpg?stp=dst-jpg_s60x60_tt6&_nc_cat=111&ccb=1-7&_nc_sid=c53f8f&_nc_ohc=8xXmbO69b5kQ7kNvwHdbkMU&_nc_oc=Adk67vNJtwpQPU1I_BhjCg7wSBhoQRaXevbr-ytnArujJyGhoUt9COkFqUly3EW6I58&_nc_zt=14&_nc_ht=scontent.ftpe8-3.fna&_nc_gid=EHPoIsw2L2gZMoLSn5vvrA&oh=00_Afprkqgd88eMl3cDMR3rq8uodurUmxWCUiLjtlSehIrKcA&oe=696DBE5C",
  "ad_is_video": false,
  "ad_video_preview_image": null,
  "ad_image": "https://scontent.ftpe8-4.fna.fbcdn.net/v/t39.35426-6/579261855_24639111485767767_4046727683457991355_n.jpg?stp=dst-jpg_s600x600_tt6&_nc_cat=102&ccb=1-7&_nc_sid=c53f8f&_nc_ohc=FVZcf_tGX4UQ7kNvwEUWBAT&_nc_oc=AdlyxWTRzPlp-VxbGmeMX8TgwfrsFYfpRnKAHv0SILDYDRuDTZ1kSU2YKPmqES8jME8&_nc_zt=14&_nc_ht=scontent.ftpe8-4.fna&_nc_gid=EHPoIsw2L2gZMoLSn5vvrA&oh=00_AfqqOgBaibKZD5662F3HKyhjj20JNWAN77P-mZGXl7OVKg&oe=696DECAF",
  "ad_cta_text": "",
  "ad_link_description": null,
  "ad_link_url": null,
  "ad_title": null,
  "ad_caption": null,
  "ad_page_id": "180099508994152",
  "ad_cta_type": "",
  "ad_extra_links": [],
  "ad_extra_texts": [],
  "ad_page_categories": [
    "政治人物"
  ],
  "ad_page_like_count": 0,
  "ad_publisher_platform": [
    "facebook",
    "instagram"
  ],
  "ad_like_count": "0",
  "ad_share_count": "0"
}