{
  "ad_id": "1184213556528433",
  "ad_context": "🐾 動物的禮物｜歲末知識回饋祭 📅 2025.11.25 — 12.31\n歲末共讀，讓發聲的心意成為迴響，將知識化為最長情的禮物。\n2025來到尾聲，我們想把感謝送給每一位行動者：那些閱讀、倡議、守護動物的你！\n\n我們鼓勵大家以書為禮，把關於動物的溫柔心意送給重要的人🥰相信知識能改變視角，也能延續行動。\n\n「動物的禮物」是交織閱讀與生活實踐的回饋企劃。\n\n我們將七本動物平權書籍化作禮物，讓它們以不同的組合，在每個人的生活中繼續發聲。\n\n📘 知識好禮送到家\n動物平權書籍套組含運送到家！\n下單確認後14天內出貨，每本書皆附贈 「Vegan 感謝小卡」乙張（限量 500 張）。\n讓閱讀不只停留在書頁，更得以延續為傳遞感謝與理念的行動。\n\n🐣生命啟蒙新秀賞＄950 \n👉  https://reurl.cc/0aEQR9 \n《紅屋頂雜貨舖》\n＋《我的名字 因為你改變》 \n特選近年台灣動物權繪本，一起探索動物與社會的關係，打開讀者同理心的大門。\n\n🐾動權思辨新作賞＄950 \n👉 https://reurl.cc/Vm87g5 \n《波霸雞與翹臀豬：肉食情色論》\n＋《尋找動物烏托邦：跨越國界的動保前線紀實》\n精挑近年動物平權新作，從性別視角到行動現場，思考人與動物平權共生的可能性。\n\n🦊日常覺醒照妖鏡＄950 \n 👉 https://reurl.cc/Vm877N \n《我的名字 因為你改變》\n＋《尋找動物烏托邦：跨越國界的動保前線紀實》\n打破文明表象的兩件必備法器，照映出人類社會裡被忽略與犧牲的動物真實處境。\n\n🐻破解糖衣鑰匙圈＄950 \n👉 https://reurl.cc/Yk8Gmo \n《紅屋頂雜貨舖》\n＋《波霸雞與翹臀豬：肉食色情論》\n破解廣告糖衣的兩把關鍵鑰匙，解開階級社會與資本的框架，重新檢視不可衡量的生命價值。 \n\n🦉平權知識一脈通＄1180 \n👉 https://reurl.cc/3bORyL \n《波霸雞與翹臀豬：肉食色情論》\n＋《尋找動物烏托邦：跨越國界的動保前線紀實》\n＋《生命的權益 解放非人動物》 \n三本動物平權關鍵讀物，從性別政治、行動紀實到哲學思辨，一次包攬動物倫理知識庫。 \n\n🐰原生繪本一手包＄1680 \n👉  https://reurl.cc/aM1RXX \n《紅屋頂雜貨舖》\n＋《我的名字 因為你改變》\n＋《我想有個真正的家》\n＋《小狐狸的媽媽 媽媽的小狐狸》\n四本來自台灣的原創動物繪本，一次讀懂從生活文化到產業現象裡被忽視的秘密角落。\n\n💝我不選擇全都要👁️ ＄2780 加贈「平權書籤」乙個 \n👉  https://reurl.cc/3bORbV \n《波霸雞與翹臀豬：肉食色情論》\n＋《尋找動物烏托邦：跨越國界的動保前線紀實》\n＋《生命的權益 解放非人動物》\n＋《紅屋頂雜貨舖》\n＋《我的名字 因為你改變》\n＋《我想有個真正的家》\n＋《小狐狸的媽媽 媽媽的小狐狸》 \n七本書，完整收藏動物的聲音，讓閱讀成為一場溫暖的歲末旅程。 \n\n🎒行動爪印包(原價值$ 1750) 單購特惠價＄1399 / 套書加購價＄1099 \n👉 https://reurl.cc/oK0pY3 \n讓每一次使用都成為行動的延續，替動物留下善意的足跡\n《我的名字 因為你改變》束口袋\n＋《我的名字 因為你改變》有機棉方巾\n＋《我的名字 因為你改變》主題鋼杯\n＋《波霸雞與翹臀豬：肉食情色論》限定貼紙\n＋書籍主題明信片組＋施暖暖&動保龍捲風鑰匙圈（三款隨機擇一出貨）\n\n🎁 好讀行動週週抽（IG限定）\n讓閱讀延伸成行動，讓分享化作替動物發聲的力量。\n歡迎已經有以上書本（任一本）的朋友\n或透過這次活動入手書本的朋友一同參加！\n🎁 好讀行動週週抽（IG限定）\n讓閱讀延伸成行動，讓分享化作替動物發聲的力量。歡迎已經有以上書本（任一本）的朋友\n或透過這次活動入手書本的朋友一同參加！\n\n📸 參加方式：\n 1️⃣ 拍下所閱讀書籍的照片或影片上傳IG限時動態。\n 2️⃣ 標記 @taeanimal 並加上 #動物的禮物\n 3️⃣ 到下面這個IG這個貼文>> https://www.instagram.com/p/DRegUxKCl3i << 留言：標記兩位朋友(當然更多位也歡迎)＋對動物的祝福\n 　例：@animalpeptalk ＠noirnoirshih 🥰 祝所有動物未來不再有牢籠\n\n📅 每週日公布得獎名單｜獎項於活動結束後統一寄出\n\n🎁 週週好禮\n●11/25–30　平權 T-shirt 3 名（隨機款式）\n●12/1–7　純素手工皂 3 名、Herbibobo 動物解放臂章 3 名\n●12/8–14　設計萬用包 3 名\n●12/15–21　《我的名字 因為你改變》有機棉方巾 3 名\n●12/22–28　《紅屋頂雜貨舖》迷你專輯 3 名\n📚 閱讀，是行動的開始。\n邀請大家一起在這個冬天，讓書與生活都帶著一點溫柔的改變。\n\n #歲末為動物 #閱讀是行動 #平權書桌 #Vegan閱讀祭 #動物上書桌 #動物平權 #動保教育 #善待動物生活 #植物性生活 #知識分享 #閱讀推廣 #書單推薦 #年末購書 #平權好禮 #年底禮物 #期間限定 #閱讀生活 #書香日常 #送禮靈感  \n\n＊主辦單位保有最終修改、變更、活動解釋及取消本活動之權利＊",
  "ad_profile_name": "台灣動物平權促進會 TAEA",
  "ad_profile_image": "https://scontent.ftpe8-3.fna.fbcdn.net/v/t39.35426-6/593572297_1393337322461967_1926089487242846805_n.jpg?stp=dst-jpg_s60x60_tt6&_nc_cat=107&ccb=1-7&_nc_sid=c53f8f&_nc_ohc=abYuvwkkfQsQ7kNvwGnT6_j&_nc_oc=AdluPdeb8K71ORsZ2I3bLYgrBWggj52uAP7h4_v4lcgWoGxu3S1awdSfOjSTlwQBnEY&_nc_zt=14&_nc_ht=scontent.ftpe8-3.fna&_nc_gid=f5A2yz4un_vAQ8SfzIpmig&oh=00_AfqVyYT0Bs0OcAt5eD9n_5Lc4EZmZmu9mimjc_RymErf9w&oe=696E75C7",
  "ad_is_video": false,
  "ad_video_preview_image": null,
  "ad_image": "https://scontent.ftpe8-3.fna.fbcdn.net/v/t39.35426-6/593544195_1325527362593702_318511176170084116_n.jpg?stp=dst-jpg_s600x600_tt6&_nc_cat=111&ccb=1-7&_nc_sid=c53f8f&_nc_ohc=ON8n199zHjAQ7kNvwEbtWib&_nc_oc=Adn9X1VTDdKAg6LHJ49VGgMnKkgw77OHh26dj81JREqK8sRNIBMe2_zEf7hcPa3JWO4&_nc_zt=14&_nc_ht=scontent.ftpe8-3.fna&_nc_gid=f5A2yz4un_vAQ8SfzIpmig&oh=00_AfqPk_z7KsgcDORcq_1qT7Mi2F0iYpj3yrzutPAVbK9kYA&oe=696E6D23",
  "ad_cta_text": "來去逛逛",
  "ad_link_description": null,
  "ad_link_url": "https://reurl.cc/0aEQR9",
  "ad_title": null,
  "ad_caption": null,
  "ad_page_id": "180903242083235",
  "ad_cta_type": "來去逛逛",
  "ad_extra_links": [],
  "ad_extra_texts": [],
  "ad_page_categories": [
    "非營利組織"
  ],
  "ad_page_like_count": 0,
  "ad_publisher_platform": [
    "facebook",
    "instagram"
  ],
  "ad_like_count": "0",
  "ad_share_count": "0"
}