{
  "ad_id": "1185015953610247",
  "ad_context": "實現對台東長者的承諾！\n明年起台東70歲以上健保免費、重陽敬老禮金加碼到2000元！\n\n先前阿賓在立法院，與在野黨立委攜手推動財劃法修正，就是希望充實地方自主財源，為台東鄉親帶來更多福利及建設。這段期間，阿賓和饒慶鈴縣長也持續討論，希望能讓台東的長者減輕醫療負擔。\n\n今天饒縣長正式宣布，115年起台東縣70歲以上長者健保自付額，將由縣府全額代繳，同時重陽禮金加碼到2000元！我們對大家的承諾，做到了！\n\n縣長也特別強調，去年底縣府未償債務已歸零，加上財劃法修正，讓縣府團隊能更有效益地運用預算，同時感謝議會先進的大力支持，讓長者福利預算順利通過，讓台東持續朝「在地安老、幸福共老」的方向施政。\n\n這項政策能落實，要再次感謝饒縣長與縣府團隊的堅持與付出，長照、健保、在宅醫療，都是與鄉親息息相關的重大民生議題，阿賓會在中央持續努力，為台東鄉親爭取更多權益與福利，讓台東的長者們，活得健康、安心、有尊嚴！",
  "ad_profile_name": "黃建賓",
  "ad_profile_image": "https://scontent.ftpe8-3.fna.fbcdn.net/v/t39.35426-6/597231855_859741856806380_5955973658722893187_n.jpg?stp=dst-jpg_s60x60_tt6&_nc_cat=111&ccb=1-7&_nc_sid=c53f8f&_nc_ohc=ewftVnXACukQ7kNvwFJlUeg&_nc_oc=AdkJF1_MfpngwAS2jMYFsh9B3B3IFoAQHBkS6l3Lk5S2wCKSVuzKQEkQOkNrIGZqXDw&_nc_zt=14&_nc_ht=scontent.ftpe8-3.fna&_nc_gid=4k6ZXbnVgtvz6OFjqDJfGw&oh=00_Afo0BStNCqYvE755N8GP8_E8ghC9GcTkoSH2OTsJZHjS6Q&oe=696DE5BE",
  "ad_is_video": false,
  "ad_video_preview_image": null,
  "ad_image": "https://scontent.ftpe8-3.fna.fbcdn.net/v/t39.35426-6/595414229_1050815000540801_524392855746880595_n.jpg?stp=dst-jpg_s600x600_tt6&_nc_cat=111&ccb=1-7&_nc_sid=c53f8f&_nc_ohc=VRrwPu3CuyEQ7kNvwGV4YML&_nc_oc=AdmJmEcmLaaqThWhDlgeg-zO1_WeAQppbCqDb1LaNwN_UqyjzCocvh5TNaGApd967Uk&_nc_zt=14&_nc_ht=scontent.ftpe8-3.fna&_nc_gid=4k6ZXbnVgtvz6OFjqDJfGw&oh=00_AfotY4qSQa-4GhJ6Pe7liBY5Xe-seqEzHr4Bp9CXJXlwYA&oe=696DDE24",
  "ad_cta_text": "",
  "ad_link_description": null,
  "ad_link_url": null,
  "ad_title": null,
  "ad_caption": null,
  "ad_page_id": "288985605227865",
  "ad_cta_type": "",
  "ad_extra_links": [],
  "ad_extra_texts": [],
  "ad_page_categories": [
    "政治人物"
  ],
  "ad_page_like_count": 0,
  "ad_publisher_platform": [
    "facebook",
    "instagram"
  ],
  "ad_like_count": "0",
  "ad_share_count": "0"
}