{
  "ad_id": "1185966169542578",
  "ad_context": "#DEI 3.0\n如何運用DEI解決新時代的管理痛點？\n立即報名➡️ https://bit.ly/3CPipMs\n\n動盪⋯⋯已成為商業世界的新常態。\n在AI迅速發展下，學習如何兼顧數位轉型與以人為本的關懷？\n在新世代與中高齡的管理變革中，學習如何縮短對話鴻溝？\n在多元化人才時代下，學習如何善用掌握跨文化管理訣竅？\n\n⭐️ 論壇亮點⭐️\n✔️帶您看見人才管理的下一個趨勢\n✔️打開企業實戰管理的真實場景\n✔️與政策直球對決的交流\n\n⭐️ 2025 DEI 管理實戰論壇資訊⭐️\n主題：包容性領導 駕馭新局\n日期：2025.03.28 09:00-17:00\n地點：台北政大公企中心國際會議廳\n\n#DEI #AI #數位轉型 #新世代 #管理變革 #人才",
  "ad_profile_name": "天下學習",
  "ad_profile_image": "https://scontent-tpe1-1.xx.fbcdn.net/v/t39.30808-1/532969812_1175690591250303_6627235316148123904_n.jpg?stp=dst-jpg_s200x200_tt6&_nc_cat=107&ccb=1-7&_nc_sid=2d3e12&_nc_ohc=bhUKm8VPzloQ7kNvwFRSs0e&_nc_oc=AdkU-koX2KH5GH5HCW7W35So1jvJ7iOagm4j2pXpOR0oD8udjlzNb_MEOTcCipcobPA&_nc_zt=24&_nc_ht=scontent-tpe1-1.xx&_nc_gid=OZzODN01DK9WU3mZbxn-2Q&oh=00_Afo5pb-Ad2cmbNxSkeNPRMbYX6_KZ5GQtW9dQYDZixu_Vg&oe=696B42B2",
  "ad_is_video": false,
  "ad_video_preview_image": null,
  "ad_image": "https://scontent-tpe1-1.xx.fbcdn.net/v/t39.35426-6/476633289_2461570930873007_7319606835948081435_n.jpg?stp=dst-jpg_s600x600_tt6&_nc_cat=108&ccb=1-7&_nc_sid=c53f8f&_nc_ohc=ZLtFmIVg8JkQ7kNvwGj7FSk&_nc_oc=Adkz2yz8gdiBldfTXCCNUtmK_NdRmebsQIQjP5cDcavzdcLeTJ0ufSl2RQZ99MOZWGg&_nc_zt=14&_nc_ht=scontent-tpe1-1.xx&_nc_gid=Ey7Zf3kl0z2xmIq9NCHKlA&oh=00_AfrlGujKGGIK9kXSov6m-7zQs_KkhMkBBPrdX7m2kiKlaQ&oe=696B5E74",
  "ad_cta_text": null,
  "ad_link_description": "企業管理現場經驗分享，引領年度趨勢的DEI管理論壇。多元文化、AI迭代、跨世代的管理挑戰愈來愈大，如何兼顧數位與人本？兼容管理紀律與開放包容？平衡跨越文化與世代的溝通？在抉擇與徬徨中，「包容性領導」是最好的....",
  "ad_link_url": "https://bit.ly/3CPipMs",
  "ad_title": "2025 DEI 管理實戰論壇",
  "ad_caption": "web.cheers.com.tw",
  "ad_page_id": "108233474101024",
  "ad_cta_type": null,
  "ad_extra_links": [],
  "ad_extra_texts": [],
  "ad_page_categories": [
    "教育網站"
  ],
  "ad_page_like_count": 16000,
  "ad_publisher_platform": [
    "facebook"
  ],
  "ad_like_count": "0",
  "ad_share_count": "0"
}