{
  "ad_id": "1185143216910103",
  "ad_context": "📢 新北行動力，減碳超給力！ 🌏✨\n一起和新北攜手，讓減碳行為成為日常！\n現在參加活動，就有機會抽中淡水將捷金鬱金香酒店平日雙人住宿卷、空氣清淨機等超值好禮！🎁\n\n📅 活動期間：即日起至 114 年 12 月 21 日（日）23:59截止\n\n📌 完成步驟簡單 3 招，人人都能參加！\n1️⃣ 按讚 + 分享 此篇活動貼文、追蹤新北i環保粉專\n2️⃣ 留言參加：於留言區貼上你的減碳行動照片，並標記 1 位好友\n👉 範例：「@好友 新北行動力，減碳超給力！跟我一起減碳愛地球 ♥️」\n3️⃣ 填寫活動表單 👉 https://forms.gle/Mg1nNcc7UWh9Uipr7\n完成後即可參加抽獎！🎉\n\n🌿 減碳行動靈感\n• 搭大眾運輸 / 騎腳踏車\n• 使用環保杯、環保袋、自備餐具\n• 垃圾分類 / 使用發票載具\n• 自備盥洗用品、種植綠色植物\n• 參加環保活動（地球日、世界環境日等）\n• 吃無肉餐\n\n💡 一起響應「新北減碳四大工具」\n🏠 節能E好宅｜智慧節能住得安心\n👨‍👩‍👧 節能E管家｜守護家庭用電好幫手\n📱 淨零新北APP｜掌握最新環保活動、行動挑戰\n🌍 全民碳集｜累積你的減碳行動，為地球加分\n\n🎪 線下活動同步響應想要更有趣的互動嗎？\n快來現場參加，一起響應減碳行動！\n✨ 拍拍貼機、扭蛋抽獎等你來玩！\n📍 9/20 (六) 板橋 435 藝文特區《新北巡守 20有成》11:30–14:00\n👉 線上參加抽大獎，線下活動更有滿滿互動驚喜！快邀朋友一起加入～\n\n#新北行動力減碳超給力 #減碳生活好Easy #節能E好宅 #節能E管家 #淨零新北APP #全民碳集 #淨零綠生活",
  "ad_profile_name": "新北i環保",
  "ad_profile_image": "https://scontent.ftpe8-1.fna.fbcdn.net/v/t39.35426-6/594074089_770857059305241_6431057186921007430_n.jpg?stp=dst-jpg_s60x60_tt6&_nc_cat=108&ccb=1-7&_nc_sid=c53f8f&_nc_ohc=27LrVXcoBt0Q7kNvwG8n-dg&_nc_oc=Adls_SzgVIG1ELeCV8lTekU8ORKdxy7iM04Wx2dEYgYUdtjlkjmX52L_GIOqZxFbEeg&_nc_zt=14&_nc_ht=scontent.ftpe8-1.fna&_nc_gid=x0itN6UpTgrCzDAYUMQmvQ&oh=00_AfpByWfP0FynF6dXryWo7ohuO2wV8FFLZ62-0XJbHrXl4A&oe=696DD71B",
  "ad_is_video": false,
  "ad_video_preview_image": null,
  "ad_image": "https://scontent.ftpe8-1.fna.fbcdn.net/v/t39.35426-6/596809405_1352373142608630_4715854574845980131_n.jpg?stp=dst-jpg_s600x600_tt6&_nc_cat=109&ccb=1-7&_nc_sid=c53f8f&_nc_ohc=J26VgpKeLk8Q7kNvwF3OCiW&_nc_oc=AdnQx8aU_l-adEvvsRm1bmd4kSytW8p0jWZzN8N_Jw9HVSvBr9dgw8lmuxy07DVbY0U&_nc_zt=14&_nc_ht=scontent.ftpe8-1.fna&_nc_gid=x0itN6UpTgrCzDAYUMQmvQ&oh=00_AfpQzlJdtpFXbwAILhwWCNXTQ-XsMD6H2BtqdKM2C5_Trw&oe=696DD328",
  "ad_cta_text": "",
  "ad_link_description": null,
  "ad_link_url": "https://forms.gle/Mg1nNcc7UWh9Uipr7",
  "ad_title": null,
  "ad_caption": null,
  "ad_page_id": "848545415232839",
  "ad_cta_type": "",
  "ad_extra_links": [],
  "ad_extra_texts": [],
  "ad_page_categories": [
    "政府機構"
  ],
  "ad_page_like_count": 0,
  "ad_publisher_platform": [
    "facebook",
    "instagram"
  ],
  "ad_like_count": "0",
  "ad_share_count": "0"
}