{
  "ad_id": "1185637645721927",
  "ad_context": "選舉，本該是日常的生活！\n參政，實踐一場自己希望的選舉風氣。\n2018年，實現了乾淨鄉長選舉！\n2022年，浪我來乾淨代表選舉！",
  "ad_profile_name": "嵬浪.斗力 Wilang.Toli",
  "ad_profile_image": "https://scontent.ftpe8-1.fna.fbcdn.net/v/t39.35426-6/315585164_715618903259294_9062014858438779611_n.jpg?stp=dst-jpg_s60x60_tt6&_nc_cat=108&ccb=1-7&_nc_sid=c53f8f&_nc_ohc=aQRM0EAfsfUQ7kNvwGdHKtP&_nc_oc=AdlJO2GKmXb9AM922s95kpFLNkmvN5Z3NBzmIKziVmyyQOrq9OMd2CSdU5dIq7DmaLs&_nc_zt=14&_nc_ht=scontent.ftpe8-1.fna&_nc_gid=defhYKFGi02XmciB4Q_AeQ&oh=00_Afq57HNF6C7SZ4LKamosfqV3PQFcV9u73VeRgf9r0ZW2IQ&oe=696E52A8",
  "ad_is_video": false,
  "ad_video_preview_image": null,
  "ad_image": "https://scontent.ftpe8-1.fna.fbcdn.net/v/t39.35426-6/315776591_1345710559499420_503709807480287448_n.jpg?stp=dst-jpg_s600x600_tt6&_nc_cat=109&ccb=1-7&_nc_sid=c53f8f&_nc_ohc=fhpuJ6RiHLAQ7kNvwEt_ont&_nc_oc=Adk_aBermU_WN6PKK_iPfXxQhsyPTmoEjWFFaYemOsKSu9Ryn_QKfuBGXXtQVAdrD0Y&_nc_zt=14&_nc_ht=scontent.ftpe8-1.fna&_nc_gid=defhYKFGi02XmciB4Q_AeQ&oh=00_AfrXK-tRWtR9K50hY9Jn8pLbbavmUROVR6jw3zpuzVMeVw&oe=696E432F",
  "ad_cta_text": "說這專頁讚",
  "ad_link_description": null,
  "ad_link_url": "https://www.facebook.com/191391824776966",
  "ad_title": "嵬浪.斗力 Wilang.Toli",
  "ad_caption": "facebook.com",
  "ad_page_id": "191391824776966",
  "ad_cta_type": "說這專頁讚",
  "ad_extra_links": [],
  "ad_extra_texts": [],
  "ad_page_categories": [],
  "ad_page_like_count": 0,
  "ad_publisher_platform": [
    "facebook"
  ],
  "ad_like_count": "0",
  "ad_share_count": "0"
}