{
  "ad_id": "1186353613379640",
  "ad_context": "災難發生時，你跟家人們多快能遠離危險？\n𝟭小時行動計畫 https://lihipro.com/pjyoY\n🏠讓你跟夥伴打造好安全屋 \n\n面對不斷升高的戰爭與天災的風險，為了所有你在乎的人的平安，必須提前準備。\n\n「編織庇護網計畫」由此而生，為了能打造「由熟悉且可信賴的人們」組成的避風港。\n\n透過「收容所開設營運指南」、「套件」與「核心課程」，訓練夥伴在危機時刻，能迅速動員並開設收容所，與親友在準備好的地方，安全度過最混亂的時期。\n\n【募資原因】\n\n➊ 公部門量能專業但有限，無法第一時照顧到所有人。\n➋ 戰災與天災，無法只憑個人的防災準備去面對，必須仰賴團體互助。\n➌ 目前提供給大眾的課程，多數著重於提升個人的防救災能力，而較少見針對團體或組織設計的內容。\n\n【募資預計達成】\n⓵ 開發指南、套件與課程，提供實用有效的團體防災方案\n⓶ 2027年以前在台南建立75個民間收容所團隊，降低在地民眾面對災害的脆弱性。\n⓷ 將指南與套件，盡可能的部署到合適的避難處所，提升城市韌性，堆疊侵略者的成本\n\n💰小額贊助：就算只是投注一點力量，也是向前的一步。\n\n👥分享貼文：把這篇訊息分享給親友、社區群組、Line 社群，都可能帶來意想不到的影響。\n\n📱聯絡你所屬組織／社團：如果你在教會、社區、公司有影響力，可以推薦這專案給團體參與。\n\n立刻加入，跟我們一起編織強韌的庇護網\n🔥https://lihipro.com/pjyoY",
  "ad_profile_name": "圓鯨韌性",
  "ad_profile_image": "https://scontent.ftpe8-4.fna.fbcdn.net/v/t39.35426-6/558957644_818935820640612_1733950266552067261_n.jpg?stp=dst-jpg_s60x60_tt6&_nc_cat=104&ccb=1-7&_nc_sid=c53f8f&_nc_ohc=D-6oGLfVUD0Q7kNvwEQybca&_nc_oc=AdlabkJunZmKw8u13jiJDc36YglaoPEfay9ZFpBZNMIIOU0kwQvV0KU8bx4Nk3VKoDg&_nc_zt=14&_nc_ht=scontent.ftpe8-4.fna&_nc_gid=sXLsup0F5sLpSpG4vA4eyA&oh=00_Afo2Hdjxue_kYEIIZqxF-KRsr9Xb87m9H_ICF5OrmLpaCA&oe=696E719B",
  "ad_is_video": false,
  "ad_video_preview_image": "https://scontent.ftpe8-1.fna.fbcdn.net/v/t39.35426-6/568072914_1366803461668962_1144292932117426605_n.jpg?_nc_cat=109&ccb=1-7&_nc_sid=c53f8f&_nc_ohc=0WyrxeS9RY0Q7kNvwElc7T7&_nc_oc=AdmljbpXG3rLZVTBZR6Z5H8HOMh3_MQ018qlw1a62oufEvvXmMzBwEq5TFf9tR-qC8w&_nc_zt=14&_nc_ht=scontent.ftpe8-1.fna&_nc_gid=sXLsup0F5sLpSpG4vA4eyA&oh=00_AfqJaWzcmmQO-EKUm3g_5PItK9xgsL1j93pZYdzYWgnqeA&oe=696E4B61",
  "ad_image": null,
  "ad_cta_text": "觀看更多",
  "ad_link_description": null,
  "ad_link_url": "https://lihipro.com/pjyoY",
  "ad_title": "嘖嘖募資中｜系統+社群▶為你守護家人",
  "ad_caption": "lihipro.com",
  "ad_page_id": "685914854616134",
  "ad_cta_type": "觀看更多",
  "ad_extra_links": [],
  "ad_extra_texts": [],
  "ad_page_categories": [
    "顧問公司"
  ],
  "ad_page_like_count": 457,
  "ad_publisher_platform": [
    "facebook",
    "instagram"
  ],
  "ad_like_count": "0",
  "ad_share_count": "0"
}