{
  "ad_id": "1186456780155687",
  "ad_context": "有人問我，騎摩托車的目的是什麼？\n我回答：「答案在路上，自由在風裡。」\n\n－\n\nSOARIN｜一間專注於復古風格的服飾品牌。\n是的，我們不賣摩托車，\n\n只是和你一樣，純粹的熱愛騎行一群人。\n\n雖說賣的是衣服，但我們其實也不是很懂時尚之類的事，只知道這世間的吵雜無趣，再好看的衣服也無法遮掩。\n\n所以就默默地為你做一件又一件 ...\n\n#懶得向一切爭辯的衣服\n#能去往遠方的褲子\n#容得下理想的外套\n\n假如你恰好也喜歡，那這樣就太美好了。\n\n//////////\n\n想和我們發生深入關係，\n可以來店裡瞧瞧\n►https://bit.ly/459vE4e\n\n或是直接私訊我們，\n我們可以推薦你幾款「適合騎車的外套」、提供你騎行的「復古服飾穿搭」思路，\n\n也或者，可以聊聊路上發生的事；\n\n總之，一想到你可能穿上我們的衣服，跑到天涯海角，我就感到很高興。\n\n－－－\n\n#SOARIN復古男裝 #復古騎行 #英倫復古 #復古男裝 #摩托車 #復古摩托 #老爺車 #摩托 #重機 #機車 #機車旅行 #重機女子 #男生穿搭 #機車穿搭 #騎車穿搭 #ootd #motorcycle #moto #bikelife #bikeporn #racing #custom",
  "ad_profile_name": "SOARIN.tw｜獨立復古原創男裝",
  "ad_profile_image": "https://scontent.ftpe8-3.fna.fbcdn.net/v/t39.35426-6/584730058_770968245995115_8689594704846495024_n.jpg?stp=dst-jpg_s60x60_tt6&_nc_cat=106&ccb=1-7&_nc_sid=c53f8f&_nc_ohc=WobV92H01lMQ7kNvwEXoBt_&_nc_oc=AdlYgmNhU3Oz0Zghng2HY7BG_GL0P9PD8OX2OCTPHUPQA284UMJVGQAIA7Xb6bB8FXo&_nc_zt=14&_nc_ht=scontent.ftpe8-3.fna&_nc_gid=V0CCg4eYpA-TQ9K3BWqWsw&oh=00_AfrOPRTozRjAF4Pv_QchKBEiD-3BENikLsFwMG1GLYUHqA&oe=696DB693",
  "ad_is_video": false,
  "ad_video_preview_image": "https://scontent.ftpe8-3.fna.fbcdn.net/v/t39.35426-6/584299480_1358838641774996_6463460256232790548_n.jpg?_nc_cat=106&ccb=1-7&_nc_sid=c53f8f&_nc_ohc=viZ3GnQjr0QQ7kNvwHlbIlw&_nc_oc=AdmzJHY78K1IBeovdr9KnmHyei-nJZtGD6In0P6bX3yWFTmIq2i-xe-NZR1-FF2YOec&_nc_zt=14&_nc_ht=scontent.ftpe8-3.fna&_nc_gid=V0CCg4eYpA-TQ9K3BWqWsw&oh=00_Afrpa_DH58uxzEmM1ajC2NPjQu1yIXon-BQ2FcQzjgwqUA&oe=696D8D2A",
  "ad_image": null,
  "ad_cta_text": "來去逛逛",
  "ad_link_description": "雖說賣的是衣服，但我們其實也不是很懂時尚之類的事，只知道這世間的吵雜無趣，再好看的衣服也無法遮掩。",
  "ad_link_url": "https://bit.ly/459vE4e",
  "ad_title": "永遠做一個最愛自己的人｜SOARIN復古服飾",
  "ad_caption": "www.soarin-tw.net",
  "ad_page_id": "236487033823084",
  "ad_cta_type": "來去逛逛",
  "ad_extra_links": [],
  "ad_extra_texts": [],
  "ad_page_categories": [
    "男性服飾店"
  ],
  "ad_page_like_count": 0,
  "ad_publisher_platform": [
    "facebook",
    "instagram",
    "audience_network",
    "messenger",
    "threads"
  ],
  "ad_like_count": "0",
  "ad_share_count": "0"
}