{
  "ad_id": "1187604853293065",
  "ad_context": "#2025野餐咖啡趴  歡樂登場！\n\n一年一度最Chill、適合全家大小一起放鬆的 野餐×咖啡×親子派對 來啦！\n趕快揪親朋好友帶上愛寵，一起到戶外享受音樂、咖啡香、美食、表演與滿滿活動～\n........\n2025 / 12 / 6（六）上午10：00－下午4：00\n📍地點： 香山步道 東方公園 (大草坪) \n🚗臨時停車場：世界天后宮(接駁車往返接送至田坑路一段之香山公園上方入口處)  \n\n........\n活動亮點一次看！\n🎶 陶笛｜對唱｜烏克麗麗｜手指鼓\n🎈 氣球秀、魔術秀精采表演\n☕ 野餐咖啡趴・美食市集：在草地上喝咖啡、吃美食最幸福\n👧 親子闖關玩樂區：一起動起來、一起笑\n☕ 戶外沖咖啡教學：上下午兩場，開放現場參加\n🎭 Cosplay 見面會：4大人氣角色同場華麗現身  絕美造型讓你拍過癮\n🛍️ 消費券：當天上午10點開放【 #現金200元兌換250元消費券 】逛市集超划算\n🎁 當天fb貼文打卡還能拿好禮\n\n........\n #親子植栽DIY ：11/17上午9點開放線上報名\n https://ppt.cc/fRoaGx\n\n........\n #下午茶野餐券 線上預購：4人套組999元，限量100組\n https://ppt.cc/fLnwkx\n\n歡迎市民朋友一起來香山公園野餐、喝咖啡、拍美照，度過最Chill的親子假日🌞🍃",
  "ad_profile_name": "彰化市公所",
  "ad_profile_image": "https://scontent.ftpe8-4.fna.fbcdn.net/v/t39.35426-6/583232046_24864674893227686_42769886491734675_n.jpg?stp=dst-jpg_s60x60_tt6&_nc_cat=102&ccb=1-7&_nc_sid=c53f8f&_nc_ohc=ZVtKQctZZhsQ7kNvwEVRcd4&_nc_oc=AdmrQT2zdMy02z3wOKKvZlCFnoYdWaVrpveKk71dD1WwrgnFYs96yvbiqPzZBMU4vZE&_nc_zt=14&_nc_ht=scontent.ftpe8-4.fna&_nc_gid=WJz6L5qG83G6ZRzUhUqaoA&oh=00_AfpPEQbC8f99CuhkzKWmbv_1qA4zTkMJtOCymIJKOiCtTQ&oe=696E5DCB",
  "ad_is_video": false,
  "ad_video_preview_image": null,
  "ad_image": "https://scontent.ftpe8-2.fna.fbcdn.net/v/t39.35426-6/583618912_1456901052080729_7711438401717585886_n.jpg?stp=dst-jpg_s600x600_tt6&_nc_cat=100&ccb=1-7&_nc_sid=c53f8f&_nc_ohc=TdW_MuqyRIsQ7kNvwHmYfpK&_nc_oc=Adl7ESs0uvBUk3rO3J0QjQ5-TtcTsjOaO11GjyW2htP-LY1RYB0vE9OUJ90v88_0Sw8&_nc_zt=14&_nc_ht=scontent.ftpe8-2.fna&_nc_gid=WJz6L5qG83G6ZRzUhUqaoA&oh=00_Afp0MXLSYboILbkrQBmOGPi907PyIaPq860CUc4PwRIiPQ&oe=696E5CDB",
  "ad_cta_text": "",
  "ad_link_description": null,
  "ad_link_url": "https://ppt.cc/fRoaGx",
  "ad_title": null,
  "ad_caption": null,
  "ad_page_id": "784013591704650",
  "ad_cta_type": "",
  "ad_extra_links": [],
  "ad_extra_texts": [],
  "ad_page_categories": [
    "政府機構"
  ],
  "ad_page_like_count": 0,
  "ad_publisher_platform": [
    "facebook"
  ],
  "ad_like_count": "0",
  "ad_share_count": "0"
}