{
  "ad_id": "1187463250241829",
  "ad_context": "#三國阮卡勇 #今日上綫\n🔥超高爆率三國卡牌遊戲🔥\n 💁‍♀️千萬不可錯過這款三國游戲！\n 🌸點擊獲取專屬福利碼VIP888，VIP666，svip888",
  "ad_profile_name": "三國阮卡勇-名將爭霸",
  "ad_profile_image": "https://scontent.ftpe8-3.fna.fbcdn.net/v/t39.35426-6/605714126_1362325428975646_3654140838590016741_n.jpg?stp=dst-jpg_s60x60_tt6&_nc_cat=106&ccb=1-7&_nc_sid=c53f8f&_nc_ohc=PzUsJ2xRLG4Q7kNvwEI30KY&_nc_oc=AdlD05CYkkO9gYVuZyQtORf5DTl_DcAAgJp8H-tjWneGe8KoqGIhNT-E9QHsq84i40g&_nc_zt=14&_nc_ht=scontent.ftpe8-3.fna&_nc_gid=rus8B-9yieSYrh5647zn5Q&oh=00_AfrwFAE02HawT_rweyLo5RsyQvQkFI5FNC6uzGM6UCcATQ&oe=696E54E9",
  "ad_is_video": false,
  "ad_video_preview_image": "https://scontent.ftpe8-4.fna.fbcdn.net/v/t39.35426-6/607431643_868558165659304_7962000558147401527_n.jpg?_nc_cat=110&ccb=1-7&_nc_sid=c53f8f&_nc_ohc=00to72mdnUgQ7kNvwEY370Y&_nc_oc=AdkCV13K7kQrLTPlAASP4H6nQW2yafUYeUY4zUJXatCMXVATHcaNWC27PJkSsw_1lvY&_nc_zt=14&_nc_ht=scontent.ftpe8-4.fna&_nc_gid=rus8B-9yieSYrh5647zn5Q&oh=00_Afo9Oor3eVEqDUBMM-F8lLElliVphY6uInohzEGB8Tmkkg&oe=696E6719",
  "ad_image": null,
  "ad_cta_text": "立即安裝",
  "ad_link_description": null,
  "ad_link_url": "https://l.facebook.com/l.php?u=http%3A%2F%2Fplay.google.com%2Fstore%2Fapps%2Fdetails%3Fid%3Dcom.szqdgames.threekd.tkh%26fbclid%3DIwZXh0bgNhZW0CMTAAYnJpZBExOFBnZndlbkFwVVZFVnBIQnNydGMGYXBwX2lkDzU0MTYzOTQ5Mzg4OTAyNQABHri00Zy1V2npNnwthUaYvXdf6zArpwq1iJ84ZW1ol5s3BKR4eQKowDNnScrr_aem_fdqmPsTx8N8agony1TtOIA&h=AT0nXTAifAPzkLPGb83yNrzos5ePO8XIJuqHi9FOAuRzEZnN6O37-wehWBxYW8RfmBS31snmCTuwcEdKDm-qEV-VZKapzx37PQJjdJbNwt_V_juHOPZcO2qX8PguhGlKHntQRhZOCCDN_7pmlIQ0yA",
  "ad_title": "全台爭霸開打！集結兄弟奪天下",
  "ad_caption": "play.google.com",
  "ad_page_id": "794290470444411",
  "ad_cta_type": "立即安裝",
  "ad_extra_links": [],
  "ad_extra_texts": [],
  "ad_page_categories": [
    "遊戲發佈商"
  ],
  "ad_page_like_count": 1395,
  "ad_publisher_platform": [
    "facebook",
    "instagram",
    "audience_network",
    "messenger",
    "threads"
  ],
  "ad_like_count": "0",
  "ad_share_count": "0"
}