{
  "ad_id": "1187567500110696",
  "ad_context": "試玩60秒，舒服一整年！上線就送3000抽！",
  "ad_profile_name": "山海game",
  "ad_profile_image": "https://scontent.ftpe8-4.fna.fbcdn.net/v/t39.35426-6/615420612_763720972803974_4010144788773959263_n.jpg?stp=dst-jpg_s60x60_tt6&_nc_cat=102&ccb=1-7&_nc_sid=c53f8f&_nc_ohc=YxRmxEdPdIwQ7kNvwEM4rAY&_nc_oc=Adnh3PdeBq2IfxTyDLPloheT4jKbtopV8ntdTBORYQjFuW2xzdwC4wL7nkYNd_1YM_A&_nc_zt=14&_nc_ht=scontent.ftpe8-4.fna&_nc_gid=2NwRGfFRAr2EQEFaV6yC9Q&oh=00_AfqCllWtWm6wF5T9U0dseL3H0EId-WmbHFTJ3dGtZ_VpKQ&oe=696DDC2F",
  "ad_is_video": false,
  "ad_video_preview_image": "https://scontent.ftpe8-2.fna.fbcdn.net/v/t39.35426-6/615406479_1393130072299100_5969410577225787217_n.jpg?_nc_cat=101&ccb=1-7&_nc_sid=c53f8f&_nc_ohc=GcD6FDpLf6oQ7kNvwE2c2RX&_nc_oc=AdlQfhP_tnAUZHJCXG81Qi3kIvlL4k4sMAq1Y2cIpJ2P3w9Egeutwb4BNYTOdDcmv-U&_nc_zt=14&_nc_ht=scontent.ftpe8-2.fna&_nc_gid=2NwRGfFRAr2EQEFaV6yC9Q&oh=00_AfrXfq5HuOlfFVec1XcTujFvI7oyPFfoF9zu4yLqySHw6g&oe=696DECB1",
  "ad_image": null,
  "ad_cta_text": "立即安裝",
  "ad_link_description": null,
  "ad_link_url": "https://l.facebook.com/l.php?u=http%3A%2F%2Fplay.google.com%2Fstore%2Fapps%2Fdetails%3Fid%3Dcom.seas.twigp%26fbclid%3DIwZXh0bgNhZW0CMTAAYnJpZBExSVF5MFdiSDNXa0k5cVpWV3NydGMGYXBwX2lkDzU0MTYzOTQ5Mzg4OTAyNQABHq_nah7VLKFXJKeXQJfHQP0yQRczaDbrZtFUMmvzv1EXSklwiMNenlQSmljt_aem_JBfNeaulO-7Urz_CYCLUkg&h=AT2DEPCrfcryCj7PNxmysHqceuj69U8X6kvSeJqv-Ihn6cnJ-JMMkGTaKmg2kAEfhEsM5EHYISIMUL3y41nmsLlA9ZO-DNjavpNzpIbKdwblcTAq-EcHENIDmvpHUQwpjmavp3MMc1uPDzjrdNw7Ng",
  "ad_title": "三分鐘玩到爽，躲廁所腿都蹲麻！",
  "ad_caption": "play.google.com",
  "ad_page_id": "603110272880570",
  "ad_cta_type": "立即安裝",
  "ad_extra_links": [],
  "ad_extra_texts": [],
  "ad_page_categories": [
    "遊戲發佈商"
  ],
  "ad_page_like_count": 34,
  "ad_publisher_platform": [
    "facebook",
    "instagram",
    "audience_network",
    "messenger",
    "threads"
  ],
  "ad_like_count": "0",
  "ad_share_count": "0"
}