{
  "ad_id": "1188902019124940",
  "ad_context": "企業危機火勢總是燒得又急又快，想要避免企業炎上危機？\n\n第一步：建立危機警報\n固定追蹤企業輿情，讓您時刻掌握動態，即時扼殺危機火苗避免炎上。\n第二步：追蹤火源熱點\n滅火必須找出火源才能精準滅火，讓危機火勢不再擴大延燒範圍。\n\nQuickseeK APP 行動輿情庫一次滿足需求，透過APP不僅能主動推播議題，更能利用速查功能快速掌握負評流向。\n\n功能亮點：\n👉即時推播 好便利：主動即時推播，第一手通知最新輿情，快速找到危機火苗。\n👉輕鬆篩選 找重點：具有篩選功能，輕易掌握輿論來源和風向，梳理危機問題。\n👉資訊共享 好簡單：內建輿情分享功能．一鍵傳遞給相關人員，讓團隊快速處理危機。\n\n立即下載七天試用，體驗擁有專屬隨身資料庫：https://reurl.cc/nN3xKX",
  "ad_profile_name": "QuickseeK快析輿情資料庫",
  "ad_profile_image": "https://scontent-tpe1-1.xx.fbcdn.net/v/t39.35426-6/449184317_1159295608607344_7744207791838162521_n.jpg?stp=dst-jpg_s60x60_tt6&_nc_cat=110&ccb=1-7&_nc_sid=c53f8f&_nc_ohc=qMPpeKrDd6AQ7kNvwH51Or5&_nc_oc=AdlvJBsp7QXJqsNW0rjbwi6PGQ4NsUd0eWh4t9TGEVQcHeSmQh0BeUT-SbyOJ_I82eY&_nc_zt=14&_nc_ht=scontent-tpe1-1.xx&_nc_gid=cVxzRXmQxjmq4vHdFlEekg&oh=00_AfrSegKevxS31sxqC6UIbbWWm-PrbTFWYXWAAQ8wB12ByQ&oe=696D4FE2",
  "ad_is_video": false,
  "ad_video_preview_image": null,
  "ad_image": "https://scontent-tpe1-1.xx.fbcdn.net/v/t39.35426-6/449318653_7692304540845969_6783590977965965099_n.jpg?stp=dst-jpg_s600x600_tt6&_nc_cat=108&ccb=1-7&_nc_sid=c53f8f&_nc_ohc=g1e_ACFhS_UQ7kNvwHDhUTL&_nc_oc=Adk0H_ulOaHMqicv7L-jrXSzC2CnnT92kIj_WfNBhY5W1w_ZcytqWAJ31eUhvG-lk7o&_nc_zt=14&_nc_ht=scontent-tpe1-1.xx&_nc_gid=cVxzRXmQxjmq4vHdFlEekg&oh=00_AfpJ_ghrSKIf4UiKVVGtT7Bvb1rVbubr9Ak2zSyIy6BfLQ&oe=696D533A",
  "ad_cta_text": "",
  "ad_link_description": null,
  "ad_link_url": "https://reurl.cc/nN3xKX",
  "ad_title": null,
  "ad_caption": null,
  "ad_page_id": "1547614165384988",
  "ad_cta_type": "",
  "ad_extra_links": [],
  "ad_extra_texts": [],
  "ad_page_categories": [],
  "ad_page_like_count": 0,
  "ad_publisher_platform": [
    "facebook",
    "instagram"
  ],
  "ad_like_count": "0",
  "ad_share_count": "0"
}