{
  "ad_id": "1189031829962684",
  "ad_context": "名間鄉鄉長參選人\n爭取國民黨提名!",
  "ad_profile_name": "史雪燕",
  "ad_profile_image": "https://scontent.ftpe8-2.fna.fbcdn.net/v/t39.35426-6/606379896_1055151430082562_437796540025280925_n.jpg?stp=dst-jpg_s60x60_tt6&_nc_cat=100&ccb=1-7&_nc_sid=c53f8f&_nc_ohc=CA_AxU3yzToQ7kNvwFJDDGK&_nc_oc=AdlOwsP8xlQwWqOS2I4xB-FwAe7R9rjjrkHk8GHZVU6xfhGHWe32shoyjHRUUIu0PGk&_nc_zt=14&_nc_ht=scontent.ftpe8-2.fna&_nc_gid=_lMXWDjFYmuWnOyRtdzXsQ&oh=00_Afpeh1wEHVx_N8z2zoecW_XuYYSqYCILFxtfic-0714Fhg&oe=696E6A07",
  "ad_is_video": false,
  "ad_video_preview_image": null,
  "ad_image": "https://scontent.ftpe8-3.fna.fbcdn.net/v/t39.35426-6/607651034_1922417114974788_2888612531381781551_n.jpg?stp=dst-jpg_s600x600_tt6&_nc_cat=107&ccb=1-7&_nc_sid=c53f8f&_nc_ohc=GLpJvd3kl00Q7kNvwEO-DHa&_nc_oc=AdluswtuZOGvpPZlXo-lwNcyeYYNrwvXSy2XY0ylfbqL1oBDouJbiOww6JBbMHRfI3w&_nc_zt=14&_nc_ht=scontent.ftpe8-3.fna&_nc_gid=_lMXWDjFYmuWnOyRtdzXsQ&oh=00_AfqS_jzEBMrBF-oPXqHJQzaRh57vrEEcEqqRIcIpUwGo0w&oe=696E5705",
  "ad_cta_text": "造訪個人檔案",
  "ad_link_description": null,
  "ad_link_url": "https://l.facebook.com/l.php?u=http%3A%2F%2Fwww.fb.com%2F100063487039149&h=AT1QoIa7koDw-NVa6GCX7zYXDv-7g3beSQ10vegLH1-OCwNc-RWKEMG-Xo6vZyIV8iDJC0lxlB7vYOMPKE0Ay0RTG7AwqDOjYa0TaUaXioaybmLrC72OPP15MI8GUgGyNKlGghtiW9zfnN4LuHRzKw",
  "ad_title": "www.fb.com",
  "ad_caption": "fb.com",
  "ad_page_id": "140579700012503",
  "ad_cta_type": "造訪個人檔案",
  "ad_extra_links": [],
  "ad_extra_texts": [],
  "ad_page_categories": [
    "政治人物"
  ],
  "ad_page_like_count": 2716,
  "ad_publisher_platform": [
    "facebook"
  ],
  "ad_like_count": "0",
  "ad_share_count": "0"
}