{
  "ad_id": "1189854719869754",
  "ad_context": "",
  "ad_profile_name": "Each Modern 亞紀畫廊",
  "ad_profile_image": "https://scontent.ftpe8-3.fna.fbcdn.net/v/t39.35426-6/548334153_805554581975840_8495365012903562179_n.jpg?stp=dst-jpg_s60x60_tt6&_nc_cat=106&ccb=1-7&_nc_sid=c53f8f&_nc_ohc=PW08oEE2ZOoQ7kNvwFkNzO0&_nc_oc=Adlx0zxfSTha7qkuiKtTrB5lJJCQeKa6xOhdplGUgw9E1hxCFDT--n14gDE3T79uwEo&_nc_zt=14&_nc_ht=scontent.ftpe8-3.fna&_nc_gid=mvGt7lLnFfMUtmR6qP6ojw&oh=00_Afrq6XATCh6TDisg_3mrmi_H5GP4qSs9YNl-fCzucH9pEg&oe=696E4EB2",
  "ad_is_video": false,
  "ad_video_preview_image": null,
  "ad_image": "https://scontent.ftpe8-4.fna.fbcdn.net/v/t39.35426-6/548201864_1487240189287782_7299320496139973594_n.jpg?stp=dst-jpg_s600x600_tt6&_nc_cat=102&ccb=1-7&_nc_sid=c53f8f&_nc_ohc=vA79238mga0Q7kNvwE2Os-i&_nc_oc=Adkw5WAt8fGlvMCynHHPTvw8_6rcGJFC9qsIDe8ZyRPCzL6WU1v8kwUDsdvYBDTFBI8&_nc_zt=14&_nc_ht=scontent.ftpe8-4.fna&_nc_gid=mvGt7lLnFfMUtmR6qP6ojw&oh=00_Afr-g9URynfsDsYpzILXJf7savuuuxFy6Oa0vkeV183DhQ&oe=696E5F6B",
  "ad_cta_text": "",
  "ad_link_description": null,
  "ad_link_url": "https://www.facebook.com/eachmodern",
  "ad_title": "Each Modern 亞紀畫廊",
  "ad_caption": null,
  "ad_page_id": "208836353047174",
  "ad_cta_type": "",
  "ad_extra_links": [
    "Each Modern 亞紀畫廊",
    "Each Modern 亞紀畫廊",
    "Each Modern 亞紀畫廊",
    "Each Modern 亞紀畫廊",
    "Each Modern 亞紀畫廊",
    "Each Modern 亞紀畫廊",
    "Each Modern 亞紀畫廊",
    "Each Modern 亞紀畫廊",
    "Each Modern 亞紀畫廊"
  ],
  "ad_extra_texts": [],
  "ad_page_categories": [
    "藝廊"
  ],
  "ad_page_like_count": 8826,
  "ad_publisher_platform": [
    "instagram"
  ],
  "ad_like_count": "0",
  "ad_share_count": "0"
}