{
  "ad_id": "1189019060069412",
  "ad_context": "嘉義市普發 6,000 元，背後藏著什麼治理關鍵？\u000b\n「市府發錢、市民花錢、嘉義市賺大錢」——這不只是一句口號。\n​\n嘉義市長 黃敏惠 在施政 7 週年之際，宣布普發每位市民 6,000 元，要把經濟成長的果實，真正分享給市民。\u000b從風災、疫情到國際經濟衝擊，嘉義市如何在逆境中，交出「經濟共榮、社會共創、環境共生」的成績單？\n​\n\u000b\u000b點進文章，看完整解析 👇",
  "ad_profile_name": "今周刊",
  "ad_profile_image": "https://scontent-tpe1-1.xx.fbcdn.net/v/t39.35426-6/613708465_2193114664584537_6870896816798123036_n.jpg?stp=dst-jpg_s60x60_tt6&_nc_cat=107&ccb=1-7&_nc_sid=c53f8f&_nc_ohc=KYKPFnLlsRAQ7kNvwG-pzuH&_nc_oc=AdlzLn8u_L_k1FVtMnG8mO0-_fPwq1-eM85sUVHJ7OIV-DZicWwtppv8U8J6GsZafTs&_nc_zt=14&_nc_ht=scontent-tpe1-1.xx&_nc_gid=uSVbM4rPHmx6Q0mh5nXIUA&oh=00_Afp6TGLWX1g8wTmuni--WtoplivGUBtcfsacipZNdtPqug&oe=696D3D5E",
  "ad_is_video": false,
  "ad_video_preview_image": null,
  "ad_image": "https://scontent-tpe1-1.xx.fbcdn.net/v/t39.35426-6/613143920_805033862584015_5969373843688532704_n.jpg?stp=dst-jpg_s600x600_tt6&_nc_cat=102&ccb=1-7&_nc_sid=c53f8f&_nc_ohc=S7Om2a3Y47wQ7kNvwGDI9Tw&_nc_oc=AdlIjpr2qIIIN6Vq1SIPKMOQrZDLOcckpcRB4qOlAGmlzOMWvbjQg80AmQoma_7loSw&_nc_zt=14&_nc_ht=scontent-tpe1-1.xx&_nc_gid=uSVbM4rPHmx6Q0mh5nXIUA&oh=00_Afoem0phmmbxszzr_t9RiyQYbDPoHDcs-4bhH9WqjN6dpw&oe=696D4010",
  "ad_cta_text": "",
  "ad_link_description": "嘉義市黃敏惠市長12月24日以「共好」為主題，帶領市府團隊於市府中庭舉行施政7周年記者會，細數嘉義市大步邁向「經濟共榮、社會共創、環境共生」三面向，實踐「共好」的歷程與施政成果。黃敏惠市長感謝全體市民、議會....",
  "ad_link_url": "https://l.facebook.com/l.php?u=https%3A%2F%2Fbtoday.cc%2F8k2lfa%3Ffbclid%3DIwZXh0bgNhZW0CMTAAYnJpZBExQmZLMFd1azNKYklPS2NvaHNydGMGYXBwX2lkDzU0MTYzOTQ5Mzg4OTAyNQABHpx2wx5xeoVkAYYqGzKgRPUnGLFXsJEqP3Tr0AGZdDZpBDQyksxjS9VyRk86_aem_8dAh1_7PThN_fGCo-tgCEg&h=AT0vQF5JAJymkZm9OvJ2xl2hYv9JAXkAKa4S5C0lWA0KInwlbfa8uNclKwBvwfNCdcWyBKOUDluVB9fgloWzl2Lf8iGPZKP7NeWAIpE8c89KOSLWkpwL3Q0cGepiNnlqRN38XNmr5jvwUpkMt8r1Lg",
  "ad_title": "「共好+1」幸福再加碼！嘉義市長黃敏惠施政7周年 宣布普發6000元與市民共享經濟果實- 今周刊",
  "ad_caption": "btoday.cc",
  "ad_page_id": "158025223269",
  "ad_cta_type": "",
  "ad_extra_links": [],
  "ad_extra_texts": [],
  "ad_page_categories": [
    "雜誌"
  ],
  "ad_page_like_count": 0,
  "ad_publisher_platform": [
    "facebook"
  ],
  "ad_like_count": "0",
  "ad_share_count": "0"
}