{
  "ad_id": "1190935376306282",
  "ad_context": "[ 展覽進行中 ] 週末免預約\n一掬山水 Landscape between Our Hands\n| 台灣 | 日本 | 泰國 | 香港 | 八人聯展\n| Taiwan | Japan | Thailand | Hong Kong | Joint Exhibition\n\n加藤真美 Kato Mami \n羅士亷 Chris Lo\n陳芳蘭 Fang-Lan Chen\n黃美嫻 Yokky Wong\nEve/ Sukanjana Kanjanabat\n梁慧思 Queenie Leung\n賴孝哲 Hsiao-Che Lai\n黃歆淳 Hsin-Chun Huang\n\n展期｜2025.11.08 — 11.30 1pm ~ 5:30pm\n\n看看八位藝術家如何用雙手回應自己的日常。\n有些作品是在安放一段情緒，\n有些把還來不及說出口的話收進形體裡，\n有些把海邊拾回的沙、走過的路、吹過的風，\n毫不保留地揉進陶土中。\n每一件作品，都是一個被端起的小風景，\n藏著那雙手的重量，也藏著生活留下的痕跡。\n歡迎你走進展場，看看八雙手端出的風景。\nCome see how eight artists respond to their everyday lives through their hands.\nSome pieces are a way to settle a wandering emotion.\nSome quietly hold the words that were never spoken.\nSome gather the sand from the shore, the roads walked, \nand the wind that brushed past,\nand fold all of it gently into the clay.\nEach work is a small landscape held in two hands,\ncarrying the weight of a life lived and the traces left behind.\nYou are warmly invited to see the landscapes shaped by these eight pairs of hands.\n週末免預約自由參觀（週一至週三休館）\n週四週五請官方Line或來電預約 （請洽 0918-591-797）\n地點｜翼想空間（台南市安平區安平路606巷33號1樓）\n策展團隊：大陶工作室 Cobo Ceramic Workshop Taiwan - 台灣\n索取作品清單\n歡迎洽詢官方LINE： \nhttps://lin.ee/acKnFSV",
  "ad_profile_name": "翼想空間 Mind W/ Wings",
  "ad_profile_image": "https://scontent.ftpe8-3.fna.fbcdn.net/v/t39.35426-6/587887695_1056519179859860_5926831626573206349_n.jpg?stp=dst-jpg_s60x60_tt6&_nc_cat=107&ccb=1-7&_nc_sid=c53f8f&_nc_ohc=5x-lVlCXKpoQ7kNvwEE13VN&_nc_oc=AdmrLFCvIj7Ixo0CmJytit4ATblsO3TPxpHFTkvp88CJAbCqUHNdq2-zaGEMRRSmTo8&_nc_zt=14&_nc_ht=scontent.ftpe8-3.fna&_nc_gid=PYpRN8uMkTn_zSXWBv8TBA&oh=00_AfqMNdIeRN7M068-_nTuZhovoUMTlK4dZne3xH8JP5yuuA&oe=696E6564",
  "ad_is_video": false,
  "ad_video_preview_image": null,
  "ad_image": "https://scontent.ftpe8-3.fna.fbcdn.net/v/t39.35426-6/588023428_1526104591988790_3404097110598964080_n.jpg?stp=dst-jpg_s600x600_tt6&_nc_cat=106&ccb=1-7&_nc_sid=c53f8f&_nc_ohc=BFJBAIhytOwQ7kNvwEbY0hH&_nc_oc=Adkh-bnSKXvp067FmUDEgCqB3quyFCPDGfadl0Q5oDGArKHkcaOHWubDCTpuE2cSfEI&_nc_zt=14&_nc_ht=scontent.ftpe8-3.fna&_nc_gid=PYpRN8uMkTn_zSXWBv8TBA&oh=00_AfpYxghOIT8iY1tPfgQzJOiYVktVdlYX-37CwlTc3XdEew&oe=696E7235",
  "ad_cta_text": "",
  "ad_link_description": null,
  "ad_link_url": "https://lin.ee/acKnFSV",
  "ad_title": null,
  "ad_caption": null,
  "ad_page_id": "564175160122017",
  "ad_cta_type": "",
  "ad_extra_links": [],
  "ad_extra_texts": [],
  "ad_page_categories": [
    "藝廊"
  ],
  "ad_page_like_count": 1477,
  "ad_publisher_platform": [
    "facebook"
  ],
  "ad_like_count": "0",
  "ad_share_count": "0"
}