{
  "ad_id": "1191010289594299",
  "ad_context": "團隊建議發文放到粉絲團，歡迎大家不吝按追縱 張銘祐 （⬅️粉絲團）\n還有我的 @Line : https://lin.ee/3At0H8b\n(歡迎 中正 萬華 的朋友加入⬆️ 可以掌握銘祐活動資訊，更歡迎轉給中正 萬華的好朋友！）",
  "ad_profile_name": "張銘祐",
  "ad_profile_image": "https://scontent.ftpe8-4.fna.fbcdn.net/v/t39.35426-6/571289362_1661421628188961_4766248586739347390_n.jpg?stp=dst-jpg_s60x60_tt6&_nc_cat=104&ccb=1-7&_nc_sid=c53f8f&_nc_ohc=et-cpgeOa84Q7kNvwH5K3Vk&_nc_oc=AdkacSTOQQUNt-QWENbv1dd0RBlfQdI0m77KU2gwEbO13yidKCXGt0hLjy3pxzR07eU&_nc_zt=14&_nc_ht=scontent.ftpe8-4.fna&_nc_gid=S_OykTviq8YAhhTvVBch4w&oh=00_AfqqAkmRIrOlJTNaihJJqa38uP-w5jUu67LvuExhgZo5FQ&oe=696E67FB",
  "ad_is_video": false,
  "ad_video_preview_image": null,
  "ad_image": "https://scontent.ftpe8-2.fna.fbcdn.net/v/t39.35426-6/569440652_32141670092115488_6775631829610436445_n.jpg?stp=dst-jpg_s600x600_tt6&_nc_cat=103&ccb=1-7&_nc_sid=c53f8f&_nc_ohc=Y0f1z6EvQJcQ7kNvwGPlsGp&_nc_oc=AdmUuJjQFrsm5HLEjEhjm38ebmVI6OMAL14LQ4xsnH6AoLqhwk60vYTFHPEeXknktPc&_nc_zt=14&_nc_ht=scontent.ftpe8-2.fna&_nc_gid=S_OykTviq8YAhhTvVBch4w&oh=00_AfpgpJlx2qwMi0plv2aZtQ6PKtfOQOjbDLxSiuPRuXAZeA&oe=696E75D7",
  "ad_cta_text": "",
  "ad_link_description": null,
  "ad_link_url": "https://lin.ee/3At0H8b",
  "ad_title": null,
  "ad_caption": null,
  "ad_page_id": "420094631189546",
  "ad_cta_type": "",
  "ad_extra_links": [],
  "ad_extra_texts": [],
  "ad_page_categories": [],
  "ad_page_like_count": 0,
  "ad_publisher_platform": [
    "facebook",
    "instagram"
  ],
  "ad_like_count": "0",
  "ad_share_count": "0"
}