{
  "ad_id": "1191073322587417",
  "ad_context": "🌬️生活總有突如其來的陣風，\n雖然無法改變風的方向，但可以學會順勢起舞💃\n\n當事情不如預期，\n我們會不自覺地嘆氣：「最近怎麼這麼不順？」\n\n🔹 計畫被打亂、東西掉來掉去、\n甚至一整天都覺得煩躁……\n這真的是「壞運氣」嗎？😱\n\n🌙 其實，這些小插曲，\n可能只是生活在輕聲提醒——\n停一停，深呼吸，換個角度看看世界。\n\n我們並非只能順從情緒，\n而是可以透過「轉念」，\n讓內心更自由、更柔軟，充滿彈性與可能性。\n\n💫 今晚，讓我們一起練習轉念，\n回到內在的平靜與力量。\n\n✨ 透過 478 呼吸法，釋放壓力，讓思緒沉靜……\n✨ 用身體掃描引導，釋放累積的緊繃與焦慮……\n✨ 在正念冥想中，將「不順利」化為新的開始……\n\n📢 當你願意轉念，世界就會改變。\n🎧 現在，閉上眼睛，\n和我一起進入這場溫柔的冥想旅程。\n\n👉 點擊 IG 頁面連結，立即收聽！\n\n🎙 如果你喜歡這樣的內容\n歡迎收聽我的 Podcast 《Why Not 有何不可》，\n和我一起探索人生的多種可能 ✨\n\n#轉念的力量\n#心靈療癒\n#睡前冥想\n#正念冥想\n#冥想練習\n#壓力釋放\n#個人成長\n#華語冥想\n#QuietZhi\n#芝的浪漫冥想\n#MindfulnessMeditation\n#SleepMeditation\n#GuidedMeditation\n#RelaxationTips\n#InnerPeace\n#MentalWellness\n#PersonalGrowth\n#SelfImprovement\n#LearnMandarin\n#QuietZhiMeditation",
  "ad_profile_name": "浪漫的芝Zhi",
  "ad_profile_image": "https://scontent.ftpe8-1.fna.fbcdn.net/v/t39.35426-6/480440604_1316045923054602_3223534880925771813_n.jpg?stp=dst-jpg_s60x60_tt6&_nc_cat=109&ccb=1-7&_nc_sid=c53f8f&_nc_ohc=3inyArkYVSQQ7kNvwFW3PPE&_nc_oc=Adl8ORajPhknR56akeLxQ0R_D5NVpqmKaBVraYpoaFRdOoYJAsgUtERrjZRAvgr4h5I&_nc_zt=14&_nc_ht=scontent.ftpe8-1.fna&_nc_gid=Bf1PjkD6Q6f0uhirIt9Qng&oh=00_Afr-fNMqw24e6WTdWZcSrMdqRRzYF33-23WmWQBqPbXi0A&oe=696E7580",
  "ad_is_video": false,
  "ad_video_preview_image": "https://scontent.ftpe8-4.fna.fbcdn.net/v/t39.35426-6/481215547_1585509392168429_4234322959236423455_n.jpg?_nc_cat=102&ccb=1-7&_nc_sid=c53f8f&_nc_ohc=yEFO-DW7LtwQ7kNvwFsGxjN&_nc_oc=AdmCgrfLcfZvIxZstaryR6bwKpFwfKx2BIIOLgKJzURSMn65qgCZTAMCxjpqXiEK8P8&_nc_zt=14&_nc_ht=scontent.ftpe8-4.fna&_nc_gid=Bf1PjkD6Q6f0uhirIt9Qng&oh=00_AfpN-uJLOOEQ-BwsLopfq0peqyXTGP08jDv0M5b_QuYKag&oe=696E4864",
  "ad_image": null,
  "ad_cta_text": "瀏覽 Instagram 個人檔案",
  "ad_link_description": null,
  "ad_link_url": "https://l.facebook.com/l.php?u=http%3A%2F%2Finstagram.com%2Froserise_2024%3Ffbclid%3DIwZXh0bgNhZW0CMTAAYnJpZBExOFBnZndlbkFwVVZFVnBIQnNydGMGYXBwX2lkDzU0MTYzOTQ5Mzg4OTAyNQABHnHAjtHBu3YOsjTtVxuMdJAwerBMAJtfbTwT3twXiAvfrjKwqpVV7EYET_VH_aem_7Ql6HOdSOKJoC4K2tfpJ8g&h=AT1Fn4h77XlNa3urakDRBh6Q0FkQUmRCv8CVQkVhovV0V_dvImi3tYDwBpPz9mqPDB2LPU_Qpk0wZWvRtsLxkbEFxKlglARwnxKn0ar2KzBPm6ThS0fxtJ9VjJOeumjNntzEgEGeEqpcnCqfdLNYLg",
  "ad_title": null,
  "ad_caption": "instagram.com",
  "ad_page_id": "490713437458011",
  "ad_cta_type": "瀏覽 Instagram 個人檔案",
  "ad_extra_links": [],
  "ad_extra_texts": [],
  "ad_page_categories": [
    "健康／美容"
  ],
  "ad_page_like_count": 8,
  "ad_publisher_platform": [
    "instagram"
  ],
  "ad_like_count": "0",
  "ad_share_count": "0"
}