{
  "ad_id": "1191567323181665",
  "ad_context": "【策進會經合會召開年度委員會議 持續規劃台港經貿觀光交流】\n\n財團法人台港經濟文化合作策進會（下稱策進會）於本（114）年12月17日召開經濟合作委員會（下稱經合會）年度委員會議，回顧過去一年台港經貿情勢及經合會工作的推展，並擘劃未來努力方向，盼藉由多元管道，續行推動台港經貿健康有序交流。\n\n策進會副董事長兼經合會召集人許舒博致詞表示，台港經貿關係密切，人流往來十分頻繁。今年我方辦理「台港農特產品產業交流團」等活動，帶領農特產品業者實地考察香港，瞭解香港市場產銷規劃、消費型態外，更提供實際產業媒合平台，協助業者拓展市場，增進香港商界對我之瞭解。\n\n根據交通部觀光署統計，今年前三季香港旅客為我境外旅客第二大來源地，僅次於日本，總人次超過87.5萬人次。有鑒於此，多位委員均表示，政府應整合多方資源，創造更友善的旅遊環境，例如：提供一站式觀光資訊服務，以及在餐飲、住宿、交通方面增加粵語標示等。委員也建議台灣觀光的推展，應延伸至南部及花東等更多地區，並結合當地特色產業，以達到促進台港人員經貿往來的加乘效果。會中對台港經貿、旅遊發展的相關建議，將適時提供主管機關參考。\n\n展望明年，策進會經合會將在過去長期累積的基礎上，續行推動台港經貿健康有序的交流。本次會議出席者包括副召集人張學舜，及經合會委員李麗珍、吳盈良、張永成、林富男、張秋海、莊堯安、蕭博仁、朱天翎等，與會委員針對未來工作推展方向熱烈討論，會議圓滿順利。",
  "ad_profile_name": "走台步—臺港經濟文化合作策進會",
  "ad_profile_image": "https://scontent.ftpe8-3.fna.fbcdn.net/v/t39.35426-6/598604441_907948961918326_5927106444184345527_n.jpg?stp=dst-jpg_s60x60_tt6&_nc_cat=111&ccb=1-7&_nc_sid=c53f8f&_nc_ohc=LDrv_dby-RkQ7kNvwHXpdR0&_nc_oc=AdkRABG5IbJwAZyYpJX-y6MjQLoJWaN4_eaDpV1b3LwtLfoALOwXyuJaGmQQJfpiScE&_nc_zt=14&_nc_ht=scontent.ftpe8-3.fna&_nc_gid=jmjCdMHcrn2idbVzfX9YVw&oh=00_AfpNX0Jb5Q6vnqVoycYJwRdaLvVVzbVnUwqJxZnGnD0lmg&oe=696DC9B8",
  "ad_is_video": false,
  "ad_video_preview_image": null,
  "ad_image": "https://scontent.ftpe8-2.fna.fbcdn.net/v/t39.35426-6/597179053_888911760142485_4745706479227582570_n.jpg?stp=dst-jpg_s600x600_tt6&_nc_cat=103&ccb=1-7&_nc_sid=c53f8f&_nc_ohc=5liZL-0O7_AQ7kNvwGsYvMR&_nc_oc=Adm8opIRvVgfo7FtIiAqMndylsFINU-DqgakQRAoUEv65--0o0QyE8WMHpBgks3pu7Q&_nc_zt=14&_nc_ht=scontent.ftpe8-2.fna&_nc_gid=jmjCdMHcrn2idbVzfX9YVw&oh=00_Afop6hwLktwLPTIiluxyZATbOs3A_Hjwxh3rsjzQgxXC4A&oe=696DDDB0",
  "ad_cta_text": "",
  "ad_link_description": null,
  "ad_link_url": null,
  "ad_title": null,
  "ad_caption": null,
  "ad_page_id": "245127985514208",
  "ad_cta_type": "",
  "ad_extra_links": [],
  "ad_extra_texts": [],
  "ad_page_categories": [
    "公共服務"
  ],
  "ad_page_like_count": 0,
  "ad_publisher_platform": [
    "facebook"
  ],
  "ad_like_count": "0",
  "ad_share_count": "0"
}