{
  "ad_id": "1192488752529548",
  "ad_context": "【看見孩子的笑容，是竹東最美的風景！🎨✨ 兒童節禮物大加碼，明年起每人發放 #200元禮券！】\n\n上週，遠彰化身為聖誕老公公🎅，走進我們鎮立幼兒園，看著孩子們天真無邪的臉龐，我的心都融化了！這次特地準備了 「彩色筆」 🖍️ 當作聖誕和新年禮物，送到每一位小朋友手中。看著大家迫不及待想打開畫筆，在紙上揮灑色彩的樣子，那份單純的快樂，真的非常珍貴。💕\n\n遠彰一直把孩子的教育與福利放在心上，不只要給孩子快樂的童年，更要給家長實質的支持！💪\n\n因此，在這裡要跟所有的家長和小朋友們宣布一個 #超級好消息 📣：\n\n為了讓竹東的孩子更幸福，從 明年（115年）開始的兒童節，竹東鎮公所將擴大發放幸福紅包！🎁\n\n✅ 對象： 全鎮「公立」及「私立」國小學生 ➕ 幼兒園小朋友 ✅ 內容： 兒童節每人發放 200元禮券 🧧\n\n我們希望透過這份心意，讓孩子們在兒童節這天，能挑選自己喜歡的文具或書籍，也減輕家長們的一點點負擔。😊\n\n投資孩子，就是投資竹東的未來！🌱 遠彰會繼續努力，把竹東打造成一個充滿愛與歡笑的幸福小鎮。🏡❤️\n\n預祝大家新年快樂，闔家平安！🎉\n\n#竹東鎮長郭遠彰 #幸福竹東 #教育優先 #兒童節加碼 #照顧每一位竹東孩子 #看見笑容就值得了",
  "ad_profile_name": "郭遠彰",
  "ad_profile_image": "https://scontent.ftpe8-4.fna.fbcdn.net/v/t39.35426-6/605796002_1388986946012550_7239636926560342100_n.jpg?stp=dst-jpg_s60x60_tt6&_nc_cat=104&ccb=1-7&_nc_sid=c53f8f&_nc_ohc=9OLMwiZ2G6AQ7kNvwG1UrTu&_nc_oc=AdkOXgWe7OWFbmHsAw8PmTF-x5DkSRuWSKm_rtP-vp6ZGMWjn79GVfbQVTgBveNuORk&_nc_zt=14&_nc_ht=scontent.ftpe8-4.fna&_nc_gid=tWugHtraFiv1e33ECxYYPw&oh=00_AfoKpV4w-pihluc39ylKnrAnF7ZwMFtBR5Pvt_odFUwlbg&oe=696DE751",
  "ad_is_video": false,
  "ad_video_preview_image": null,
  "ad_image": "https://scontent.ftpe8-3.fna.fbcdn.net/v/t39.35426-6/608513102_905457255275768_2588000697087917001_n.jpg?stp=dst-jpg_s600x600_tt6&_nc_cat=106&ccb=1-7&_nc_sid=c53f8f&_nc_ohc=HEkx8u4JiI8Q7kNvwHhdmwH&_nc_oc=AdlK4DwuZad-xCq2OuT_pYu3bFj2tNTljdjND9r66SmjbQ3LuBwI7AWYMlAoMbise5A&_nc_zt=14&_nc_ht=scontent.ftpe8-3.fna&_nc_gid=tWugHtraFiv1e33ECxYYPw&oh=00_Afrr3Ce9Zom-41g0WrtciRaNeT8WR5svJa-E3zPM5DqDVw&oe=696DCF95",
  "ad_cta_text": "",
  "ad_link_description": null,
  "ad_link_url": null,
  "ad_title": null,
  "ad_caption": null,
  "ad_page_id": "657903874074546",
  "ad_cta_type": "",
  "ad_extra_links": [],
  "ad_extra_texts": [],
  "ad_page_categories": [],
  "ad_page_like_count": 0,
  "ad_publisher_platform": [
    "facebook"
  ],
  "ad_like_count": "0",
  "ad_share_count": "0"
}