{
  "ad_id": "1192609551610757",
  "ad_context": "謝謝妳一路以來的支持與陪伴。\n\n我或許不能當一個使人喜歡的人，但是，我一定會努力做一個讓大家值得信賴的人。\n\n1126，就請大家一起出來投票，讓我們一起帶著迎接宜蘭新未來的喜悅，投下你能夠影響宜蘭未來重要的一票。\n\n拜託支持⑤號江聰淵，因為我已經做好準備，也有勇氣，要來承擔責任，和大家一起跟新宜蘭共同前進！\n\n-----\n\n我是江聰淵的牽手，也是他最大的粉絲。當初因為欣賞他的韌性、他的認真、他的努力、他的責任感與上進心，所以選擇聰淵當我的另外一半，要來陪他走這條艱辛的路。\n\n江聰淵選擇這條充滿挑戰的路，我知道很難。他要為新宜蘭去打拚，肩上的責任很重，然而，悲情不能跨越障礙，眼淚也不能解決問題，。\n\n你曾經告訴孩子：「不要怕，爸爸沒有做錯事。」現在我跟孩子要告訴你：「我們不會害怕。」因為敢於承擔，坦然面對一切，對所有爭議能一條條說清楚講明白的你，已經是我跟孩子心中最佳的典範。\n\n面對對手無情的抹黑與污衊，雖然我心中非常的不捨，非常的心疼，可是我不會哭，我們會更加堅強、更加勇敢，因為，你是我跟孩子心中的驕傲！我們以你為榮！所以，我們會更加堅定的支持聰淵走這條路，我們會支持他走下去。\n\n為宜蘭打拚，是一件有希望、快樂的事情，所以，以後我跟家人也會用樂觀、積極的方式，去面對我們未來的道路。\n\n最後這幾天，我要拜託所有宜蘭的鄉親，還有所有的爸爸媽媽，一起為宜蘭站出來。我們要投的不只是江聰淵，我們要投的是宜蘭這塊土地的未來！是我們所有宜蘭孩子要在這裡成長的土地，我們要教孩子有正確的價值觀，所以我要拜託大家為孩子投下這一票。\n\n拜託！\n-----\n\n#1126回家投票\n#1126出來投票\n#去投票就會贏\n#為台灣挺身而出",
  "ad_profile_name": "江聰淵",
  "ad_profile_image": null,
  "ad_is_video": false,
  "ad_video_preview_image": null,
  "ad_image": null,
  "ad_cta_text": null,
  "ad_link_description": null,
  "ad_link_url": null,
  "ad_title": null,
  "ad_caption": null,
  "ad_page_id": "665524006871228",
  "ad_cta_type": null,
  "ad_extra_links": [],
  "ad_extra_texts": [],
  "ad_page_categories": [],
  "ad_page_like_count": 0,
  "ad_publisher_platform": [
    "facebook",
    "instagram"
  ],
  "ad_like_count": "0",
  "ad_share_count": "0"
}