{
  "ad_id": "1193865982561455",
  "ad_context": "淡水區興仁國小兒童遊戲場 改善完工 翻新升級ing✨️\n\n過去淡水區興仁國民小學由於校園內 #遊戲設施 有限，影響了學生的遊戲體驗。此次工程有效強化了遊戲空間的 #安全性 與 #多樣性，營造出一個 #更安全、#舒適 且富有趣味的遊憩環境，讓孩子們能自在快樂地探索與學習。\n\n改善重點如下：\n✅融合了在地淡江大橋地景：期盼孩子們能像大橋一樣，勇敢連結、迎向新未來！\n✅高聳的攀爬網：象徵著孩子們在學習路上要不斷向上探索，勇敢克服挑戰！\n✅蜿蜒的溜滑梯：體現努力過後，享受順暢與成就感的超級快感！\n\n未來，我們將持續關注校園環境的優化，讓興仁國小成為孩子健康成長、社區交流共融的美好場域！\n\n#淡水魚丸陳偉杰 #陳偉杰議員 #淡水 #興仁國小 #兒童遊戲場 #校園安全 #健康成長 #友善校園 #爭取經費 #行動派議員 #守護孩子安全 #翻新進行",
  "ad_profile_name": "陳偉杰 Chen Wei-chieh",
  "ad_profile_image": "https://scontent.ftpe8-1.fna.fbcdn.net/v/t39.35426-6/557786785_1153227760244736_2701704439965015624_n.jpg?stp=dst-jpg_s60x60_tt6&_nc_cat=105&ccb=1-7&_nc_sid=c53f8f&_nc_ohc=_IEPQUJ1oKkQ7kNvwEQIPJt&_nc_oc=AdlwBuNzRvUsjOgwTmzfhgBwr9u5MBazmuvfg4xu3nt3TGrEd8-u6UmMkSMotvevBtE&_nc_zt=14&_nc_ht=scontent.ftpe8-1.fna&_nc_gid=eRyCQG-975lBo72gdJvQ0g&oh=00_AfqBF65BSNVMmcZdzrR3rpJwuJAwK3zfOgYH8JJBz2Ni-g&oe=696DAD39",
  "ad_is_video": false,
  "ad_video_preview_image": null,
  "ad_image": "https://scontent.ftpe8-2.fna.fbcdn.net/v/t39.35426-6/557882707_3096021937262024_2991828922381610762_n.jpg?stp=dst-jpg_s600x600_tt6&_nc_cat=100&ccb=1-7&_nc_sid=c53f8f&_nc_ohc=VXnpJr9gsAoQ7kNvwGtUdH_&_nc_oc=Adn5Fbod1nAUbqRoz_X-nhMrDccrH67P3nKNJR9GGyR0UaM8WG_562uhsIla3q4CF60&_nc_zt=14&_nc_ht=scontent.ftpe8-2.fna&_nc_gid=eRyCQG-975lBo72gdJvQ0g&oh=00_Afpk7AFIenRfoY3F1Bun92u4whSR7LI5jFGROcxIB_KzBw&oe=696DB259",
  "ad_cta_text": "",
  "ad_link_description": null,
  "ad_link_url": null,
  "ad_title": null,
  "ad_caption": null,
  "ad_page_id": "496684637111616",
  "ad_cta_type": "",
  "ad_extra_links": [],
  "ad_extra_texts": [],
  "ad_page_categories": [],
  "ad_page_like_count": 0,
  "ad_publisher_platform": [
    "facebook"
  ],
  "ad_like_count": "0",
  "ad_share_count": "0"
}