{
  "ad_id": "1194579201270311",
  "ad_context": "【健銘領銜提案，防疫紓困金通過了！】\n\n疫情持續3年，我在地方看見太多鄉親因為疫情影響，連帶工作與收入也受到影響。\n健銘一直思考如何才是正確解方✅，參照了其他縣市與公所財政狀況後，我決定要提案發放防疫紓困金！\n\n這次疫情影響最嚴重的莫過於許多自營業者，許多小店與攤販因為疫情影響，導致生意變慘淡，甚至歇業；這次提案比較特別，連署有16名代表，超過全部3/4以上的代表支持，可見每位代表在基層確實都有相關的陳情或是重視此問題！\n\n我希望公所能照代表會提案加速辦理，並設立短中長期目標，刺激竹北經濟與消費，讓鄉親們都能好好生活，也希望防疫紓困金能真正協助市民，幫助大家度過這寒冷的冬天。\n\n傾聽民意、尊重民意！ \n我要證明～支持健銘的各位您沒有投錯人，11月26日竹北議員15號候選人朱健銘，您的一票，值得！\n#新竹縣竹北議員15號候選人朱健銘\n#勞工問題請找朱健銘\n#勞工心聲我來發聲朱健銘",
  "ad_profile_name": "勞工心聲我來發聲 朱健銘",
  "ad_profile_image": "https://scontent.ftpe8-4.fna.fbcdn.net/v/t39.35426-6/316107203_1128101061160758_211121593916031354_n.jpg?stp=dst-jpg_s60x60_tt6&_nc_cat=104&ccb=1-7&_nc_sid=c53f8f&_nc_ohc=v4Ey0eWQjF0Q7kNvwEh2dXJ&_nc_oc=Admy1S-YIGtF5kfVXOZfPxDOU99Ghg7vYG7fYBKCArn01DzAcOL4r0ercc43doaPRgY&_nc_zt=14&_nc_ht=scontent.ftpe8-4.fna&_nc_gid=XqQJ8peYVn9Tl4P8pkirKw&oh=00_Afr84_oPtJ4rC4NGehVhT8joqjqk1eOaVkQnEjCUY5brYw&oe=696E5AAA",
  "ad_is_video": false,
  "ad_video_preview_image": null,
  "ad_image": "https://scontent.ftpe8-3.fna.fbcdn.net/v/t39.35426-6/316287627_506653931390181_7059270025834851007_n.jpg?stp=dst-jpg_s600x600_tt6&_nc_cat=106&ccb=1-7&_nc_sid=c53f8f&_nc_ohc=OycmjsK16UoQ7kNvwEw3h0K&_nc_oc=Adnw_BflGTfWA7psoktYz6W0it2kPVjAAcYQiJty3HmhL1icv5jo4UenXYp_D3ISpgY&_nc_zt=14&_nc_ht=scontent.ftpe8-3.fna&_nc_gid=XqQJ8peYVn9Tl4P8pkirKw&oh=00_Afrg84VdaIO8O-buexYgec5cBziaGKdQiRhbSnqG5BM1Sw&oe=696E74BA",
  "ad_cta_text": "",
  "ad_link_description": null,
  "ad_link_url": null,
  "ad_title": null,
  "ad_caption": null,
  "ad_page_id": "100990271352189",
  "ad_cta_type": "",
  "ad_extra_links": [],
  "ad_extra_texts": [],
  "ad_page_categories": [],
  "ad_page_like_count": 0,
  "ad_publisher_platform": [
    "facebook"
  ],
  "ad_like_count": "0",
  "ad_share_count": "0"
}