{
  "ad_id": "1195517515357921",
  "ad_context": "",
  "ad_profile_name": "赤粒藝術 Red Gold Fine Art",
  "ad_profile_image": "https://scontent.ftpe8-3.fna.fbcdn.net/v/t39.35426-6/492010825_683795244202808_122251957665724983_n.jpg?stp=dst-jpg_s60x60_tt6&_nc_cat=106&ccb=1-7&_nc_sid=c53f8f&_nc_ohc=j43oqf2g1MoQ7kNvwHEBjnM&_nc_oc=Admeq-gZiMVIbkJ4t85wSbj1EuPGyvBEqq3W6fk1ZskYkQL_SYsZIZlXJIXK9hUQwLA&_nc_zt=14&_nc_ht=scontent.ftpe8-3.fna&_nc_gid=nYb5q2FsFegWl4UtrCiPnQ&oh=00_Aforsjzk9P8GqgxfvAB0jeJnjxTLCDV5eQI2Mp5UArwbfQ&oe=696E4EBE",
  "ad_is_video": false,
  "ad_video_preview_image": null,
  "ad_image": "https://scontent.ftpe8-3.fna.fbcdn.net/v/t39.35426-6/491723578_673695448691386_7789309933975471983_n.jpg?stp=dst-jpg_s600x600_tt6&_nc_cat=107&ccb=1-7&_nc_sid=c53f8f&_nc_ohc=KMhO-3B0q2YQ7kNvwH1a6rK&_nc_oc=Adk6S-hJoKzBeARU40WnnjPHSh7k7WWRCd3zoCn4QJswml-n9ffuhoewHdJG8F-vpko&_nc_zt=14&_nc_ht=scontent.ftpe8-3.fna&_nc_gid=nYb5q2FsFegWl4UtrCiPnQ&oh=00_AfqX3V9RdvODoZYZJPCRbVbHjre5UpBUA9NtEs-PS6RGVA&oe=696E70F2",
  "ad_cta_text": "立即通話",
  "ad_link_description": null,
  "ad_link_url": null,
  "ad_title": null,
  "ad_caption": null,
  "ad_page_id": "190787767622057",
  "ad_cta_type": "立即通話",
  "ad_extra_links": [],
  "ad_extra_texts": [],
  "ad_page_categories": [
    "藝廊"
  ],
  "ad_page_like_count": 7250,
  "ad_publisher_platform": [
    "facebook",
    "instagram"
  ],
  "ad_like_count": "0",
  "ad_share_count": "0"
}