{
  "ad_id": "1196271288671288",
  "ad_context": "✨ SRE #2025年度回顧｜穩健前行，為亞洲永續能源鋪路\n​\n回顧 2025，風睿能源（SRE）穩健推進旗下離岸風電專案，也持續累積風場運營經驗，在能源專業之外，更不忘積極深化能源與環境、產業與社會之間的連結。\n​\n從專案開發到在地夥伴合作🤝，SRE 盡力以長期視角行動，讓永續成為地方發展的一部分，也成為日常工作中正在累積的價值。🔁\n​\n展望 2026，我們將持續以台灣為根基，拓展亞洲布局，與更多夥伴並肩前行，推動能源轉型，讓潔淨能源穩定支撐產業發展，同時回應環境的需求！🌿\n​\n#SRE #風睿能源\n#SyneraRenewableEnergy",
  "ad_profile_name": "風睿能源 Synera Renewable Energy",
  "ad_profile_image": "https://scontent.ftpe8-1.fna.fbcdn.net/v/t39.35426-6/605829994_1205893548182211_2783011172956487907_n.jpg?stp=dst-jpg_s60x60_tt6&_nc_cat=108&ccb=1-7&_nc_sid=c53f8f&_nc_ohc=DPJmqw0ECsYQ7kNvwE6bMwR&_nc_oc=Adl-HE9JdkAZE5kAO98mUls5RWO5iK0SBWfvngcG99ZpstXsk2ZojSRvyy0Z48Lx8N8&_nc_zt=14&_nc_ht=scontent.ftpe8-1.fna&_nc_gid=TFM4aG2N5OeovMpU0sCebw&oh=00_Afqn4aY1BiVybskjIMRrPgYWicCiC-7iBeS6akOneXUUPQ&oe=696DE4F0",
  "ad_is_video": false,
  "ad_video_preview_image": "https://scontent.ftpe8-1.fna.fbcdn.net/v/t39.35426-6/606891641_1367028051195530_3303358925742343158_n.jpg?_nc_cat=105&ccb=1-7&_nc_sid=c53f8f&_nc_ohc=wG7djmHHFEsQ7kNvwHGoE89&_nc_oc=Adn8eftmXV2r6EhrKLYIh4NEAbbcfXNPzl6wcTgcHgmYDGznJuT3irmh_tjKMLAAmAE&_nc_zt=14&_nc_ht=scontent.ftpe8-1.fna&_nc_gid=TFM4aG2N5OeovMpU0sCebw&oh=00_AfqZOgakWleGJhM0fr8zYwAu5v5HoSXSeb6pFLwgL4o5SA&oe=696DCB78",
  "ad_image": null,
  "ad_cta_text": "",
  "ad_link_description": null,
  "ad_link_url": null,
  "ad_title": "SRE 2025年度回顧",
  "ad_caption": null,
  "ad_page_id": "115469883546400",
  "ad_cta_type": "",
  "ad_extra_links": [],
  "ad_extra_texts": [],
  "ad_page_categories": [
    "能源公司"
  ],
  "ad_page_like_count": 0,
  "ad_publisher_platform": [
    "facebook"
  ],
  "ad_like_count": "0",
  "ad_share_count": "0"
}