{
  "ad_id": "1197343685035486",
  "ad_context": "📣 最後一小時！AI迷看過來！教育界年度最強論壇免費報名中\nhttps://cwgvfp.pse.is/7nyufe\n\n6/5（四）新北線上場\nAI教育 × 永續使命，全明星講師陣容等你來\n🔥 AI神人站台 主題演講必聽！\n🔹 特邀國際講者Individualized Realized 創辦人 Susannah Johnson\n🔹 意藍資訊董事總經理/創辦人 楊立偉\n​\n🔥 雙場次焦點座談＋超強與談人\n🔹 新北市教育局 局長張明文\n🔹 數感實驗室共同創辦人 賴以威\n🔹 政治大學教授 林日璇\n免費參與線上直播，手刀報名👉\nhttps://cwgvfp.pse.is/7nyufe",
  "ad_profile_name": "未來Family",
  "ad_profile_image": "https://scontent.ftpe8-4.fna.fbcdn.net/v/t39.35426-6/503307602_1225569132480277_8996383100310294988_n.jpg?stp=dst-jpg_s60x60_tt6&_nc_cat=102&ccb=1-7&_nc_sid=c53f8f&_nc_ohc=1pAot1W-6zoQ7kNvwGZBRcl&_nc_oc=AdnHaLo_s2QOr4_wsIcxIg_qPCQsl8Hz3fQqd2ohC_x9YiQfnW1RoOA_CKTIcdpwDik&_nc_zt=14&_nc_ht=scontent.ftpe8-4.fna&_nc_gid=5F_gmdMiPDnf26PvqW-nlQ&oh=00_AfphsBmIFXB5Epmf0BFYk3mNAgVOVs1dOguZiQyzfccR-g&oe=696E599E",
  "ad_is_video": false,
  "ad_video_preview_image": null,
  "ad_image": "https://scontent.ftpe8-4.fna.fbcdn.net/v/t39.35426-6/503307762_733191572620674_3024458044592389789_n.jpg?stp=dst-jpg_s600x600_tt6&_nc_cat=104&ccb=1-7&_nc_sid=c53f8f&_nc_ohc=-94skfUZUVMQ7kNvwGEKf38&_nc_oc=AdlTi1PpZMWrpfrpms0P4BlDORV1sb5BgMPsk16mUbNlWMDiEto9xV1nzk5O0gEHDik&_nc_zt=14&_nc_ht=scontent.ftpe8-4.fna&_nc_gid=5F_gmdMiPDnf26PvqW-nlQ&oh=00_Afo00EF8Ze5-GV7TF3lVrItQGoZRn-iR8cqeypntZFQZBw&oe=696E709F",
  "ad_cta_text": "搶先預約",
  "ad_link_description": "AI 技術正改寫教育的未來！ 2025未來教育國際論壇將以「AI教育 × 永續使命」為核心，集結來自產學界的頂尖專家，深入探討AI如何賦能學習、革新教學，並回應永續發展的挑戰。 立即報名，和我們一起打造下一個世代的教育藍....",
  "ad_link_url": "https://cwgvfp.pse.is/7nyufe",
  "ad_title": "最後一小時🔥免費參與線上直播，手刀報名👉",
  "ad_caption": "docs.google.com",
  "ad_page_id": "1601614166748301",
  "ad_cta_type": "搶先預約",
  "ad_extra_links": [],
  "ad_extra_texts": [],
  "ad_page_categories": [],
  "ad_page_like_count": 0,
  "ad_publisher_platform": [
    "facebook",
    "instagram"
  ],
  "ad_like_count": "0",
  "ad_share_count": "0"
}