{
  "ad_id": "1198011989138249",
  "ad_context": "🔆 我是誰・我在做什麼 🔆\n\n我創作的是「能量畫」，\n也是一個名為「精靈宇宙」的世界。\n\n這些作品不是裝飾畫，\n而是透過圖像、符號與礦石的排列，\n讓人理解穩定、清楚、貼近自己的狀態。\n\n我不是在創作藝術，我是在建立一套可被看見的能量語法。\n我畫的不是圖像，而是入口、界層與意識的運算方式。\n我的宇宙，是給靈魂使用的導航系統，而不是簡單故事。\n\n當你站在這幅畫前，\n你的內在會慢慢安靜下來。\n\n如果你在這裡感覺到熟悉、安心，\n或只是單純想多看一眼，\n那這個帳號很可能適合你。\n\n這裡，是我放置作品與世界入口的地方。\n\n《星辰鯨鯊》\n\n30 x 30 cm\n\nAcrylic on Canvas\n\n2025",
  "ad_profile_name": "Tinahsiehart613",
  "ad_profile_image": "https://scontent.ftpe8-4.fna.fbcdn.net/v/t39.35426-6/615772431_745930705219692_2469010162567534052_n.jpg?stp=dst-jpg_s60x60_tt6&_nc_cat=104&ccb=1-7&_nc_sid=c53f8f&_nc_ohc=FlH3DIaJlDoQ7kNvwGma8Ri&_nc_oc=AdmG-XNSPanPz56EvrM9SwPPd-T6cLBM-gixIO2E_H9pArC89b7jUDcsd_8MKLFqVwg&_nc_zt=14&_nc_ht=scontent.ftpe8-4.fna&_nc_gid=tEKk1qlFNprT5UA41BXJCw&oh=00_Afr1y4jtm7uo5-Ft0tqhunvEOEXzVpNku_VmG4NtonHWxg&oe=696E40F9",
  "ad_is_video": false,
  "ad_video_preview_image": null,
  "ad_image": "https://scontent.ftpe8-1.fna.fbcdn.net/v/t39.35426-6/615290901_858286383581392_1437746292730357785_n.jpg?stp=dst-jpg_s600x600_tt6&_nc_cat=108&ccb=1-7&_nc_sid=c53f8f&_nc_ohc=N8T_-q5gWkwQ7kNvwH7KSK_&_nc_oc=AdnshtRi83BQgDLMLUmg_4WjiwcQa03bdEUVTgETusjmd5RfRY8S-Fbq8lU3vs3z_0w&_nc_zt=14&_nc_ht=scontent.ftpe8-1.fna&_nc_gid=tEKk1qlFNprT5UA41BXJCw&oh=00_AfoVXcZEAZ1wZWb5NnBTCD8wwOXq2XU3NkUYYHg9JuD8xw&oe=696E4AE7",
  "ad_cta_text": "瀏覽 Instagram 個人檔案",
  "ad_link_description": "6,887 Followers, 474 Following, 186 Posts - See Instagram photos and videos from TinaHsiehArt613｜精靈宇宙｜頻率藝術家 (@tinahsiehart613)",
  "ad_link_url": "https://l.facebook.com/l.php?u=https%3A%2F%2Fwww.instagram.com%2F_u%2Ftinahsiehart613%3Ffbclid%3DIwZXh0bgNhZW0CMTAAYnJpZBExcVplVEdac29oTHFzeUE1WnNydGMGYXBwX2lkDzU0MTYzOTQ5Mzg4OTAyNQABHpEKl1IGJbCe3UHWYvxdLzLfhztxwGq-w10nGfQNHqQK4IiOTaqnaStE5zTh_aem_VuUvs9UcmC7nqWFAbYK_aQ&h=AT3fcOjsvzLXlwQeUhkSChgFZOVFLyPXF5rz84ogfLtl-Opx_9i01ohPyTJA0LLZOKpWcXVj_ixBRKIhOkQiHMRSswwjMoKU8JZuE6zyyzpJzrMpb-7b-e3wycs52yi0cmpoTqpKjpLRBwI0NxAVWQ",
  "ad_title": "TinaHsiehArt613｜精靈宇宙｜頻率藝術家 (@tinahsiehart613) • Instagram photos and videos",
  "ad_caption": "instagram.com",
  "ad_page_id": "111102201807997",
  "ad_cta_type": "瀏覽 Instagram 個人檔案",
  "ad_extra_links": [],
  "ad_extra_texts": [],
  "ad_page_categories": [
    "藝術家"
  ],
  "ad_page_like_count": 98,
  "ad_publisher_platform": [
    "instagram"
  ],
  "ad_like_count": "0",
  "ad_share_count": "0"
}