{
  "ad_id": "1198305401888960",
  "ad_context": "【中央政府應加速撥款「受災戶補助款」，讓宜蘭人能安心過年】\n\n去年11月，鳳凰颱風重創宜蘭縣蘇澳、羅東、冬山、五結、壯圍等地，共計約4900戶居民受災，許多人家家具全毀、生活陷入困境。挹注財源協助災民重建家園是政府的本分，地方政府的縣級賑災款早已發到位，可是災民到現在都還領不到中央的補助金。\n\n❓鳳凰來襲迄今將滿兩個月，距離行政院公布救助方案也近兩個月。宜蘭縣與公所已經完成地方審核並提報符合中央補助之案件，中央政府卻遲遲未匯款，請問：宜蘭人需要等到什麼時候？\n\n❓本次風災發生後，花蓮不到一個月就撥款完成，15年前的梅姬颱風也是在一個月內撥付完畢，為什麼宜蘭卻要等這麼久？\n\n再過一個月就要過年，災民還在苦等，地方的議員也不斷監督，因為這可不是獎金，而是重建的救命錢！我們要為宜蘭縣的受災戶爭一份基本的生活保障！\n\n📢在此鄭重呼籲中央政府：受災戶需要立即且到位的救助，請務必加速撥款，讓民眾都能安心過年。",
  "ad_profile_name": "吳宗憲",
  "ad_profile_image": "https://scontent.ftpe8-4.fna.fbcdn.net/v/t39.35426-6/612876436_860169333314359_9134832929256416544_n.jpg?stp=dst-jpg_s60x60_tt6&_nc_cat=102&ccb=1-7&_nc_sid=c53f8f&_nc_ohc=Zeh9kUU9ep0Q7kNvwGCe1rC&_nc_oc=Adm98YDfFvWYPI8ntoc3qYe19jpDdXpjZP5v-5l-7heWWdwwfuMIAz5FsF8uXxyS4oo&_nc_zt=14&_nc_ht=scontent.ftpe8-4.fna&_nc_gid=Dl7LGcA_o1jsGVeVY1WumQ&oh=00_AfoD2xNuv1yLZp516iLRUeg0tNzXHUwp701jEBWxxkNjtw&oe=696DF35F",
  "ad_is_video": false,
  "ad_video_preview_image": null,
  "ad_image": "https://scontent.ftpe8-1.fna.fbcdn.net/v/t39.35426-6/612655767_2113396275732118_2683046166460165072_n.jpg?stp=dst-jpg_s600x600_tt6&_nc_cat=105&ccb=1-7&_nc_sid=c53f8f&_nc_ohc=SvQacCAA2cUQ7kNvwHfRQ1X&_nc_oc=AdldAVyYtDYCoLYaTrJc1SqipLrUe2Fz0RDYyBlvCCZxc0fzYGcj7RzaoT0dCUvUTsw&_nc_zt=14&_nc_ht=scontent.ftpe8-1.fna&_nc_gid=Dl7LGcA_o1jsGVeVY1WumQ&oh=00_AfpJeiqvL4v5mUypT-GnvinrxS3UwRg_ZAfNQWz6mZmxlQ&oe=696DF3E8",
  "ad_cta_text": "發送訊息",
  "ad_link_description": null,
  "ad_link_url": null,
  "ad_title": null,
  "ad_caption": null,
  "ad_page_id": "140471252491819",
  "ad_cta_type": "發送訊息",
  "ad_extra_links": [],
  "ad_extra_texts": [],
  "ad_page_categories": [],
  "ad_page_like_count": 0,
  "ad_publisher_platform": [
    "facebook",
    "instagram"
  ],
  "ad_like_count": "0",
  "ad_share_count": "0"
}