{
  "ad_id": "1200741101964043",
  "ad_context": "大家拿到《當危機來臨時－－臺灣全民安全指引》了嗎？也可以來我的服務處索取～數量有限喔！\n​\n這本由中央發放，本應每戶收到一本的「新版全民國防手冊」，網路上卻有不少民眾說自己的鄰里長或大樓管理員沒有發送，甚至丟棄．．．．．．😩這也導致不少東區的朋友來向我詢問發放進度，擔心自己也遭遇一樣的問題。（但台南這種情況應該會比較少吧🤔）\n​\n在詢問後，確認東區區公所才剛收到，所以請大家先不用擔心～預計下週末前就會發送了！由於這一本手冊是一戶一本，因此如果您是沒有入戶籍的租屋族群，就會收不到，歡迎來我的服務處索取！\n​\nPS：真的不知道那些負責發送卻把它丟掉的人在想什麼😑",
  "ad_profile_name": "李宗霖Lí Chong-lîm",
  "ad_profile_image": "https://scontent.ftpe8-3.fna.fbcdn.net/v/t39.35426-6/594579259_1427670412061314_7670119098577105134_n.jpg?stp=dst-jpg_s60x60_tt6&_nc_cat=107&ccb=1-7&_nc_sid=c53f8f&_nc_ohc=hmLsUCnynUQQ7kNvwH1bW9U&_nc_oc=AdlNx0VQmwT1mnYXP9Z8kCp0GP6CKIaAY5akd5FR1BwOwg6J5BhpDrGKHzqZTIPja_M&_nc_zt=14&_nc_ht=scontent.ftpe8-3.fna&_nc_gid=mGsqYJ8mCINkONOFcbsLMA&oh=00_Afqfud13WrachaRWt9B79mdofTUiJ2kl5UUcbE0lbTUliA&oe=696E5615",
  "ad_is_video": false,
  "ad_video_preview_image": null,
  "ad_image": "https://scontent.ftpe8-4.fna.fbcdn.net/v/t39.35426-6/594595521_628552880278942_5063924927349593179_n.jpg?stp=dst-jpg_s600x600_tt6&_nc_cat=102&ccb=1-7&_nc_sid=c53f8f&_nc_ohc=w1zRwgH0Iz4Q7kNvwFrqjTc&_nc_oc=AdlTIE_RFa4Sgl5RtIvRMovUjy6rRRzlCiyW6mQ0Iz0B4I_n1Tzwl4tOEaMLUkn5LCU&_nc_zt=14&_nc_ht=scontent.ftpe8-4.fna&_nc_gid=mGsqYJ8mCINkONOFcbsLMA&oh=00_AfrXfMt0htNBEDsYk6TvT8hwPYcSQ0ydqweBM-xWvvPmJQ&oe=696E617F",
  "ad_cta_text": "發送訊息",
  "ad_link_description": null,
  "ad_link_url": null,
  "ad_title": null,
  "ad_caption": null,
  "ad_page_id": "561929534174419",
  "ad_cta_type": "發送訊息",
  "ad_extra_links": [],
  "ad_extra_texts": [],
  "ad_page_categories": [],
  "ad_page_like_count": 0,
  "ad_publisher_platform": [
    "facebook",
    "instagram"
  ],
  "ad_like_count": "0",
  "ad_share_count": "0"
}