{
  "ad_id": "1201093174847010",
  "ad_context": "👋 臺南鄉親看過來！今年電動機車補助再升級\n\n小編直接幫你畫重點：\n✔ 汰舊換新最高 30,200 元/輛（含中央補助）\n✔ 電池月租最高補助 7,200 元/輛\n✔ 貼心專案再加碼 3,000 元/輛\n幼幼、青年、物流、外送族、天然災害受災戶\n通通都照顧得到！\n\n📌 補助怎麼申請？\n臺南市政府環境保護局  補助詳情看留言區公告\n\n#台南 #臺南 #電動機車 #補助 #淨零綠生活",
  "ad_profile_name": "SMAT台灣智慧移動產業協會",
  "ad_profile_image": "https://scontent.ftpe8-4.fna.fbcdn.net/v/t39.35426-6/612371812_911360661348918_2769250120411413127_n.jpg?stp=dst-jpg_s60x60_tt6&_nc_cat=104&ccb=1-7&_nc_sid=c53f8f&_nc_ohc=CC1KHeGKab0Q7kNvwEKY_E1&_nc_oc=AdnGG9FovxsA-Fp_92W3xh8TP90FTojTUEml69A9oL7rsx5QvgF7JIXzzflLWOTyns4&_nc_zt=14&_nc_ht=scontent.ftpe8-4.fna&_nc_gid=AgBu4aaa_Z1NOawqG0WMXw&oh=00_AfrJerEy7XMEqExvPjkwWAKVQqoeVOAR2g0YzgFRt-Hp_Q&oe=696E549C",
  "ad_is_video": false,
  "ad_video_preview_image": null,
  "ad_image": "https://scontent.ftpe8-3.fna.fbcdn.net/v/t39.35426-6/610752859_881581961189186_7706075270043917021_n.jpg?stp=dst-jpg_s600x600_tt6&_nc_cat=107&ccb=1-7&_nc_sid=c53f8f&_nc_ohc=AdAcErHgmZ0Q7kNvwFY6y-A&_nc_oc=AdlfktXmIYiUwmLt0G1EHrlqFw2kS9JKrVw7xNNw9dnoawO7MFdIFbARg2WwO-xaRRY&_nc_zt=14&_nc_ht=scontent.ftpe8-3.fna&_nc_gid=AgBu4aaa_Z1NOawqG0WMXw&oh=00_AfrX-A0O2J5WIjVE0XETZEb9NTc6CzbuJYu3Eh-2nerYhg&oe=696E6C27",
  "ad_cta_text": "",
  "ad_link_description": null,
  "ad_link_url": null,
  "ad_title": null,
  "ad_caption": null,
  "ad_page_id": "224716348398040",
  "ad_cta_type": "",
  "ad_extra_links": [],
  "ad_extra_texts": [],
  "ad_page_categories": [],
  "ad_page_like_count": 0,
  "ad_publisher_platform": [
    "facebook"
  ],
  "ad_like_count": "0",
  "ad_share_count": "0"
}