{
  "ad_id": "1201893871535911",
  "ad_context": "你發現了嗎⁉️\n最近走進 7-11，不只買得到咖啡、點心，電視上還能看到 #2026竹山竹藝燈會 的廣告唷 📺✨\n是不是一看到畫面就開始心癢癢，腦海浮現「找一天來竹山走走吧～」的念頭呢？😆\n\n這個冬天，竹山用滿滿的竹藝美學點亮夜晚，結合 #傳統工藝 與 #創意設計，一盞盞燈飾在夜色中閃耀，怎麼拍都好看、怎麼逛都不膩 🤩🤩🤩\n\n不只可以 #賞燈打卡，現場還有 #熱鬧市集、#精彩節目表演，吃喝玩樂一次滿足，適合親子同遊、朋友相揪、情侶約會一起來 💕👨‍👩‍👧‍👦🙌🏻\n\n心動不如馬上行動！東睦誠摯邀請全國鄉親，一起來竹山感受最有溫度、最有味道的夜晚 🌃🥰\n走進燈海、漫步市集，留下專屬於你的美好回憶 📸💛\n\n#2026竹山竹藝燈會\n#竹山菸葉館\n#在711也看得到\n#賞燈必來竹山\n#東睦邀你一起來賞燈",
  "ad_profile_name": "竹山鎮長陳東睦",
  "ad_profile_image": "https://scontent.ftpe8-3.fna.fbcdn.net/v/t39.35426-6/615190358_915377317828173_5889225745153254952_n.jpg?stp=dst-jpg_s60x60_tt6&_nc_cat=111&ccb=1-7&_nc_sid=c53f8f&_nc_ohc=WvSVmk-tpl4Q7kNvwFanGXK&_nc_oc=AdlNZDjF55P6h4rkuqA9z5vCCFva0aRGuz84Zry-Uzscns34wLxMakOCdlvMwCaHedM&_nc_zt=14&_nc_ht=scontent.ftpe8-3.fna&_nc_gid=_i_OTNZ7QpTfg59578x-2g&oh=00_AfreAZ3QOyFuJ6cOUy95_c0hYX59qKzgps8GHZlQFHJmnA&oe=696DE23A",
  "ad_is_video": false,
  "ad_video_preview_image": "https://scontent.ftpe8-4.fna.fbcdn.net/v/t39.35426-6/614661604_2248616745632600_3380782706393634885_n.jpg?_nc_cat=104&ccb=1-7&_nc_sid=c53f8f&_nc_ohc=j5iq0KykJ14Q7kNvwFaQtbY&_nc_oc=AdmY2JoluxNaXp2tp_bD_GrnIyRKgHouNV0MjkQlbdKc6zTQwPsMmORLDLQx-KVf5R4&_nc_zt=14&_nc_ht=scontent.ftpe8-4.fna&_nc_gid=_i_OTNZ7QpTfg59578x-2g&oh=00_AfohkC7tBSi-hQaJKxEXvdcV0cLWYSnRZJgME64kiUWnQQ&oe=696DF442",
  "ad_image": null,
  "ad_cta_text": "",
  "ad_link_description": null,
  "ad_link_url": null,
  "ad_title": null,
  "ad_caption": null,
  "ad_page_id": "1693856497304590",
  "ad_cta_type": "",
  "ad_extra_links": [],
  "ad_extra_texts": [],
  "ad_page_categories": [
    "政治人物"
  ],
  "ad_page_like_count": 0,
  "ad_publisher_platform": [
    "facebook"
  ],
  "ad_like_count": "0",
  "ad_share_count": "0"
}