{
  "ad_id": "1201318978585598",
  "ad_context": "Classic Thorough Loops (Charcoal)",
  "ad_profile_name": "夜奔文創設計 Fly by Knight Design inspired by Martial Arts",
  "ad_profile_image": "https://scontent.ftpe8-3.fna.fbcdn.net/v/t39.35426-6/583904125_869442515523791_3456837393809055896_n.jpg?stp=dst-jpg_s60x60_tt6&_nc_cat=111&ccb=1-7&_nc_sid=c53f8f&_nc_ohc=VR6eGD0QX-0Q7kNvwHe1WQT&_nc_oc=Adl_6Q_u03stMg8GTDMTv6Qfsa-eQ2IYaw-TD0lj34JmVZ_oACCmecqSXijFboFhp1c&_nc_zt=14&_nc_ht=scontent.ftpe8-3.fna&_nc_gid=2fu1RKScfphoGyJUQHf75w&oh=00_AfqRc1HFg6tcvpWVHlCT6xoieqObZUptzvHwjI0wdpxEWg&oe=696E5B81",
  "ad_is_video": false,
  "ad_video_preview_image": null,
  "ad_image": "https://scontent.ftpe8-3.fna.fbcdn.net/v/t39.35426-6/583900117_780609878313033_4984871866333940072_n.jpg?stp=dst-jpg_s600x600_tt6&_nc_cat=111&ccb=1-7&_nc_sid=c53f8f&_nc_ohc=A6670BT9SVcQ7kNvwGVZFpz&_nc_oc=AdmJd_oyS6W2N33OpEIjE0pEgXPN5JOE-2t9rdDh9_kqGbLY74Xc_WxSlWjtOvXfblo&_nc_zt=14&_nc_ht=scontent.ftpe8-3.fna&_nc_gid=2fu1RKScfphoGyJUQHf75w&oh=00_Afr4XSP0p1EjVvSeblvSThmmr-dm7svHSuiTOZ_9G5BcJA&oe=696E5C4A",
  "ad_cta_text": "Shop Now",
  "ad_link_description": "Classic Thorough Loops (Charcoal)",
  "ad_link_url": "https://l.facebook.com/l.php?u=https%3A%2F%2Fwww.fbk.tw%2Fcollections%2Fthoroughloops%2Fproducts%2Fthoroughloops-1%3Ffbclid%3DIwZXh0bgNhZW0CMTAAYnJpZBExcVplVEdac29oTHFzeUE1WnNydGMGYXBwX2lkDzU0MTYzOTQ5Mzg4OTAyNQABHv2vl4vncBMsKNHkb2NUxa1bnNyLrjSIzOluWFyIzC8aPDFoDAkcYuyi0ww8_aem_lYXKSDdbsUiVKKoVWswdqA&h=AT3nmqW44iE3uc5Rn1NEE0d12ktTgWE_3gImCaAwDO70WLkL5B7OcBYGjkwWRMGqFseC4O-CSsWPL38Y-AnEOhMS-3OvJ41HmeqFuAOIe_Jrrv3VjaieNfifw-icitSftVDXMlfipRPj4Ah18mhNUw",
  "ad_title": "經典立領通明扣 （深墨灰）",
  "ad_caption": "fbk.tw",
  "ad_page_id": "111203732297569",
  "ad_cta_type": "Shop Now",
  "ad_extra_links": [
    "丹寧立領通明扣 (丹寧黑)",
    "旗袍通明扣上衣（皓月白）",
    "棉麻通明扣埋伏袍（靛影青）",
    "夜奔 x 上官 通背TEE",
    "棉麻通明扣風兜袍大衣（墨玄黑）",
    "旗袍通明扣上衣（輕靈黑）",
    "丹寧立領通明扣",
    "經典立領通明扣（淺白灰）",
    "時尚風兜帽通明扣（深墨灰）"
  ],
  "ad_extra_texts": [
    "Denim Thorough Loops (Black)",
    "Cheongsam Thorough Loops (White)",
    "Cotton and Linen Thorough Loops Ambush Jacket ( Indigo Blue )",
    "FBK x SHANG KUAN AMBUSH STAR CHASING THE ROOSTER THOROUGH TEE",
    "Cotton Weave Thorough Loops Hoodie Cloak (Black)",
    "Cheongsam Thorough Loops (Black)",
    "Denim Thorough Loops (Blue)",
    "Classic Thorough Loops (Pale Gray)",
    "Hoodie Thorough Loops (Charcoal)"
  ],
  "ad_page_categories": [],
  "ad_page_like_count": 0,
  "ad_publisher_platform": [
    "facebook",
    "instagram",
    "messenger"
  ],
  "ad_like_count": "0",
  "ad_share_count": "0"
}