{
  "ad_id": "1201632672112449",
  "ad_context": "桃園 NEXT 未來工程✨ 把未來蓋進日常生活裡 \n\n「桃園NEXT 未來工程」正一步步推進✨從醫療、交通、居住與城市機能，讓桃園成為更宜居、更有潛力的城市\n\n🏥 市立醫院＋三分院｜就近就醫免奔波\n推動 #市立醫院 ＋三分院醫療網絡，除了在八德的總院，也預計在大溪、觀音、復興三區設立分院，讓醫療資源更均衡，就醫更便利 \n\n🏙️ 第二市政園區｜打造未來城市新核心\n結合中路車站整體開發區， #市政大樓 與 #市議會 進駐，串聯捷運與中路車站，以及鐵路地下化周邊更新，引進「TOD+」的新概念，公共服務、交通與生活機能一次到位\n\n🏟️ 中壢體育園區｜南桃園發展關鍵拼圖\n車站、捷運、大型公園、停車場工程持續推進，加入大型運動與展演空間後， #南桃園 生活機能新核心更加完善\n\n🏠 可負擔住宅｜讓買房回到「住」的本質\n全台首例推動 #可負擔住宅 制度，透過去商品化與封閉市場設計，讓房價回到合理區間，減輕年輕族群購屋壓力，看到自住住宅的可能 \n\n🚌 桃小巴＋7條幹線公車｜115年桃園公車路網再擴大\n🔹除原有5條主幹線增班，同步新闢7條免費新幹線公車（刷市民卡享免費） \n🔹桃小巴路線新闢 50 條，2年內擴至200條，刷市民卡免費搭乘，通勤更輕鬆\n\n👀一起關注「桃園 NEXT未來工程」，把更好的生活，留在桃園 💕\n\n#桃園NEXT未來工程 #中壢體育園區 #第二市政園區 #市立醫院",
  "ad_profile_name": "桃園事",
  "ad_profile_image": "https://scontent.ftpe8-1.fna.fbcdn.net/v/t39.35426-6/611808098_1275566217739932_3235547204900614034_n.jpg?stp=dst-jpg_s60x60_tt6&_nc_cat=108&ccb=1-7&_nc_sid=c53f8f&_nc_ohc=ZoqkQ3iJyaUQ7kNvwFxhOYM&_nc_oc=Admp2N3KT2QqgKGGbO96I21ZR0ZpDlqlQy_-xrSlfbF6Hb85dbZug1OmSZb83YRqpPA&_nc_zt=14&_nc_ht=scontent.ftpe8-1.fna&_nc_gid=BdBN2up8k2NFAhQiS8MQiQ&oh=00_Afropdt0uBdDB0pgw9zlrkUOyiNSBVnrMof0H1avL7_AMA&oe=696DEC48",
  "ad_is_video": false,
  "ad_video_preview_image": null,
  "ad_image": "https://scontent.ftpe8-3.fna.fbcdn.net/v/t39.35426-6/611702597_834639706238131_664432104566399386_n.jpg?stp=dst-jpg_s600x600_tt6&_nc_cat=106&ccb=1-7&_nc_sid=c53f8f&_nc_ohc=ncAqbk_TaKIQ7kNvwFW8Bwp&_nc_oc=AdmOA0lmPCKiP_BDX2SsVqwiNqKzL792MXr7Xx72WdRZ6PdLtME8Fbz1RFhctG8pKas&_nc_zt=14&_nc_ht=scontent.ftpe8-3.fna&_nc_gid=BdBN2up8k2NFAhQiS8MQiQ&oh=00_AfptwHCTm7ZbO2UF7rx1pYap2WQ_fdfNFz0vRpGEYPSINg&oe=696DCCDC",
  "ad_cta_text": "",
  "ad_link_description": null,
  "ad_link_url": null,
  "ad_title": null,
  "ad_caption": null,
  "ad_page_id": "785537334791242",
  "ad_cta_type": "",
  "ad_extra_links": [],
  "ad_extra_texts": [],
  "ad_page_categories": [
    "政府機構"
  ],
  "ad_page_like_count": 0,
  "ad_publisher_platform": [
    "facebook",
    "instagram"
  ],
  "ad_like_count": "0",
  "ad_share_count": "0"
}