{
  "ad_id": "1202627491566759",
  "ad_context": "🔥2025 程式夏令營  全面啟動🔥\n讓孩子學習×遊戲×創造×冒險，整個暑假超有成就感！🎯\n\n🎮 Minecraft | 探索創造無極限\n從建築到編碼，激發孩子無窮創意與解決問題的能力！\n🛠️ Roblox | 打造專屬遊戲宇宙\n學習遊戲設計與程式語言，讓孩子成為小小開發者！\n🤖 AI 人工智慧 | 未來最關鍵的技能\n啟發孩子對 AI 與機器學習的理解，贏在起跑點！\n\n📌 五日全天實體課程\n超早鳥 $11,888→ 限時下殺價 $9,999\n📣 這波優惠只到 4/26 千萬不要錯過~\n\n🔗報名連結：可先填表預約 快來搶位！\nhttps://forms.gle/rQXqtYEPSb5nP6cv5\n\n📌加入 LINE 官方帳號，獲得完整課程介紹＋報名資訊！\n🔗 https://lin.ee/7rn5cQC\n\n#邏輯酷程式學院 #兒童程式營 #邏輯酷 #暑假營隊 #2025夏令營 #Minecraft #ROBLOX #AI #夏令營 #小小駭客營",
  "ad_profile_name": "邏輯酷程式學院 Logiscool Taiwan",
  "ad_profile_image": "https://scontent.ftpe8-2.fna.fbcdn.net/v/t39.35426-6/490985276_1350430609604651_2670223565216058533_n.jpg?stp=dst-jpg_s60x60_tt6&_nc_cat=100&ccb=1-7&_nc_sid=c53f8f&_nc_ohc=gDW-JX-OW3sQ7kNvwHevpzV&_nc_oc=Adn2uQ7Kzvz0OU0ttMnz6xpYExlU_Nrjme-dUUgIPYNoYwZ8kMjHrTZNSpBsybmqEAc&_nc_zt=14&_nc_ht=scontent.ftpe8-2.fna&_nc_gid=CeF-UCtlBY6JtqiY8wjWCQ&oh=00_AfpHtfSUZZs6X24-hD19cBqzpjAw0Q3y7LEPdgYb-sZY3g&oe=696E501F",
  "ad_is_video": false,
  "ad_video_preview_image": null,
  "ad_image": "https://scontent.ftpe8-1.fna.fbcdn.net/v/t39.35426-6/490672383_649076547898442_3090231232958964772_n.jpg?stp=dst-jpg_s600x600_tt6&_nc_cat=109&ccb=1-7&_nc_sid=c53f8f&_nc_ohc=4TSjDjI_r7UQ7kNvwEmUr6U&_nc_oc=AdnAG4CDYkV2pMbaIRfbjOzhQDeBtrwyN6a06EMWbzcgKgpgk6BRqiaFPCy1BJTwcis&_nc_zt=14&_nc_ht=scontent.ftpe8-1.fna&_nc_gid=CeF-UCtlBY6JtqiY8wjWCQ&oh=00_AfpMzCsXmrcFf-htq1aOYl1UuEqzvWd8ZPD_CFsPu2oovg&oe=696E4DCB",
  "ad_cta_text": "搶先預約",
  "ad_link_description": "超早鳥 限時下殺價 $9,999 優惠只到4/26",
  "ad_link_url": "https://forms.gle/rQXqtYEPSb5nP6cv5",
  "ad_title": "【限時報名】2025 邏輯酷夏令營 早鳥優惠倒數中",
  "ad_caption": "fb.me",
  "ad_page_id": "100452768039162",
  "ad_cta_type": "搶先預約",
  "ad_extra_links": [],
  "ad_extra_texts": [],
  "ad_page_categories": [],
  "ad_page_like_count": 0,
  "ad_publisher_platform": [
    "facebook",
    "instagram",
    "audience_network"
  ],
  "ad_like_count": "0",
  "ad_share_count": "0"
}