{
  "ad_id": "1202887547513824",
  "ad_context": "",
  "ad_profile_name": "Japanfoodie",
  "ad_profile_image": "https://scontent.ftpe8-3.fna.fbcdn.net/v/t39.35426-6/495354029_613469831709524_5802211510218895121_n.jpg?stp=dst-jpg_s60x60_tt6&_nc_cat=111&ccb=1-7&_nc_sid=c53f8f&_nc_ohc=OJEswaa4uYMQ7kNvwEDl6mU&_nc_oc=AdkCK5y1Z1GlPMMjI3LgV100uDLPYlI5xa-ug7EOeIsmfkc-6s8eR8knY7CqhDaISQg&_nc_zt=14&_nc_ht=scontent.ftpe8-3.fna&_nc_gid=RmkXDOTJMdt1-u9wIy3HrQ&oh=00_AfoFItPDdOjpuV4d0-N-AbbhIGG8f5VWAqTTIjGu-DihLQ&oe=696DEABA",
  "ad_is_video": false,
  "ad_video_preview_image": null,
  "ad_image": "https://scontent.ftpe8-1.fna.fbcdn.net/v/t39.35426-6/494683673_748532317498132_6890860882524238516_n.jpg?stp=dst-jpg_s600x600_tt6&_nc_cat=108&ccb=1-7&_nc_sid=c53f8f&_nc_ohc=xIl7l458-I0Q7kNvwHr53tq&_nc_oc=AdnKKcLyunhnLmeoT3oXZkHebC_pL-QKH2yexNz2kRX-w6pC1sE1LFpKcJLU9b-Y_wc&_nc_zt=14&_nc_ht=scontent.ftpe8-1.fna&_nc_gid=RmkXDOTJMdt1-u9wIy3HrQ&oh=00_AfqbqQG89Z6roRSRrYO4Xe317yW7X-_QcBFVF_0iBriyog&oe=696DDC58",
  "ad_cta_text": "Contact Us",
  "ad_link_description": null,
  "ad_link_url": "https://l.facebook.com/l.php?u=https%3A%2F%2Ffb.com%2Fmessenger_doc%2F&h=AT37RvWOTfwGz_TCbcYMwCCWMHutMwc4QrZ5KN18Lm7bfl8ehCAS55DLLu_RUnV31PG4lTMRn6X6_Kxndp_Lxod9FkSDwabyWiUWq92B0N4sQYojjlG6PVkd3voX9nK4xCxgmiJfppCSo1p8IPsQzw",
  "ad_title": "帶你享受高品質美食之旅",
  "ad_caption": "fb.com",
  "ad_page_id": "176373028883922",
  "ad_cta_type": "Contact Us",
  "ad_extra_links": [
    "帶你享受高品質美食之旅",
    "帶你享受高品質美食之旅",
    "帶你享受高品質美食之旅",
    "帶你享受高品質美食之旅",
    "帶你享受高品質美食之旅",
    "帶你享受高品質美食之旅",
    "帶你享受高品質美食之旅",
    "帶你享受高品質美食之旅",
    "帶你享受高品質美食之旅"
  ],
  "ad_extra_texts": [],
  "ad_page_categories": [
    "商品／服務"
  ],
  "ad_page_like_count": 97,
  "ad_publisher_platform": [
    "facebook",
    "instagram"
  ],
  "ad_like_count": "0",
  "ad_share_count": "0"
}