{
  "ad_id": "1203765074987982",
  "ad_context": "2026 《校園目擊者》人權桌遊｜國高中職到校服務開放申請！\nPTS MOVE，將人權議題帶進你的校園\n📌 報名申請點這裡：https://ptskidsedu.pse.is/8efp8f\n\n在校園裡，每天都在上演關於尊重、差異、界線與勇氣的課題。\n孩子如何看見不公平？如何面對衝突？如何成為願意伸出援手的人？\n\n這些，是《校園目擊者》的設計理念，同時也是人權教育的核心。\n2023 年 PTS MOVE 人權桌遊到校服務，我們一步一腳印，把人權議題帶進校園，走訪了北中南東 25 所學校。\n\n每一次研習、每一次入班，都讓我們看見孩子與老師真誠的學習與對話的機會。\n\n✨ 現在，2026 人權桌遊《校園目擊者》— 到校服務再次登場✨\n邀請國中、高中職教師，用桌遊陪學生練習「看見、思考、行動」，讓人權教育真的在課堂裡發生。\n\n本次服務提供國中、高中職教師兩種課程形式：\n1️⃣ 桌遊教師研習課程（3小時）\n2️⃣ 入班教學＋議課工作坊（2+1小時）\n📦 成功申請可獲得：\n✔ 《校園目擊者》桌遊\n✔ 活動報導一篇\n✔ 登錄至「尊重差異‧友善校園」地圖\n✔ 小公視人權桌遊線上教材包\n📢 立即申請，把《校園目擊者》帶到你的學校，和孩子們一起打造更友善、安全的校園！\n#公視兒少教育資源網 #小公視 #校園目擊者 #教育資源 #影音融入 #公視 #教師 #人權教育 #桌遊 #桌遊研習",
  "ad_profile_name": "公視兒少教育資源網",
  "ad_profile_image": "https://scontent.ftpe8-3.fna.fbcdn.net/v/t39.35426-6/594418494_1181288366860479_4023290246055760265_n.jpg?stp=dst-jpg_s60x60_tt6&_nc_cat=111&ccb=1-7&_nc_sid=c53f8f&_nc_ohc=u4XSECI8gDMQ7kNvwFbpvix&_nc_oc=AdlAtD8CvBwNjz2QNN-tmmPPr4dfRqkwWO-A8Sq3ReBX-3cAU9tsexWjt6JrAFD3SXA&_nc_zt=14&_nc_ht=scontent.ftpe8-3.fna&_nc_gid=wUpHO018OzTtQ2FFzbvPOQ&oh=00_AfqkMafdQZn_HyiNiIVEtAcAXsK3zm6Ctyx5KBRBAaZPyA&oe=696DEEB4",
  "ad_is_video": false,
  "ad_video_preview_image": null,
  "ad_image": "https://scontent.ftpe8-2.fna.fbcdn.net/v/t39.35426-6/594434251_856198757135562_8726433024144327620_n.jpg?stp=dst-jpg_s600x600_tt6&_nc_cat=100&ccb=1-7&_nc_sid=c53f8f&_nc_ohc=bAqCBmDOKTUQ7kNvwFswKhv&_nc_oc=AdkPUDggivybd3mWOIT7_ERXAYjCF_Fc_cIoVTv6LZrZUJ456Y1mqhT2Xvu4d2WLoPM&_nc_zt=14&_nc_ht=scontent.ftpe8-2.fna&_nc_gid=wUpHO018OzTtQ2FFzbvPOQ&oh=00_Afr0UJ5GGDvLHI8_Ts6cj9mW0SNvP6U0CHbixuSkOfLYEg&oe=696DCCC0",
  "ad_cta_text": "瞭解詳情",
  "ad_link_description": null,
  "ad_link_url": "https://ptskidsedu.pse.is/8efp8f",
  "ad_title": null,
  "ad_caption": null,
  "ad_page_id": "104924262160130",
  "ad_cta_type": "瞭解詳情",
  "ad_extra_links": [],
  "ad_extra_texts": [],
  "ad_page_categories": [],
  "ad_page_like_count": 0,
  "ad_publisher_platform": [
    "facebook",
    "instagram"
  ],
  "ad_like_count": "0",
  "ad_share_count": "0"
}