{
  "ad_id": "1203222431679181",
  "ad_context": "【速成的年代，更懂得時間的重量】\n格蘭利威40 年原酒，只為成就一次無可取代的巔峰。\n\n在講求「快」的世代裡，格蘭利威選擇以時間說話——格蘭利威 40 年雙雪莉訂製桶原酒，以跨越四個世代的耐心，凝鍊出只有時間能雕琢的深邃香氣。\n\n自 1824 年創立以來，格蘭利威以純粹工藝與斯佩賽風土寫下近兩百年的經典。今年攜手米其林三星餐廳 Taïrroir 態芮與 JL STUDIO 打造「雙三星奢宴」，讓殿堂級料理與高年份威士忌並陳，當中「40年原酒」更是驚喜現身，將整場宴會的餐搭氣氛昇華到至高境界。\n\n「格蘭利威40年原酒」全台限量150瓶，由桶藝大師 Kevin Balmforth 與西班牙赫雷斯頂級雪莉酒廠共同打造 Oloroso 與 PX 雙雪莉訂製桶，歷經 40 年熟成，讓經典花果香與深邃層次完美交會，成就難以複製的高年份標竿。這不只是一支酒，而是品味、時間與工藝的共同語彙。\n#格蘭利威 #TheGlenlivet #格蘭利威40年原酒",
  "ad_profile_name": "經理人月刊MANAGERtoday",
  "ad_profile_image": "https://scontent.ftpe8-4.fna.fbcdn.net/v/t39.35426-6/592875427_2259023661271020_3648636344741568405_n.jpg?stp=dst-jpg_s60x60_tt6&_nc_cat=110&ccb=1-7&_nc_sid=c53f8f&_nc_ohc=4g1T_xqYh3QQ7kNvwFjbK1M&_nc_oc=Adn9dcRn2ouXyjWnpdWbHwTOllUwuzYw7SZ88E9bk3QtqGzs7DFoCeq1Tr_uR0gwo9k&_nc_zt=14&_nc_ht=scontent.ftpe8-4.fna&_nc_gid=5QB83w0Egfs3dwb_EzgfxA&oh=00_AfqYwuR8_E2x0BNrttIRKz5_2A5ItsY-07JRTiF-vSRMrg&oe=696E6FBC",
  "ad_is_video": false,
  "ad_video_preview_image": null,
  "ad_image": "https://scontent.ftpe8-4.fna.fbcdn.net/v/t39.35426-6/593514672_1285674663367465_4052836631143286150_n.jpg?stp=dst-jpg_s600x600_tt6&_nc_cat=110&ccb=1-7&_nc_sid=c53f8f&_nc_ohc=qak6FLWxPVoQ7kNvwFW9Jla&_nc_oc=AdlFm1eQBkbYior_wHNV9eVI6z1tb3USX1e-ZN6q8ehW9rUhxazeYsXZWqy1FWjEu_o&_nc_zt=14&_nc_ht=scontent.ftpe8-4.fna&_nc_gid=5QB83w0Egfs3dwb_EzgfxA&oh=00_Afrm1hRhE2fVXRvFuIVArUGlM9EiwP8Fk9LryS8Kt1UfnA&oe=696E654F",
  "ad_cta_text": "瞭解詳情",
  "ad_link_description": "‎",
  "ad_link_url": "https://l.facebook.com/l.php?u=https%3A%2F%2Fwww.managertoday.com.tw%2Farticles%2Fview%2F71317%3Ffbclid%3DIwZXh0bgNhZW0CMTAAYnJpZBExcVplVEdac29oTHFzeUE1WnNydGMGYXBwX2lkDzU0MTYzOTQ5Mzg4OTAyNQABHmpq2dqLeY4r14a0KYPEgh9kE8ki2j9AlMnGQ52V8UCQY7qmek39vk-XZeQ4_aem_4CNH86rXNc_FDSTDbsc5TA&h=AT1q7NhvUzcLkQ0gP7KG_nNAkExme31b1d82DBZHX-Jn7_55cjYcILoqDDjQj5MzUl28LLNYU1nu5wlt_SIT56Rg_W9Bqi2eZRxuIsEcDcZx38fFLvlyBzuBSmHPkpFUTGAPghyIWOQjOpd0kVpz6g",
  "ad_title": "當時代被快轉，真正的好味需要慢放── 格蘭利威 40 年原酒，以雙雪莉訂製桶臻現風味巔峰|經理人",
  "ad_caption": "managertoday.com.tw",
  "ad_page_id": "198019486347",
  "ad_cta_type": "瞭解詳情",
  "ad_extra_links": [],
  "ad_extra_texts": [],
  "ad_page_categories": [
    "媒體／新聞機構"
  ],
  "ad_page_like_count": 0,
  "ad_publisher_platform": [
    "facebook",
    "instagram",
    "audience_network",
    "threads"
  ],
  "ad_like_count": "0",
  "ad_share_count": "0"
}