{
  "ad_id": "1204837977808780",
  "ad_context": "",
  "ad_profile_name": "Selfwho",
  "ad_profile_image": "https://scontent.ftpe8-1.fna.fbcdn.net/v/t39.35426-6/613553433_1186498133200494_3776018782043564795_n.jpg?stp=dst-jpg_s60x60_tt6&_nc_cat=109&ccb=1-7&_nc_sid=c53f8f&_nc_ohc=yxXYJuP-J5sQ7kNvwFqXmmo&_nc_oc=AdkN0t5WAbnenUoFBnA6xdnT0BtR6NBWpRveixw2QjJWp_fTrTY5_r3mjMNhRd4viMY&_nc_zt=14&_nc_ht=scontent.ftpe8-1.fna&_nc_gid=cgoKiVJFOChdcMVqGZyHgg&oh=00_AfoXWpjyJLFAtslDA1zQJigYOZqNC92mX7Cbglb2a6M7fA&oe=696DA215",
  "ad_is_video": false,
  "ad_video_preview_image": null,
  "ad_image": "https://scontent.ftpe8-2.fna.fbcdn.net/v/t39.35426-6/612237446_750255251460526_3563359221186913336_n.jpg?stp=dst-jpg_s600x600_tt6&_nc_cat=101&ccb=1-7&_nc_sid=c53f8f&_nc_ohc=Se_t2EWzG8QQ7kNvwH8Y0t3&_nc_oc=AdnELzR2fGXaOi7jw_xSfHthQvjx6oNOiu1roOKuidcvlgOXwejvYOhvTKmfk6zNDFo&_nc_zt=14&_nc_ht=scontent.ftpe8-2.fna&_nc_gid=cgoKiVJFOChdcMVqGZyHgg&oh=00_Afo7XrS58uS-uqbn-V_AWHZqALxZ8bUaL9fajL9iW23s-g&oe=696D9123",
  "ad_cta_text": "Shop Now",
  "ad_link_description": null,
  "ad_link_url": "https://l.facebook.com/l.php?u=https%3A%2F%2Fselfwhostudio.com%2F%3Ffbclid%3DIwZXh0bgNhZW0CMTAAYnJpZBExRlgwZjFCYTN1b0pDNWJKYXNydGMGYXBwX2lkDzU0MTYzOTQ5Mzg4OTAyNQABHo2c4vV6lALIXTYYtr9MFNJbWetcV-o9JGg5gAaQ93OFGMobhoKx_cyyrta3_aem_4rw7uowiqkhGoU5cA5OPhw&h=AT3tg6htwAkg5zt41ZxN4bMeebdEvsB-4-snaoOWs1Fm20cogUhnBKZU4LfDE1tRVkXiw2vT0-RcHtN92d2UVrSYgLVCEXNFC_b3b0WC1KY2iVtDt8Z-zZonZpKw6OzZANv96RFg3eFg2h6vyhkNTA",
  "ad_title": "SELFWHO | Fashion Style - Aims To Make Comfort The Basic Style",
  "ad_caption": "selfwhostudio.com",
  "ad_page_id": "491797984027607",
  "ad_cta_type": "Shop Now",
  "ad_extra_links": [
    "SELFWHO | Fashion Style - Aims To Make Comfort The Basic Style",
    "SELFWHO | Fashion Style - Aims To Make Comfort The Basic Style",
    "SELFWHO | Fashion Style - Aims To Make Comfort The Basic Style",
    "SELFWHO | Fashion Style - Aims To Make Comfort The Basic Style",
    "SELFWHO | Fashion Style - Aims To Make Comfort The Basic Style",
    "SELFWHO | Fashion Style - Aims To Make Comfort The Basic Style",
    "SELFWHO | Fashion Style - Aims To Make Comfort The Basic Style",
    "SELFWHO | Fashion Style - Aims To Make Comfort The Basic Style"
  ],
  "ad_extra_texts": [],
  "ad_page_categories": [
    "服裝（品牌）"
  ],
  "ad_page_like_count": 1110,
  "ad_publisher_platform": [
    "facebook",
    "instagram",
    "audience_network",
    "messenger",
    "threads"
  ],
  "ad_like_count": "0",
  "ad_share_count": "0"
}