{
  "ad_id": "1204373517700820",
  "ad_context": "#王金平為什麼這麼大尾\n\n王金平出道的很早，1975年，在派系的支持下，34歲就選上立委，但真正進入政壇核心，是1993年，搭配台中紅派大老劉松藩，當選立法院副院長，這與李登輝特別提拔地方勢力有很大的關係\n\n#天龍人把持的國民黨\n\n大家都知道，國民黨是1945年才出現在台灣的，過去與台灣幾乎沒有任何關係，連講的語言都不一樣，在兩蔣獨裁時期，國民黨是外省天龍人把持，只有黨中央，沒有地方勢力，俗稱「外省權O」\n\n後來蔣經國GG，本土派的李登輝意外成為總統，但李登輝是本省人，無法獲得黨內大老的信服，但最後在宋楚瑜的助攻下，擊敗李煥、郝柏村、蔣宋美齡領導的外省派，順利取得政權\n\n#地方派系的崛起\n\n李登輝當上總統後，為了削弱黨內那些皇親貴族，因此跟地方勢力結盟，以鄉村包圍城市的戰略，將他們帶進政壇 \n\n這神操作帶來了兩個影響，這些地方派系道德感低，也沒有多大的政治理想，多的是魚肉鄉民的黑道，是黑金政治的起源。\n\n另一方面，黨內不爽李登輝的人，跑出來組成新的外省黨，曾是台灣第三大黨，現在還活著，創黨元老前陣子還跑出來選副總統\n\n#立法院公道伯\n\n王金平作為高雄白派的明日之星，就這樣被李登輝提拔，一路當上立法院長，叱吒政壇30年\n\n在野時期的民進黨立委，是相當有POWER的，他們認為反對黨人數劣勢下，還跟你溫良恭儉讓的質詢，國民黨才不理你，因此必須採取極端手段，才能發展台灣民主，這時期的戰將有朱高正、陳水扁、謝長廷等，所以當時的立法院幾乎天天在打架\n\n但王金平成為院長後，在他的穿針引線下，立法院和諧了許多，王金平成為藍綠都服氣的「共主」\n\n#馬王事件\n\n後來馬英九上台，他一直想恢復國民黨黨中央的勢力，削弱地方派系，所以在第二任沒有連任壓力時，不惜與同黨的地方派系共主-王金平撕破臉，不講武德的在老王嫁女兒時開記者會，就是有名的「馬王政爭」\n\n馬王政爭普遍看來，大家認為王金平贏了，因為王金平沒被開除黨籍，而馬英九人氣大減，還賠了一個檢察總長黃世銘，王金平雖然卸下立法院長，但妥妥的高雄一方之霸，還培養出了一個韓國瑜\n\n#喬王\n\n不得不佩服王金平的厲害，很多人說，王金平當院長時，立法院的和諧是他「喬」出來的，對，「喬」這個字其實是負面的，好聽一點是政治協商，難聽一點是利益交換\n\n但如果王金平不跟在野黨「喬」，那給國民黨玩就好了，任何法案都可以在人數優勢下，動用表決強勢通過，但王金平讓所有在野黨，都可以上桌玩，讓在野黨也可以爭取法案，不讓國會變成一黨獨大，重點他是國民黨的!!\n\n#政壇公道伯\n\n所以政壇公道伯不是假的，以王金平的財力，他出來開課也絕對不是為了錢，他的個人課程收入會全部做公益，還真的只是經驗傳承而已\n\n王金平這門溝通協調課程匯集了他四十年的政治經驗，簡單來說，就是教你如何在生活中更有效地「喬事情」，從職場、家庭到商場，讓你面對各種衝突都能找到迎刃而解\n\n透過他參與的九月風雲、太陽花學運等事件，讓你了解在複雜的情境中如何協調雙方，並把這些技巧帶到生活裡\n\n王金平用他多年的經驗提煉出一套「喬事心法」，教你如何用同理心和信任，提升你的溝通能力，應對各種挑戰。這門課不是教你贏過對方，而是教你如何找到雙方都能接受的方案，達到共贏\n\n上完這堂課，你不只會學到理論，還能夠實際運用在生活中，變得更會說話、更能解決問題，感覺真不錯\n\n現在使用便宜的優惠碼「cheap」~現折 300 元\nhttps://shifuclass.com/TdDgz",
  "ad_profile_name": "Cheap",
  "ad_profile_image": "https://scontent.ftpe8-4.fna.fbcdn.net/v/t39.35426-6/484306386_1193564922105792_4686331037950980698_n.jpg?stp=dst-jpg_s60x60_tt6&_nc_cat=104&ccb=1-7&_nc_sid=c53f8f&_nc_ohc=VA0-kXjw1hQQ7kNvwElsZ3J&_nc_oc=Adlc6jfVP0Xufvo1yNkqNdLgKOgpOglHl4ABZi-TnJ-jkZ1YV-IiXtoLO6KzblgJwUY&_nc_zt=14&_nc_ht=scontent.ftpe8-4.fna&_nc_gid=PtB_Xd9vc4GfdYTMuAqZkQ&oh=00_AfpVJTSOsyWl5vcYGrw7ofODjqQ9hUtpUNnlxyyEHDDMqA&oe=696DDAF9",
  "ad_is_video": false,
  "ad_video_preview_image": "https://scontent.ftpe8-1.fna.fbcdn.net/v/t39.35426-6/483825667_936267005014934_7758809802783673273_n.jpg?_nc_cat=105&ccb=1-7&_nc_sid=c53f8f&_nc_ohc=jDStbviL7acQ7kNvwGcT-aT&_nc_oc=AdnwjyaQgw1V6Ef5MpZ1MsD2DlUuBl_2WqrqanGvgslBQXdnljTU1dQpajwbDA57Ay0&_nc_zt=14&_nc_ht=scontent.ftpe8-1.fna&_nc_gid=PtB_Xd9vc4GfdYTMuAqZkQ&oh=00_AfpVwMQt53jN5cpDXrk4VXkwHIYDi0MNUjUFFmWGFPHCWQ&oe=696DE4A7",
  "ad_image": null,
  "ad_cta_text": "瞭解詳情",
  "ad_link_description": null,
  "ad_link_url": "https://shifuclass.com/TdDgz",
  "ad_title": "王金平用他多年的經驗提煉出一套「喬事心法」，教你如何用同理心和信任，提升你的溝通能力",
  "ad_caption": "shifuclass.com",
  "ad_page_id": "136185963597716",
  "ad_cta_type": "瞭解詳情",
  "ad_extra_links": [],
  "ad_extra_texts": [],
  "ad_page_categories": [
    "電玩遊戲影片創作者"
  ],
  "ad_page_like_count": 0,
  "ad_publisher_platform": [
    "facebook"
  ],
  "ad_like_count": "0",
  "ad_share_count": "0"
}