{
  "ad_id": "1205038894481609",
  "ad_context": "【AI网络自由创业】点击链接报名",
  "ad_profile_name": "AI 小白创业",
  "ad_profile_image": "https://scontent.ftpe8-1.fna.fbcdn.net/v/t39.35426-6/615825865_1116597683771868_8238269559982492879_n.jpg?stp=dst-jpg_s60x60_tt6&_nc_cat=109&ccb=1-7&_nc_sid=c53f8f&_nc_ohc=y8gClMduuYcQ7kNvwGziTUW&_nc_oc=AdkFU-UPfXwnRRGp4JgHl8AsezXcgKkI0QZdNWYoVlp1XOvRpXDFIqm_TT1jVn7ugx0&_nc_zt=14&_nc_ht=scontent.ftpe8-1.fna&_nc_gid=8UNRr4x0MkzGApCntmi8wQ&oh=00_Afq2Q0LV08OGBUJw0Y5OOR8f7vcKiKrucgPaFrLTltbfQA&oe=696DE0C4",
  "ad_is_video": false,
  "ad_video_preview_image": "https://scontent.ftpe8-1.fna.fbcdn.net/v/t39.35426-6/615430041_26051529547805371_8221388622775461360_n.jpg?_nc_cat=105&ccb=1-7&_nc_sid=c53f8f&_nc_ohc=-_FKhe7wrRoQ7kNvwEa41vg&_nc_oc=AdmPwaYUlovnV0mnxBjhnRYJbOf6knzh7rwt9iLoW_8mpf5CELOQ_807Y9pl1ihSgCY&_nc_zt=14&_nc_ht=scontent.ftpe8-1.fna&_nc_gid=8UNRr4x0MkzGApCntmi8wQ&oh=00_AfqjKpxLtBW2uWls6-F1luzvOM5bGekoutAWYy6rVNLu4g&oe=696DBB8C",
  "ad_image": null,
  "ad_cta_text": "立即註冊",
  "ad_link_description": null,
  "ad_link_url": "https://l.facebook.com/l.php?u=https%3A%2F%2Ffreedombusiness.io%2Fcharles%3Futm_source%3Dfb_ad%26utm_medium%3D%257B%257Badset.name%257D%257D%26utm_campaign%3D%257B%257Bcampaign.name%257D%257D%26utm_content%3D%257B%257Bad.name%257D%257D%26campaign_id%3D%257B%257Bcampaign.id%257D%257D%26fbclid%3DIwZXh0bgNhZW0CMTAAYnJpZBExSVF5MFdiSDNXa0k5cVpWV3NydGMGYXBwX2lkDzU0MTYzOTQ5Mzg4OTAyNQABHj-nfLobWN9RWkWZNTBU2r_y-JvKx6npz_YzeAyXwkJ_RTqeJqXiNotirl4e_aem_hp0JbPWW89uwgAGkVM-aOw&h=AT0kNEvR9tkeb-nldT5UR7Q6V7eHq6n7f5MfAZFGaNOo5lIeJWE1q36Y-g5SPgJhHUgyG4dRSWdZ4XHWPBdmgn19L842ebel7HbaZ7CzTMGCbkCg1VMMHPx0BJdt__SW1Ko6U0u6NaeNhaypQtR4xg",
  "ad_title": "【AI网络自由创业】点击链接报名",
  "ad_caption": "freedombusiness.io",
  "ad_page_id": "709340528926949",
  "ad_cta_type": "立即註冊",
  "ad_extra_links": [],
  "ad_extra_texts": [],
  "ad_page_categories": [
    "數位創作者"
  ],
  "ad_page_like_count": 1958,
  "ad_publisher_platform": [
    "facebook",
    "instagram"
  ],
  "ad_like_count": "0",
  "ad_share_count": "0"
}