{
  "ad_id": "1205093466819093",
  "ad_context": "【自由紋理嘉義場——我們要留給孩子什麼未來？】\n​\n「 #剩下就是你們的事了！」\n「 #少年人ê時代到了！」\n​\n回首台灣彷彿狂飆的80年代，前輩們用盡力氣替我們撐起了民主自由的空間。\n​\n1987年，當二二八平反運動來到嘉義火車站前，進行追悼默哀儀式時，鄭南榕向二二八受難者鞠躬致意：「對不起，我們來晚了。」\n​\n1989年，鄭南榕於4月7日自焚殉道，嘉義藝術家詹三原隨即創作180公分高的鄭南榕畫像，並於519出殯儀式中展示。\n​\n1989年，5月19日舉辦鄭南榕出殯儀式，來自嘉義的基層黨工詹益樺，於總統府前自焚。他曾說：「鄭南榕是一個偉大而美好的種子，我也希望自己能成為一個偉大而美好的種子。」\n​\n​\n「 #自由紋理：探索在地Nylon足跡」來到由張宏榮醫師留下的空間台灣圖書室，在保留了原始木造建築痕跡的空間裡，我們試圖將展品融入這個特殊的地景，保留圖書架上豐富的藏書，再放上屬於鄭南榕、也屬於台灣人的歷史樣貌。\n​\n這裡不是嘉義最完整、最乾淨、最好運用的展覽場地，對我們來說卻是嘉義很有特殊意義的空間。\n​\n謝謝台灣圖書室的夥伴們，給予我們最大限度的支援與幫忙。\n​\n/\n​\n⠄⠆⠇　自由紋理：探索Nylon在地足跡　⠇⠆⠄\n\n「在　大　時　代　的　年　輪　裡　，　\n　　為　自　由　奮　鬥　鑿　下　的　紋　理　\n　　　開　箱　你　不　知　道　的　鄭　南　榕　和　民　主　自　由」\n​\n​\n⭓ 展覽時間：04/29(六) - 05/28(日)\n⭓ 展覽場地&開放時間：\n　台灣圖書室（嘉義市東區中山路255號）\n　週三~五 16:00-21:00 \n　週六~日 14:00-21:00\n　\n⭓ 周邊串聯店家：(A)勇氣書房、(B)米克斯Mix Art Center、(C)島呼冊店、(D)洪雅書房、(E)國王蝴蝶咖啡、(F)Daisy的雜貨店\n​\n--\n​\n全台巡迴路線：\n​\n⭓ 台北｜田園城市生活風格書店 2022/11/26 - 12/18\n⭓ 彰化｜十ㄦˋ、白色方塊咖啡 2023/01/07 - 02/28\n⭓ 台南｜胖地PunPlace 2023/03/04 - 04/16\n⭓ 嘉義｜台灣圖書室 2023/04/29 - 05/28\n⭓ 苗栗｜苑裡掀海風（掀冊店）、小恩食光 ​ 2023/06/03 - 07/09\n⭓ 宜蘭｜陳定南紀念館 2023/07/22 - 09/17\n⭓ 高雄｜三餘書店 2023/09/23 - 11/05\n​\n​\n#自由紋理\n#嘉義展覽 #展覽 #鄭南榕展覽",
  "ad_profile_name": "鄭南榕基金會．紀念館",
  "ad_profile_image": "https://scontent.ftpe8-2.fna.fbcdn.net/v/t39.35426-6/345609040_159317033525399_1959566062205009066_n.jpg?stp=dst-jpg_s60x60_tt6&_nc_cat=101&ccb=1-7&_nc_sid=c53f8f&_nc_ohc=ENsKXWlPUuQQ7kNvwEToVoV&_nc_oc=AdlRM5nQMUXtJb7UnTfGZPQXvMNVQFqqVJdnmuswr2mvc52TG2B8ehx0kWLHDzgdQ2o&_nc_zt=14&_nc_ht=scontent.ftpe8-2.fna&_nc_gid=EwWtaJ3PS5jOCBJ6kRvZaQ&oh=00_Afr5Oa1tYeAyYZKHYskY43uNV8pKn3Uq3zUhk-iIuX1cvg&oe=696E6900",
  "ad_is_video": false,
  "ad_video_preview_image": null,
  "ad_image": "https://scontent.ftpe8-4.fna.fbcdn.net/v/t39.35426-6/346078524_158653833607218_8394516819092893487_n.jpg?stp=dst-jpg_s600x600_tt6&_nc_cat=102&ccb=1-7&_nc_sid=c53f8f&_nc_ohc=nk9eM1yia50Q7kNvwE0ozMX&_nc_oc=AdmFeHixpDsxFPtv10GOZ8xWngMaignQsZtlpxwE0XVElD-ou0H_cW1VabMiMC3uQw4&_nc_zt=14&_nc_ht=scontent.ftpe8-4.fna&_nc_gid=EwWtaJ3PS5jOCBJ6kRvZaQ&oh=00_Afr4lVgilcIklL5D_xZ3WxLOescxleX0sXqFAUp2-8us-Q&oe=696E3E7D",
  "ad_cta_text": "",
  "ad_link_description": null,
  "ad_link_url": null,
  "ad_title": null,
  "ad_caption": null,
  "ad_page_id": "227597833442",
  "ad_cta_type": "",
  "ad_extra_links": [],
  "ad_extra_texts": [],
  "ad_page_categories": [
    "非營利組織"
  ],
  "ad_page_like_count": 0,
  "ad_publisher_platform": [
    "facebook",
    "instagram"
  ],
  "ad_like_count": "0",
  "ad_share_count": "0"
}