{
  "ad_id": "1205338650977498",
  "ad_context": "【鄭君殿】畫冊開賣🌿🌸🌿🌸\n\n2025年 《鄭君殿：作品選2013-2025》\n含該檔展覽論述\n畫冊原定價單本 NTD $1000，展期間享優惠NTD $800\n歡迎私訊購入(台灣本島免運~限便利商店店到店)\n\n----------------------------------------\n展    名｜蕨類：鄭君殿個展\nIN THE BEGINNING, THERE WAS A FERN: Solo Exhibition of Jeng Jundian\n策展人｜王嘉驥 Curated by Chia Chi Jason Wang\n展    期｜2025/4/19~2025/6/1",
  "ad_profile_name": "赤粒藝術 Red Gold Fine Art",
  "ad_profile_image": "https://scontent.ftpe8-1.fna.fbcdn.net/v/t39.35426-6/495135849_2166156727231112_1410334904707442962_n.jpg?stp=dst-jpg_s60x60_tt6&_nc_cat=105&ccb=1-7&_nc_sid=c53f8f&_nc_ohc=d-Ms_wcr6dwQ7kNvwHGBswZ&_nc_oc=AdloR1LA_xkO7AH8Uyln1ANS12I5hq4qa7mqRNfWJmWnj4J6xX2-b9lFfBluTOgRS6s&_nc_zt=14&_nc_ht=scontent.ftpe8-1.fna&_nc_gid=qhGBy_nfkRVbfCW1iXYJQw&oh=00_Afr1B7TRWTZQTWvL8hU2hO9pQdWRaW-Gnn223ho8UN8z7w&oe=696E6040",
  "ad_is_video": false,
  "ad_video_preview_image": null,
  "ad_image": "https://scontent.ftpe8-2.fna.fbcdn.net/v/t39.35426-6/495019087_2107600606410121_3240296267861017743_n.jpg?stp=dst-jpg_s600x600_tt6&_nc_cat=101&ccb=1-7&_nc_sid=c53f8f&_nc_ohc=b7UjegAzmuEQ7kNvwGh5IQ1&_nc_oc=AdmmbKPdi8NrtRvbOYgc867T2GMcCm2mSMpFQRwLJWUkG0VUleLkKpsFlp_32FnYSXE&_nc_zt=14&_nc_ht=scontent.ftpe8-2.fna&_nc_gid=qhGBy_nfkRVbfCW1iXYJQw&oh=00_AfpSOKzhQp9zJYQnRcJ6n3GJstAXzsnIf7PTlDhipwNJBQ&oe=696E64CD",
  "ad_cta_text": "",
  "ad_link_description": null,
  "ad_link_url": null,
  "ad_title": null,
  "ad_caption": null,
  "ad_page_id": "190787767622057",
  "ad_cta_type": "",
  "ad_extra_links": [],
  "ad_extra_texts": [],
  "ad_page_categories": [
    "藝廊"
  ],
  "ad_page_like_count": 7250,
  "ad_publisher_platform": [
    "facebook",
    "instagram",
    "audience_network"
  ],
  "ad_like_count": "0",
  "ad_share_count": "0"
}