{
  "ad_id": "1205134264242115",
  "ad_context": "#2025流域共好 #為家鄉河川做一件事\n【 全台瘋流域2025＿正式走出淡水河 】#現正報名中\n\n✨即刻免費報名｜https://cwnewbusiness.pse.is/7ke6ca \n\n2025.6.10，天下雜誌將於高雄舉辦第二屆流域論壇，宣告正式走向全台流域！\n\n此次論壇從北台灣移師南台灣，以「讓環境成為你的利害關係人」為題，著眼企業與城市的發展，除了新穎的建築、酷美的設計，更把友善環境帶入企業／組織的營運，與你我的生活。\n\n希望藉由複製《為淡水河做一件事》的倡議經驗，結合公部門、私人企業與民間的力量，讓南台灣的流域也能發聲，也能像淡水河流域一樣，朝向2030年脫離嚴重污染邁進。\n\n─┈┄┅━━━━━━━━━━━━━━━┅┄┈─​\n\n➼ 本次南台灣出任務，目標有二！\n\n▌正式宣示邁向全台「流域共好」▌\n這是CSR天下流域倡議的一大里程碑，也是所有水系公民、公約企業攜手才能共創的美好影響力。\n\n▌建立流域生態圈 ▌\n我們將邀請曾經簽署《淡水河公約》的企業，以及台灣各地——尤其本次論壇所在的南台灣產官學夥伴——關心流域的企業公民與水系公民，共同簽署新版的《流域公約》。\n\n▌南部重點大河體檢 ▌\n在天下雜誌追蹤十餘年，看見蛻變的高屏溪之外。本次編輯群將陸續推出針對二仁溪、阿公店溪、急水溪、東港溪、北港溪、曾文溪等南高屏河川的深度報導。從一個深入的體檢開始，錨定出下一步該從何開始。\n\n─┈┄┅━━━━━━━━━━━━━━━┅┄┈─​\n\n\\\\\\\\\\\\\\ 精彩論壇正在如火如荼籌備中！///////\n\n6.10 跟我們一起走出淡水河，移師南台灣，宣示 #為家鄉河川做一件事\n✨報名還贈多項好禮，詳細請見活動報名頁👉👉👉\n✨即刻免費報名｜https://cwnewbusiness.pse.is/7ke6ca \n\n▌時間｜2025.6.10（二）13:00-17:10\n▌地點｜R23糖倉會展中心_C3會館（高雄市橋頭區糖廠路24號）",
  "ad_profile_name": "CSR在天下",
  "ad_profile_image": "https://scontent.ftpe8-4.fna.fbcdn.net/v/t39.35426-6/496946982_580787734550275_246929612382265652_n.jpg?stp=dst-jpg_s60x60_tt6&_nc_cat=102&ccb=1-7&_nc_sid=c53f8f&_nc_ohc=hhghZpfdWZoQ7kNvwGuskGc&_nc_oc=AdnIb_q_F_ITZONAy8el_LpBCotAMOv6Zx4TeiXRahkPDZbH4yc27_pC5HpgJxCy8ss&_nc_zt=14&_nc_ht=scontent.ftpe8-4.fna&_nc_gid=YB_2FhqJ4Z1fUj7gd2rPhA&oh=00_AfqMI9y_h1ntON-0freVfCxvf5P7mDFyPONK26knoBj0EA&oe=696E49B1",
  "ad_is_video": false,
  "ad_video_preview_image": null,
  "ad_image": "https://scontent.ftpe8-3.fna.fbcdn.net/v/t39.35426-6/497738165_1245587477171461_4339642933596339438_n.jpg?stp=dst-jpg_s600x600_tt6&_nc_cat=106&ccb=1-7&_nc_sid=c53f8f&_nc_ohc=5GID-GdT1NUQ7kNvwHa1Tg8&_nc_oc=Adl05qTcA1-C_3J9fmIu9rGD5ZlHjA7A9XrX0tprjxNjxs9y1ENx1Yfor4zRMkh3Des&_nc_zt=14&_nc_ht=scontent.ftpe8-3.fna&_nc_gid=YB_2FhqJ4Z1fUj7gd2rPhA&oh=00_AfpAUWbNoLgvji2Nc5A_FMDCrZL7gSVbsEumq9ckvtSwKA&oe=696E57C7",
  "ad_cta_text": "瞭解詳情",
  "ad_link_description": null,
  "ad_link_url": "https://cwnewbusiness.pse.is/7ke6ca",
  "ad_title": null,
  "ad_caption": null,
  "ad_page_id": "1751961571765479",
  "ad_cta_type": "瞭解詳情",
  "ad_extra_links": [],
  "ad_extra_texts": [],
  "ad_page_categories": [],
  "ad_page_like_count": 0,
  "ad_publisher_platform": [
    "facebook",
    "instagram"
  ],
  "ad_like_count": "0",
  "ad_share_count": "0"
}