{
  "ad_id": "1208980170559334",
  "ad_context": "🧊《冰封的記憶》解凍記憶，需要你的溫度►\n🔗放映與議題推廣計劃正式開跑：https://www.flyingv.cc/projects/37020\n\n　　「歷史的斷裂，\n　　往往是因為我們停止了閱讀與對話。」\n\n一段消失 80 年的記憶，\n在許明淳導演的鏡頭下，開始解凍。\n\n在極北的凍土裡，\n一群來自台灣的少年，被遺忘了近一世紀。\n現在，我們想邀請你成為那個願意傾聽的人，\n與導演一起，將這些名字從冰層裡輕輕喚醒。\n\n這段歷史的廣度，\n需要更多面向的拼湊，\n才能有更全面的認識。\n\n我們與長期深耕台灣文史的前衛出版社合作，\n推出台灣記憶：前衛選書回饋方案。\n\n▛台灣記憶：前衛選書▟\n📖 《武裝台灣1945：米機襲來2》\n📖 《沒有國籍的島：黃維君詩集》\n📖《冰封的記憶》\n\n🎒其餘專屬回饋：\n✅線上看連結  ✅專屬質感書袋\n✅線上或實體講座報名資格\n✅列名感謝名單\n\n🧊 參與計畫，讓記憶延續 ►\n👉https://www.flyingv.cc/projects/37020\n\n#冰封的記憶 #台籍日本兵 #西伯利亞 #身分認同 #跨世代對話",
  "ad_profile_name": "冰封的記憶 Memories Frozen in Time",
  "ad_profile_image": "https://scontent.ftpe8-2.fna.fbcdn.net/v/t39.35426-6/605786625_1411209743874243_8603005772920196256_n.jpg?stp=dst-jpg_s60x60_tt6&_nc_cat=100&ccb=1-7&_nc_sid=c53f8f&_nc_ohc=VUGH3lI1J5wQ7kNvwFy5LaV&_nc_oc=AdlGypLkgaRC-TY6rGG_DFN0JZ6d08NOMs5-K9u_yV4roaXKT8c9hcrhrt3oGLTy5vg&_nc_zt=14&_nc_ht=scontent.ftpe8-2.fna&_nc_gid=ggQ9oWCR9hyhdwHbJJf0tw&oh=00_AfrQ6__L2ifCZZaL2XIvjcccq5VpTnmlBz4x92eTC-5yag&oe=696E5413",
  "ad_is_video": false,
  "ad_video_preview_image": null,
  "ad_image": "https://scontent.ftpe8-2.fna.fbcdn.net/v/t39.35426-6/607697016_724804510302975_774074654289355307_n.jpg?stp=dst-jpg_s600x600_tt6&_nc_cat=100&ccb=1-7&_nc_sid=c53f8f&_nc_ohc=eugBQt7fmKIQ7kNvwFFAZWs&_nc_oc=AdlSDankKnKzgzqZuDxId-r6VyOyHnreqRwGDaSkCeq0I5olItxWNuqzMBLnv-lAuWg&_nc_zt=14&_nc_ht=scontent.ftpe8-2.fna&_nc_gid=ggQ9oWCR9hyhdwHbJJf0tw&oh=00_AfoO-HCIY2UUkryO5uA0SyJrmVu1tsn40awwl8pYMPRqAg&oe=696E37E0",
  "ad_cta_text": "立即訂購",
  "ad_link_description": "以為日本而戰的臺籍西伯利亞戰俘背負的身分為主軸，在二戰結束八十年後，探究身分認同的分歧，與已逝者的後代面臨的世代鴻溝該如何化解。",
  "ad_link_url": "https://www.flyingv.cc/projects/37020",
  "ad_title": "紀錄片《冰封的記憶》放映與議題推廣計劃｜ flyingV",
  "ad_caption": "flyingv.cc",
  "ad_page_id": "157468384105565",
  "ad_cta_type": "立即訂購",
  "ad_extra_links": [],
  "ad_extra_texts": [],
  "ad_page_categories": [
    "電影"
  ],
  "ad_page_like_count": 682,
  "ad_publisher_platform": [
    "facebook",
    "instagram"
  ],
  "ad_like_count": "0",
  "ad_share_count": "0"
}