{
  "ad_id": "1208910640431757",
  "ad_context": "事物的本身 以很多種樣貌呈現著\n依每個人的觀點和解讀而有所不同\n情感面來說 更佔有重要的關鍵\n與事物連結的 是人 \n而人與人之間 也因事或物而產生關聯\n看了十秒就會哭的夕陽 \n聽到海聲就想起美好的回憶\n看到舊物就思念起一個人 \n被一首歌所感動\n被書裡的文字徹底理解和感同身受\n這些 都是因為真真切切體會過 \n愛過 痛過 哭過 笑過\n在記憶裡 在心中 \n可能永遠都無法忘記或抹滅的曾經\n時間久了 接受了 釋懷了 \n成長了 堅強了\n小小的漣漪般 不再強烈 \n卻依然深刻在心中 和腦海裡 \n找到一種近乎平衡的生活方式 \n繼續過著 然後 繼續創造美好與不美好 也許 這就是生命的一種意義\n\nThese moments linger\nbecause we have truly felt them—\nloved, hurt, cried, laughed.\nThey remain etched\nin memory and heart,\nunable to be erased or forgotten.\n\nWith time,\nwe learn to accept,\nto release,\nto grow,\nto become strong.\n\nThe pain becomes a ripple—\nno longer sharp,\nbut still deeply engraved.\n\nWe find a way to live\nalmost in balance,\nand continue on.\n\nAnd then,\nwe go on creating memories—\nthe beautiful and the difficult.\nThat, too,\nis part of what it means\nto live.",
  "ad_profile_name": "qiaoyu.chen",
  "ad_profile_image": "https://scontent.cdninstagram.com/v/t51.82787-19/610783477_18548051203052077_5345432429113443840_n.jpg?stp=dst-jpg_s206x206_tt6&_nc_cat=105&ccb=7-5&_nc_sid=525117&efg=eyJ2ZW5jb2RlX3RhZyI6InByb2ZpbGVfcGljLnd3dy43MjAuQzMifQ%3D%3D&_nc_ohc=S7Mb-IiXJqcQ7kNvwGJcBJN&_nc_oc=AdnuR_TBE7USnzdwFgxSlgsxyTnle-5X5BQYgPvtVS-v0ltk9JDWN5PN8U747wZy63c&_nc_zt=24&_nc_ht=scontent.cdninstagram.com&_nc_gid=MNjXfU4DP5MrVpUWiW-c-A&oh=00_AfoRfmRupxjehEw1LRY-7vX7WgYEh3uzV0xAwe40wpMbtA&oe=696DE430",
  "ad_is_video": false,
  "ad_video_preview_image": null,
  "ad_image": "https://scontent.ftpe8-3.fna.fbcdn.net/v/t39.35426-6/504233484_1806960693195668_8128071079355100968_n.jpg?stp=dst-jpg_s600x600_tt6&_nc_cat=106&ccb=1-7&_nc_sid=c53f8f&_nc_ohc=YviPBvjACQoQ7kNvwEmQgZK&_nc_oc=AdnGB44uOp0H9JZ-PXEywL5PvH2eCcKlPgKIUyiU8zWnbGyjZq_gfH8kPJ76O_ajTnI&_nc_zt=14&_nc_ht=scontent.ftpe8-3.fna&_nc_gid=MNjXfU4DP5MrVpUWiW-c-A&oh=00_AfqCbAPPoVLUwQaJG3iBhxp8pgd7JK7EUbuBvzLGi4LX4Q&oe=696DD5C2",
  "ad_cta_text": "瀏覽 Instagram 個人檔案",
  "ad_link_description": null,
  "ad_link_url": "https://l.facebook.com/l.php?u=http%3A%2F%2Finstagram.com%2Fqiaoyu.chen%3Ffbclid%3DIwZXh0bgNhZW0CMTAAYnJpZBExSVF5MFdiSDNXa0k5cVpWV3NydGMGYXBwX2lkDzU0MTYzOTQ5Mzg4OTAyNQABHsa18E3xqEzpPGOt_QRx7PmNRMQpC0wCibYtP-cK0S4byww-v7d47hJbtsTJ_aem_2dLEQ5AnpHBf25qFuWUtZw&h=AT3ElRZcDL5O2uKxQQLwoFO9V1PdSeIMmjBeT5jyB9fy9PUptdL8k8lHMC0CLVPOiqal0OAw21BmVeTaWURfP62RkGW_hEG44eTF4GmtwJRLss3i_rz7bx1Fj0VCghI4dx06RdUveFzX0ApXKVCs6A",
  "ad_title": "instagram.com",
  "ad_caption": "instagram.com",
  "ad_page_id": "707964152389263",
  "ad_cta_type": "瀏覽 Instagram 個人檔案",
  "ad_extra_links": [],
  "ad_extra_texts": [],
  "ad_page_categories": [],
  "ad_page_like_count": 0,
  "ad_publisher_platform": [
    "instagram"
  ],
  "ad_like_count": "0",
  "ad_share_count": "0"
}