{
  "ad_id": "1208206149851958",
  "ad_context": "主流民意大聯盟，國民黨不做，郭台銘動手了。\n\n國民黨說，郭台銘參選等於保送賴清德，就是歷史的罪人。但照目前情勢發展下去，最有可能是三腳督，賴大於柯大於侯，賴當選。\n\n若郭參選變四腳督，沒整合仍是賴當選，結果根本沒差。\n\n■\n\n是啊，誠信很重要，五月初民調郭已反超侯，國民黨卻在四月內定徵召侯，最後拿四月和五月不同家民調平均，宣稱侯大於郭，這些作弊都有留下證據。更別提徵召過了兩個月，侯還是在擺爛，完全被看破手腳。\n\n歷史的罪人，是那個戀棧權位、打死不退的吊車尾吧。\n\n如果能整合呢？所有民調都指出整合能贏，所有名嘴都知道整合能贏。但朱主席有在講沒在做，柯主席說沒人來跟他談。侯侯覺得自己是老大，小刀專門捅自己人。可憐的立委候選人，被總統候選人封死，完全無法發揮戰力。\n\n難怪郭台銘要說「遲遲未見回應主流民意的具體整合行動」。\n\n■\n\n侯營的算盤，是先讓郭出來拉柯的票，侯柯差距相對縮減。再看白營沒有區域立委，柯動能已達瓶頸。只要再等兩個月，藍委的陸軍加空軍發動，分進合擊，侯就能重回老二，柯主動來降，一鼓作氣戰勝賴。\n\n「無論怎麼講，會戰兵力藍大於白，優勢在我！」\n\n所以，方針突然轉變，本陣不再打郭，改由側翼去攻。反正到時選輸都是別人的錯，自己歲月靜好回去當市長，也算漂亮地解套了。啊，這些都是我夢到的，最近睡比較多，絕對沒有洩漏軍機。畢竟有夢最美，希望相隨。\n\n也不想想，磨刀霍霍向小雞，還要小雞出力抬母雞，真正是吃雞夠夠。\n\n郭台銘瞄準這一點，讓堅持「兩岸和平、經濟繁榮、政治清廉」的基層從政者，都可以不憂不懼的朝向成功勝選之路，大步邁進。選舉很現實，在外面跑的小雞，最能體會北風和太陽的冷暖。\n\n■\n\n在野柯侯，誰也不服，金朱互嗆，整合無望。引郭入局，由二變三，踢掉一人，由三變二。餘下兩者，即便希望渺茫，方有相合之機。天龍八部，珍瓏棋局，自毀一塊，頓呈開朗。\n\n到時還有很多人的心機，會讓整合破局。我一秒鐘幾十萬上下，你原諒我就是這麼直，這或然率低過零啊！然而，不可能的任務，也拍到第七集了嘛。\n\n💧定期小額贊助，挖掘事實傳播真相\nhttps://p.ecpay.com.tw/FC5606A\n\n我會繼續寫更多資深媒體人不敢講的秘辛，言我所信、無所畏懼、不栽贓、不封鎖、不施壓。有種堂堂正正來戰。",
  "ad_profile_name": "黃士修",
  "ad_profile_image": "https://scontent.ftpe8-4.fna.fbcdn.net/v/t39.35426-6/358140115_269465612459524_3656056653120789931_n.jpg?stp=dst-jpg_s60x60_tt6&_nc_cat=102&ccb=1-7&_nc_sid=c53f8f&_nc_ohc=1Xk6ZO5bDg0Q7kNvwFcSXuN&_nc_oc=Adn-k27GbrkvmiPK36QGk3GT08mOAa9P7t8MZ0XG3niinv7tNkF6isrHESDp4KjcoXg&_nc_zt=14&_nc_ht=scontent.ftpe8-4.fna&_nc_gid=wSrqEF9nLefpylOk0_vzPA&oh=00_AfrAjkky_b-EEPNWrXuyK5PhHFlT9BFUvYIIE2jNUPlOEQ&oe=696E4E1A",
  "ad_is_video": false,
  "ad_video_preview_image": null,
  "ad_image": null,
  "ad_cta_text": "",
  "ad_link_description": null,
  "ad_link_url": "https://p.ecpay.com.tw/FC5606A",
  "ad_title": null,
  "ad_caption": null,
  "ad_page_id": "105692292105892",
  "ad_cta_type": "",
  "ad_extra_links": [],
  "ad_extra_texts": [],
  "ad_page_categories": [
    "顧問公司"
  ],
  "ad_page_like_count": 0,
  "ad_publisher_platform": [
    "facebook"
  ],
  "ad_like_count": "0",
  "ad_share_count": "0"
}