{
  "ad_id": "1209132291193319",
  "ad_context": "[Regal Hotels Bed & Breakfast Offer | Taste the Flavours · Start Your Day Right]\n\nBook your stay directly on Regal Hotels’ official website to enjoy the best available rate and complimentary breakfast buffet for two. Fresh Hong Kong delicacies and classic international flavors — the perfect way to begin your day.\n \n#RegalHotels #BedAndBreakfast #HongKongBreakfast #StayAndDine",
  "ad_profile_name": "Regal Hotels 富豪酒店",
  "ad_profile_image": "https://scontent.ftpe8-4.fna.fbcdn.net/v/t39.35426-6/612142078_2150102408730511_7443646723378876362_n.jpg?stp=dst-jpg_s60x60_tt6&_nc_cat=110&ccb=1-7&_nc_sid=c53f8f&_nc_ohc=X_AndZpHHbQQ7kNvwH8Gca6&_nc_oc=Adn_k8Q-7STPG_K-OZ-sVh0ePKUT48hOLNREKUqZMZVNBK2C8ujuyTi0CczDWLqNZCA&_nc_zt=14&_nc_ht=scontent.ftpe8-4.fna&_nc_gid=6m0IYEi5WhfycEE6XqQOYA&oh=00_AfoD_iYgX_r8iqNV2vTgRk-5UioICda09FFG2lnlNuJ-BA&oe=696E47E7",
  "ad_is_video": false,
  "ad_video_preview_image": null,
  "ad_image": "https://scontent.ftpe8-3.fna.fbcdn.net/v/t39.35426-6/608519656_1594229898247102_3533741654800971180_n.jpg?stp=dst-jpg_s600x600_tt6&_nc_cat=106&ccb=1-7&_nc_sid=c53f8f&_nc_ohc=3FNJsvUfLSYQ7kNvwEJlpzX&_nc_oc=AdkrGVarLkpH-arRv0ntbZz3aMjqSMSJe9KyX-RkiUERQp7P8YnqX8qNob8fsiBKR6Q&_nc_zt=14&_nc_ht=scontent.ftpe8-3.fna&_nc_gid=6m0IYEi5WhfycEE6XqQOYA&oh=00_AfqfsAUG8fTM9ekAfAVSx85IJxG3YHV6NuKnH7peJYwPpQ&oe=696E6F6A",
  "ad_cta_text": "搶先預約",
  "ad_link_description": null,
  "ad_link_url": "https://l.facebook.com/l.php?u=https%3A%2F%2Fwww.booking.regalhotel.com%2F%3Futm_medium%3Dad%26utm_source%3Dmeta%26utm_campaign%3DRHI_BedandBreakfast%26utm_term%3DNA%26utm_content%3Dbookingsite%26fbclid%3DIwZXh0bgNhZW0CMTAAYnJpZBExcVplVEdac29oTHFzeUE1WnNydGMGYXBwX2lkDzU0MTYzOTQ5Mzg4OTAyNQABHtZ6wKmKNeA6A32aTD4WsODTiZAXd9Z-1bRtNaVWY1M5SIGPoYyXbFKCiEWD_aem_obEM4vRz0mIYvJCnVx7kbA&h=AT22EG6U4PKxt20ZOQtklpxyfpsC1kWqLIpn0yz6VdivuvchTJ5UC7R8rVbMzdieNvAHVPqzkiSf2V5tRY9kwKp2W7xNCuaOTuAvE9BHARThqtRyQK8H8c8b-5pIyg7ZUk5YEYqTYX6fuDfpquc2Dw",
  "ad_title": "Book Direct for Free Breakfast",
  "ad_caption": "booking.regalhotel.com",
  "ad_page_id": "803931762966700",
  "ad_cta_type": "搶先預約",
  "ad_extra_links": [],
  "ad_extra_texts": [],
  "ad_page_categories": [],
  "ad_page_like_count": 0,
  "ad_publisher_platform": [
    "facebook",
    "instagram"
  ],
  "ad_like_count": "0",
  "ad_share_count": "0"
}