{
  "ad_id": "1209285813976190",
  "ad_context": "【想學創作、學寫故事，卻不知道該哪裡開始？】\n如果你渴望學習創作，可能會發現一個很矛盾的狀態——\n你不是沒有想法，也不是不願意努力，\n只是站在一個\n「不知道第一步該怎麼走」的位置。\n​\n我們一路開設課程、遇到很多創作者，\n最常被問的，其實不是\n「這門課好不好」，\n而是一句更根本、也更誠實的問題：\n​\n「我到底該從哪裡開始？」\n​\n📌 為什麼會卡在「不知道從哪開始」？\n​\n因為每個人卡住的地方都不一樣。\n​\n有些人其實缺的是基本觀念，\n有些人對類型一知半解，\n也有人換了創作載體之後，\n才發現電影、漫畫、小說的敘事邏輯差很多。\n​\n如果沒有先搞清楚這件事，\n很容易努力了很久，\n卻一直用錯力。\n​\n🌱 所以這一頁，我們先陪你做一件更前面的事\n​\n在進入完整的《選課指南》之前，\n你會先看到一個簡單的互動小測驗。\n​\n不用準備、也沒有標準答案，\n只要依照你現在的狀態回答幾個問題，\n我們會幫你整理出\n「你目前比較像卡在哪一個位置」。\n​\n不是為了替你貼標籤，\n而是先把方向釐清。\n​\n當你知道自己現在站在哪裡，\n後面的選擇才不會變成瞎猜。\n​\n📘 接著，你會看到我們寫給創作者的《選課指南》\n​\n在《選課指南》裡，\n我們先不急著要你「選哪一門課」，\n而是把課程依照學習目的，\n整理成幾個清楚的方向，\n讓你對整個學習地圖有一個全貌。\n​\n1️⃣ 基礎必修｜打底用的基本觀念\n適合剛開始學創作，\n或覺得自己「什麼都學過，卻還基礎不穩」的人。\n​\n2️⃣ 商業類型｜理解不同故事的核心\n愛情、冒險、懸疑、推理⋯⋯\n每個類型都有它真正的重點，\n不是情節拼貼就能成立。\n​\n3️⃣ 實戰理論｜補強角色、心理與細節\n如果你卡在角色、笑點、主題或情感推進，\n這一區是幫你對症處理弱點的選修。\n​\n4️⃣ 故事載體｜不同形式的專屬技巧\n電影、影集、漫畫、小說，\n用的是不同的敘事語言，\n不能直接照搬。\n​\n5️⃣ 作品賞析｜從好作品裡學方法\n真正理解理論是怎麼被用出來的，\n不是背公式、記技巧，\n而是把一部好作品，真正當成老師，\n一步步拆解它是怎麼被做出來的，\n看懂故事為什麼要這樣安排、這樣推進。\n​\n🌿 這份頁面，想陪你完成的不是「選課」，而是定位\n​\n它不是要你立刻做決定，\n也不是要你一次把所有課都學完。\n​\n而是先陪你看清楚：\n你現在站在哪裡，\n下一步比較適合往哪個方向走。\n​\n如果你一路看到後面，\n發現自己對很多課程都有興趣，\n卻又有點眼花撩亂、不知道怎麼選——\n裡面也會分享一種\n「不用急著選，但能真的開始學」的方式。\n​\n創作不只能成為職業、能創造收入，\n它更是一種觀看世界、\n重新組織經驗的方式。\n​\n讓一個念頭慢慢長出形狀，\n也讓你在創作的過程中，\n更清楚自己想站在什麼位置。\n​\n你寫下的，不只是故事，\n而是你想相信的世界、\n你想傳達的價值，\n以及你選擇如何理解人生。\n​\n👉 去官網看看為你準備的《選課指南》吧 😉\nhttps://www.domorenovel.com/how-to-choose-courses/\n​\n把創作當成一件值得被認真對待的事，\n讓你想創作的故事，\n真的有機會被寫完、被看見。",
  "ad_profile_name": "東默農編劇",
  "ad_profile_image": "https://scontent.ftpe8-3.fna.fbcdn.net/v/t39.35426-6/615591757_1532234794675593_6632207013164902393_n.jpg?stp=dst-jpg_s60x60_tt6&_nc_cat=107&ccb=1-7&_nc_sid=c53f8f&_nc_ohc=YBvQksVE6P4Q7kNvwHUltsq&_nc_oc=AdnhQMUXhdyDG42Il2Ew_WDtWkNh73GpEJztIeYG9kRPNRM7MZZnvz5FhMFAtPFVZ4c&_nc_zt=14&_nc_ht=scontent.ftpe8-3.fna&_nc_gid=W5BB-P79mC246iGrUAf7ww&oh=00_Afq9411fNS1wWMPvNxj1owRg9PDoCzTXA00GkKlaZFx9Xg&oe=696E630D",
  "ad_is_video": false,
  "ad_video_preview_image": "https://scontent.ftpe8-1.fna.fbcdn.net/v/t39.35426-6/615820051_720554060874677_1001139541639331452_n.jpg?_nc_cat=109&ccb=1-7&_nc_sid=c53f8f&_nc_ohc=eW6B8hf2R1YQ7kNvwFEGOhn&_nc_oc=AdkCVLcyiFOMYgV_X3lwW6prwvjXPot_CZaNtjLd7THOIgb6SLDlilzS1BjNsJ2HITY&_nc_zt=14&_nc_ht=scontent.ftpe8-1.fna&_nc_gid=W5BB-P79mC246iGrUAf7ww&oh=00_Afpp2LgBGhDW16cBGH5jDw-aTYnxfeCi6y1-GxNDUyqIPw&oe=696E4E69",
  "ad_image": null,
  "ad_cta_text": "Learn More",
  "ad_link_description": "透過互動小測驗，釐清方向，看見學習地圖",
  "ad_link_url": "https://www.domorenovel.com/how-to-choose-courses/",
  "ad_title": "創作者專屬｜選課指南一次看懂",
  "ad_caption": "domorenovel.com",
  "ad_page_id": "341620745933304",
  "ad_cta_type": "Learn More",
  "ad_extra_links": [
    "創作者專屬｜選課指南一次看懂",
    "創作者專屬｜選課指南一次看懂",
    "創作者專屬｜選課指南一次看懂"
  ],
  "ad_extra_texts": [
    "【想學創作、學寫故事，卻不知道該哪裡開始？】\n如果你渴望學習創作，可能會發現一個很矛盾的狀態——\n你不是沒有想法，也不是不願意努力，\n只是站在一個\n「不知道第一步該怎麼走」的位置。\n​\n我們一路開設課程、遇到很多創作者，\n最常被問的，其實不是\n「這門課好不好」，\n而是一句更根本、也更誠實的問題：\n​\n「我到底該從哪裡開始？」\n​\n📌 為什麼會卡在「不知道從哪開始」？\n​\n因為每個人卡住的地方都不一樣。\n​\n有些人其實缺的是基本觀念，\n有些人對類型一知半解，\n也有人換了創作載體之後，\n才發現電影、漫畫、小說的敘事邏輯差很多。\n​\n如果沒有先搞清楚這件事，\n很容易努力了很久，\n卻一直用錯力。\n​\n🌱 所以這一頁，我們先陪你做一件更前面的事\n​\n在進入完整的《選課指南》之前，\n你會先看到一個簡單的互動小測驗。\n​\n不用準備、也沒有標準答案，\n只要依照你現在的狀態回答幾個問題，\n我們會幫你整理出\n「你目前比較像卡在哪一個位置」。\n​\n不是為了替你貼標籤，\n而是先把方向釐清。\n​\n當你知道自己現在站在哪裡，\n後面的選擇才不會變成瞎猜。\n​\n📘 接著，你會看到我們寫給創作者的《選課指南》\n​\n在《選課指南》裡，\n我們先不急著要你「選哪一門課」，\n而是把課程依照學習目的，\n整理成幾個清楚的方向，\n讓你對整個學習地圖有一個全貌。\n​\n1️⃣ 基礎必修｜打底用的基本觀念\n適合剛開始學創作，\n或覺得自己「什麼都學過，卻還基礎不穩」的人。\n​\n2️⃣ 商業類型｜理解不同故事的核心\n愛情、冒險、懸疑、推理⋯⋯\n每個類型都有它真正的重點，\n不是情節拼貼就能成立。\n​\n3️⃣ 實戰理論｜補強角色、心理與細節\n如果你卡在角色、笑點、主題或情感推進，\n這一區是幫你對症處理弱點的選修。\n​\n4️⃣ 故事載體｜不同形式的專屬技巧\n電影、影集、漫畫、小說，\n用的是不同的敘事語言，\n不能直接照搬。\n​\n5️⃣ 作品賞析｜從好作品裡學方法\n真正理解理論是怎麼被用出來的，\n不是背公式、記技巧，\n而是把一部好作品，真正當成老師，\n一步步拆解它是怎麼被做出來的，\n看懂故事為什麼要這樣安排、這樣推進。\n​\n🌿 這份頁面，想陪你完成的不是「選課」，而是定位\n​\n它不是要你立刻做決定，\n也不是要你一次把所有課都學完。\n​\n而是先陪你看清楚：\n你現在站在哪裡，\n下一步比較適合往哪個方向走。\n​\n如果你一路看到後面，\n發現自己對很多課程都有興趣，\n卻又有點眼花撩亂、不知道怎麼選——\n裡面也會分享一種\n「不用急著選，但能真的開始學」的方式。\n​\n創作不只能成為職業、能創造收入，\n它更是一種觀看世界、\n重新組織經驗的方式。\n​\n讓一個念頭慢慢長出形狀，\n也讓你在創作的過程中，\n更清楚自己想站在什麼位置。\n​\n你寫下的，不只是故事，\n而是你想相信的世界、\n你想傳達的價值，\n以及你選擇如何理解人生。\n​\n👉 去官網看看為你準備的《選課指南》吧 😉\nhttps://www.domorenovel.com/how-to-choose-courses/\n​\n把創作當成一件值得被認真對待的事，\n讓你想創作的故事，\n真的有機會被寫完、被看見。",
    "【想學創作、學寫故事，卻不知道該哪裡開始？】\n如果你渴望學習創作，可能會發現一個很矛盾的狀態——\n你不是沒有想法，也不是不願意努力，\n只是站在一個\n「不知道第一步該怎麼走」的位置。\n​\n我們一路開設課程、遇到很多創作者，\n最常被問的，其實不是\n「這門課好不好」，\n而是一句更根本、也更誠實的問題：\n​\n「我到底該從哪裡開始？」\n​\n📌 為什麼會卡在「不知道從哪開始」？\n​\n因為每個人卡住的地方都不一樣。\n​\n有些人其實缺的是基本觀念，\n有些人對類型一知半解，\n也有人換了創作載體之後，\n才發現電影、漫畫、小說的敘事邏輯差很多。\n​\n如果沒有先搞清楚這件事，\n很容易努力了很久，\n卻一直用錯力。\n​\n🌱 所以這一頁，我們先陪你做一件更前面的事\n​\n在進入完整的《選課指南》之前，\n你會先看到一個簡單的互動小測驗。\n​\n不用準備、也沒有標準答案，\n只要依照你現在的狀態回答幾個問題，\n我們會幫你整理出\n「你目前比較像卡在哪一個位置」。\n​\n不是為了替你貼標籤，\n而是先把方向釐清。\n​\n當你知道自己現在站在哪裡，\n後面的選擇才不會變成瞎猜。\n​\n📘 接著，你會看到我們寫給創作者的《選課指南》\n​\n在《選課指南》裡，\n我們先不急著要你「選哪一門課」，\n而是把課程依照學習目的，\n整理成幾個清楚的方向，\n讓你對整個學習地圖有一個全貌。\n​\n1️⃣ 基礎必修｜打底用的基本觀念\n適合剛開始學創作，\n或覺得自己「什麼都學過，卻還基礎不穩」的人。\n​\n2️⃣ 商業類型｜理解不同故事的核心\n愛情、冒險、懸疑、推理⋯⋯\n每個類型都有它真正的重點，\n不是情節拼貼就能成立。\n​\n3️⃣ 實戰理論｜補強角色、心理與細節\n如果你卡在角色、笑點、主題或情感推進，\n這一區是幫你對症處理弱點的選修。\n​\n4️⃣ 故事載體｜不同形式的專屬技巧\n電影、影集、漫畫、小說，\n用的是不同的敘事語言，\n不能直接照搬。\n​\n5️⃣ 作品賞析｜從好作品裡學方法\n真正理解理論是怎麼被用出來的，\n不是背公式、記技巧，\n而是把一部好作品，真正當成老師，\n一步步拆解它是怎麼被做出來的，\n看懂故事為什麼要這樣安排、這樣推進。\n​\n🌿 這份頁面，想陪你完成的不是「選課」，而是定位\n​\n它不是要你立刻做決定，\n也不是要你一次把所有課都學完。\n​\n而是先陪你看清楚：\n你現在站在哪裡，\n下一步比較適合往哪個方向走。\n​\n如果你一路看到後面，\n發現自己對很多課程都有興趣，\n卻又有點眼花撩亂、不知道怎麼選——\n裡面也會分享一種\n「不用急著選，但能真的開始學」的方式。\n​\n創作不只能成為職業、能創造收入，\n它更是一種觀看世界、\n重新組織經驗的方式。\n​\n讓一個念頭慢慢長出形狀，\n也讓你在創作的過程中，\n更清楚自己想站在什麼位置。\n​\n你寫下的，不只是故事，\n而是你想相信的世界、\n你想傳達的價值，\n以及你選擇如何理解人生。\n​\n👉 去官網看看為你準備的《選課指南》吧 😉\nhttps://www.domorenovel.com/how-to-choose-courses/\n​\n把創作當成一件值得被認真對待的事，\n讓你想創作的故事，\n真的有機會被寫完、被看見。",
    "【想學創作、學寫故事，卻不知道該哪裡開始？】\n如果你渴望學習創作，可能會發現一個很矛盾的狀態——\n你不是沒有想法，也不是不願意努力，\n只是站在一個\n「不知道第一步該怎麼走」的位置。\n​\n我們一路開設課程、遇到很多創作者，\n最常被問的，其實不是\n「這門課好不好」，\n而是一句更根本、也更誠實的問題：\n​\n「我到底該從哪裡開始？」\n​\n📌 為什麼會卡在「不知道從哪開始」？\n​\n因為每個人卡住的地方都不一樣。\n​\n有些人其實缺的是基本觀念，\n有些人對類型一知半解，\n也有人換了創作載體之後，\n才發現電影、漫畫、小說的敘事邏輯差很多。\n​\n如果沒有先搞清楚這件事，\n很容易努力了很久，\n卻一直用錯力。\n​\n🌱 所以這一頁，我們先陪你做一件更前面的事\n​\n在進入完整的《選課指南》之前，\n你會先看到一個簡單的互動小測驗。\n​\n不用準備、也沒有標準答案，\n只要依照你現在的狀態回答幾個問題，\n我們會幫你整理出\n「你目前比較像卡在哪一個位置」。\n​\n不是為了替你貼標籤，\n而是先把方向釐清。\n​\n當你知道自己現在站在哪裡，\n後面的選擇才不會變成瞎猜。\n​\n📘 接著，你會看到我們寫給創作者的《選課指南》\n​\n在《選課指南》裡，\n我們先不急著要你「選哪一門課」，\n而是把課程依照學習目的，\n整理成幾個清楚的方向，\n讓你對整個學習地圖有一個全貌。\n​\n1️⃣ 基礎必修｜打底用的基本觀念\n適合剛開始學創作，\n或覺得自己「什麼都學過，卻還基礎不穩」的人。\n​\n2️⃣ 商業類型｜理解不同故事的核心\n愛情、冒險、懸疑、推理⋯⋯\n每個類型都有它真正的重點，\n不是情節拼貼就能成立。\n​\n3️⃣ 實戰理論｜補強角色、心理與細節\n如果你卡在角色、笑點、主題或情感推進，\n這一區是幫你對症處理弱點的選修。\n​\n4️⃣ 故事載體｜不同形式的專屬技巧\n電影、影集、漫畫、小說，\n用的是不同的敘事語言，\n不能直接照搬。\n​\n5️⃣ 作品賞析｜從好作品裡學方法\n真正理解理論是怎麼被用出來的，\n不是背公式、記技巧，\n而是把一部好作品，真正當成老師，\n一步步拆解它是怎麼被做出來的，\n看懂故事為什麼要這樣安排、這樣推進。\n​\n🌿 這份頁面，想陪你完成的不是「選課」，而是定位\n​\n它不是要你立刻做決定，\n也不是要你一次把所有課都學完。\n​\n而是先陪你看清楚：\n你現在站在哪裡，\n下一步比較適合往哪個方向走。\n​\n如果你一路看到後面，\n發現自己對很多課程都有興趣，\n卻又有點眼花撩亂、不知道怎麼選——\n裡面也會分享一種\n「不用急著選，但能真的開始學」的方式。\n​\n創作不只能成為職業、能創造收入，\n它更是一種觀看世界、\n重新組織經驗的方式。\n​\n讓一個念頭慢慢長出形狀，\n也讓你在創作的過程中，\n更清楚自己想站在什麼位置。\n​\n你寫下的，不只是故事，\n而是你想相信的世界、\n你想傳達的價值，\n以及你選擇如何理解人生。\n​\n👉 去官網看看為你準備的《選課指南》吧 😉\nhttps://www.domorenovel.com/how-to-choose-courses/\n​\n把創作當成一件值得被認真對待的事，\n讓你想創作的故事，\n真的有機會被寫完、被看見。"
  ],
  "ad_page_categories": [],
  "ad_page_like_count": 0,
  "ad_publisher_platform": [
    "facebook",
    "instagram",
    "audience_network",
    "messenger"
  ],
  "ad_like_count": "0",
  "ad_share_count": "0"
}