{
  "ad_id": "1209194757231776",
  "ad_context": "😍快來看看這個會噴射的蓮蓬頭\nhttps://richmore.cc/OyBvW\n\n自從換上這個蓮蓬頭後🚿\n連我兒子每天都主動說要洗澡🤣\n\n #RIMO不鏽鋼增壓蓮蓬頭\n➊ 最高品質 航天級內核\n➋ 專利增壓技術 增壓效果提升10倍\n➌ 三檔可調 簡單變化出水模式\n（增壓檔位、混合檔位、霧化檔位）\n➍ 75° 黃金沐浴角度\n➎ 德國工業級壓鑄技術，防爆再升級\n➏ 316不鏽鋼負離子隔熱內膽\n➐ 國際通用4分接口，輕鬆旋轉安裝\n讓洗澡變得跟安心更享受～\n\n🔸沐浴香氛濾芯🔸\n➊多重過濾功能\n➋除鏽、除氯、除雜質跟異味\n➌添加植物萃取精油\n➡️搭配 RIMO蓮蓬頭 一起使用\n讓洗澡變得更療癒🥰🥰\n\n@gooddeal1688\n #水武士 給你SPA級別的沐浴享受\n限時 5 折，買再送一顆無香濾芯！\n來去逛逛 🛀🏼 https://richmore.cc/OyBvW\n\n#RIMO不鏽鋼蓮蓬頭  #RIMO  #不鏽鋼蓮蓬頭 \n #蓮蓬頭  #花灑  #增壓  #濾芯  #洗澡  #沐浴  #衛浴  #spa",
  "ad_profile_name": "Gooddeal 估迪歐",
  "ad_profile_image": "https://scontent.ftpe8-3.fna.fbcdn.net/v/t39.35426-6/452621713_1159511278608322_1336431483161924686_n.jpg?stp=dst-jpg_s60x60_tt6&_nc_cat=106&ccb=1-7&_nc_sid=c53f8f&_nc_ohc=8rYFwFdhGz8Q7kNvwF8HEtZ&_nc_oc=AdkRtaJk8fy18HMW0LSCc8QHYdsZARSt5fsP4YA44-F4_gJqAGuMIeO8Jyk7fUF14Ls&_nc_zt=14&_nc_ht=scontent.ftpe8-3.fna&_nc_gid=Di8W4JI9A6ekqSebiP-mGA&oh=00_Afp_5txlJKiBtUfq_QJfK7nqi_W52HBXk2sA2kUlRssbXw&oe=696DB375",
  "ad_is_video": false,
  "ad_video_preview_image": "https://scontent.ftpe8-4.fna.fbcdn.net/v/t39.35426-6/452427306_456333270612223_1358960621811804729_n.jpg?_nc_cat=110&ccb=1-7&_nc_sid=c53f8f&_nc_ohc=pEY61p8aT_0Q7kNvwGGlgc0&_nc_oc=AdmQo2KRTLKi_wGzXYLblamJbB61ia4yIiXLaLaQPOjirQYoIj968ihTLxSfuhsIs5s&_nc_zt=14&_nc_ht=scontent.ftpe8-4.fna&_nc_gid=Di8W4JI9A6ekqSebiP-mGA&oh=00_Afqvk4iHgm3ELOx2-uihXKAib_rOLcNSnzttKPbOIWU2FA&oe=696DD8EF",
  "ad_image": null,
  "ad_cta_text": "來去逛逛",
  "ad_link_description": null,
  "ad_link_url": "https://richmore.cc/OyBvW",
  "ad_title": null,
  "ad_caption": "richmore.cc",
  "ad_page_id": "106275712245902",
  "ad_cta_type": "來去逛逛",
  "ad_extra_links": [],
  "ad_extra_texts": [],
  "ad_page_categories": [],
  "ad_page_like_count": 0,
  "ad_publisher_platform": [
    "facebook",
    "instagram",
    "audience_network",
    "messenger"
  ],
  "ad_like_count": "0",
  "ad_share_count": "0"
}