{
  "ad_id": "1210211860218417",
  "ad_context": "興達電廠三、四號機沒有操作許可，那是之前幾天是在燒什麼？\n\n今天乃立跟著民眾黨立法院黨團一起到興達電廠考察，會議中的一段對話，讓人驚訝，也讓人氣憤，原來興達電廠三、四號燃煤機組，台電曾想申請展延使用，但早在去年就已被高雄市政府駁回！根據市府資料，這兩部機組的「操作使用許可」與「燃煤使用許可」，都已確定在113年9月廢止。更驚人的來了——台電現場卻表示，燃煤許可可以用到114年6月7日？！結果證照拿出來卻是「固定污染源操作許可證」證照也能偷換概念？還說提出申請了，目前正在「續審中」？申請還沒核准就能啟用？\n\n今天環保局副局長也當場打臉，拿出公文指出：台電的展延申請早就被駁回！\n也就是說：三、四號機根本沒有操作許可了！\n那麼，請問現在的燃煤發電，是怎麼運作的？我們的空氣、我們的健康，是誰來負責？\n\n我們理解供電的穩定很重要，但用人民的健康來換取電量，絕對不是長久之計！民眾有知的權利，台電與政府也有責任說清楚、講明白。不是拿「續審中」來搪塞，就是要讓台灣人繼續吸空污嗎？希望執政當局能即時調整能源政策，真正照顧人民的健康，讓人民有呼吸乾淨空氣的權利。\n\n#肺癌家園\n#拒絕用肺發電\n#興達電廠 \n#燃煤許可 \n#環保與供電的平衡在哪 \n#人民的健康不能被犧牲 \n#民眾黨立院黨團 \n#林乃立",
  "ad_profile_name": "永康新活力-林乃立",
  "ad_profile_image": "https://scontent.ftpe8-4.fna.fbcdn.net/v/t39.35426-6/500067784_2879752462229690_8238681676819708027_n.jpg?stp=dst-jpg_s60x60_tt6&_nc_cat=104&ccb=1-7&_nc_sid=c53f8f&_nc_ohc=OcppfWDZNwMQ7kNvwGkiDld&_nc_oc=AdmyeOvPUWamRrznpAsTgHKB7NUHioo23f_-NLtCtjNFlgJa-ZVBdxCSMguJGjC_em8&_nc_zt=14&_nc_ht=scontent.ftpe8-4.fna&_nc_gid=xtflrskK-H6UtcZZiNJwpQ&oh=00_AfpUWIkWNavJurSnxx-0iV1WW2iOugANt4Q438192WtXIg&oe=696DF5AD",
  "ad_is_video": false,
  "ad_video_preview_image": null,
  "ad_image": "https://scontent.ftpe8-3.fna.fbcdn.net/v/t39.35426-6/500819229_1759073944647914_2640238437696379440_n.jpg?stp=dst-jpg_s600x600_tt6&_nc_cat=111&ccb=1-7&_nc_sid=c53f8f&_nc_ohc=zq6xBVskTsMQ7kNvwEb3anQ&_nc_oc=AdnKeqZ4svZsmjVaFGHOnKU-NYzp2B-DkRlFdB1MrEWonnttoxO_nYaxcS1UbUa-sJY&_nc_zt=14&_nc_ht=scontent.ftpe8-3.fna&_nc_gid=xtflrskK-H6UtcZZiNJwpQ&oh=00_Afr66uwjFXNvfJ-uxmdhbvdPwcA1XtNQfumKeOXBLCK7yg&oe=696DCB96",
  "ad_cta_text": "",
  "ad_link_description": null,
  "ad_link_url": null,
  "ad_title": null,
  "ad_caption": null,
  "ad_page_id": "215296441676128",
  "ad_cta_type": "",
  "ad_extra_links": [],
  "ad_extra_texts": [],
  "ad_page_categories": [
    "公眾人物"
  ],
  "ad_page_like_count": 2757,
  "ad_publisher_platform": [
    "facebook",
    "instagram"
  ],
  "ad_like_count": "0",
  "ad_share_count": "0"
}