{
  "ad_id": "1210623764339876",
  "ad_context": "以信自從宣布參選 #台南市長 開始\n每週五天為台南市政寫政見\n有時候寫到半夜兩三點\n直到現在不曾中斷\n我已連續推出四十項政見\n每一項都是查遍資料絞盡腦汁\n深思熟慮並確定可行後的市政建議\n更是如我當選市長的莊嚴承諾\n有很多市民仔細看過我的政見後\n都對我稱讚這些都是超越藍綠\n真正為市民謀福利的好政見\n聽到市民肯定就是對我最大鼓勵\n但所有政見中\n只有一項備受質疑\n而且許多綠營網軍藉機批評我亂提政見\n就是我第一項政見「還都台南—把總統府與行政院院本部搬到溪北新營地區」\n很多人不明瞭此舉用意\n不僅能調整台灣重北輕南的長期失衡\n還能調整台南縣市自合併後\n重溪南輕溪北的新失衡\n但不管大家有沒有聽懂我在說什麼\n我四十項政見就這一項是抄來的\n而且還是抄 #賴清德 總統的\n十年前他當台南市長時就提過此事\n網路上還有相關新聞\n我是在此基礎上進一步建議搬到新營\n如果綠營側翼還是要攻擊\n就請去攻擊賴總統\n如果大家還是聽不懂這項政見\n也可以去問賴總統\n而且可以順便多問他一句\n為何他當上總統後就忘記這項主張了\n我重提這項政見就是希望他能想起這回事\n而且他現在就是總統\n可以立即下令著手規劃總統府南移之事\n我相信 #還都台南 將會是台灣未來數十年最重要的國土平衡政策之一\n如果大家相信我所提其他政見都是有所本\n那麼也請相信這項政見列在第一項\n就是我要帶給台南的最美願景💪\n#改變台南 #台南市長 #陳以信",
  "ad_profile_name": "陳以信",
  "ad_profile_image": "https://scontent.ftpe8-1.fna.fbcdn.net/v/t39.35426-6/603068162_1222223753164922_8036486206119088707_n.jpg?stp=dst-jpg_s60x60_tt6&_nc_cat=105&ccb=1-7&_nc_sid=c53f8f&_nc_ohc=3IeicF0j8vsQ7kNvwHNDft_&_nc_oc=Adn-Iubgg9xZ_lrPsO8jW3Krmh015YejIKKplhny6FjSs81jwIEMnmzqK_1wGP8SjmM&_nc_zt=14&_nc_ht=scontent.ftpe8-1.fna&_nc_gid=RtqvhPG42sCwIUJK70eMjA&oh=00_Afqx28eAuPpyTPI2E9_-Dp9ZXaipADDV_cvTboC26PPN8A&oe=696E6F32",
  "ad_is_video": false,
  "ad_video_preview_image": null,
  "ad_image": "https://scontent.ftpe8-4.fna.fbcdn.net/v/t39.35426-6/603864234_1524496082149480_893756751526321292_n.jpg?stp=dst-jpg_s600x600_tt6&_nc_cat=110&ccb=1-7&_nc_sid=c53f8f&_nc_ohc=IzjKUgrQIr4Q7kNvwEIjhiI&_nc_oc=Admdo38HqAeHC5Hw7eMx2y0yJDnn48RvlfFxw4ANFwdxUZOMUh-MnGnIB9r16dLa5bY&_nc_zt=14&_nc_ht=scontent.ftpe8-4.fna&_nc_gid=RtqvhPG42sCwIUJK70eMjA&oh=00_Afpz5bT83AE5XEwUAN1D817bWyUic0Zp9t9w5lZp4D7X4g&oe=696E69A5",
  "ad_cta_text": "發送訊息",
  "ad_link_description": null,
  "ad_link_url": null,
  "ad_title": null,
  "ad_caption": null,
  "ad_page_id": "103919981024103",
  "ad_cta_type": "發送訊息",
  "ad_extra_links": [],
  "ad_extra_texts": [],
  "ad_page_categories": [
    "政治人物"
  ],
  "ad_page_like_count": 0,
  "ad_publisher_platform": [
    "facebook"
  ],
  "ad_like_count": "0",
  "ad_share_count": "0"
}