{
  "ad_id": "1210825882843618",
  "ad_context": "屏東縣議員 #第三選區 #公辦政見發表會 只有三位候選人到場，一直以來禾秦秉持公共庶務 #公開透明，全民參與才能改變屏東，改變下一代的未來！\n\n禾秦也相信，一位民意代表出席政見發表會是為自己提出的政見對人民負責的基礎！\n\n政治是要做對得起下一代的工作，而我們投下的每一票都必須由下一代來承擔，改變政治文化，從我們每個人開始，讓人民的聲音可以在議會出現！\n\n一起努力讓屏東更好！\n\n━━━━━━━━━━━━━━━━━\n不掛看板、旗幟、布條、不設競選總部，三十元選舉補助款全部捐出。\n\n#屏東可以更好\n#屏東縣議員候選人 #蕭禾秦 ⑨\n#枋寮 | #潮州 | #內埔 | #竹田 | #萬巒 | #新埤\n\n自我介紹 ◗◗\nhttps://bit.ly/3yFdwAu\n\n文宣下載 ◗◗\nhttps://bit.ly/3TswqD1 \n\n小額捐款 ◗◗\nhttps://foxhsiao.com/donate2022",
  "ad_profile_name": "蕭禾秦",
  "ad_profile_image": "https://scontent.ftpe8-3.fna.fbcdn.net/v/t39.35426-6/316955243_1192125331390870_8444561968406310711_n.jpg?stp=dst-jpg_s60x60_tt6&_nc_cat=107&ccb=1-7&_nc_sid=c53f8f&_nc_ohc=YFt--Eb99HQQ7kNvwE9DoTe&_nc_oc=AdlyaNVX89jInrVbgwcme1gUUpZxStpSJVWPHxa-N9MJBYUsh8GW_ForoWLN5XDINzg&_nc_zt=14&_nc_ht=scontent.ftpe8-3.fna&_nc_gid=N2LEkgtqSIGa9iOLkz314g&oh=00_AfqOmdmTdhLQyUs9K8eg3MdLxKOe6QSLlZaEk3snHV7VHw&oe=696E6D0A",
  "ad_is_video": false,
  "ad_video_preview_image": null,
  "ad_image": "https://scontent.ftpe8-1.fna.fbcdn.net/v/t39.35426-6/316556510_658535645821757_4003715396902629752_n.jpg?stp=dst-jpg_s600x600_tt6&_nc_cat=108&ccb=1-7&_nc_sid=c53f8f&_nc_ohc=pXe3czgv6tUQ7kNvwHZRmHO&_nc_oc=Adm0G2rkKslqnMUNJauJ2qE4TXOwZvOr27rIvgs2H886FcBYmZr7LUU6oRunNySw_Fk&_nc_zt=14&_nc_ht=scontent.ftpe8-1.fna&_nc_gid=N2LEkgtqSIGa9iOLkz314g&oh=00_AfrRbaVkvUOUGvMGf0Mnc9Oc_T_Gxlxn_LQXh1oXRz8OOA&oe=696E71C5",
  "ad_cta_text": "",
  "ad_link_description": null,
  "ad_link_url": "https://bit.ly/3yFdwAu",
  "ad_title": null,
  "ad_caption": null,
  "ad_page_id": "103626332519310",
  "ad_cta_type": "",
  "ad_extra_links": [],
  "ad_extra_texts": [],
  "ad_page_categories": [],
  "ad_page_like_count": 0,
  "ad_publisher_platform": [
    "facebook"
  ],
  "ad_like_count": "0",
  "ad_share_count": "0"
}