{
  "ad_id": "1211237217082754",
  "ad_context": "這是臺灣的南方四島，同一片海，\n不到十年間，從彩色變黑白。\n可怕的是，這並非單一事件，\n而是全球 84% 珊瑚白化危機的縮影。\n\n當珊瑚消失，魚群失家、漁民失收，\n整個海洋的平衡正在崩解，\n最終受影響的，是我們每一個人。\n\n綠色和平正在全球推動氣候行動、能源轉型與海洋保護，\n從減碳、禁止深海採礦，到建立海洋保護區。\n您的捐款支持 👉 https://act.gp/48oUiBh\n能幫助地球不再發燒，\n讓窒息的海洋，再次呼吸。",
  "ad_profile_name": "Greenpeace 綠色和平 (台灣網站)",
  "ad_profile_image": "https://scontent-tpe1-1.xx.fbcdn.net/v/t39.30808-1/347621654_1486723941734598_7574040702387748390_n.png?stp=dst-png_s200x200&_nc_cat=109&ccb=1-7&_nc_sid=2d3e12&_nc_ohc=qNWcxL5KlzoQ7kNvwG1vkTg&_nc_oc=Adnqm9TlvjdXlJx75t28ZkmokAXxADs1VWRzi3T_H2rd_hc405Adkoe_CeFtzqym5pk&_nc_zt=24&_nc_ht=scontent-tpe1-1.xx&_nc_gid=D8egJosaLOyftlbiQfKXzA&oh=00_Afqk5nsam2yD-xCIQL4HZOJmy8zmvObcqHA2L_tp30cBeQ&oe=696B303C",
  "ad_is_video": true,
  "ad_video_preview_image": "https://scontent-tpe1-1.xx.fbcdn.net/v/t39.35426-6/596818930_1663082221334797_2143516516369743938_n.jpg?_nc_cat=106&ccb=1-7&_nc_sid=c53f8f&_nc_ohc=GuFROFzDyzEQ7kNvwEsXzGv&_nc_oc=AdlICbORyYA97KcqU3WuM2V6BDkAZzoVuG2ec7eZby85xJ7imCTtZyut3Tj-BIC0s0o&_nc_zt=14&_nc_ht=scontent-tpe1-1.xx&_nc_gid=weNZeeOViPxCAdzqHrVpFQ&oh=00_AfqWfj8bJ1eQ3nts24zYo9nCwyarQ8_DMJ6YhpOhVQ4R9Q&oe=696B5AF3",
  "ad_image": null,
  "ad_cta_text": null,
  "ad_link_description": null,
  "ad_link_url": "https://act.gp/48oUiBh",
  "ad_title": "繽紛的海洋，正在失去顏色",
  "ad_caption": "act.gp",
  "ad_page_id": "148475335184300",
  "ad_cta_type": null,
  "ad_extra_links": [],
  "ad_extra_texts": [],
  "ad_page_categories": [
    "非營利組織"
  ],
  "ad_page_like_count": 590000,
  "ad_publisher_platform": [
    "facebook",
    "instagram"
  ],
  "ad_like_count": "0",
  "ad_share_count": "0"
}