{
  "ad_id": "1211196570692860",
  "ad_context": "∴ ᯽ • Hummingbird x Mandala• ᯽ ∴\n\n蜂鳥與曼陀羅 🐦\n\n蜂鳥象徵_自由、堅韌與喜悅，牠的輕盈振翅提醒著人要勇敢突破侷限，並在日常中尋得幸福。\n而曼陀羅花以旋轉、垂墜與誇張的花冠姿態，與西洋建築史中_哥德的尖拱、巴洛克的動態、洛可可的曲線_彼此呼應。它讓整個紋樣不僅是自然的花鳥，更像是一座「活的建築」，把設計美學與生命寓意交織。\n\n幾何與建築感的線條，呼應客人_設計師的專業背景——它們代表秩序、結構與創造力。蜂鳥穿梭於曼陀花與幾何之間，象徵感性與理性的平衡，自然與人為的對話。\n\n﹍﹍﹍﹍﹍﹍﹍﹍﹍﹍﹍﹍﹍\n\n2025 . 開放預約中，認領/客製 \n想刺小圖/曼陀羅與幾何大圖-包手/包腿/大背-歡迎預約討論\n已刺過的客製圖也能客製類似題材\n刺青師精選動態有更多領圖可以選擇☺️🖤\n\n • • • •• 曼陀羅 | 𝐌𝐚𝐧𝐝𝐚𝐥𝐚 •• • • •\n • • • •• 幾何 | 𝐆𝐞𝐨𝐦𝐞𝐭𝐫𝐲 •• • • •\n • • • •• 點陣 | 𝐃𝐨𝐭𝐰𝐨𝐫𝐤 •• • • •\n • • • •• 文字 | 𝐋𝐞𝐭𝐭𝐞𝐫𝐢𝐧𝐠 •• • • •\n\n﹍﹍﹍﹍﹍﹍﹍﹍﹍﹍﹍﹍﹍\n\n∵ ❈ • 歡迎訊息預約討論刺青 • ❈ ∵\n加入官方Line 🔍 \nIg inbox . Whatsapp . Fb .詢問\n\nLine ：@418gnump\nInstagram ： @androgyny_tattoo_barber\nFacebook Page - Androgyny Tattoo x Barber studio\nOpen：12：00-8：00pm\nMail：androgyny.tat.barber@gmail.com\nAdd：桃園市桃園區安慶街133巷30號8F\n\n歡迎電話.訊息預約刺青🖤🙏🏻\n✥藝文室ㄧ律不作刺青網路.電話報價\n✥如需諮詢費用請到店家現場當面討論\n\n﹍﹍﹍﹍﹍﹍﹍﹍﹍﹍﹍﹍﹍\n\n#taiwan #taoyuan #tattoo #tattoodo #tattooing #tattoos #tattooartist #geometric #geometrictattoo #dotwork #dotworktattoo #black #blackworkerssubmission #blacktattoo #blackink #blxckink #blkttt #tttism #linework #lineworktattoo #darkartists \n#androgyny_tattoo_barber #tattoobarbershop\n#桃園刺青店#桃園刺青#雌雄同体刺青理髮#藝文特區#幾何刺青 \n\nDone at @androgyny_tattoo_barber",
  "ad_profile_name": "Androgyny Tattoo Studio",
  "ad_profile_image": "https://scontent.ftpe8-2.fna.fbcdn.net/v/t39.35426-6/539565889_1850365355833256_1587177118363141440_n.jpg?stp=dst-jpg_s60x60_tt6&_nc_cat=103&ccb=1-7&_nc_sid=c53f8f&_nc_ohc=ycwnEPplujYQ7kNvwF1tDV6&_nc_oc=AdlLQsXb279FsxgbKSCMBV4U2ZwDrwwo595BuP4pG3Q0vdEtRYotbBs572dPYoTAjcU&_nc_zt=14&_nc_ht=scontent.ftpe8-2.fna&_nc_gid=TBoCABZEoxnhoGcI-usvcA&oh=00_AfpS6FCikbOFSTOF9Quw6S_4CATwEBYVxlFzlYddZj8GQg&oe=696DCDCB",
  "ad_is_video": false,
  "ad_video_preview_image": "https://scontent.ftpe8-3.fna.fbcdn.net/v/t39.35426-6/538344330_1835789644031891_5678192108438417543_n.jpg?_nc_cat=107&ccb=1-7&_nc_sid=c53f8f&_nc_ohc=HBVk93q2ynAQ7kNvwHJyxE0&_nc_oc=AdkaVvWYh0_FqyVy6pd7No7EDtPdwZ1PI81YwC1hck4onhiCEMyE01zvxmr73vvejFk&_nc_zt=14&_nc_ht=scontent.ftpe8-3.fna&_nc_gid=TBoCABZEoxnhoGcI-usvcA&oh=00_Afrmoq3hx3RS06rkbzXQoBgdkkh5ccfFxLzFK2ge3zxLqg&oe=696DD272",
  "ad_image": null,
  "ad_cta_text": "瀏覽 Instagram 個人檔案",
  "ad_link_description": null,
  "ad_link_url": "https://l.facebook.com/l.php?u=http%3A%2F%2Finstagram.com%2Fandrogyny_tattoo%3Ffbclid%3DIwZXh0bgNhZW0CMTAAYnJpZBExYTJFemdWemFYaG9Ia2pkVnNydGMGYXBwX2lkDzU0MTYzOTQ5Mzg4OTAyNQABHkH0cQHw22tZ8FemFEWA0E7j3bpk_xcjVf1rL2FpPQV4rgkupmTaze15AWuV_aem_WS9cBHmanG05-AVtOzt2Bg&h=AT3saF18jcOi7xPwWNOfg2_6pmMGUee0vLiWdpS5g8l3nY3UFJ2xNQ3BpeP_jP2rEX7r7tWKt7Jv4BIDjpsvNwkFneDUpJEjqOhI8ur0KNgHAANZmGhr90q_ipnBHgH2dO9Rsu1GJwty6vDvep_mWQ",
  "ad_title": null,
  "ad_caption": "instagram.com",
  "ad_page_id": "129740487687401",
  "ad_cta_type": "瀏覽 Instagram 個人檔案",
  "ad_extra_links": [],
  "ad_extra_texts": [],
  "ad_page_categories": [],
  "ad_page_like_count": 0,
  "ad_publisher_platform": [
    "facebook",
    "instagram"
  ],
  "ad_like_count": "0",
  "ad_share_count": "0"
}