{
  "ad_id": "1212273230872074",
  "ad_context": "黎明的沙灘上，一隻海龜寶寶掙扎著往前爬。\n牠才剛從蛋裡孵化，就得面對重重考驗——\n空中有掠食的海鳥，沙中有潛伏的螃蟹，\n如今，還多了人類留下的塑膠垃圾與廢棄漁網。\n\n每一步，都是與生存賽跑。\n但即使重重危險，牠仍本能地朝著海洋前進。\n\n那片海，是牠的家。\n也是我們共同的家。\n\n綠色和平在世界各地進行海洋生態調查，\n揭露塑膠污染與漁業破壞的真相，\n並倡議在生態豐富地區劃設海洋保護區，\n庇護更多生命能安全成長、自由呼吸。\n\n你的捐款，能讓這些行動持續進行，\n守護海龜，也守護整個海洋的未來。\n👉 https://act.gp/48pSyHX",
  "ad_profile_name": "Greenpeace 綠色和平 (台灣網站)",
  "ad_profile_image": "https://scontent-tpe1-1.xx.fbcdn.net/v/t39.30808-1/347621654_1486723941734598_7574040702387748390_n.png?stp=dst-png_s200x200&_nc_cat=109&ccb=1-7&_nc_sid=2d3e12&_nc_ohc=qNWcxL5KlzoQ7kNvwG1vkTg&_nc_oc=Adnqm9TlvjdXlJx75t28ZkmokAXxADs1VWRzi3T_H2rd_hc405Adkoe_CeFtzqym5pk&_nc_zt=24&_nc_ht=scontent-tpe1-1.xx&_nc_gid=M589tp0chmZNY-BtY6ZTkg&oh=00_Afp8lWKe3pVT3oKa0KqXoyse3twglEA6v09JeMIgXFZ78Q&oe=696B303C",
  "ad_is_video": false,
  "ad_video_preview_image": null,
  "ad_image": "https://scontent-tpe1-1.xx.fbcdn.net/v/t39.35426-6/599776575_1177784027841135_5934274506548581312_n.jpg?stp=dst-jpg_s600x600_tt6&_nc_cat=104&ccb=1-7&_nc_sid=c53f8f&_nc_ohc=xONf9v8KFfAQ7kNvwGcGmSV&_nc_oc=AdklpgEpVZH6s2M5hq-YcG8v6hSjigXFF6oBBGk0Rki9ncKWJuG6nf48CmsdCI96omg&_nc_zt=14&_nc_ht=scontent-tpe1-1.xx&_nc_gid=8ejspeHEjY5G_BQSu4rYZA&oh=00_AfoYGRcqrPWhImpBl5IhZ3zXYheSrddRD7ZBSI_nQJkByw&oe=696B37FB",
  "ad_cta_text": null,
  "ad_link_description": null,
  "ad_link_url": "https://act.gp/48pSyHX",
  "ad_title": "回家的路，從來不簡單",
  "ad_caption": "greenpeace.org.tw",
  "ad_page_id": "148475335184300",
  "ad_cta_type": null,
  "ad_extra_links": [],
  "ad_extra_texts": [],
  "ad_page_categories": [
    "非營利組織"
  ],
  "ad_page_like_count": 590000,
  "ad_publisher_platform": [
    "facebook",
    "instagram"
  ],
  "ad_like_count": "0",
  "ad_share_count": "0"
}