{
  "ad_id": "1212119580859370",
  "ad_context": "【圓通南路刨鋪工程】\n\n由於早期自來水管線施工路基下陷🚧\n導致圓通南路自福潭路到中山路二段部分\n出現下陷及裂縫之情況 造成行車安全隱憂\n經里辦公處反映 自來水公司與潭子區公所會勘\n\n決議由自來水公司進行路基改善工程🪏\n及後續整體路面刨鋪作業 於12/25全線完成\n並重新繪製標線 保障周邊住戶及交通安全💪\n\n特別感謝 立法委員楊瓊瓔\n台中市議員賴朝國等地方民意代表爭取\n持續努力 維護美好潭陽里🌞\n\n#潭子區 #潭陽里 #熱鬧新潭陽\n#里民服務 #重大工程 #道路施工",
  "ad_profile_name": "楊仲傑 潭陽里里長",
  "ad_profile_image": "https://scontent.ftpe8-4.fna.fbcdn.net/v/t39.35426-6/610984782_1395462405616132_3520774583930744349_n.jpg?stp=dst-jpg_s60x60_tt6&_nc_cat=110&ccb=1-7&_nc_sid=c53f8f&_nc_ohc=mI2rkcQfoSgQ7kNvwHl4HLS&_nc_oc=AdlFcwCh0gpEIJ9DZ3oX4CGGNUaf87ENeRHrTvvL1QGGB12MArfjMDWvY4oh3lW4YWA&_nc_zt=14&_nc_ht=scontent.ftpe8-4.fna&_nc_gid=4srd3hS8Sif9KSxk3rB-gg&oh=00_AfoDfEpqbRMTpp_LiAcKZoebinKtgcl-qg4Zpwrt7sexZg&oe=696DC70A",
  "ad_is_video": false,
  "ad_video_preview_image": null,
  "ad_image": "https://scontent.ftpe8-2.fna.fbcdn.net/v/t39.35426-6/611618534_2085311962269532_8362879742203244628_n.jpg?stp=dst-jpg_s600x600_tt6&_nc_cat=100&ccb=1-7&_nc_sid=c53f8f&_nc_ohc=l-bDKCWmf-wQ7kNvwFAgExf&_nc_oc=AdngB0_j59d63U3UttClYV1dOAzorXweJFx9ko1hbKRM5nVVRGsbGR-STbBOMiKWkR8&_nc_zt=14&_nc_ht=scontent.ftpe8-2.fna&_nc_gid=4srd3hS8Sif9KSxk3rB-gg&oh=00_AfpbOzeDnHskDfhffGwLXJiqPxDoJqIcKaftSGu2Oo0FMw&oe=696DE31A",
  "ad_cta_text": "",
  "ad_link_description": null,
  "ad_link_url": null,
  "ad_title": null,
  "ad_caption": null,
  "ad_page_id": "110858134884421",
  "ad_cta_type": "",
  "ad_extra_links": [],
  "ad_extra_texts": [],
  "ad_page_categories": [
    "政治人物"
  ],
  "ad_page_like_count": 2056,
  "ad_publisher_platform": [
    "facebook",
    "instagram"
  ],
  "ad_like_count": "0",
  "ad_share_count": "0"
}