{
  "ad_id": "1212896476350710",
  "ad_context": "五甲關帝廟參香祈福\n龍賺大錢平安順利\n\n迎接龍年，全國最早國運籤出爐，就在高雄五甲關帝廟，安秝身為五甲子弟今日前往參香祈福\n籤詩「甲開世運樂無窮，辰展鴻圖五穀豐，年內黎民多益利，金龍獻瑞有財翁」。\n安秝祈求新的一年，世運昌隆風調雨順，讓百姓有益利財富也因應而來。\n#龍賺大錢 #平安順利\n#五甲關帝廟\n———————————————\n安秝龍年春聯歡迎大家索取喔❤️",
  "ad_profile_name": "高雄市議員 鄭安秝",
  "ad_profile_image": "https://scontent.ftpe8-2.fna.fbcdn.net/v/t39.35426-6/425906274_399757685878698_979759312306377457_n.jpg?stp=dst-jpg_s60x60_tt6&_nc_cat=103&ccb=1-7&_nc_sid=c53f8f&_nc_ohc=S6Z7FPf7YvQQ7kNvwHnb8TV&_nc_oc=AdlQ343bqmqjJ0Zp8LYEZOwhseayOxyFpywreQqWqYv9_6A_wsGuRWewdxVpgnesh-A&_nc_zt=14&_nc_ht=scontent.ftpe8-2.fna&_nc_gid=ZGY5g5F1PSwQ07IZuL5egg&oh=00_AfoQWgFRHyxKI6sMDP4tCP69aSsfbfXxXuzap2v19hyGAw&oe=696DE478",
  "ad_is_video": false,
  "ad_video_preview_image": null,
  "ad_image": "https://scontent.ftpe8-2.fna.fbcdn.net/v/t39.35426-6/425870607_1180311759609707_1153990364172590456_n.jpg?stp=dst-jpg_s600x600_tt6&_nc_cat=103&ccb=1-7&_nc_sid=c53f8f&_nc_ohc=gQLoKdkJcKkQ7kNvwExl910&_nc_oc=AdlbgqxIOQ9IVAMtJxYbwK_LeCVtW91Wud8HDuxqxkQf8c4MD0FsWn9bmhIiswoibQs&_nc_zt=14&_nc_ht=scontent.ftpe8-2.fna&_nc_gid=ZGY5g5F1PSwQ07IZuL5egg&oh=00_Afrlh029slC3sR99BytSIa8b7_R0PTiV9If3zXkl5kKk9Q&oe=696DE27E",
  "ad_cta_text": "",
  "ad_link_description": null,
  "ad_link_url": null,
  "ad_title": null,
  "ad_caption": null,
  "ad_page_id": "915235141981103",
  "ad_cta_type": "",
  "ad_extra_links": [],
  "ad_extra_texts": [],
  "ad_page_categories": [
    "政治人物"
  ],
  "ad_page_like_count": 0,
  "ad_publisher_platform": [
    "facebook",
    "instagram"
  ],
  "ad_like_count": "0",
  "ad_share_count": "0"
}