{
  "ad_id": "1212609144175126",
  "ad_context": "烧脑小游戏太好玩了，一起来挑战！",
  "ad_profile_name": "瘋狂大腦洞",
  "ad_profile_image": "https://scontent.ftpe8-1.fna.fbcdn.net/v/t39.35426-6/615634490_736188169166713_6068157390353566335_n.jpg?stp=dst-jpg_s60x60_tt6&_nc_cat=108&ccb=1-7&_nc_sid=c53f8f&_nc_ohc=1TiofQHIzacQ7kNvwGxZjDN&_nc_oc=Adk7Lh9gtZJUit9S1j9Ri63ioCX2EXLRQD65yM6T54ANqZTE8wlo25e__GyjHLMprrg&_nc_zt=14&_nc_ht=scontent.ftpe8-1.fna&_nc_gid=3KLD9GhedBntGFNp5PnIow&oh=00_AfpX8OIVGCGOtiDdgxI8z2n3YqS2Ezx12c1nH-GBiqfnzA&oe=696DF842",
  "ad_is_video": false,
  "ad_video_preview_image": "https://scontent.ftpe8-2.fna.fbcdn.net/v/t39.35426-6/616127971_1672586240378394_292289152089125520_n.jpg?_nc_cat=100&ccb=1-7&_nc_sid=c53f8f&_nc_ohc=ipr9llDqZ3EQ7kNvwHeRz4o&_nc_oc=AdlajV63XwCSruO2ummzr4g7uli0dNxwMGeRAvTnLBZAttvYCBx53Q6tZfSoJkr0qV0&_nc_zt=14&_nc_ht=scontent.ftpe8-2.fna&_nc_gid=3KLD9GhedBntGFNp5PnIow&oh=00_Afo2q4fSM_irJKusY3QoKQRPZqzp_A-IwyXahP-HEDsg0w&oe=696DF331",
  "ad_image": null,
  "ad_cta_text": "立即安裝",
  "ad_link_description": null,
  "ad_link_url": "https://l.facebook.com/l.php?u=http%3A%2F%2Finstagram.com%2Fqiaoyu.chen%3Ffbclid%3DIwZXh0bgNhZW0CMTAAYnJpZBExSVF5MFdiSDNXa0k5cVpWV3NydGMGYXBwX2lkDzU0MTYzOTQ5Mzg4OTAyNQABHsa18E3xqEzpPGOt_QRx7PmNRMQpC0wCibYtP-cK0S4byww-v7d47hJbtsTJ_aem_2dLEQ5AnpHBf25qFuWUtZw&h=AT3ElRZcDL5O2uKxQQLwoFO9V1PdSeIMmjBeT5jyB9fy9PUptdL8k8lHMC0CLVPOiqal0OAw21BmVeTaWURfP62RkGW_hEG44eTF4GmtwJRLss3i_rz7bx1Fj0VCghI4dx06RdUveFzX0ApXKVCs6A",
  "ad_title": "疯狂大脑洞",
  "ad_caption": "play.google.com",
  "ad_page_id": "522032640984884",
  "ad_cta_type": "立即安裝",
  "ad_extra_links": [],
  "ad_extra_texts": [],
  "ad_page_categories": [
    "遊戲發佈商"
  ],
  "ad_page_like_count": 317,
  "ad_publisher_platform": [
    "facebook",
    "instagram",
    "audience_network",
    "messenger",
    "threads"
  ],
  "ad_like_count": "0",
  "ad_share_count": "0"
}