{
  "ad_id": "1212164302621953",
  "ad_context": "捷報！\n恭喜台灣代表隊射箭男團再奪一銀！\n國書我決定今天開始迷台灣天團！\n看著 湯智鈞 Tang Chih Chun、 魏均珩 WEI Chun-Heng 、#鄧宇成 三兄弟一路闖到金牌戰，只有一個字「帥」！\n　\n#銀牌獎金是700萬喔我怕他們三兄弟有人不知道\n#大師兄魏均珩\n#最帥湯包湯智鈞\n#阿宅的驕傲鄧宇成\n#台灣射箭天團",
  "ad_profile_name": "黃國書",
  "ad_profile_image": "https://scontent.ftpe8-3.fna.fbcdn.net/v/t39.35426-6/226681464_540155557408415_4613873043032611111_n.jpg?stp=dst-jpg_s60x60_tt6&_nc_cat=111&ccb=1-7&_nc_sid=c53f8f&_nc_ohc=xj2fSlR2UUsQ7kNvwHxh1jU&_nc_oc=AdnQfJPi2rFR0W1LwTeAGMuV3exjBn7b18x5LFWVS80UCM6DaTmWBe9re6RPnTHJOno&_nc_zt=14&_nc_ht=scontent.ftpe8-3.fna&_nc_gid=B4nRTL1lip28TpuFhtBr_w&oh=00_Afo3MWLjCh9LG4-IvCofgHeedzlMs-tN-NASOg7V37HkGA&oe=696E6B4A",
  "ad_is_video": false,
  "ad_video_preview_image": null,
  "ad_image": "https://scontent.ftpe8-2.fna.fbcdn.net/v/t39.35426-6/226435155_4140938239293358_4574431279108738965_n.jpg?stp=dst-jpg_s600x600_tt6&_nc_cat=100&ccb=1-7&_nc_sid=c53f8f&_nc_ohc=S7wx5LS_gHIQ7kNvwGz_End&_nc_oc=AdmxnlVSd6sH8H3ZpS-STUEWp4Wde6qW_PWE_Pss7h5gYarZbe13pJi2KiayPbHwBz8&_nc_zt=14&_nc_ht=scontent.ftpe8-2.fna&_nc_gid=B4nRTL1lip28TpuFhtBr_w&oh=00_AfqcgJ_Oo2WUzsu2nZZENIHzy3HRwYFRHUmVMmHTNczPlg&oe=696E3BD6",
  "ad_cta_text": "",
  "ad_link_description": null,
  "ad_link_url": null,
  "ad_title": null,
  "ad_caption": null,
  "ad_page_id": "566381323386617",
  "ad_cta_type": "",
  "ad_extra_links": [],
  "ad_extra_texts": [],
  "ad_page_categories": [
    "政治人物"
  ],
  "ad_page_like_count": 0,
  "ad_publisher_platform": [
    "facebook",
    "instagram"
  ],
  "ad_like_count": "0",
  "ad_share_count": "0"
}