{
  "ad_id": "1214715076712430",
  "ad_context": "教育投資永遠不吃虧！嘉義市打造智慧教育地標，關鍵做對了什麼？\u000b\u000b\n​\n嘉義市智慧教育中心正式揭牌，象徵教育政策從「數位教學」升級為「智慧教育系統建置」。市長 黃敏惠 表示，教育必須走在科技之前，投資教育「永遠沒有吃虧的」。從全國唯一 100%市府專款購置「師師有平板」，到 AI 研習、智慧治理與個人化學習，嘉義市一步步把數位學習落實在校園日常。\n​\n\u000b\u000b👉 看嘉義市如何用教育，為城市打造面向未來的競爭力",
  "ad_profile_name": "今周刊",
  "ad_profile_image": "https://scontent-tpe1-1.xx.fbcdn.net/v/t39.35426-6/613716478_754081417164288_7831722410857232162_n.jpg?stp=dst-jpg_s60x60_tt6&_nc_cat=110&ccb=1-7&_nc_sid=c53f8f&_nc_ohc=xZyxm5wXMWMQ7kNvwFsoCj8&_nc_oc=AdkXfc3w35GGCBtzSVr2zY6UU2mTvXX8ySlryGk4e-IH2t8aqdN8B3mWv0MLbYjz4Fs&_nc_zt=14&_nc_ht=scontent-tpe1-1.xx&_nc_gid=bh6LTJpQyxvE5kFWSncLbg&oh=00_AfqnVtggQwSS7ivtxFYRdn72dLweE0tgdRitZ2OiC_OEEw&oe=696D55D8",
  "ad_is_video": false,
  "ad_video_preview_image": null,
  "ad_image": "https://scontent-tpe1-1.xx.fbcdn.net/v/t39.35426-6/612031622_3137371859804636_6208502446408078255_n.jpg?stp=dst-jpg_s600x600_tt6&_nc_cat=111&ccb=1-7&_nc_sid=c53f8f&_nc_ohc=crWGWbTq6NYQ7kNvwGOBAjr&_nc_oc=Adlm0fuWyE0bOPQx3yMEYpmOCQ2yG2MDDSvALSo5Uztc12lvJvWQMd6qgX_4iHC4cH0&_nc_zt=14&_nc_ht=scontent-tpe1-1.xx&_nc_gid=bh6LTJpQyxvE5kFWSncLbg&oh=00_Afo-Tiz6zWdKl6LO8NvhR6AbIr6NyhwnCTZo5TAsKHYcQQ&oe=696D6064",
  "ad_cta_text": "",
  "ad_link_description": "嘉義市以「人文第一、科技相佐、精緻創新、國際視野」為教育發展綱領，面對科技與數位化的快速演進，積極推動數位學習。2025年繼達成100%「師師有平板」目標後，12月上旬由嘉義市長黃敏惠親自為新成立的智慧教育中心落.....",
  "ad_link_url": "https://l.facebook.com/l.php?u=https%3A%2F%2Fbtoday.cc%2F8k2lhz%3Ffbclid%3DIwZXh0bgNhZW0CMTAAYnJpZBExQmZLMFd1azNKYklPS2NvaHNydGMGYXBwX2lkDzU0MTYzOTQ5Mzg4OTAyNQABHr-_euMCCSL2uHudKPAvIv3JOVL7JqS0OcmVYNczlvW6Vf42BeWN-9JFl58m_aem_-QK9E2q3vgQq7AEwr1Y62g&h=AT3_AesJPqOQPGL6p828a47RQY_Nj3JAJGwxuzmtnh5C5YL3kWUwkx7lYhmZr7t_waQ8Op7fO91qG91eTUk-Zzf6wJsQAYIfqBpETms7I5b1ZhegNf-VdXzjimYJcvlA5V7b9SKoxpGqyEULVAXktA",
  "ad_title": "嘉義市智慧教育中心揭牌啟用 打造數位教育實體化地標- 今周刊",
  "ad_caption": "btoday.cc",
  "ad_page_id": "158025223269",
  "ad_cta_type": "",
  "ad_extra_links": [],
  "ad_extra_texts": [],
  "ad_page_categories": [
    "雜誌"
  ],
  "ad_page_like_count": 0,
  "ad_publisher_platform": [
    "facebook"
  ],
  "ad_like_count": "0",
  "ad_share_count": "0"
}