{
  "ad_id": "1215490607311934",
  "ad_context": "我的孩子常常問我：「媽媽，為什麼你要跟這麼多人講故事啊？還常常講這個繪本呢？」我跟他說：「因為動物們不能替自己說話，但我可以。我願意成為他們的依靠。」\n\n以書為禮，歲末共讀「動物的禮物」購書優惠活動今天非常感謝 李善往來VeganFamily 善翊媽咪為我們推薦動平會出版的動權繪本《我的名字因為你改變》！\n\n《我的名字因為你改變》透過溫暖的畫面與真摯的文字，帶領人們看見動物在飲食、衣著與娛樂中被如何對待，由繪本故事開啟「尊重、良知與愛」的對話。\n\n今天邀請你把這本書帶回家，和孩子一起從「看見」開始，讓每個生命都值得被善待。\n\n「動物的禮物」購書優惠活動搭配其他出版品購書更優惠，歡迎大家趁現在一起加入共讀！\n\n您可由此下單 👉 https://www.taeanimal.org.tw/donation_gift.php",
  "ad_profile_name": "台灣動物平權促進會 TAEA",
  "ad_profile_image": "https://scontent.ftpe8-3.fna.fbcdn.net/v/t39.35426-6/607638332_1764093674278740_2705977515537071161_n.jpg?stp=dst-jpg_s60x60_tt6&_nc_cat=111&ccb=1-7&_nc_sid=c53f8f&_nc_ohc=oQzjt-VTBLgQ7kNvwGEOUju&_nc_oc=AdnwFfIx1wh1koG9NqJQGR62rBHSR_lHHcYnkx9cZVtfXW1vzRrvdFegRXUiwKYR780&_nc_zt=14&_nc_ht=scontent.ftpe8-3.fna&_nc_gid=Vkae0YkOJK5SNir5vBxSCQ&oh=00_AfrB3qAfsYIgosBrz349nW_GR-GH-5P-YxLNoYJwcOiYnw&oe=696E4BE1",
  "ad_is_video": false,
  "ad_video_preview_image": "https://scontent.ftpe8-1.fna.fbcdn.net/v/t39.35426-6/608193873_1269825678328457_56901765182694336_n.jpg?_nc_cat=108&ccb=1-7&_nc_sid=c53f8f&_nc_ohc=577Aq7VzYxEQ7kNvwGFdkLI&_nc_oc=AdmhERwMcbpzhhIRrWzISJVwdT20QSRzZ0aDPhRwPPjqp1TbFUsZzcHJFN3qWDcZ1Jc&_nc_zt=14&_nc_ht=scontent.ftpe8-1.fna&_nc_gid=Vkae0YkOJK5SNir5vBxSCQ&oh=00_Afp_8BKcul1XM9KQccwr64ztnjERIe6RJe6yQn8p24_fLw&oe=696E7842",
  "ad_image": null,
  "ad_cta_text": "來去逛逛",
  "ad_link_description": null,
  "ad_link_url": "https://www.taeanimal.org.tw/donation_gift.php",
  "ad_title": null,
  "ad_caption": "www.taeanimal.org.tw",
  "ad_page_id": "180903242083235",
  "ad_cta_type": "來去逛逛",
  "ad_extra_links": [],
  "ad_extra_texts": [],
  "ad_page_categories": [
    "非營利組織"
  ],
  "ad_page_like_count": 0,
  "ad_publisher_platform": [
    "facebook",
    "instagram"
  ],
  "ad_like_count": "0",
  "ad_share_count": "0"
}