{
  "ad_id": "1216592708939062",
  "ad_context": "🛸外星人將幫助地球人進入黃金文明?\n🛸您是否同意建立外星人大使館?\n邀您一起來了解參與\n🆓完全免費🆓",
  "ad_profile_name": "Taiwan Raelian Movement 台灣雷爾運動",
  "ad_profile_image": "https://scontent.ftpe8-1.fna.fbcdn.net/v/t39.35426-6/318533511_645743380566381_3471449224292953480_n.jpg?stp=dst-jpg_s60x60_tt6&_nc_cat=109&ccb=1-7&_nc_sid=c53f8f&_nc_ohc=E7lMzosJaZwQ7kNvwHDd7pT&_nc_oc=Adm7HCv3W3sPyHlHcoo90buvi8aA-11wca_FIJ36U4v6TL6rXzpoikNAbp_3f2DtEGM&_nc_zt=14&_nc_ht=scontent.ftpe8-1.fna&_nc_gid=aU7sBn7f6nVljMaJB2immQ&oh=00_Afrku2yZouKneCE16zNrIrSG42hiMXKba9rh8puWJXEOXg&oe=696E4790",
  "ad_is_video": false,
  "ad_video_preview_image": null,
  "ad_image": "https://scontent.ftpe8-4.fna.fbcdn.net/v/t39.35426-6/318315012_826729405266020_6220842397283945717_n.jpg?stp=dst-jpg_s600x600_tt6&_nc_cat=102&ccb=1-7&_nc_sid=c53f8f&_nc_ohc=sHh9ocVnRbAQ7kNvwGe3w8U&_nc_oc=AdnStdG5pkJe4HPmRqhboiVyirBrg0elh66Gh9NhAI7GQOMXhZl1ovNVB4i2lCOh748&_nc_zt=14&_nc_ht=scontent.ftpe8-4.fna&_nc_gid=aU7sBn7f6nVljMaJB2immQ&oh=00_AfrcbUnh8kxiPj5H7c1nrvvnXLv_pj4LMheOSGJSiWx58Q&oe=696E6F73",
  "ad_cta_text": "有興趣",
  "ad_link_description": "[注意] \n配合政府防疫規定\n須全程配戴口罩\n\n🛸1979年外星人已預測當前世界核戰危機?\n🛸外星人將如何幫助地球人進入黃金文明?\n🛸您是否同意建立外星人大使館?\n\n邀您一起來了解參與\n\n地點：夢想社區學校-轉運教室\n地址：高雄市三民區博愛一路287號9樓\n捷運紅線後驛站4號出口\n(世貿金星大樓-高雄銀行樓上)\n\n🆓完全免費🆓\n\n說明會內容:\n1. 外星神秘事件釋疑\n2. 耶洛因--來自天空的人們\n4. 無限宇宙\n6. 外星先進文明\n7. 人類的生存危機與不遠的未來\n8. 外星人大使館\n9. Q&A\n10. 細胞移轉儀式 (自由參加)\n11.外星大使館提案連署(自由參加)",
  "ad_link_url": "https://www.facebook.com/events/845747459883090/",
  "ad_title": "外星人的訊息&細胞移轉儀式(高雄) 完全免費",
  "ad_caption": "外星人的訊息&細胞移轉儀式(高雄) 完全免費",
  "ad_page_id": "164216566973089",
  "ad_cta_type": "有興趣",
  "ad_extra_links": [],
  "ad_extra_texts": [],
  "ad_page_categories": [
    "非營利組織"
  ],
  "ad_page_like_count": 0,
  "ad_publisher_platform": [
    "facebook"
  ],
  "ad_like_count": "0",
  "ad_share_count": "0"
}