{
  "ad_id": "1217080647107578",
  "ad_context": "#廣編企劃｜如何帶領 35 萬名「非員工」？安麗台灣暨香港總裁林彥秀用「啦啦隊式領導」創造百億營收奇蹟\n\n我們都以為領導者是發號施令的船長，但安麗台灣暨香港總裁林彥秀卻發現，在新創直銷這片大海，沒有一條大船，只有 35萬艘各自航行的創業家小艇。\n\n面對這場文化衝擊，她重新定義了CEO的角色：從「船長」轉變為「啦啦隊長」。\n\n領導力不再是控制，而是激勵。她相信，真正的驅動力來自於情感與連結，而非冰冷的數字。安麗透過創造「用錢也買不到的回憶」——例如包下凡爾賽宮，重現路易十四的晚宴——讓夥伴們感受到獨一無二的歸屬感，並以此凝聚人心。\n\n這位啦啦隊長用真誠取代威權，用鼓勵取代指令。她相信，一句「你的影響力比你想像的還要大」，足以點燃團隊內在的熱情，讓大家從抱怨轉為行動。\n\n最終，她證明了，最強大的領導，不是讓所有人服從你，而是讓每個人發自內心地，為共同的夢想而努力。\n\n#領導力 #安麗 #ceo",
  "ad_profile_name": "Cheers：快樂工作人",
  "ad_profile_image": "https://scontent.ftpe8-4.fna.fbcdn.net/v/t39.35426-6/564221315_3019462914905844_1556156722907329592_n.jpg?stp=dst-jpg_s60x60_tt6&_nc_cat=102&ccb=1-7&_nc_sid=c53f8f&_nc_ohc=yjLKizgQtnkQ7kNvwEUvftf&_nc_oc=AdlpuwRZXxKCabuxEW1RAlo1JoIxdlWKcQTv6L-XgNim_TXrhNTLZ3FsmGyzYdtEZvE&_nc_zt=14&_nc_ht=scontent.ftpe8-4.fna&_nc_gid=wP0ew9dM03CMil9OtN4FMg&oh=00_AfpmZIG1KH1HFBN2wJRG1gB7_yXULcivnyYTHDHhVJ7vIQ&oe=696E571C",
  "ad_is_video": false,
  "ad_video_preview_image": "https://scontent.ftpe8-4.fna.fbcdn.net/v/t39.35426-6/560627853_1342234447410501_2423093237209603161_n.jpg?_nc_cat=102&ccb=1-7&_nc_sid=c53f8f&_nc_ohc=Vy7cPvk3eMsQ7kNvwGwIH4r&_nc_oc=AdmiZOEzE3BYgtjcwDNDxq9ieCPxZ3UdjnEzqmLycOm6fAUlZDUzO7aGkcVC2jNPPZk&_nc_zt=14&_nc_ht=scontent.ftpe8-4.fna&_nc_gid=wP0ew9dM03CMil9OtN4FMg&oh=00_AfopGVvp_XPVIE_JyvNhOFKFn1--7r7cPRrAxAxrLNKyHA&oe=696E6D8C",
  "ad_image": null,
  "ad_cta_text": "",
  "ad_link_description": null,
  "ad_link_url": null,
  "ad_title": "#廣編企劃｜如何帶領 35 萬名「非員工」？安麗台灣暨香港總裁林彥秀用「啦啦隊式領導」創造百億營收奇蹟",
  "ad_caption": null,
  "ad_page_id": "125694707812",
  "ad_cta_type": "",
  "ad_extra_links": [],
  "ad_extra_texts": [],
  "ad_page_categories": [
    "媒體／新聞機構"
  ],
  "ad_page_like_count": 0,
  "ad_publisher_platform": [
    "facebook"
  ],
  "ad_like_count": "0",
  "ad_share_count": "0"
}