{
  "ad_id": "1218863578843267",
  "ad_context": "給所有支持我的大家的一封信：\n\n長期關心我的朋友都知道，我從去年八月開始投入黨內初選以來，就一直非常努力的在爭取機會希望能讓彰化更好。只要在選區內，每一天，不管是在路口、市場、廟會、餐廳、甚至是到大家的家門口，我都會盡力爭取大家的認同支持。\n\n至今日，已過了400多天，我的努力不曾終止。未來，若能進入縣議會也一定會保持初心，謹守分際。\n\n距離投票日越來越近，選情激烈，開始不斷有散播我「穩當選」的謠言傳出，要求支持我的人「分票」出去。\n\n我從不認為任何比賽有誰能穩贏，包括我自己。所以我很努力，也希望大家是因為肯定我而投給我。\n\n我無法干涉別人怎麼選舉，但我堅持一步一腳印的讓大家認識我、投給我。\n\n民主社會發展至今，特別是議員這種多席次選舉，應該是投給有做事的人，或是可以為彰化注入活力的新人。\n\n選舉是一場各憑本事的競賽，要秉持運動家的精神，終點就在前方，要請大家陪我一起走到最後一刻。\n\n我不用告急、因為我一直在努力不用心急；我不用搶救，因為真正需要幫助被改變的是我最愛的故鄉，彰化。我跟大家一樣對彰化的未來滿懷期待，請惠賜我一票，9號黃柏瑜，謝謝你！",
  "ad_profile_name": "黃柏瑜",
  "ad_profile_image": "https://scontent.ftpe8-4.fna.fbcdn.net/v/t39.35426-6/315619769_687634496004448_1150324088214590704_n.jpg?stp=dst-jpg_s60x60_tt6&_nc_cat=110&ccb=1-7&_nc_sid=c53f8f&_nc_ohc=ToGaCEcrUWUQ7kNvwFjPrKG&_nc_oc=AdlQzT1q6zg1oa9ZPeSVySJ50tEFfs_fUWOKTlbBlAnz_BC7125afV1jmr-gPwQsC6w&_nc_zt=14&_nc_ht=scontent.ftpe8-4.fna&_nc_gid=LLrf6z1YWoAd9w8izEwB-A&oh=00_Afq4m46wtCuFLYStgQS1BekLKr3d7OCuJSbhEMCq0wYpUA&oe=696DC890",
  "ad_is_video": false,
  "ad_video_preview_image": null,
  "ad_image": "https://scontent.ftpe8-4.fna.fbcdn.net/v/t39.35426-6/315553739_1210143866237538_7433257791946489530_n.jpg?stp=dst-jpg_s600x600_tt6&_nc_cat=102&ccb=1-7&_nc_sid=c53f8f&_nc_ohc=NxqApEsHApoQ7kNvwEvMRZ3&_nc_oc=Adk9TDPcEHC5nT9ZuwtrcfMS8-2NJxFKWSv1e7BQaiMQadrzZyw_IGrjzy8HkkTOxqY&_nc_zt=14&_nc_ht=scontent.ftpe8-4.fna&_nc_gid=LLrf6z1YWoAd9w8izEwB-A&oh=00_AfpptIU0X58ey-pN0nT48p2JMT0cGZmMFxzzkqul8CuvBQ&oe=696DC35C",
  "ad_cta_text": "",
  "ad_link_description": null,
  "ad_link_url": null,
  "ad_title": null,
  "ad_caption": null,
  "ad_page_id": "107059131701231",
  "ad_cta_type": "",
  "ad_extra_links": [],
  "ad_extra_texts": [],
  "ad_page_categories": [],
  "ad_page_like_count": 0,
  "ad_publisher_platform": [
    "facebook"
  ],
  "ad_like_count": "0",
  "ad_share_count": "0"
}