{
  "ad_id": "1218394823589113",
  "ad_context": "鳳坑沙灣出現紅豆餅，我先來幫大家嚐鮮！\n\n到底要叫紅豆餅，還是車輪餅？這題就交給留言區決定。\n\n原本因為淤沙而閒置的鳳坑漁港，在縣府團隊努力下，已經華麗變身為全新景點「鳳坑沙灣」，本次以紅豆餅為意象設計親水階梯，上下沙灘，玩沙踏浪都方便！\n\n當然周邊的設施我們也進一步來加強，包含鋪面、步道、圍籬等基本建設，也增設停車空間、簡易沖洗區與公廁，讓鄉親都能有新的海邊秘境可以遊玩。\n\n新竹縣的登山步道透過森遊竹縣已經讓全台超過十萬人次來爬過，客家美食更是吸引了米其林來探店，但其實我們的海岸線，一樣值得專程走一趟。這也是我一直很希望推薦給大家的新風景。\n\n透過自行車系統，串聯新豐紅樹林、坡頭漁港、新月沙灣、水月景觀橋，一路騎、一路看海，就是一場很舒服的海岸小旅行。\n\n現在雖然是冬天，下水還是有點冷，但非常適合來這裡散步、看海、欣賞夕陽。等天氣再暖一點，這裡一定會更熱鬧。\n\n誠摯邀請鄉親來走走，親自感受新竹縣海岸線的魅力。順便也告訴我，你是紅豆餅派，還是車輪餅派？\n\n科技首都幸福竹縣 #領頭楊",
  "ad_profile_name": "楊文科",
  "ad_profile_image": "https://scontent.ftpe8-4.fna.fbcdn.net/v/t39.35426-6/615813802_1207605304164162_8492518945641495458_n.jpg?stp=dst-jpg_s60x60_tt6&_nc_cat=110&ccb=1-7&_nc_sid=c53f8f&_nc_ohc=AZK2uHJp10kQ7kNvwEsp5LD&_nc_oc=AdlJubGN_noDAQE4CCIGBY6KV9aaL9SnAs7yTmxxKAoLJdJ5Fgo-qhmdt2Z5wwJrRiA&_nc_zt=14&_nc_ht=scontent.ftpe8-4.fna&_nc_gid=KyHMsbvjyDUEhFDL4tNlOQ&oh=00_AfqLOfGpCw9cgzLx6feR3Gb5knHM6pjoatjWeUqPwRk-Rg&oe=696DE041",
  "ad_is_video": false,
  "ad_video_preview_image": null,
  "ad_image": "https://scontent.ftpe8-3.fna.fbcdn.net/v/t39.35426-6/614211759_1245917024020236_2685900138042637603_n.jpg?stp=dst-jpg_s600x600_tt6&_nc_cat=107&ccb=1-7&_nc_sid=c53f8f&_nc_ohc=yulUQypTMMQQ7kNvwFVyrYs&_nc_oc=AdmkUoND_QuJK4BVbDXQD5s-LEqXofn4k4pcm8AQDwcBbsg3UuVvn-WPaVTqOU9726I&_nc_zt=14&_nc_ht=scontent.ftpe8-3.fna&_nc_gid=KyHMsbvjyDUEhFDL4tNlOQ&oh=00_Afob30e6_4IHLFBf3YuAeT_N_1z4Pm4ezwjJUSISNv8Vpw&oe=696DE7F4",
  "ad_cta_text": "",
  "ad_link_description": null,
  "ad_link_url": null,
  "ad_title": null,
  "ad_caption": null,
  "ad_page_id": "1743825042576235",
  "ad_cta_type": "",
  "ad_extra_links": [],
  "ad_extra_texts": [],
  "ad_page_categories": [],
  "ad_page_like_count": 0,
  "ad_publisher_platform": [
    "facebook",
    "instagram"
  ],
  "ad_like_count": "0",
  "ad_share_count": "0"
}