{
  "ad_id": "1220202243509865",
  "ad_context": "「台灣病」是什麼？🤔\n亮眼 GDP 背後，是薪資追不上的房價！當低利環境讓房產成為資金出口，你是否也被「房市燥熱、生活寒冷」困住了呢？",
  "ad_profile_name": "房市氣象台",
  "ad_profile_image": "https://scontent.ftpe8-2.fna.fbcdn.net/v/t39.35426-6/615311536_875087378579306_6953269853883258358_n.jpg?stp=dst-jpg_s60x60_tt6&_nc_cat=100&ccb=1-7&_nc_sid=c53f8f&_nc_ohc=LXEAFqEr07QQ7kNvwH2_GqL&_nc_oc=AdmUWjGcnXteUMhp98ZwGzhrUY_xH6zL3lCFJZar9CBMG-GkJ0RMfBfIudrgNR7aIVo&_nc_zt=14&_nc_ht=scontent.ftpe8-2.fna&_nc_gid=fyRM2ZovJ7kgaszmqvWfIQ&oh=00_AfonY9seAEg2XXmgwHD92eXcB7Uu625MsNGpZLIbiMHung&oe=696DD906",
  "ad_is_video": false,
  "ad_video_preview_image": null,
  "ad_image": "https://scontent.ftpe8-2.fna.fbcdn.net/v/t39.35426-6/615280645_1175766557623919_8510874737146762980_n.jpg?stp=dst-jpg_s600x600_tt6&_nc_cat=101&ccb=1-7&_nc_sid=c53f8f&_nc_ohc=KNemm7ZhPfIQ7kNvwGdWCvT&_nc_oc=AdkIEtQVrbFBi8Q89cs-WyrH29cmtL3gEMJfK_PVaZpACXymjrihXlnkW8IGzdikC2c&_nc_zt=14&_nc_ht=scontent.ftpe8-2.fna&_nc_gid=fyRM2ZovJ7kgaszmqvWfIQ&oh=00_Afp20Qed1I4E5BGWnoq2HbMhh_UcklLB9CXFUjudBXp4HA&oe=696DEF89",
  "ad_cta_text": "",
  "ad_link_description": "《經濟學人》用「台灣病」來形容這種狀態，它並不是單純的匯率或房市問題，而是一個更深層的結構性現象：",
  "ad_link_url": "https://l.facebook.com/l.php?u=https%3A%2F%2Fwww.houseradar.com.tw%2F%25e6%2588%25bf%25e5%25b8%2582%25e6%2583%2585%25e5%25a0%25b1%25e8%25ae%259a%2Ftaiwan-gdp-housing-paradox%2F%3Fa0v5la7bquf89%3D64ff915fe01f0c5164da5f34f1694b75%26uy3ubftvh0u6o8%3D0ef6f15fdba68ae41376b8e8956b474d%26xnfrr0ncac%3D20361%26cc4d76fdaf5%26zsmoi87pih9%3Dtrace.popin.cc%26lzzgnpz8d%3Df9f2b1ef23fe2759c2cad0953029a94b%26Q09ORklH%3DTKD_ST%26utm_medium%3DFB%26utm_source%3Dpost%26utm_campaign%3Dsharey2512_8%26fbclid%3DIwZXh0bgNhZW0CMTAAYnJpZBExSVF5MFdiSDNXa0k5cVpWV3NydGMGYXBwX2lkDzU0MTYzOTQ5Mzg4OTAyNQABHhq-21ayfAwqQxxUfJECRmsaJ2-eAe4lnCqTz8KPg9IPSuN8h3nCTl5lgm5c_aem_wzeX9sR2PCz51MBT-c4A0A&h=AT1muWBoA69Z3GFs-HkoaoNsl9oZhBVSdW276_4NxwmPVGx4iVyr2SUO1PpkimFmF89d_hhaOhK4z8g3YIk7WTBtQqTrdIzo7uRa6uDKpX-wIGXhZsj06IPRQzEo22xCdOv3RACvCUQEQpdRu5rREg",
  "ad_title": "GDP越強，反而越買不起房？ - 房市氣象台",
  "ad_caption": "houseradar.com.tw",
  "ad_page_id": "100162202584984",
  "ad_cta_type": "",
  "ad_extra_links": [],
  "ad_extra_texts": [],
  "ad_page_categories": [
    "房地產服務"
  ],
  "ad_page_like_count": 0,
  "ad_publisher_platform": [
    "facebook"
  ],
  "ad_like_count": "0",
  "ad_share_count": "0"
}