{
  "ad_id": "1221911531943697",
  "ad_context": "版本更新，開啓全新戰鬥模式🆕\n槍火交響，全新職業槍手來襲💥\n🎀超值虛寶碼：HELLO🎀",
  "ad_profile_name": "雲上城之歌",
  "ad_profile_image": "https://scontent.ftpe8-3.fna.fbcdn.net/v/t39.35426-6/293123219_1489281134850284_6659804619955857153_n.jpg?stp=dst-jpg_s60x60_tt6&_nc_cat=107&ccb=1-7&_nc_sid=c53f8f&_nc_ohc=Qd6xbDpyqPsQ7kNvwHuT8oB&_nc_oc=AdkIXLkE_go34vDkmc1QO7MiDCQUnqJGCm2C11FEBQpkP7HIvjQRtTtKN-G5MOLLlqk&_nc_zt=14&_nc_ht=scontent.ftpe8-3.fna&_nc_gid=bKjf39g7EchHdfewVAlDwg&oh=00_AfqBbPHdq7h7W7J5enbp9RzKZtU-JQmHDLBSzgcJJI8muA&oe=696E6C2C",
  "ad_is_video": false,
  "ad_video_preview_image": "https://scontent.ftpe8-2.fna.fbcdn.net/v/t39.35426-6/293595568_1211309639632260_286788276698121238_n.jpg?_nc_cat=103&ccb=1-7&_nc_sid=c53f8f&_nc_ohc=rosLdQSTXTgQ7kNvwFJjxRC&_nc_oc=AdkWR1DnYvjXoO01pnqeyCPm6NKR1qZcnF7xxkBMzsk2rKY18Z93o3kCTGIoojFjU_k&_nc_zt=14&_nc_ht=scontent.ftpe8-2.fna&_nc_gid=bKjf39g7EchHdfewVAlDwg&oh=00_AfpogQtyXW6PKb1Lz67M9fRwhSZzz_pexFngZouIh6JM9A&oe=696E645A",
  "ad_image": null,
  "ad_cta_text": "Install Now",
  "ad_link_description": null,
  "ad_link_url": "https://l.facebook.com/l.php?u=http%3A%2F%2Fplay.google.com%2Fstore%2Fapps%2Fdetails%3Fid%3Dcom.tg.ysczgm.gp%26fbclid%3DIwZXh0bgNhZW0CMTAAYnJpZBExcVplVEdac29oTHFzeUE1WnNydGMGYXBwX2lkDzU0MTYzOTQ5Mzg4OTAyNQABHtIsrw0vbwqYTBGoqoL5nkawNmOW5ma1DoN8P7OnYkq1po7mKZw0JRVbVWJ7_aem_qf75lFGQnTCj4DCp4qKj6A&h=AT2SPBsFaDm10k-fB5ZnJpMYPu798ZmW8LFhB1l1V0A-6ilIEd9hVpmUHUB5JF4ARsAwcrFf0HfLdgdr0dW9Ddqcs56BXOo0HvSkdkoGwj0CxyQcrBaNb-JyOsS9XfFsS1ssVpPlmCu6X3NEMrqTZA",
  "ad_title": "雲上城之歌M",
  "ad_caption": "play.google.com",
  "ad_page_id": "106987027752157",
  "ad_cta_type": "Install Now",
  "ad_extra_links": [],
  "ad_extra_texts": [
    "💥版本革新：200個幸運禮盒\n🎁全新虛寶碼：hello\n槍火交響，全新職業槍手來襲💥\n#全新職業",
    "🔥夏日犬夜叉聯動版本火熱來襲！👹與新夥伴“犬夜叉”來一場穿越時空的並肩作戰！⛩⛩⛩\n#虛寶碼hello"
  ],
  "ad_page_categories": [],
  "ad_page_like_count": 0,
  "ad_publisher_platform": [
    "facebook",
    "instagram",
    "audience_network",
    "messenger"
  ],
  "ad_like_count": "0",
  "ad_share_count": "0"
}