{
  "ad_id": "1221116219985331",
  "ad_context": "地球母親給予了我們許多珍貴資源\n她溫柔擁抱、孕育萬物\n但全球用於守護自然的捐款\n僅不到 3%！\n\n你願意盡綿薄之力，給予地球母親一份獻禮，回報大自然的饋贈嗎？\n每日30元小額捐助，幫助我們繼續為地球發聲：https://act.gp/48D7e6v\n\n我們是不接受任何政商資助的綠色和平組織，多年來不斷地為了保護珍貴海洋做了許多研究、倡議與保護行動，志在\n-不斷揭露破壞環境的真相； \n-進行嚴謹的科學研究；\n-直接行動，積極遊說政府、企業，凝聚社區力量，倡議對環境有利的政策和解決方案。\n\n現在就加入我們，一起為您我及未來世代爭取一個更乾淨、安全、永續的地球家園。",
  "ad_profile_name": "Greenpeace 綠色和平 (台灣網站)",
  "ad_profile_image": "https://scontent-tpe1-1.xx.fbcdn.net/v/t39.30808-1/347621654_1486723941734598_7574040702387748390_n.png?stp=dst-png_s200x200&_nc_cat=109&ccb=1-7&_nc_sid=2d3e12&_nc_ohc=qNWcxL5KlzoQ7kNvwG1vkTg&_nc_oc=Adnqm9TlvjdXlJx75t28ZkmokAXxADs1VWRzi3T_H2rd_hc405Adkoe_CeFtzqym5pk&_nc_zt=24&_nc_ht=scontent-tpe1-1.xx&_nc_gid=ZTrzZV8ngFR8Myb29ghIng&oh=00_Afq3GVWldkYrnZoPvtYAmXhfRdiu5txRn9nPVpigLyWyEg&oe=696B303C",
  "ad_is_video": false,
  "ad_video_preview_image": null,
  "ad_image": "https://scontent-tpe1-1.xx.fbcdn.net/v/t39.35426-6/591110632_1167461842237781_7215230472864199196_n.jpg?stp=dst-jpg_s600x600_tt6&_nc_cat=103&ccb=1-7&_nc_sid=c53f8f&_nc_ohc=ZH8DJTvondcQ7kNvwExVgdG&_nc_oc=Admgg-XG5BayWSVJeN-h-4UcG2BlIaung_LsPjg-Yrxf5KXVunY_tCLKF5iYy8f5Qj0&_nc_zt=14&_nc_ht=scontent-tpe1-1.xx&_nc_gid=BNveskS_kZ0r8czrw0Yp0Q&oh=00_AfoiRPkKoc54oecYFjMIh-1zMsiLfpgfMI-f31SfUa143g&oe=696B3CE2",
  "ad_cta_text": null,
  "ad_link_description": "2025 讓美好大自然延續",
  "ad_link_url": "https://act.gp/48D7e6v",
  "ad_title": "來自地球母親的珍貴贈禮",
  "ad_caption": "https://act.gp/48D7e6v",
  "ad_page_id": "148475335184300",
  "ad_cta_type": null,
  "ad_extra_links": [],
  "ad_extra_texts": [],
  "ad_page_categories": [
    "非營利組織"
  ],
  "ad_page_like_count": 590000,
  "ad_publisher_platform": [
    "facebook",
    "instagram"
  ],
  "ad_like_count": "0",
  "ad_share_count": "0"
}