{
  "ad_id": "1221045589679031",
  "ad_context": "",
  "ad_profile_name": "Impact Hub Taipei / 社會影響力製造所",
  "ad_profile_image": "https://scontent.ftpe8-1.fna.fbcdn.net/v/t39.35426-6/506462675_615906628177794_6254552840961562484_n.jpg?stp=dst-jpg_s60x60_tt6&_nc_cat=108&ccb=1-7&_nc_sid=c53f8f&_nc_ohc=9Ejtypgj6E8Q7kNvwGp8yhK&_nc_oc=AdkHU1kEFaVVXY5pHIw3ypKgUhr6j_1_a3ykehnY8IEvwTFwxSutb_u1tP7YpDECyMc&_nc_zt=14&_nc_ht=scontent.ftpe8-1.fna&_nc_gid=J3nEJffqzDQbewLnr3Yyiw&oh=00_AfrVqCfkRZOsKiVUyNsHAEPs5LtzVLcEkh3cScCBw-QM4A&oe=696DC952",
  "ad_is_video": false,
  "ad_video_preview_image": null,
  "ad_image": "https://scontent.ftpe8-1.fna.fbcdn.net/v/t39.35426-6/506703083_3724846704480947_7049154062910560613_n.jpg?stp=dst-jpg_s600x600_tt6&_nc_cat=105&ccb=1-7&_nc_sid=c53f8f&_nc_ohc=q777NlbeXHkQ7kNvwEbb7S3&_nc_oc=AdlZqfAKG3Adcr3aO1gR9HDaI7IfdzYwDwaj1QObILo1fwUH3oy9GZmMEtucIKIqzNA&_nc_zt=14&_nc_ht=scontent.ftpe8-1.fna&_nc_gid=J3nEJffqzDQbewLnr3Yyiw&oh=00_AfpdGtpG8c5W98ZaNIzNF5qXfH0OaItYdY8v_ubkHGg01A&oe=696DD2B3",
  "ad_cta_text": "Learn More",
  "ad_link_description": null,
  "ad_link_url": "https://l.facebook.com/l.php?u=https%3A%2F%2Fsewfonline.com%2Fevents%2Fsewf25%2F%3Ffbclid%3DIwZXh0bgNhZW0CMTAAYnJpZBExSVF5MFdiSDNXa0k5cVpWV3NydGMGYXBwX2lkDzU0MTYzOTQ5Mzg4OTAyNQABHpHfU992pjQi5vjPWKvWbCO5hb-53MhXt0_mV7RQI9Q05T3Q5vWV8zNjgr2z_aem_lKCTm0Hscpv3lGyyPK8pgQ&h=AT1ZCicLrDrRV1thaqdIfC3h-rqIjzCUeUt7H3m-PDkFekTt2QyGCxng83gPRDv0NfauGjMFWBU7W2kHTx_UbBYeunbYTx4WBBRsROs1TEfvDaiKwTN1W0aUsyMDID1cNMQ1QsiJo7TilY-JecC2qg",
  "ad_title": "2025 SEWF 社會企業世界論壇",
  "ad_caption": "sewfonline.com",
  "ad_page_id": "361382484016227",
  "ad_cta_type": "Learn More",
  "ad_extra_links": [
    "2025 SEWF 社會企業世界論壇",
    "2025 SEWF 社會企業世界論壇",
    "2025 SEWF 社會企業世界論壇"
  ],
  "ad_extra_texts": [],
  "ad_page_categories": [
    "社群"
  ],
  "ad_page_like_count": 0,
  "ad_publisher_platform": [
    "facebook",
    "instagram"
  ],
  "ad_like_count": "0",
  "ad_share_count": "0"
}