{
  "ad_id": "1222616929202419",
  "ad_context": "本周立法院接連通過，思銘皆有提案的《 #貨物稅條例 》，《 #使用牌照稅條例 》以及《 #人工智慧基本法 》，為繼續維持節能減碳的生活環境，以及創造未來安全的科技生活，奠定基礎的法令機制。\n\n🔻《貨物稅條例》第十二條之三\n☑️延長完全以電能為動力之電動車輛免徵貨物稅期限至119年12月31日\n☑️電動小客車免稅上限維持以完稅價格140萬元計算之稅額\n☑️配合政策檢討需要，刪除授權行政院再行決定是否延長減免年限的規定，讓制度更明確、有期限\n\n🔻《使用牌照稅法》第五條\n☑️延長地方政府得免徵電動車使用牌照稅期限五年\n☑️免稅措施同樣延續至119年12月31日，與國家運具電動化目標一致。\n\n🔻《人工智慧基本法》\n☑️以人為本，守護人民權益\n☑️兼顧創新發展與風險管理\n☑️培育人才，提升國家競爭力\n\n思銘將持續在立法院把關後續相關法令配套措施，以及實行後的效果，讓民眾能於更為潔淨的環境中，享受人工智慧科技，為生活所帶來的方便性。\n\n#立法委員林思銘SmanLin\n#思銘全力為民\n@追蹤者",
  "ad_profile_name": "立法委員 林思銘",
  "ad_profile_image": "https://scontent.ftpe8-4.fna.fbcdn.net/v/t39.35426-6/606035193_1551144352597096_2735562485836821007_n.jpg?stp=dst-jpg_s60x60_tt6&_nc_cat=102&ccb=1-7&_nc_sid=c53f8f&_nc_ohc=bJSiLIyGW7AQ7kNvwGLLqlS&_nc_oc=Adki95G8OSOkzQ8B3q4eaH9Rn6gNSNc4zKzn22dqAOaWAXj2OjDmlRZzLdt0XkC4f5A&_nc_zt=14&_nc_ht=scontent.ftpe8-4.fna&_nc_gid=WoemIUpctLKW-WyvIXlRFg&oh=00_Afpi9xstwyw7Q13p_KIw9s-G1sxjFvhSWvVQ4JQdsbjiZQ&oe=696E3FA6",
  "ad_is_video": false,
  "ad_video_preview_image": null,
  "ad_image": "https://scontent.ftpe8-3.fna.fbcdn.net/v/t39.35426-6/607880371_1930834531165507_8650739009321321419_n.jpg?stp=dst-jpg_s600x600_tt6&_nc_cat=111&ccb=1-7&_nc_sid=c53f8f&_nc_ohc=u58CalbKAKUQ7kNvwHrUooo&_nc_oc=AdmKhvm7MaOMHCcHpiRlVF7e3PFitdI5SRHlLRByxdW-DK0p1em1EnLi4g-tdF1UqOA&_nc_zt=14&_nc_ht=scontent.ftpe8-3.fna&_nc_gid=WoemIUpctLKW-WyvIXlRFg&oh=00_AfoVQveIAXCS-6qSs__tPpUvy62tD0MZ4Hb1cA7VaqQ8ag&oe=696E6527",
  "ad_cta_text": "發送訊息",
  "ad_link_description": null,
  "ad_link_url": null,
  "ad_title": null,
  "ad_caption": null,
  "ad_page_id": "102286101328988",
  "ad_cta_type": "發送訊息",
  "ad_extra_links": [],
  "ad_extra_texts": [],
  "ad_page_categories": [
    "政治人物"
  ],
  "ad_page_like_count": 0,
  "ad_publisher_platform": [
    "facebook",
    "instagram"
  ],
  "ad_like_count": "0",
  "ad_share_count": "0"
}