{
  "ad_id": "1222685769338530",
  "ad_context": "怪奇事物所 x 台灣公益聯盟\n限量捐款禮看這裡 ✨ https://tpwl.cc/fEIht\n\n【有愛，一切不奇怪】專案：\n台灣有超過 120 萬名身心障礙者，\n儘管近年來對身心障礙者已經相對友善，\n但仍有許多未能撕下的 #標籤 束縛著身障者。\n\n讓我們攜手，褪下有色的眼鏡，用愛看待一切。\n為身心障礙者爭取一個更公平的社會！\n\n🎁 支持台灣公益聯盟，把怪奇捐款禮帶回家 💗\n\n#怪奇事務所 #捐款禮 #限量",
  "ad_profile_name": "社團法人台灣公益聯盟",
  "ad_profile_image": null,
  "ad_is_video": false,
  "ad_video_preview_image": null,
  "ad_image": null,
  "ad_cta_text": null,
  "ad_link_description": "你知道嗎....「怪奇事物所」與台灣公益聯盟推出限量捐款人回饋禮！回歸人的本質，每個冷知識都讓我們對世界有更多了解，台灣公益聯盟邀請您，透過我們的分享撤下對身心障礙者的標籤，了解身心障礙者，用愛，讓一切不.....",
  "ad_link_url": "https://l.facebook.com/l.php?u=https%3A%2F%2Ftpwl.cc%2FfEIht%3Ffbclid%3DIwZXh0bgNhZW0CMTAAYnJpZBExOHRIUzYya1haMnJPekFOQXNydGMGYXBwX2lkDzU0MTYzOTQ5Mzg4OTAyNQABHj4VL_cDcqU7evz-sJkzm3NtYNd_LPRv4ld_JdyJyboAF3-1ro7cMA9HJiyF_aem_AUh0AuBeBTqOkVE4FOk4hQ&h=AT18Ewfw930G0VG6CkIpnj4FYWYB63tV6D0GePElriY9e60GKUTiAeigNmfgnE0jrWgf_5vG81WgSTHmxJxJQB9sVKdW1qLZ1NnLv8GDK87oMRfPTp8Pgl-tQ-5q6Dd3vbRxinvT9MIOCQxQZJsDWw",
  "ad_title": "台灣公益聯盟x怪奇限量捐款禮",
  "ad_caption": "tpwl.neticrm.tw",
  "ad_page_id": "528724907503036",
  "ad_cta_type": null,
  "ad_extra_links": [],
  "ad_extra_texts": [],
  "ad_page_categories": [],
  "ad_page_like_count": 0,
  "ad_publisher_platform": [
    "facebook",
    "instagram"
  ],
  "ad_like_count": "0",
  "ad_share_count": "0"
}