{
  "ad_id": "1222142445080874",
  "ad_context": "【選前倒數3天！搶救11林鼎超】\n\n明天要進入選前倒數3天，感謝今天有侯友宜市長陪鼎超掃市場拜票、感謝洪孟楷委員陪鼎超車隊掃街、也感謝朱立倫市長在這場選舉第一次跟市議員候選人一起站路口，跟所有的民眾揮手。鼎超由衷感謝，所有來幫忙鼎超的前輩及朋友們，鼎超在未來的三天一定會加倍的努力，來答謝各位前輩對鼎超的厚愛。\n\n現在進入停止所有競選活動已經不到72小時了，在明天下午3點，連勝文副主席相當關心鼎超的選情，所以將會再度來到三重，陪鼎超車隊掃街，希望可以再幫鼎超繼續衝刺，因為選情真的很危險，希望副主席的到來，可以讓我能順利過關。\n\n明天晚上7點，將再度和侯友宜市長合體，掃三和夜市，希望可以得到更多三重的朋友支持，明晚也來了另一位超級大來賓，立法院黨團首席副書記長謝衣鳯委員，其實我認識首席也超過十年了，我們從幕僚時期就已經認識，首席知道鼎超現在的選情艱困，所以也特別撥空前來，幫我掃街拜票。\n\n希望明天有看到我們的朋友，記得跟我打打招呼，也幫我們加油打氣\n\n我們明天見\n\n#鼎超多一票_讓專業的議員多一席",
  "ad_profile_name": "林鼎超",
  "ad_profile_image": "https://scontent.ftpe8-2.fna.fbcdn.net/v/t39.35426-6/316690766_799972677734463_1992851118453485461_n.jpg?stp=dst-jpg_s60x60_tt6&_nc_cat=103&ccb=1-7&_nc_sid=c53f8f&_nc_ohc=f7T2KtH4Yx8Q7kNvwEvBUWT&_nc_oc=Adm7pF69Jo3xHSK5buBya1o1FSZNPXi0cHhgG8w6FVz-lBvSMAMVma2Xz4ITcAQws5I&_nc_zt=14&_nc_ht=scontent.ftpe8-2.fna&_nc_gid=Fr41iBwAx7cwEk13I5eONQ&oh=00_Afp_kx9RrjXf3N8tsIDgwR4m2Zq5Z7wcETRbXnDP5ThVrA&oe=696DEB87",
  "ad_is_video": false,
  "ad_video_preview_image": null,
  "ad_image": "https://scontent.ftpe8-2.fna.fbcdn.net/v/t39.35426-6/315936081_1506005299872700_259554903380011426_n.jpg?stp=dst-jpg_s600x600_tt6&_nc_cat=101&ccb=1-7&_nc_sid=c53f8f&_nc_ohc=h8UfkmzcXlIQ7kNvwHI9Rqv&_nc_oc=AdkaFel-H-Ya9jChztggNc0bbKdWphcTdXCNObacgU1DPhtXCrJfDvyOgHGkKmlvhPE&_nc_zt=14&_nc_ht=scontent.ftpe8-2.fna&_nc_gid=Fr41iBwAx7cwEk13I5eONQ&oh=00_AfpJ4OiIqeVXXCsXLs1EPodE3uhynLSld8TlKoHX3pYUWQ&oe=696DCAAB",
  "ad_cta_text": "",
  "ad_link_description": null,
  "ad_link_url": null,
  "ad_title": null,
  "ad_caption": null,
  "ad_page_id": "111951334694728",
  "ad_cta_type": "",
  "ad_extra_links": [],
  "ad_extra_texts": [],
  "ad_page_categories": [
    "市政府"
  ],
  "ad_page_like_count": 9830,
  "ad_publisher_platform": [
    "facebook",
    "instagram"
  ],
  "ad_like_count": "0",
  "ad_share_count": "0"
}