{
  "ad_id": "1223605679821550",
  "ad_context": "現代居，大不易。\n有時跑行程會遇到年輕朋友，在與他們對話過程中，常能感受到青年族群對於住的困擾，有的反映房價過高、買不起；有的認為租金太高、居住空間太小。\n\n許多年輕人在城市工作、打拚，卻連一個像樣的棲身之所都沒有。我想，我們應該為年輕人、弱勢族群多做一點，讓他們可以安居樂業。\n\n位於莒光路與中山路三段口的公路總局公路人員訓練所教練場，我認為這塊土地的基地面積夠大，也在我們中和市區；且鄰近板橋、土城等區域，交通十分便捷；周邊生活機能也非常完善，很適合規劃作為社會住宅。\n\n為此，我在2018年11月、第三屆新北市議員當選前，即爭取在此地興建社會住宅。後續新北議會3定1開議時，我也提案爭取盡速規劃社宅，希望能幫助到年輕族群、弱勢家庭等有需要的民眾，透過減輕大家經濟上的負擔，實現居住正義。\n\n本案經各單位協調整合後，由中央全額投資興建，國家住都中心主導。\n\n目前現址德穗安居社會住宅暨板橋監理站新建工程已動工，預計2029年完工，總工程經費約30.2億元，建築規模1幢2棟地上14層、地下3層。規劃有套房型204 戶；二房型111 戶；三房型24 戶；總計339戶。並設有日照中心，供年長者及失能者使用。\n\n@追蹤者",
  "ad_profile_name": "金瑞龍",
  "ad_profile_image": "https://scontent.ftpe8-4.fna.fbcdn.net/v/t39.35426-6/590743208_1344500050072161_1564928064910539539_n.jpg?stp=dst-jpg_s60x60_tt6&_nc_cat=110&ccb=1-7&_nc_sid=c53f8f&_nc_ohc=u91M8o4PFGkQ7kNvwGtXzad&_nc_oc=AdlL7L7Vcp2T7dSvMv_hbBHR67AEJJ4iYGtzeAhR8a-ufr1a28mXlZ1rsfAF45jSycQ&_nc_zt=14&_nc_ht=scontent.ftpe8-4.fna&_nc_gid=tcy777JwecLexVjTK_7O5A&oh=00_AfrFPRfO-3Wdg0-BlpHd95c9LCcHS7Yyg5kq8GCXSF1HBQ&oe=696DCA86",
  "ad_is_video": false,
  "ad_video_preview_image": null,
  "ad_image": "https://scontent.ftpe8-1.fna.fbcdn.net/v/t39.35426-6/591942005_2605061689850415_9020604270784751845_n.jpg?stp=dst-jpg_s600x600_tt6&_nc_cat=108&ccb=1-7&_nc_sid=c53f8f&_nc_ohc=eq4gpHa88hgQ7kNvwFPo5mV&_nc_oc=AdmsaoOhydGBxDboJlCy4a8cFvS_yErAPkdPLwguLURyjcMqdQG3VN3e8XcjaMpciB4&_nc_zt=14&_nc_ht=scontent.ftpe8-1.fna&_nc_gid=tcy777JwecLexVjTK_7O5A&oh=00_AfoNvbnyd64ywjHjiKOz556BGVN7VBmRa_yFmSBBSomxlw&oe=696DBFC9",
  "ad_cta_text": "造訪個人檔案",
  "ad_link_description": null,
  "ad_link_url": "https://l.facebook.com/l.php?u=http%3A%2F%2Fwww.fb.com%2F100063806046478&h=AT114zYHBQfpCOLpXFe28cvW9qM7YzMhCvc6PWU-iaPPX6lqlEMLeJSOikfxb3AXsirhpBr5-LPptvPNEQy0ESfhVGJNQ2tQEwrIL4c6Ld39c2vSh1fsodD9T8BipFvLYlLjoGOZTFn41hsblA7mtQ",
  "ad_title": "www.fb.com",
  "ad_caption": "fb.com",
  "ad_page_id": "344039272370440",
  "ad_cta_type": "造訪個人檔案",
  "ad_extra_links": [],
  "ad_extra_texts": [],
  "ad_page_categories": [],
  "ad_page_like_count": 0,
  "ad_publisher_platform": [
    "facebook"
  ],
  "ad_like_count": "0",
  "ad_share_count": "0"
}