{
  "ad_id": "1223420528247092",
  "ad_context": "📣鄉親朋友，聽到子齊的廣播聲，不用懷疑～～～都是子齊本人在放送🛵🛵🛵🛵\n　\n路上、網路上都找的到我，有任何對市政的疑問，對香山的想法，都歡迎跟我說喲！\n　\n照片中的文宣，也是子齊的家戶投遞文宣，內頁是子齊滿滿的努力成果（掃QR code還有更多），收到的朋友，如果有哪一項勾起你其他想法，也歡迎跟我分享哦(⁎⁍̴̛ᴗ⁍̴̛⁎)\n　\n網頁好讀版在此，快來看看(///▽///)\nhttps://2022.npp.vote/candidate?id=59",
  "ad_profile_name": "廖子齊 新竹市議員",
  "ad_profile_image": "https://scontent.ftpe8-2.fna.fbcdn.net/v/t39.35426-6/316528514_472894628265686_4042344442502121958_n.jpg?stp=dst-jpg_s60x60_tt6&_nc_cat=101&ccb=1-7&_nc_sid=c53f8f&_nc_ohc=Osbyde1q95MQ7kNvwE8F2Wx&_nc_oc=Adli-9NzvJHVjzH9n6M2Kmqe4t2szeoQPVL-oSA3Mi2byShCHAwCFTrIt-tF3lF9r9Y&_nc_zt=14&_nc_ht=scontent.ftpe8-2.fna&_nc_gid=sldtDBNavNt22gdXY4LrvQ&oh=00_AfrJMGZGydGNZh0E4jhJSicOQ62V1fOZtg-RRYbTypUCDw&oe=696E5C93",
  "ad_is_video": false,
  "ad_video_preview_image": null,
  "ad_image": "https://scontent.ftpe8-2.fna.fbcdn.net/v/t39.35426-6/316288446_2073547839519517_4581589170196410588_n.jpg?stp=dst-jpg_s600x600_tt6&_nc_cat=103&ccb=1-7&_nc_sid=c53f8f&_nc_ohc=LZVCWivMmqMQ7kNvwF_6CB0&_nc_oc=AdkKZNdXwv6ipFO1pDzR9R0XFtXmcIewIrLfGfXZ_NqzLTuLNjf8K2CiW4GI10WJ3Cg&_nc_zt=14&_nc_ht=scontent.ftpe8-2.fna&_nc_gid=sldtDBNavNt22gdXY4LrvQ&oh=00_Afrl3EYwAX88mRKhT7fWII4IrPFnHfeUsfWuZvjoyBg2Ew&oe=696E79A4",
  "ad_cta_text": "瞭解詳情",
  "ad_link_description": "選和你一樣認真打拼的人!請認識我們推出優秀的候選人，只要有更多人投入，政治就有更多改變的可能，邀請您與我們同行，一起展望未來、穩健茁壯，堅定改革、實現進步價值。改變需要您的力量。",
  "ad_link_url": "https://2022.npp.vote/candidate?id=59",
  "ad_title": "4 廖子齊|新竹市第五選區 香山 |2022時代力量|改變持續 與力同行",
  "ad_caption": "2022.npp.vote",
  "ad_page_id": "256665398196368",
  "ad_cta_type": "瞭解詳情",
  "ad_extra_links": [],
  "ad_extra_texts": [],
  "ad_page_categories": [],
  "ad_page_like_count": 0,
  "ad_publisher_platform": [
    "facebook",
    "instagram"
  ],
  "ad_like_count": "0",
  "ad_share_count": "0"
}