{
  "ad_id": "1225155869566493",
  "ad_context": "從 20 年前背著背包深入亞馬遜森林至今，綠色和平東亞分部施鵬翔總監對環境工作的熱忱始終如一。\n\n「這不是孤獨的長跑，因為背後支撐的力量，其實是螢幕前的你。」\n\n因為有你，2025 我們做到了： \n✅ 全球海洋公約生效，守護 30% 海洋！\n✅ 環境部建立平台，積極解決垃圾暫置場問題。 \n✅ 揭示 AI 能源危機，督促產業巨頭轉向綠能。\n\n2026 年，我們將繼續堅持：\n 📍 源頭減塑：阻止中油擴建新四輕，減少塑膠製造。\n 📍 深耕在地：建立臺灣沿近海海洋保護示範區。 \n📍 淨零轉型：監督 AI 供應鏈排碳，推動社會氣候韌性。\n\n過去一年，感謝有您；\n新的一年，邀您再次同行。\n讓守護自然的心意，成為給地球最美的獻禮>> https://act.gp/3Z3lWhD",
  "ad_profile_name": "Greenpeace 綠色和平 (台灣網站)",
  "ad_profile_image": "https://scontent-tpe1-1.xx.fbcdn.net/v/t39.30808-1/347621654_1486723941734598_7574040702387748390_n.png?stp=dst-png_s200x200&_nc_cat=109&ccb=1-7&_nc_sid=2d3e12&_nc_ohc=qNWcxL5KlzoQ7kNvwG1vkTg&_nc_oc=Adnqm9TlvjdXlJx75t28ZkmokAXxADs1VWRzi3T_H2rd_hc405Adkoe_CeFtzqym5pk&_nc_zt=24&_nc_ht=scontent-tpe1-1.xx&_nc_gid=qkC1qs4jC1NPfbgMR7qbkQ&oh=00_AfqfNJfLBXQ_B7V6KqQX6raRLf99GkpxSsc9CQh_vg6Dsw&oe=696BA0BC",
  "ad_is_video": true,
  "ad_video_preview_image": "https://scontent-tpe1-1.xx.fbcdn.net/v/t39.35426-6/612904810_1203002778696139_2618254110697573045_n.jpg?_nc_cat=108&ccb=1-7&_nc_sid=c53f8f&_nc_ohc=4cnQYNQdNCwQ7kNvwG50J0E&_nc_oc=AdkYk6wDK6x96gLmBN6b98KNv8g7moDE1qyliQqZlS9m9Xjr6B2RtMXUyrWt4-nTXPw&_nc_zt=14&_nc_ht=scontent-tpe1-1.xx&_nc_gid=hYvVdHe65vKCWNS7ZciUnQ&oh=00_Afp3H8i4QaegoUPCxvPkhdrGEtgbcThimT3PuwqZ6jU51w&oe=696B8F0D",
  "ad_image": null,
  "ad_cta_text": null,
  "ad_link_description": null,
  "ad_link_url": "https://act.gp/3Z3lWhD",
  "ad_title": "2026 繼續守護自然",
  "ad_caption": "https://act.gp/3Z3lWhD",
  "ad_page_id": "148475335184300",
  "ad_cta_type": null,
  "ad_extra_links": [],
  "ad_extra_texts": [],
  "ad_page_categories": [
    "非營利組織"
  ],
  "ad_page_like_count": 0,
  "ad_publisher_platform": [
    "facebook",
    "instagram"
  ],
  "ad_like_count": "0",
  "ad_share_count": "0"
}