{
  "ad_id": "1226763526035077",
  "ad_context": "🎄 讓每一年的聖誕樹，都來自被好好照顧的森林\n多數天然聖誕樹來自苗圃或經妥善管理的森林\n在樹木被移出後，仍會持續補植與經營，維持森林健康、延續吸碳能力\n逐步累積穩定的碳匯效益，並孕育碳權發展的潛力💡\n\n👉 森林碳匯的關鍵，在於「如何經營」\n真正能創造長期碳匯價值的，不只是森林本身\n而是懂得如何恢復森林、增加碳匯，\n將自然價值納入永續管理思維，讓碳匯成為兼顧生態與經濟的永續解方\n\n📘 【森林碳匯專案實務課程】\n為回應企業對於「懂森林、懂碳匯」的人才需求\n碳交所 × 林試所 共同推出本課程，從方法學到實務操作\n從基礎理解到計畫書撰寫，完整掌握森林碳匯專案開發關鍵力。\n\n📖 基礎班｜2026 年 1 月開課\n 同步提供大專院校在校生半價優惠\n支持青年及早接軌碳匯方法學與市場實務，躍升為 #森林碳匯專業人才💁‍♀️\n\n了解課程及優惠資訊👉  https://www.tcx.com.tw/learn/studio/content/108\n\n#證交所 #碳交所 #證循環_碳未來\n#TCX #TFRI #農業部林業試驗所 #林試所 #森林碳匯專案實務課程\n#自然碳匯 #淨零轉型 #永續投資 #綠色行動 #企業永續 #碳匯人才 #碳權",
  "ad_profile_name": "證循環 碳未來",
  "ad_profile_image": "https://scontent.ftpe8-4.fna.fbcdn.net/v/t39.35426-6/605784982_882931624604206_671437609568882127_n.jpg?stp=dst-jpg_s60x60_tt6&_nc_cat=110&ccb=1-7&_nc_sid=c53f8f&_nc_ohc=VKlb4ulBMpkQ7kNvwHAV4-T&_nc_oc=AdkX2Ep9_eLNPz2fkSIkT8642rY8GJZiJAm2KJ--CeujY1drH9-JvFtcH5bb_N-G068&_nc_zt=14&_nc_ht=scontent.ftpe8-4.fna&_nc_gid=HwtOZMn39rBfg2d2YUt3BQ&oh=00_Afrm7dpHUu9EKQ3oA206feWxOLftpWFd4aX7aLBHaSPbRA&oe=696E466E",
  "ad_is_video": false,
  "ad_video_preview_image": null,
  "ad_image": "https://scontent.ftpe8-2.fna.fbcdn.net/v/t39.35426-6/606009070_761297493134284_8954286048116859594_n.jpg?stp=dst-jpg_s600x600_tt6&_nc_cat=100&ccb=1-7&_nc_sid=c53f8f&_nc_ohc=yrTyTrEGBVkQ7kNvwFpVLOK&_nc_oc=AdltWpgoMc3JeNWMhKtg7-_Gvl4Uv48FPmHCzMiATB_uhrLdclgwhl926k9cDfGu81A&_nc_zt=14&_nc_ht=scontent.ftpe8-2.fna&_nc_gid=HwtOZMn39rBfg2d2YUt3BQ&oh=00_Afp9qFUJZEHCW4oF3-crDnt5ghbpBzD0IOSxBRRVozGnaQ&oe=696E5E85",
  "ad_cta_text": "",
  "ad_link_description": null,
  "ad_link_url": "https://www.tcx.com.tw/learn/studio/content/108",
  "ad_title": null,
  "ad_caption": null,
  "ad_page_id": "616758028192998",
  "ad_cta_type": "",
  "ad_extra_links": [],
  "ad_extra_texts": [],
  "ad_page_categories": [
    "非營利組織"
  ],
  "ad_page_like_count": 1366,
  "ad_publisher_platform": [
    "facebook"
  ],
  "ad_like_count": "0",
  "ad_share_count": "0"
}