{
  "ad_id": "1226542432735418",
  "ad_context": "#守護警消權益\n#新竹縣消防人力補強進度報告\n消防弟兄姊妹們，大家辛苦了。新竹縣人口快速成長，但消防人力長期吃緊。前年新竹縣發生消防人員因公殉職的憾事，更令人感到心痛與焦急。人力不足不是數字問題，而是關乎生命安全。\n\n去年10/16 內政委員會質詢中，我特別要求內政部長及消防署長務必正視115年度新竹縣消防補充率僅 1.61% 的嚴重失衡狀況，並協調務必增加新竹縣消防人力。\n\n📌 階段性好消息與最新進度：\n在持續追蹤與督促下，感謝消防署實際支持並回覆—\n✅ 114/12/24 核定分發 35 名消防生力軍至新竹縣\n✅ 115/1/16 正式報到，投入守護鄉親行列\n\n我們清楚，35 名人力只能先解燃眉之急，距離完整補足仍有努力空間。我會持續關注，爭取分批、逐步補齊。\n\n謝謝每一位站在第一線的消防英雄，新竹縣因你們而更安心。\n\n#徐欣瑩 #新竹縣 #消防人力 #警消權益 #為第一線撐腰",
  "ad_profile_name": "徐欣瑩",
  "ad_profile_image": "https://scontent.ftpe8-4.fna.fbcdn.net/v/t39.35426-6/612733755_1609145416927133_6872248351268103328_n.jpg?stp=dst-jpg_s60x60_tt6&_nc_cat=110&ccb=1-7&_nc_sid=c53f8f&_nc_ohc=CDOpJcmcj-4Q7kNvwHtV1vW&_nc_oc=AdkLMCbKP7oVtg0XzsPBBZx0aQueEoyOBBeyEeAqfDKnEfnK-sE8M4mlykg_VP0nXpY&_nc_zt=14&_nc_ht=scontent.ftpe8-4.fna&_nc_gid=wHJuhbSbPWAwFNE0xOqFsQ&oh=00_AfraX5zOwCZRwqilaoY4qTbHoWZiEoOa6FF0re5WnAllFQ&oe=696DC79E",
  "ad_is_video": false,
  "ad_video_preview_image": null,
  "ad_image": "https://scontent.ftpe8-3.fna.fbcdn.net/v/t39.35426-6/612327256_857213013761706_2909101925778085948_n.jpg?stp=dst-jpg_s600x600_tt6&_nc_cat=107&ccb=1-7&_nc_sid=c53f8f&_nc_ohc=TQ2Rtt-BB3kQ7kNvwF66vTF&_nc_oc=AdmupGCjtCYDNdIuzk-qShRpBDNhvkfQ4sIIwB-cws-sd48uU6SLkjexGtG3mEGTQ8s&_nc_zt=14&_nc_ht=scontent.ftpe8-3.fna&_nc_gid=wHJuhbSbPWAwFNE0xOqFsQ&oh=00_AfqvTbpIQDV-z9afaXumsjrK5BJhnEYWDZnUuw6k4QPmNA&oe=696DD1AB",
  "ad_cta_text": "",
  "ad_link_description": null,
  "ad_link_url": null,
  "ad_title": null,
  "ad_caption": null,
  "ad_page_id": "131795423172",
  "ad_cta_type": "",
  "ad_extra_links": [],
  "ad_extra_texts": [],
  "ad_page_categories": [],
  "ad_page_like_count": 0,
  "ad_publisher_platform": [
    "facebook"
  ],
  "ad_like_count": "0",
  "ad_share_count": "0"
}