{
  "ad_id": "1227199664497037",
  "ad_context": "是您們的包容和理解 \n讓我一坎一坎走到現在\n是您們的疼惜和慈愛\n給我一個去挑戰鴨霸的勇氣和機會 \n讓我面對質疑攻擊不卑不亢去說明與行動\n來證明自己可以用正派信實去度過每一次難關\n\n佳琪非常珍惜走到現在的機會\n在最後的1哩路上\n請您繼續支持佳琪完成終點 發揮所能 走向勝選！\n謝謝您們成就了周佳琪\n對佳琪的信任和所託  必以當選與實現來回報！\n\n#謝謝您 #屏東市長候選人1號周佳琪",
  "ad_profile_name": "周佳琪",
  "ad_profile_image": "https://scontent.ftpe8-1.fna.fbcdn.net/v/t39.35426-6/316415925_1270258093828721_1152738845543697181_n.jpg?stp=dst-jpg_s60x60_tt6&_nc_cat=105&ccb=1-7&_nc_sid=c53f8f&_nc_ohc=ZTb7Ls-TPPUQ7kNvwE8Bf8Y&_nc_oc=AdkvVUB5pn6K5QP2FXrb0Ekj4DjUzii4qvgD7B-EOMAqEMJfULQ1so_isHRP_8q60hA&_nc_zt=14&_nc_ht=scontent.ftpe8-1.fna&_nc_gid=Flk49MpbzN4Mb8spehsqjw&oh=00_Afog1jSBCXV41G1gSnH4GFZquk9sMwSGdAVMuqVjjsndpw&oe=696DD286",
  "ad_is_video": false,
  "ad_video_preview_image": "https://scontent.ftpe8-2.fna.fbcdn.net/v/t39.35426-6/316413809_628038539003985_1485299009491346023_n.jpg?_nc_cat=101&ccb=1-7&_nc_sid=c53f8f&_nc_ohc=G3GfDpvLLN4Q7kNvwFBw5XE&_nc_oc=AdnJiXdhr2Rzdx0Sap_lZbXjqQWjlocf-IemTHKtrE0GMm7Wb4Nq9H1xLpoW5ywaJRs&_nc_zt=14&_nc_ht=scontent.ftpe8-2.fna&_nc_gid=Flk49MpbzN4Mb8spehsqjw&oh=00_Afo0f8aw05lzFlDp87hOmoaQ26cp05lyXzUszmj6LNlPyA&oe=696DC9CB",
  "ad_image": null,
  "ad_cta_text": "",
  "ad_link_description": null,
  "ad_link_url": null,
  "ad_title": null,
  "ad_caption": null,
  "ad_page_id": "258387768395887",
  "ad_cta_type": "",
  "ad_extra_links": [],
  "ad_extra_texts": [],
  "ad_page_categories": [
    "政治人物"
  ],
  "ad_page_like_count": 0,
  "ad_publisher_platform": [
    "facebook"
  ],
  "ad_like_count": "0",
  "ad_share_count": "0"
}