{
  "ad_id": "1227740019262565",
  "ad_context": "▎#國藝會線上誌 \n↪︎ 以寫作，走出另一條路：陳冠良(Eliot Chen） \n​\n❝ 他依舊勤勞造字，心中懷著同一個蜂蜜色的夢⋯⋯❞ \n​\n訪談前，問陳冠良能否帶上年少時期出版的言情小說，他在回信中坦言「好難為情」。自17歲以筆名推出第一本言情小說迄今，將近30年。期間他一度專注於工作掙錢，跟文字斷了音訊，竟因著攝影，又牽起了因緣。\n​\n在新近出版的散文集《#生於寂靜》中，陳冠良安安靜靜地細描旅途中的風景、戀人的身影，時而把鏡頭轉向青春、家人，時而凝望那些曾在生命裡留下餘韻的片刻。他說，寂靜像是他的樹洞，他常將自己安放其中，觀照內心，讀書寫字。安於寂靜、在聚會場合多半靜默的他，為我們演示了另一種通往寫作的路徑。\n​\n陳冠良曾坦言，自己天性不夠敏銳聰慧，似乎並不是特別適合寫作的人；然而，文字對他始終帶著一種難以抗拒的吸引力。中學時期，他的聯絡簿、週記寫得格外用心，作文課也投入許多心力。《生於寂靜》中最早完成的作品〈#陪我一段〉，便是改寫自他高中時期的一篇週記。當年班導師曾將此文朗讀給全班聽，並表示可作為作文範本，這對陳冠良來說，是莫大的鼓舞。\n​\n「我從未意識到要寫自己的狀態，我覺得太難了。」陳冠良說。\n​\n他天生右踝骨外偏，導致幼年學步時一再跌跤。父母帶他求醫，裝上沉重的鐵製矯正肢架，反造成骨骼永久性損害。日後，一雙腿左長右短，但他好面子，不願借助輔具，以致走路時老得屈就左膝，只為配合觸不著地的右腳。\n​\n就如《生於寂靜》其中一篇〈#南下月台〉所描寫的：他右腳懸空，金雞獨立在高鐵月台上候車，來回巡邏的警衛見他這般，猶疑半晌，終於上前問他，要不要坐下來？「不用，沒關係，一下子而已。」他露出一貫溫煦的笑容。\n​\n陳冠良不諱言，就算身體壞了，還是想 #做個漂亮的人。\n\n愛美，所以熱衷於創造瑰麗的文字；愛美，所以相機觀景窗看出去的世界多半唯美。⋯⋯\n​\n閱讀全文 ➯ https://ncaf.tw/banem \n​\n┎━━━━━━━━━━━━━━━┒\n ​ ​ ​ ​ 以寫作，走出另一條路：陳冠良\n ​ ​ ​ ​ ​ ​ ​ ​ ​ ​ ​ ​ ​ ​ ​ ​ ​ ❒ 文｜王昀燕 \n ​ ​ ​ ​ ​ ​ ​ ​ ​ ​ ​ ​ ​ ​ ​ ​ ​ ❒ 圖｜王昀燕 攝影\n┖━━━━━━━━━━━━━━━┚",
  "ad_profile_name": "國藝會",
  "ad_profile_image": "https://scontent.ftpe8-2.fna.fbcdn.net/v/t39.35426-6/606699327_1188286839950512_5713592478107634886_n.jpg?stp=dst-jpg_s60x60_tt6&_nc_cat=103&ccb=1-7&_nc_sid=c53f8f&_nc_ohc=xbkQbDJpvRoQ7kNvwHllaPQ&_nc_oc=AdkWnT1HTrOUUwiuDABaXNOM6wyNuS64p_sJ3zKVolvgEkGB6j0idsJxABPhAEMqmLM&_nc_zt=14&_nc_ht=scontent.ftpe8-2.fna&_nc_gid=eDxTSfbjJ8HFgh9nBkytJw&oh=00_AfrwUFLNguMLMMG1bR_lX6Luri-lrLlq8XMF_3D4aSTa0g&oe=696DBE92",
  "ad_is_video": false,
  "ad_video_preview_image": null,
  "ad_image": "https://scontent.ftpe8-1.fna.fbcdn.net/v/t39.35426-6/605630348_1619862692501105_2642194232489152572_n.jpg?stp=dst-jpg_s600x600_tt6&_nc_cat=105&ccb=1-7&_nc_sid=c53f8f&_nc_ohc=pxmbVdm_AGMQ7kNvwGLQF6m&_nc_oc=AdkdXMLNevmvdYvxiKULoRzl1exYwVW_Lgmf5L6Juri-PB0Fw4hif3ar6OTsM9TDE3c&_nc_zt=14&_nc_ht=scontent.ftpe8-1.fna&_nc_gid=eDxTSfbjJ8HFgh9nBkytJw&oh=00_AfpwOvTSvcfo-kG9RlzatH5mZi6R1sBQzyEUeMU5mAYkBg&oe=696DD4EA",
  "ad_cta_text": "",
  "ad_link_description": null,
  "ad_link_url": "https://ncaf.tw/banem",
  "ad_title": null,
  "ad_caption": null,
  "ad_page_id": "354146411265853",
  "ad_cta_type": "",
  "ad_extra_links": [],
  "ad_extra_texts": [],
  "ad_page_categories": [
    "非營利組織"
  ],
  "ad_page_like_count": 0,
  "ad_publisher_platform": [
    "facebook"
  ],
  "ad_like_count": "0",
  "ad_share_count": "0"
}