{
  "ad_id": "1227443605238582",
  "ad_context": "還記得前不久曾文生說，桃園以北data center用電5MW以上，台電不供電嗎？\n\n5MW是什麼數字？核四兩部機組就有2700MW，深澳是1300MW，核一有1272MW，核二有1970MW，所有這些電廠只要有任何一部機組在動，5MW都只是小菜一碟。\n\n但很遺憾，我們就是沒有，堂堂科技大島，何至於此？\n\n因為核四被偽聖人林義雄情勒到封存，被民進黨用無數謠言整到半殘，到今天李遠哲都還在鬼扯拼裝車的言論。\n\n因為朱立倫先前總是說無核安無核電，侯友宜也一直說新北巿很委屈，核廢料不可以放他家，民進黨也跟著擺爛不延役，加總起來，形同聯手封殺核一二。\n\n至於深澳電廠，朱立倫2010年的時候說要「汰舊換新」，到2018年變成了「反燃煤電廠，不反深澳設電廠」，似反非反，表面支持，卻又不是真的支持，標準的兩面話術，討好所有人，但一步都不前進。\n\n當時藍踩在道德至高點，減碳是正義，排碳萬惡不赦，最終賴清德向選票投降，超過10年的深澳計劃就此告吹。\n\n二十年來，藍綠聯手封殺北部重大基載電力，走到今天，終於連5MW都給不出來了，經濟發展終於被限制了，但這不正是大家想要看到的結果嗎？我們應該開心才是？\n\n醒醒吧，人不能逆天而行，使用風光大量發電，無異飲鴆止渴，放著核電不用，就只能投向火力，如果不在深澳燒煤，就是由中南部代勞，大家都反基載，就是等著限電，能量就是不會憑空誕生，物理真的就這樣而已\n\n說到限電，它有很多表現形式，例如513、517、303、815的全台大停電、桃園一個月內連續發生的35起大小規模停電、台積電被迫自備15%電力、經常性的需量競價、儲水被浪費來供電等等，通通都是限電。\n\n到了今天，北部不准設資料中心，也是限電的一種，我們不是非要走到用蠟燭照明的那一天，才能叫做缺電，也不是家裡電燈還在亮，就表示我們很有電，台電的供電燈號也早已經變成騙人布了。\n\n至於缺電的後果，中產以下受害最大，薪資愈低的族群，感受就愈痛，對資產階級來說影響較小，而且通膨會帶動資產上漲，上層甚至還會因此獲利，所以我們一定會看到有錢人越來越有錢，而小資越來越窮。\n\n瑞銀預估各地區億萬富豪人數增長排行，台灣竟是位居第一，但同時家庭財富差距倍數擴大至66.9倍(前20%家庭平均財富5,133萬元，後20%家庭平均財富77萬元)，就是最好的證明。\n\n不過，選舉的時候，這些事並不會有人在意，人們關注466元或1500元的程度，遠遠大過1兆5千億，只有在極小的金額上，在政治不正確的對象身上，人們才會想起正義。\n\n已經20年了，我想能源問題是沒救了，我們如果不能守住自己的財產價值，就一定會被上層甩下車。\n-------------------------\n小額贊助，支援廣告費用，對抗認知作戰\n綠界連結：https://p.ecpay.com.tw/753BA3B\n街口帳號：(396) 908239124",
  "ad_profile_name": "工程師看政治",
  "ad_profile_image": "https://scontent-tpe1-1.xx.fbcdn.net/v/t39.35426-6/457503185_1881114695706941_2027875678070259605_n.jpg?stp=dst-jpg_s60x60_tt6&_nc_cat=100&ccb=1-7&_nc_sid=c53f8f&_nc_ohc=uLpeHDKja-EQ7kNvwFzAh6a&_nc_oc=AdmKC5KQ19jQ6XBtHYvTg0NAlncBynunXAKLA8fAVUcj4QimCWVi5t9xS1yp2l52yPQ&_nc_zt=14&_nc_ht=scontent-tpe1-1.xx&_nc_gid=3PcDCpy43y0yz4RSx7MqCQ&oh=00_AfrR8XT_uqwI31cLhdMZGChX8uNJ0lsXt5QY9rfunO2k5Q&oe=696D5D42",
  "ad_is_video": false,
  "ad_video_preview_image": null,
  "ad_image": "https://scontent-tpe1-1.xx.fbcdn.net/v/t39.35426-6/457375695_8427989837263347_8067687675531056249_n.jpg?stp=dst-jpg_s600x600_tt6&_nc_cat=101&ccb=1-7&_nc_sid=c53f8f&_nc_ohc=4j1_36Q7iJUQ7kNvwHUUSwf&_nc_oc=AdneIgQINNHoc7zVkrfWwe5EsBBfDbRXOnvvzRH8nOV4mYOOR-C66iAUMB2A0RoAVDw&_nc_zt=14&_nc_ht=scontent-tpe1-1.xx&_nc_gid=3PcDCpy43y0yz4RSx7MqCQ&oh=00_AfqxP7ZCPVH8kKkhc8jgZGsuBOWFB-zZkUgdhSqeekU73A&oe=696D4F73",
  "ad_cta_text": "",
  "ad_link_description": "歡迎討論，幫忙提供正確知識\n讓民主恢復建康，需要每一個人的幫忙\n--------\n小額贊助，支援廣告費用，對抗認知作戰\nhttps://p.ecpay.com.tw/753BA3B",
  "ad_link_url": "https://p.ecpay.com.tw/753BA3B",
  "ad_title": "工程師看政治",
  "ad_caption": null,
  "ad_page_id": "101576862144790",
  "ad_cta_type": "",
  "ad_extra_links": [],
  "ad_extra_texts": [],
  "ad_page_categories": [
    "社論／意見"
  ],
  "ad_page_like_count": 0,
  "ad_publisher_platform": [
    "facebook",
    "instagram"
  ],
  "ad_like_count": "0",
  "ad_share_count": "0"
}