{
  "ad_id": "1228202235871925",
  "ad_context": "遇到瓶頸？事事不順？\n🔥破障增福【紫檀木 · 大黑天金剛杵】\n怒目金剛相，鎮煞辟邪強力守護！\n🖤 大黑天怒容威相｜破除一切障礙\n💀 頭頂骷髏圈｜象徵無畏無懼、斬斷負能量\n⚔️ 手持降魔杵｜無障不破、無堅不摧\n🌳 精選紫檀木｜沉穩能量強、護主更給力\n貼身佩戴＝護身符，鎮宅供奉＝增福破煞。\n🛒👉：https://horeu.icu/s315sicce400",
  "ad_profile_name": "Huoery",
  "ad_profile_image": "https://scontent.ftpe8-4.fna.fbcdn.net/v/t39.35426-6/608414326_4373400256269382_2202468604498533677_n.jpg?stp=dst-jpg_s60x60_tt6&_nc_cat=104&ccb=1-7&_nc_sid=c53f8f&_nc_ohc=xSV6fxGnjMsQ7kNvwFqjpJo&_nc_oc=AdnkjY6m4alBn4-tOt0-RRV8sTOUbxwwt_OCvQYy4Ph86nDO9zXgoOOH6yQu7l9BSJQ&_nc_zt=14&_nc_ht=scontent.ftpe8-4.fna&_nc_gid=Q_IQOoqF51ofPAQbSXUFIg&oh=00_Afo1CttE0Lrv5cxf3QeuxagSA3_6SRzzIlAju04DX9sBMA&oe=696E4969",
  "ad_is_video": false,
  "ad_video_preview_image": "https://scontent.ftpe8-3.fna.fbcdn.net/v/t39.35426-6/608900317_1778707439486688_7624242253458525470_n.jpg?_nc_cat=111&ccb=1-7&_nc_sid=c53f8f&_nc_ohc=01xqroONeT8Q7kNvwFw7kNi&_nc_oc=AdnSCL7Y-1JntvF_9JmTjugsp4x4aWmtiOw-hITnT9NCPIRnD9WIG7PmbHuMfbi0NxU&_nc_zt=14&_nc_ht=scontent.ftpe8-3.fna&_nc_gid=Q_IQOoqF51ofPAQbSXUFIg&oh=00_AfqBrDcgCAb0cnZ62Gl0OHXFI7zl2UOnMpAbBwOhAKBB-Q&oe=696E6A0C",
  "ad_image": null,
  "ad_cta_text": "瞭解詳情",
  "ad_link_description": null,
  "ad_link_url": "https://horeu.icu/s315sicce400",
  "ad_title": "破障增福【紫檀木 · 大黑天金剛杵】",
  "ad_caption": "horeu.icu",
  "ad_page_id": "107730015748265",
  "ad_cta_type": "瞭解詳情",
  "ad_extra_links": [],
  "ad_extra_texts": [],
  "ad_page_categories": [],
  "ad_page_like_count": 0,
  "ad_publisher_platform": [
    "facebook",
    "instagram",
    "audience_network",
    "messenger",
    "threads"
  ],
  "ad_like_count": "0",
  "ad_share_count": "0"
}