{
  "ad_id": "1229890759034224",
  "ad_context": "#感謝支持繼續前行\n接到許多電話與訊息，每一份關心都讓我感到非常溫暖，真的謝謝大家。\n\n首先，感謝中央黨部特地來到地方與大家對話，也要向這段時間為黨內協調事務辛苦奔走的張議長、楊縣長，表達我最深的敬意。也要感謝林思銘委員在這段時間的投入與付出，對於他基於大局所做的決定，我深表尊重。\n\n黨中央也特別轉達，依鄭麗文主席的方向，將在 #明年三月以前 完成各縣市人選的相關規劃。我相信黨中央一定會秉持公平、公開、公正的原則，透過制度回應廣大黨員與民意的期待。這也正是落實鄭麗文主席所提出的世代交替、年輕化，以及國民黨形象改革的重要時刻。\n\n我是土生土長的新竹客家妹，從小在這片土地長大，這裡不只是我的家，更承載著我對家鄉最深的情感。\n新竹不只是一個科技城市，更是一個有溫度、有生活、有世代連結的地方。\n\n新竹縣的未來讓我們一起繼續努力，欣瑩需要大家的支持與同行🙏🙏🙏",
  "ad_profile_name": "徐欣瑩",
  "ad_profile_image": "https://scontent.ftpe8-4.fna.fbcdn.net/v/t39.35426-6/608871342_1597138195046264_7873391355284859258_n.jpg?stp=dst-jpg_s60x60_tt6&_nc_cat=102&ccb=1-7&_nc_sid=c53f8f&_nc_ohc=ujegpdTyuAgQ7kNvwH5W7oc&_nc_oc=AdkI5EI6GFvGMyt0EnWBq9MQmHRKv6FcMJ1mDL9ixPXClLpP-TQ6A5YkWaLXZA9Wf3Y&_nc_zt=14&_nc_ht=scontent.ftpe8-4.fna&_nc_gid=-lBTAY9aBK_wCV8D3Nyk0g&oh=00_AfoqID9nGo2DDnShdqDXUXOl2AE_rXnA4ReBXl_hoqrCAw&oe=696DFB48",
  "ad_is_video": false,
  "ad_video_preview_image": null,
  "ad_image": "https://scontent.ftpe8-4.fna.fbcdn.net/v/t39.35426-6/608783801_748785927747764_451123680288813890_n.jpg?stp=dst-jpg_s600x600_tt6&_nc_cat=110&ccb=1-7&_nc_sid=c53f8f&_nc_ohc=xt_Hf9OxiloQ7kNvwHGKjZ0&_nc_oc=Adn0cbU01qV9AELeaj4s--OTY5ZfCoPRggAd_7ZmBumFGI15JRSJfUI1iTr8h0SpNlQ&_nc_zt=14&_nc_ht=scontent.ftpe8-4.fna&_nc_gid=-lBTAY9aBK_wCV8D3Nyk0g&oh=00_AfqmrUOUvNCw2Q2R5yTwhicGxv45V2o3HKtX9TzgtBpsjQ&oe=696DCEC1",
  "ad_cta_text": "",
  "ad_link_description": null,
  "ad_link_url": null,
  "ad_title": null,
  "ad_caption": null,
  "ad_page_id": "131795423172",
  "ad_cta_type": "",
  "ad_extra_links": [],
  "ad_extra_texts": [],
  "ad_page_categories": [],
  "ad_page_like_count": 0,
  "ad_publisher_platform": [
    "facebook"
  ],
  "ad_like_count": "0",
  "ad_share_count": "0"
}