{
  "ad_id": "122986605577690",
  "ad_context": "#一桌吃遍泰式料理的聚餐好所在\n才去吃完又想揪人再去！！\n最近大家應該都聚餐滿檔，像社長隔三差五就有攤，一想到農曆年還有大魚大肉等著就有點害怕XD\n\n很多人都潛意識覺得泰式料理很辣遲遲不敢約，其實不少菜色都很適合不能吃辣的小人或長輩喔，而且換個口味好刺激疲勞的味蕾很重要啊(泰國菜真的好開胃)~~\n\n如果年菜還沒著落的人，直接預訂一桌好讓家裡的老婆跟媽媽都別忙了，新節期間一家人上館子最輕鬆愉快啦，不用事先張羅準備也省去事後費事的清潔洗碗盤，這樣才能真正休息過個好年~~\n\n而且社長去的是微風松高店，吃完還可以逛街看電影消磨時間哩~~\n⭕分享文►► https://reurl.cc/oDa7k5\n🧧春節內用菜單： http://www.siammore.com.tw/menu.php",
  "ad_profile_name": "魔鬼甄與天使嘉",
  "ad_profile_image": "https://scontent.ftpe8-3.fna.fbcdn.net/v/t39.35426-6/122301157_353736649065808_1301012430932803285_n.jpg?stp=dst-jpg_s60x60_tt6&_nc_cat=111&ccb=1-7&_nc_sid=c53f8f&_nc_ohc=Giyszk3FnWUQ7kNvwEMkqtt&_nc_oc=AdnO5UGayw0lLvHu7b3THOxmRsoJ6vzoo6HZ_uLwg-5Lb9t3-Vg3ruhBe6PFed57hJ0&_nc_zt=14&_nc_ht=scontent.ftpe8-3.fna&_nc_gid=5SLOr07lhJIeuFeUw5C0EQ&oh=00_AfrPwYqdaibI3ZEXDXTIRv3yMX05lBfU3Qs8juAceS0vdQ&oe=696E40DD",
  "ad_is_video": false,
  "ad_video_preview_image": null,
  "ad_image": "https://scontent.ftpe8-3.fna.fbcdn.net/v/t1.6435-9/82796605_2922674674431586_5345905197300318208_n.jpg?stp=dst-jpg_s600x600_tt6&_nc_cat=107&ccb=1-7&_nc_sid=c53f8f&_nc_ohc=VE53jEkL2ggQ7kNvwF_VDe4&_nc_oc=Admpvb27ci21b-0c8ApOaSgZmzUjZVa1nJaDcHNu07gjZ53tIKOoI7OAI4rV-BVdtNo&_nc_zt=23&_nc_ht=scontent.ftpe8-3.fna&_nc_gid=5SLOr07lhJIeuFeUw5C0EQ&oh=00_Afp2krG--47NO_OME4TApuZTvNkeK-w17cKEzD7thqGhew&oe=698FDEC0",
  "ad_cta_text": "",
  "ad_link_description": null,
  "ad_link_url": "https://reurl.cc/oDa7k5",
  "ad_title": null,
  "ad_caption": null,
  "ad_page_id": "120096364689445",
  "ad_cta_type": "",
  "ad_extra_links": [],
  "ad_extra_texts": [],
  "ad_page_categories": [],
  "ad_page_like_count": 0,
  "ad_publisher_platform": [
    "facebook"
  ],
  "ad_like_count": "0",
  "ad_share_count": "0"
}