{
  "ad_id": "1229062998118336",
  "ad_context": "台灣該如何自處？\n美國 CIA 局長的反覆言論猶如電影情節一般🤔 讓人目不暇給\n從「可能入侵」到「放緩計畫」，再到「決心控制」\n這些變化除了考驗著政治領袖的智慧，更挑戰著國民的信心\n台灣是否會淪為大國角力的棋子🇹🇼\n\n台灣的國家安全不但依賴於外部援助外，更需自身的努力\n🛡️ 我們要有警覺心，也要有行動力\n在和平與武力之間找到平衡🕊️ 是每個台灣人必須共同面對的課題\n台灣不能像烏克蘭一樣自作孽而被操弄🚫\n\n掌握全球脈動，堅守我們的未來\n📈 查看官網： https://opo.pse.is/66qxhn \n📈 訂閱 YouTube 頻道： https://youtu.be/oXAHaAEqJyY \n📈 關注 TikTok 帳號： https://www.tiktok.com/@opotoday \n加入我們的行列，一同守護台灣！\n\n#台灣安全 #國際局勢 #兩岸關係 #台美合作 #政治思維 #守護家園",
  "ad_profile_name": "豹報 OPO",
  "ad_profile_image": "https://scontent.ftpe8-1.fna.fbcdn.net/v/t39.35426-6/453817690_848774767181809_6946773191446242086_n.jpg?stp=dst-jpg_s60x60_tt6&_nc_cat=105&ccb=1-7&_nc_sid=c53f8f&_nc_ohc=I4Aiw_yogasQ7kNvwEhwvJ8&_nc_oc=AdmCA-bGQ_iDf2qOavYnrmiVsT0GXSuMUpmO7ZLrR2w8k0L0I2eIqaLGOievNXW4_lw&_nc_zt=14&_nc_ht=scontent.ftpe8-1.fna&_nc_gid=3_uD90csHvJDtPC-i3jEFg&oh=00_AfreGa2mcrXkHX6dCaF6w-a_bc7LB0O_QVgRGK0GTXTN7w&oe=696DDF01",
  "ad_is_video": false,
  "ad_video_preview_image": "https://scontent.ftpe8-3.fna.fbcdn.net/v/t39.35426-6/453616452_812436414331444_4977649231764651867_n.jpg?_nc_cat=111&ccb=1-7&_nc_sid=c53f8f&_nc_ohc=EjvJT398ASMQ7kNvwGnQKWn&_nc_oc=AdkTVNbuF9TNz0SJV7jf7gg0TXeSnQhMq90HNoZlkqGeoXDAfYLZxY-Dv2S9gkgTmjg&_nc_zt=14&_nc_ht=scontent.ftpe8-3.fna&_nc_gid=3_uD90csHvJDtPC-i3jEFg&oh=00_AfpHvQ3cdlWd5G9mtThCa0Sxfiapn46dsQHdTe1Yuo0-HA&oe=696DCC52",
  "ad_image": null,
  "ad_cta_text": "瞭解詳情",
  "ad_link_description": null,
  "ad_link_url": "https://opo.pse.is/66qxhn",
  "ad_title": null,
  "ad_caption": "www.youtube.com",
  "ad_page_id": "112703298545378",
  "ad_cta_type": "瞭解詳情",
  "ad_extra_links": [],
  "ad_extra_texts": [],
  "ad_page_categories": [
    "新聞媒體網站"
  ],
  "ad_page_like_count": 336,
  "ad_publisher_platform": [
    "facebook",
    "instagram"
  ],
  "ad_like_count": "0",
  "ad_share_count": "0"
}