{
  "ad_id": "1230304368490285",
  "ad_context": "令全臺痛心的剴剴案審理，明日就要結辯了。\n\n二年半以前發生的案子，直到去年三月因為議員揭露，這件事才曝光。\n\n而事發後493天，也就是2025年4月30日，臺北市長蔣萬安因為被質詢，才說出當日已依兒少權法開罰保母60萬元。\n\n這幾天因為案件正在審理，有更多的細節曝光，字字句句，看了都令人極為不捨。小小的身體，卻受到這麼多的磨難和傷害。\n\n蔣市長說，現在才開罰，是因為檢調把相關案件資料拿走，市府必須看到起訴書才能開罰。\n\n事實是：早在2024年4月，台北地檢署就已有公開的起訴新聞稿。\n\n更何況，兒少權法開罰並不以起訴為必要條件！臺北市政府必須要「看到」起訴書才能開罰？！顯然是地方政府的完全失能。\n\n.\n▍不只個案，剴剴的生命，也讓我們看到各種急需補上的破網：不適任保母未被揪出、訪視機制失靈、收出養評估、跨縣市管轄等諸多極待改善的制度。\n\n➡️收出養制度問題：\n衛福部曾在去年5月改善兒少出養個案必要性評估，由地方政府負責，今年3月底則頒布出養必要性評估報告格式，現正研議兒少權法的修法。\n\n➡️剴剴案的關鍵——訪視機制失靈：\n衛福部去年5月開始實施「直轄市、縣(市)政府居家托育服務中心訪視工作指引」，定出訪視員的檢核指標，要求採不預約、不同時段、親見等原則進行訪視，且加強全日托3歲以下兒童的訪視工作。也訂出辨識不當對待的風險指標，作為訪視員觀察重點。\n\n➡️雙北市政府跨轄安置責任不明：\n衛福部於去年7月修正「直轄市、縣（市）政府運用居家托育人員照顧家外安置兒童處理原則」，要求縣市政府減少跨轄安置，也將跨轄安置列入縣市政府社政單位的績效考核指標。\n\n雖然衛福部緊急應變修正不少法規，但這已不是第一起收托遭到保母虐待致死的案件。即使補上居家托育、收出養制度的各種制度破網，仍是頭痛醫頭、腳痛醫腳的四處修法。\n\n因此，我們需要一個新的制度。\n\n▍不只是剴剴，還有被幼兒園園長之子毛畯珅連續性侵的孩子們、被教保員猥褻、虐待的經國三民幼兒園孩子們、被才藝班狼師猥褻的新北孩子、被教練長期性侵的臺中少棒隊。\n\n這都凸顯一件事：臺灣目前兒少保護體制幾乎已潰堤。\n\n兒少保護，從來不是一個工作人員、一個社家署兒少福利組的事，而是不同系統、不同單位環環相扣的。\n\n因此，我要再次主張全新解方：建立 #兒少發展及保護的專責單位，這絕非現有制度的疊床架屋，而是用專職人力破解錯綜複雜的現有制度缺陷。\n\n權責至少應該包括：\n專責處理及調查校園性平及霸凌等事件、兒少保護案件單一窗口專責人力協助、專業人員入家訪視、 兒童工作證發證及檢核等。\n\n全新制度的推動，還有很多細節需要細緻討論，如何真正整合現行制度，避免成為基層人員額外重擔，是至要關鍵。\n\n結辯、宣判，都不會是剴剴案的終點。\n\n週四晚間七點，我將邀請長期為剴剴案發聲的好同事  郭昱晴 ，一起到我的YouTube 頻道 #八范雲集直播，深入談剴剴案，以及臺灣兒少保護的下一步。\n\n歡迎關心兒童權益的各位家長、一線工作者，週四晚上一起來YouTube頻道提供您寶貴的意見。",
  "ad_profile_name": "范雲  FAN, Yun",
  "ad_profile_image": "https://scontent.ftpe8-1.fna.fbcdn.net/v/t39.35426-6/495430543_689836633452672_7733770220091183720_n.jpg?stp=dst-jpg_s60x60_tt6&_nc_cat=108&ccb=1-7&_nc_sid=c53f8f&_nc_ohc=eNIhUNs_GeYQ7kNvwHhd3U1&_nc_oc=Adm5Co7ssDUkF_QTD5KqSoCwSNjQnz75MwC5Csde0XGqwOM5ARcDYj5Dvlrv3gysjAk&_nc_zt=14&_nc_ht=scontent.ftpe8-1.fna&_nc_gid=y-UJCcFT_swrcBhOTEMLAw&oh=00_Afq440cibXV82Cgw-8GiyRIYouYGdoCriOlwFKC13oWF8w&oe=696E639E",
  "ad_is_video": false,
  "ad_video_preview_image": null,
  "ad_image": "https://scontent.ftpe8-2.fna.fbcdn.net/v/t39.35426-6/495015947_4113616588964724_4212464732601927153_n.jpg?stp=dst-jpg_s600x600_tt6&_nc_cat=103&ccb=1-7&_nc_sid=c53f8f&_nc_ohc=EFSKWGYF9csQ7kNvwElbZVj&_nc_oc=AdnLBwrJqw6frr_K-zGsPfskkjNe4BlXypTqJH58zCtQS_J4gx8lbpq4C2eCTfo7V9k&_nc_zt=14&_nc_ht=scontent.ftpe8-2.fna&_nc_gid=y-UJCcFT_swrcBhOTEMLAw&oh=00_Afq7UjHKh9TTH-iiCHn1EMlya8Gil9FeIRc5ip2Lblckkg&oe=696E5210",
  "ad_cta_text": "",
  "ad_link_description": null,
  "ad_link_url": null,
  "ad_title": null,
  "ad_caption": null,
  "ad_page_id": "1025786357451330",
  "ad_cta_type": "",
  "ad_extra_links": [],
  "ad_extra_texts": [],
  "ad_page_categories": [
    "公眾人物"
  ],
  "ad_page_like_count": 0,
  "ad_publisher_platform": [
    "facebook"
  ],
  "ad_like_count": "0",
  "ad_share_count": "0"
}