{
  "ad_id": "1231071452276833",
  "ad_context": "⚽ 好消息！國道2號橋下五人制足球場正式完工啦！\n\n看著安全的足球場出現在眼前，家齊心裡真的很有感觸。這個球場，從「想法」變成「現場」，其實走了將近一年半的時間。\n\n在2024年中，家齊聽到許多家長與年輕朋友反映，孩子想踢球，卻苦無合適的場地；橋下空間閒置，卻沒有被好好利用。於是，家齊主動向市府爭取，在國道2號橋下增設五人制足球場，讓城市的邊角空間，變成大家可以流汗、運動、交朋友的地方。\n\n這段時間，從提案、協調到工程規劃，家齊多次到現場會勘、關心施工細節，也一路追蹤進度，只希望這個承諾不要停在紙上。現在，看著球場順利完工，真的很開心，也很值得。\n\n對家齊來說，體育不是只有比賽成績，更是孩子成長、社區凝聚的重要力量。未來，家齊也會持續關心場地的使用與維護，讓這座球場長長久久、被好好使用。\n\n一起把城市變成更適合運動、也更有活力的地方 💪",
  "ad_profile_name": "黃家齊",
  "ad_profile_image": "https://scontent.ftpe8-3.fna.fbcdn.net/v/t39.35426-6/612094853_917222657458255_439065582163609537_n.jpg?stp=dst-jpg_s60x60_tt6&_nc_cat=106&ccb=1-7&_nc_sid=c53f8f&_nc_ohc=0Rf47yxVX84Q7kNvwGJ2l-Q&_nc_oc=AdnkvnkSaLduoPt-tGzKWk7NKhx48hqFiqZMwQsSNsXRWBdZW-BsZZICgcF417_vYww&_nc_zt=14&_nc_ht=scontent.ftpe8-3.fna&_nc_gid=rh1mHSlpFvrxmMPJ_62kDw&oh=00_AfpYx_6_WCLeKjO114EaM6tNsjQ99lFu9c5nCnfE26Ux7g&oe=696DE90A",
  "ad_is_video": false,
  "ad_video_preview_image": null,
  "ad_image": "https://scontent.ftpe8-3.fna.fbcdn.net/v/t39.35426-6/612887415_1518734859424354_8075029228205703999_n.jpg?stp=dst-jpg_s600x600_tt6&_nc_cat=106&ccb=1-7&_nc_sid=c53f8f&_nc_ohc=JtpntjDJ0j4Q7kNvwG8oeIR&_nc_oc=Adn7TJs5bbh-Cc4uDwd8RjhDQgOoG23wZbxKJAnYcTbnE-Rzf1JMExvT48r4iuDLQ3Y&_nc_zt=14&_nc_ht=scontent.ftpe8-3.fna&_nc_gid=rh1mHSlpFvrxmMPJ_62kDw&oh=00_AfprX2XN9UmhkzwOLzfNu2g2dw5fh45lxRSFEvwU6yiThw&oe=696DD92B",
  "ad_cta_text": "",
  "ad_link_description": null,
  "ad_link_url": null,
  "ad_title": null,
  "ad_caption": null,
  "ad_page_id": "317996258579415",
  "ad_cta_type": "",
  "ad_extra_links": [],
  "ad_extra_texts": [],
  "ad_page_categories": [
    "政治人物"
  ],
  "ad_page_like_count": 0,
  "ad_publisher_platform": [
    "facebook"
  ],
  "ad_like_count": "0",
  "ad_share_count": "0"
}