{
  "ad_id": "1231946198382083",
  "ad_context": "🎓邏輯酷程式學院～2025 夏令營 全新企劃！\n\n 🤖【AI 系列營隊】火熱展開！\n\n你知道嗎？\nAI對孩子來說，不只是工具，更是創作的魔法棒！\n他能幫助孩子畫畫、寫故事、剪影片、甚至創作音樂！🎨🎬🎵\n\n加入邏輯酷，孩子將學會如何把想法變成作品！\n從AI繪圖、AI寫腳本、AI編曲到影片生成，\n每一步都超有成就感，激發創意&養成未來力⚡\n\n這不只是學技能，而是一次通往未來的創造冒險！🚀\n\n📌名額開放中，歡迎立即報名加入 \n👉https://forms.gle/rQXqtYEPSb5nP6cv5\n\n👾好想參加但還想多了解？\n快來加我們的 LINE 啦～\n課程消息、名額提醒、偷偷告訴你優惠也在裡面！\n📲加進來👉 https://lin.ee/7rn5cQC\n\n#邏輯酷夏令營 #AI營隊 #兒童AI教育 #創意科技課程 #未來技能 #創作力訓練 #學習也可以很酷 #2025夏令營 #AI #人工智慧",
  "ad_profile_name": "邏輯酷程式學院 Logiscool Taiwan",
  "ad_profile_image": "https://scontent.ftpe8-3.fna.fbcdn.net/v/t39.35426-6/489785004_1395914241563884_6730869150852700623_n.jpg?stp=dst-jpg_s60x60_tt6&_nc_cat=107&ccb=1-7&_nc_sid=c53f8f&_nc_ohc=05l40PtPdZgQ7kNvwF295gb&_nc_oc=AdkLLAOWcIKgAeHBrKV5TAB_MoGX05LLLsS7fwx0hg08qDehX_SENnBiSZATnLg1Br0&_nc_zt=14&_nc_ht=scontent.ftpe8-3.fna&_nc_gid=JdtW-O2rwiVhtKW63rpsKg&oh=00_AfoUplMwNUAO1mU7GdaQOWnvlwirmmrNtzLtpqNHtv3rUQ&oe=696E7684",
  "ad_is_video": false,
  "ad_video_preview_image": "https://scontent.ftpe8-2.fna.fbcdn.net/v/t39.35426-6/489324841_613023385067625_5697264961138021260_n.jpg?_nc_cat=103&ccb=1-7&_nc_sid=c53f8f&_nc_ohc=vmE1Z1oQfKYQ7kNvwE3Mx8L&_nc_oc=Adl8pelXur1d4LhcZHGMjl2mMAJ58IzjP0Wic9b8-r3qy1snKwQ21IB2eh_henKhQZw&_nc_zt=14&_nc_ht=scontent.ftpe8-2.fna&_nc_gid=JdtW-O2rwiVhtKW63rpsKg&oh=00_AfprKO4G73WAMUa5LT4oq0X4z78llea5i-T9JdGMNI8pPQ&oe=696E578D",
  "ad_image": null,
  "ad_cta_text": "搶先預約",
  "ad_link_description": "AI對孩子來說，不只是工具，更是創作的魔法棒！\n他能幫助孩子畫畫、寫故事、剪影片、甚至創作音樂！",
  "ad_link_url": "https://forms.gle/rQXqtYEPSb5nP6cv5",
  "ad_title": "2025 邏輯酷夏令營正式啟動",
  "ad_caption": "fb.me",
  "ad_page_id": "100452768039162",
  "ad_cta_type": "搶先預約",
  "ad_extra_links": [],
  "ad_extra_texts": [],
  "ad_page_categories": [],
  "ad_page_like_count": 0,
  "ad_publisher_platform": [
    "facebook",
    "instagram",
    "audience_network"
  ],
  "ad_like_count": "0",
  "ad_share_count": "0"
}