{
  "ad_id": "1231741875539576",
  "ad_context": "🏃‍♂️【大里區慢跑委員會成立大會圓滿】🏃‍♀️\n\n今天舉行「大里區慢跑委員會」成立大會，\n阿其非常榮幸在今天的成立大會中，承擔起主委的責任，內心滿懷感謝，也深感責任重大。\n\n特別感謝\n🙏 立法院副院長 江啟臣\n🙏 大里區區長 鄭正忠\n🙏 大里區體育會理事長 吳順源\n蒞臨指導，共同見證大里區慢跑委員會的重要時刻。\n\n也要誠摯感謝所有夥伴的支持與參與，\n因為大家齊心投入，讓今天的成立大會圓滿成功、精彩順利。\n\n未來，身為主委，將與團隊一起努力，\n鼓勵更多市民朋友走出家門、動起來，\n推廣慢跑與運動風氣，\n讓運動成為生活的一部分，讓大家更健康、更快樂 💪\n\n為健康而跑，為快樂而跑，\n讓我們一起跑出活力、跑出笑容、跑出更美好的人生！🏃‍♂️🏃‍♀️💚",
  "ad_profile_name": "鄭伯其",
  "ad_profile_image": "https://scontent.ftpe8-2.fna.fbcdn.net/v/t39.35426-6/612428671_2363289024119466_7813936654322845176_n.jpg?stp=dst-jpg_s60x60_tt6&_nc_cat=103&ccb=1-7&_nc_sid=c53f8f&_nc_ohc=TU1AZ2MgWUwQ7kNvwE3NAAJ&_nc_oc=AdmD7o_YHImxEPKRxe0H6R27nVVyESfZsTrJMkop7AjUdCQtZHBHh0toEFrFJanbuGk&_nc_zt=14&_nc_ht=scontent.ftpe8-2.fna&_nc_gid=wgrsUoXXLwpT2DYqiOBhog&oh=00_AfqQ0UpLORQHZFJv1fhAy0lM1KI9pyCEE0t50DLJNC5R-g&oe=696E5C0C",
  "ad_is_video": false,
  "ad_video_preview_image": null,
  "ad_image": "https://scontent.ftpe8-3.fna.fbcdn.net/v/t39.35426-6/612962282_2647353538955976_2761715222207131552_n.jpg?stp=dst-jpg_s600x600_tt6&_nc_cat=106&ccb=1-7&_nc_sid=c53f8f&_nc_ohc=KE8wmokdOm8Q7kNvwHzFRVy&_nc_oc=AdnL6FtL5-Q7Lm5M-BMqqO00dWKgsfsJa0eDW5SPdcu0RtXOjrEoeeMled6iMG_j_QM&_nc_zt=14&_nc_ht=scontent.ftpe8-3.fna&_nc_gid=wgrsUoXXLwpT2DYqiOBhog&oh=00_Afo_9p6UBJoWox4wzxzoP5iR4rvJira3ExBUwH9-O6moUQ&oe=696E6948",
  "ad_cta_text": "發送訊息",
  "ad_link_description": null,
  "ad_link_url": null,
  "ad_title": null,
  "ad_caption": null,
  "ad_page_id": "351746128489946",
  "ad_cta_type": "發送訊息",
  "ad_extra_links": [],
  "ad_extra_texts": [],
  "ad_page_categories": [
    "政治人物"
  ],
  "ad_page_like_count": 0,
  "ad_publisher_platform": [
    "facebook",
    "instagram"
  ],
  "ad_like_count": "0",
  "ad_share_count": "0"
}