{
  "ad_id": "1231821995505079",
  "ad_context": "12/15～12/18 晚上 6–10 點\n📞 縣長電話民調，懇請您【唯一支持林世賢】🙏\n\n兩任彰化市長、拿下國家七大獎，\n正派清廉、不靠派系，重視產業升級與青年返鄉就業，\n是真正有能力改變彰化的人。\n\n接到電話民調，無論怎麼問、問到誰，\n都請回答：【唯一支持林世賢】\n也拜託您幫忙多多轉傳，為彰化的未來打拼！💪\n\n拜託，再拜託。林世賢 敬上\n\n#林世賢 #縣長候選人林世賢 #民調唯一支持林世賢",
  "ad_profile_name": "林世賢 【百年大計 彰化新生】",
  "ad_profile_image": "https://scontent.ftpe8-2.fna.fbcdn.net/v/t39.35426-6/597341535_1163013812700531_98812317896534394_n.jpg?stp=dst-jpg_s60x60_tt6&_nc_cat=101&ccb=1-7&_nc_sid=c53f8f&_nc_ohc=aZ_VL2UPwjsQ7kNvwHl8Umv&_nc_oc=AdmUNF1ZTNpvzk3tH2lsTHTB5aewstPASn7GdLPCPz-uvzFf1B6fXprk3JfI6EE9k_8&_nc_zt=14&_nc_ht=scontent.ftpe8-2.fna&_nc_gid=RfdOg3SwBH6mq7ahJRqyaA&oh=00_AfoP4XPb1-UXZIvYIhuJV3BntlB0s88M3A64PmV_Ysgh4Q&oe=696DDA36",
  "ad_is_video": false,
  "ad_video_preview_image": "https://scontent.ftpe8-3.fna.fbcdn.net/v/t39.35426-6/596818408_1391704695907668_2663000212985729164_n.jpg?_nc_cat=107&ccb=1-7&_nc_sid=c53f8f&_nc_ohc=rzFcEk4ZJW4Q7kNvwGOZJXn&_nc_oc=AdnPPyXHRXq6JS8ahJGtJn5tlMf-Nghl060vd2T6IM4dvl18ZzD9-vyl-4zD8yKpphI&_nc_zt=14&_nc_ht=scontent.ftpe8-3.fna&_nc_gid=RfdOg3SwBH6mq7ahJRqyaA&oh=00_Afp6ei6XCA7tBpi4nEGF0WyXqsnle57EU7RE2wG4qFwMmQ&oe=696DED60",
  "ad_image": null,
  "ad_cta_text": "發送訊息",
  "ad_link_description": null,
  "ad_link_url": null,
  "ad_title": "林世賢甲你拜託",
  "ad_caption": null,
  "ad_page_id": "1388928038015319",
  "ad_cta_type": "發送訊息",
  "ad_extra_links": [],
  "ad_extra_texts": [],
  "ad_page_categories": [
    "社會服務"
  ],
  "ad_page_like_count": 0,
  "ad_publisher_platform": [
    "facebook"
  ],
  "ad_like_count": "0",
  "ad_share_count": "0"
}