{
  "ad_id": "1231714198200504",
  "ad_context": "-\n姐姐又要來徵求工作夥伴啦\n歡迎幫我們分享感恩有興趣的朋友們🧡🧡🧡\n\n誠徵 寵物美容師\n店名：Groomer Yaya 寵物美容住宿生活館\n地點：台北市中正區和平西路二段64號\n時間：10:30-19:00 工作結束可提早下班\n誠徵職位：美容師\n工作內容：犬貓美容.住宿安親狗狗照料.環境整潔.顧客接待\n薪資：（可獨立作業.依照能力給薪）\n美容師 35000 up.\n🤍 徵求必備條件：有時間觀念.做事細心有耐心.工作有效率.有責任感.\n🤍加分項目：美容相關證照.有駕照佳.不怕貓貓.可做大狗.喜歡攝影幫貓貓狗狗拍漂亮的照片\n🤍 享勞健保.生日禮金.三節獎金.住宿獎金\n🤍 咖啡吧飲品任你喝.歡樂零食櫃吃到飽\n🤍 預約制非量店 （每日約7-10隻）\n🤍 工作結束可提早下班\n🤍 月休8天（國定假日另計）\n💙 意者請將履歷表＆作品集寄送至 groomeryaya@gmail.com\n#寵物美容 #徵才 #工作職缺",
  "ad_profile_name": "GROOMER YAYA 寵物美容住宿生活館",
  "ad_profile_image": "https://scontent.ftpe8-2.fna.fbcdn.net/v/t39.35426-6/518120849_4097408157199593_7730334141902637060_n.jpg?stp=dst-jpg_s60x60_tt6&_nc_cat=100&ccb=1-7&_nc_sid=c53f8f&_nc_ohc=_f6fvDmOoR0Q7kNvwEj36Tu&_nc_oc=AdmX98Vy7sAb3DeWFsMT2XTVqMknnJHJOOOtMaJ3JkYk8Y-VyXm9poM0E2Co7eNQ-hs&_nc_zt=14&_nc_ht=scontent.ftpe8-2.fna&_nc_gid=w2t3IlLT6AuFkcBImpj_Og&oh=00_AfosJe8E0cmrlgdOh3PgkZ-wyD8bqMPZJjLZs2m2XXXa_Q&oe=696DBE86",
  "ad_is_video": false,
  "ad_video_preview_image": null,
  "ad_image": "https://scontent.ftpe8-2.fna.fbcdn.net/v/t39.35426-6/518078745_1429188861530342_6748836214177851681_n.jpg?stp=dst-jpg_s600x600_tt6&_nc_cat=100&ccb=1-7&_nc_sid=c53f8f&_nc_ohc=gY0r8ejfs9QQ7kNvwFMV6Wc&_nc_oc=Adm4WGdKgcSLThvBxcr4gjWFhqVz5IJ9WwC3R-7Kilx2KHaN1WAYu8KYVVycFSzu-HI&_nc_zt=14&_nc_ht=scontent.ftpe8-2.fna&_nc_gid=w2t3IlLT6AuFkcBImpj_Og&oh=00_AfpGx5ydEzLla_YEc5JXZkdzfG08w8GomYvbghY5d9OZ6w&oe=696DDDF8",
  "ad_cta_text": "瀏覽 Instagram 個人檔案",
  "ad_link_description": null,
  "ad_link_url": "https://l.facebook.com/l.php?u=http%3A%2F%2Finstagram.com%2Fgroomer_yaya%3Ffbclid%3DIwZXh0bgNhZW0CMTAAYnJpZBExSVF5MFdiSDNXa0k5cVpWV3NydGMGYXBwX2lkDzU0MTYzOTQ5Mzg4OTAyNQABHgHaf-G-2x-dNUMhypeAfjY5n4OeggUgWW8XFmzB-zyH2RD0QayRulaYFmDf_aem_szlL3CeOe-vpxY9dx2Warw&h=AT2Zy5LawQ6q0jSoeqL6uXbxvqY3bWA84-UW-Ccff31EoPbtHf3Bkjh9yjk1n71yjF26EfPUt4HxSSh16mO9OgfylD3D7I591jsZ2o5oBm4-xu9SyDKwVECP1ySgSnlsjwHK7KdC4Krb2JsBQznW7Q",
  "ad_title": "instagram.com",
  "ad_caption": "instagram.com",
  "ad_page_id": "103987275752417",
  "ad_cta_type": "瀏覽 Instagram 個人檔案",
  "ad_extra_links": [],
  "ad_extra_texts": [],
  "ad_page_categories": [
    "寵物店"
  ],
  "ad_page_like_count": 629,
  "ad_publisher_platform": [
    "facebook",
    "instagram"
  ],
  "ad_like_count": "0",
  "ad_share_count": "0"
}