{
  "ad_id": "1232178621935086",
  "ad_context": "✸┈ 06.25 WED. 𝟭𝟮:𝟬𝟬 #蝦皮開箱帶逛享優惠 ┈✸\n​\n【台南碳佐限定｜#直播帶逛拿5折券】\n06.25 WED. 𝟭𝟮:𝟬𝟬 蝦皮𝗟𝗜𝗩𝗘 📺\n蝦皮直播帶你開箱南台灣最大「誠品生活」\n​設直播提醒，千萬別錯過啦✨✨\n👉https://reurl.cc/RYM4er\n\n誠品蝦皮直播狂撒5折券！！！\n當天於誠品蝦皮消費滿額就抽「台南開幕限定-紀念碗盤組」🎁\n​\n\n#蝦皮商城官方旗艦店 \n#官方直營正品保障購安心",
  "ad_profile_name": "蝦皮購物 (Shopee)",
  "ad_profile_image": null,
  "ad_is_video": false,
  "ad_video_preview_image": null,
  "ad_image": null,
  "ad_cta_text": null,
  "ad_link_description": null,
  "ad_link_url": "https://www.facebook.com/ShopeeTW/#",
  "ad_title": "eslite 誠品｜領券最高折$240",
  "ad_caption": "fb.com",
  "ad_page_id": "334587866726921",
  "ad_cta_type": null,
  "ad_extra_links": [],
  "ad_extra_texts": [],
  "ad_page_categories": [],
  "ad_page_like_count": 0,
  "ad_publisher_platform": [
    "facebook",
    "instagram",
    "audience_network",
    "messenger"
  ],
  "ad_like_count": "0",
  "ad_share_count": "0"
}