{
  "ad_id": "1232180388094380",
  "ad_context": "〖 雀巢永續巢食代：測驗你的 #暖 系影響力🌟〗\n\n🪐 吸引力法則說：\n不要只想著「如果我中了100億...」\n要直接想：「我有100億了！我要___ 」\n\n成為百億富豪的你，會去實現夢想，還是改變世界？\n\n現在就點擊下方連結，測驗你的 #暖 系影響力！\n👉https://pse.is/7u7pjc\n.\n.\n.\n.\n.\n🎁 即日起～7/14（週一）23:59\n玩完測驗之後，完成下方步驟\n\n➊ 追蹤 台灣雀巢 粉專\n➋ 在『本篇貼文留言區』分享你的角色截圖\n➌ tag一位朋友邀請他來玩\n就有機會外面買不到的 #雀巢2026限量手帳！（共5個名額）\n👉範例：「雀大編 我是極簡美學控～你是什麼？一起來玩！ #雀巢永續巢食代」\n\n🌟如果在『自己的個人頁面』分享截圖，留言 #雀巢永續巢食代 \n還有機會得到加碼好禮 - 超商禮券50元（共20位名額）\n\n📍最後，現在點擊加入【雀巢永續巢食代】還可以集點幫助台灣弱勢家庭！https://pse.is/7tkhq8\n\n#雀巢 #GoodFoodGoodLife\n#食物的力量 #BEST四大永續\n#Nestle #NestleTaiwan",
  "ad_profile_name": "Nestlé 雀巢",
  "ad_profile_image": "https://scontent.ftpe8-2.fna.fbcdn.net/v/t39.35426-6/516391378_1902577083864937_4976742510623990131_n.jpg?stp=dst-jpg_s60x60_tt6&_nc_cat=101&ccb=1-7&_nc_sid=c53f8f&_nc_ohc=xjoGBEKNwE4Q7kNvwHuQs15&_nc_oc=AdlTpE54cXojt0IdUTp5cXHt4AR4mie7xQTtCxw0QHE3wp8i4as9rjVbYWZHEWdyFCM&_nc_zt=14&_nc_ht=scontent.ftpe8-2.fna&_nc_gid=ttaFpfl-7ru6fOMRJp-RKg&oh=00_AfouSoDRVTPzsqfMZFvOK1Z3pwEYrwFEd1ZIF1L6szTlVw&oe=696E50B6",
  "ad_is_video": false,
  "ad_video_preview_image": null,
  "ad_image": "https://scontent.ftpe8-2.fna.fbcdn.net/v/t39.35426-6/516571691_661581530255958_756546561649601820_n.jpg?stp=dst-jpg_s600x600_tt6&_nc_cat=100&ccb=1-7&_nc_sid=c53f8f&_nc_ohc=vNnq_3IXmCEQ7kNvwGDEG13&_nc_oc=Adl_7SVl_FRHuXdYYykT_oAl9lWw0GBt6eRe5XeXBzoWEFRQwM7DFBIc07DzfJjnum4&_nc_zt=14&_nc_ht=scontent.ftpe8-2.fna&_nc_gid=ttaFpfl-7ru6fOMRJp-RKg&oh=00_AfoVw0gTpW123MIyt4hFbjdVjhuRyN4AYhBWPN6amks5sQ&oe=696E60A3",
  "ad_cta_text": "瞭解詳情",
  "ad_link_description": "點擊按鈕測一測！你是哪一種暖系影響力角色？",
  "ad_link_url": "https://pse.is/7u7pjc",
  "ad_title": "心理測驗：如果你有100億，你會...",
  "ad_caption": "ooopenlab.cc",
  "ad_page_id": "445352675829719",
  "ad_cta_type": "瞭解詳情",
  "ad_extra_links": [],
  "ad_extra_texts": [],
  "ad_page_categories": [],
  "ad_page_like_count": 0,
  "ad_publisher_platform": [
    "facebook",
    "instagram"
  ],
  "ad_like_count": "0",
  "ad_share_count": "0"
}