{
  "ad_id": "1233962621982907",
  "ad_context": "他親眼見證戰爭，也看見歷史被消音。加入集資計畫，讓集體記憶不再留白：https://wabay.tw/ref/2YumU/\n​\n彭明敏教授，也是《終戰那一天》紀錄片的受訪者之一。\n他不僅是戰後台灣獨立運動的先驅，也親身經歷過二戰的歷史現場。\n​\n1945 年，彭教授當時就讀於東京帝國大學政治系。因戰事惡化，他前往長崎避難途中遭美軍掃射，左手重傷截肢；四個月後，又親眼目睹長崎原子彈爆炸的情景。\n​\n年底返回台灣後，他以自身的經驗，思考戰爭、權力與人的處境。\n​\n當我們在籌備這部紀錄片時，彭教授已高齡 97 歲，也極少接受訪問。得知拍攝主題是台灣人在二戰中的經驗時，他非常爽快地答應受訪。\n​\n他說，這段歷史若不被記錄，未來的台灣人將更難理解自己的位置與過去。\n​\n透過他的記憶，我們得以窺見戰爭如何改變一個人的命運，也改變整個島嶼的方向。\n​\n支持《終戰那一天》紀錄片，讓歷史的見證被記錄、被聽見：https://wabay.tw/ref/2YumU/",
  "ad_profile_name": "終戰那一天 The Day the War Ended",
  "ad_profile_image": "https://scontent.ftpe8-4.fna.fbcdn.net/v/t39.35426-6/614447227_1173559304986396_1824539243284190703_n.jpg?stp=dst-jpg_s60x60_tt6&_nc_cat=104&ccb=1-7&_nc_sid=c53f8f&_nc_ohc=4wfftUuXKwEQ7kNvwHiaTWZ&_nc_oc=Adk0XPXj-vwNfaL03hu2RHrc1tiBkuPRaVIo_b6T6gljUE12ZfXYBc3ltIPGgfGqHds&_nc_zt=14&_nc_ht=scontent.ftpe8-4.fna&_nc_gid=fd0GuAnzxOy_7FpaGQBt5A&oh=00_AfocYcKgpbvT49elPg-r87EKuNS8rsSGhFg2biD6BHxqiw&oe=696DDBAC",
  "ad_is_video": false,
  "ad_video_preview_image": null,
  "ad_image": "https://scontent.ftpe8-1.fna.fbcdn.net/v/t39.35426-6/614114859_1406516504283432_1150763348024785609_n.jpg?stp=dst-jpg_s600x600_tt6&_nc_cat=105&ccb=1-7&_nc_sid=c53f8f&_nc_ohc=nJvAyDkGmMsQ7kNvwGURYu7&_nc_oc=Adn8n12jSNWu7Ul6nfNYi3MegdW7utDGiqLn2XmqRGJssQiA7vMU3hlxVVX9llAWRVw&_nc_zt=14&_nc_ht=scontent.ftpe8-1.fna&_nc_gid=fd0GuAnzxOy_7FpaGQBt5A&oh=00_Afr3HVWmzjNNNwvlvGlgPmK03xAmxVG_ZRhqtoaNjkOvhA&oe=696DF374",
  "ad_cta_text": "瞭解詳情",
  "ad_link_description": "紀錄片集資計畫，正式啟動！",
  "ad_link_url": "https://wabay.tw/ref/2YumU/",
  "ad_title": "記錄下彭教授晚年的珍貴訪談，留給未來的台灣",
  "ad_caption": "從他們的過去.看到我們的現在",
  "ad_page_id": "781193328400824",
  "ad_cta_type": "瞭解詳情",
  "ad_extra_links": [],
  "ad_extra_texts": [],
  "ad_page_categories": [],
  "ad_page_like_count": 0,
  "ad_publisher_platform": [
    "facebook",
    "instagram"
  ],
  "ad_like_count": "0",
  "ad_share_count": "0"
}