{
  "ad_id": "1234280211948287",
  "ad_context": "「史上第一次彈劾總統！民怨炸鍋網路連署超多人點」\n-\n12月19日\n就 #賴清德 總統與行政院長 #卓榮泰 聯手創造不副署歷史，藍白宣告將一一彈劾。\n今藍白兩立法院黨團集結立法院議場前，舉行「彈劾總統記者會」。\n網路上也出現 #彈劾賴清德 連署鏈接，願望達成558萬6019次連署目標，也就是賴總統2024年大選的得票數。\n-\n這段時間以來台灣百姓一直在見證歷史，繼行政院長第一次不副署后又見到第一個被彈劾的總統。\n網路上還針對總統彈劾案自製了一個簡單的連署鏈接，有超多人點。\n有人講這個連署根本就是自嗨嘛，有用嗎？\n有用啊，民主選舉就是讓人民的支持變成數字，那網路連署的意義就是讓人民的意見被看見。\n有人講這個彈劾根本完不成，藍白又在演。\n攸關國家發展的大事，如果都像賴總統閉門請客吃便當、喝茶一樣簡單就能抛出決議結果，在野不會需要大動干戈提什麼彈劾總統案，才能逼執政者看見沸騰的民意。\n直接學卓院長自己找一堆理由講我不認你就好了啊。\n-\n在野的os：論該如何讓執政者感受到人民的不滿意，很急。",
  "ad_profile_name": "街頭民意",
  "ad_profile_image": "https://scontent.ftpe8-3.fna.fbcdn.net/v/t39.35426-6/602332079_731665893315471_3912227202993271666_n.jpg?stp=dst-jpg_s60x60_tt6&_nc_cat=111&ccb=1-7&_nc_sid=c53f8f&_nc_ohc=L7egg0B1dDIQ7kNvwGplCMV&_nc_oc=AdlGlK7StpIo7xydUXu1LhAWdqzmX_fP5e2ZWb7nxXJNyXl9KJqNCSQT8rblo6iS0RA&_nc_zt=14&_nc_ht=scontent.ftpe8-3.fna&_nc_gid=Lxn-3GpDmaX_CIQZe1VgsA&oh=00_AfpeCFAnr0dSslZ-ubTb3p9Av2eRSd4bcNthBwY4ErPn6A&oe=696DC770",
  "ad_is_video": false,
  "ad_video_preview_image": null,
  "ad_image": "https://scontent.ftpe8-3.fna.fbcdn.net/v/t39.35426-6/597928606_1206296188299633_541564432559642077_n.jpg?stp=dst-jpg_s600x600_tt6&_nc_cat=107&ccb=1-7&_nc_sid=c53f8f&_nc_ohc=y5DJj5nTSn8Q7kNvwERZxP8&_nc_oc=Adlop91plutVEtV7V99eeB_LiCO1njRRfNJcDRDTOApcZGLJv8gg4zeJgkbIzhIkloo&_nc_zt=14&_nc_ht=scontent.ftpe8-3.fna&_nc_gid=Lxn-3GpDmaX_CIQZe1VgsA&oh=00_AfoFKhECmGtvZnpb5axk43Fey5-uGH6NZkeLyH2LmbTjDQ&oe=696DEEB5",
  "ad_cta_text": "",
  "ad_link_description": null,
  "ad_link_url": null,
  "ad_title": null,
  "ad_caption": null,
  "ad_page_id": "605216566017712",
  "ad_cta_type": "",
  "ad_extra_links": [],
  "ad_extra_texts": [],
  "ad_page_categories": [],
  "ad_page_like_count": 0,
  "ad_publisher_platform": [
    "facebook",
    "instagram"
  ],
  "ad_like_count": "0",
  "ad_share_count": "0"
}