{
  "ad_id": "1235813417209797",
  "ad_context": "#成立大會 #圓滿成功\n\n感謝里民朋友們\n熱情參與彬義的競選總部成立大會！\n熱情的支持！滿滿的感動！\n\n看到這麼多情義相挺的朋友們，心中充滿感激，知道自己必須更義無反顧為金山里扛下未來！\n\n『專職、專業的服務』是彬義對所有里民的承諾！彬義一定加倍努力。💪🏻\n\n#感謝有你 #金山有我",
  "ad_profile_name": "金山里長候選人 饒彬義",
  "ad_profile_image": "https://scontent.ftpe8-2.fna.fbcdn.net/v/t39.35426-6/309514648_491429902845342_576868639327018147_n.jpg?stp=dst-jpg_s60x60_tt6&_nc_cat=101&ccb=1-7&_nc_sid=c53f8f&_nc_ohc=nZcBnNtxRggQ7kNvwHPRmls&_nc_oc=AdnMSRXTJ6ahv5mmC-8gTX13WPKGVFD1NItiNuB9Alc1NAW2qcm2xx5D9oxF4WhuRtQ&_nc_zt=14&_nc_ht=scontent.ftpe8-2.fna&_nc_gid=5gCNHJwmZHZ6DFRHfsbvyw&oh=00_AfrL5VoCBgWg3JZ9R8a3IpgmqcFxOEABmUUIO_PP9VW8sw&oe=696E68D6",
  "ad_is_video": false,
  "ad_video_preview_image": null,
  "ad_image": "https://scontent.ftpe8-2.fna.fbcdn.net/v/t39.35426-6/310087496_1552452205187218_5476688998585892294_n.jpg?stp=dst-jpg_s600x600_tt6&_nc_cat=100&ccb=1-7&_nc_sid=c53f8f&_nc_ohc=epiiSNAFoUMQ7kNvwFOvksp&_nc_oc=Adnbt6Ps8awC31t4puJxHeNRzqF3vNYkc-ShMZLBASmGpSZ3X1CUEoGX2yB9VIgkVL4&_nc_zt=14&_nc_ht=scontent.ftpe8-2.fna&_nc_gid=5gCNHJwmZHZ6DFRHfsbvyw&oh=00_AfrZ3NvElwzT0yPPHuHJJvTds93uH4b6VdhkCK2aYsiqwg&oe=696E6EC4",
  "ad_cta_text": "",
  "ad_link_description": null,
  "ad_link_url": null,
  "ad_title": null,
  "ad_caption": null,
  "ad_page_id": "101507416009278",
  "ad_cta_type": "",
  "ad_extra_links": [],
  "ad_extra_texts": [],
  "ad_page_categories": [
    "政治人物"
  ],
  "ad_page_like_count": 1116,
  "ad_publisher_platform": [
    "facebook"
  ],
  "ad_like_count": "0",
  "ad_share_count": "0"
}