{
  "ad_id": "1236695078307748",
  "ad_context": "【中式點心升級攻略】\n想令傳統中式點心味道更有層次？善用優質醬汁即可升級！例如以蠔香濃郁嘅「家樂牌雙蠔蠔油」炮製叉燒包餡料；或是使用「家樂牌龍蝦汁」烹調鮮竹卷，鮮味即刻升華；亦可用「家樂牌金沙鹹蛋粉」令流沙包餡料細滑爆漿。仲有更多創意秘技令點心輕鬆升級，無論茶樓餐市或外賣都咁吸客！ \n\n立即問Chef Buddy攞更多 #鑽研廚藝 資訊 https://bit.ly/30kzqIT",
  "ad_profile_name": "聯合利華飲食策劃香港",
  "ad_profile_image": "https://scontent.ftpe8-3.fna.fbcdn.net/v/t39.35426-6/598023931_807031889050609_4321658145078258251_n.jpg?stp=dst-jpg_s60x60_tt6&_nc_cat=106&ccb=1-7&_nc_sid=c53f8f&_nc_ohc=rulC1qD9zR4Q7kNvwGbpdW9&_nc_oc=AdkyorGJTdvQGSGdBdeCGEagungTTxtMWVhpX1WYvOUbcorEM2icCiCXA5mxNePGRNI&_nc_zt=14&_nc_ht=scontent.ftpe8-3.fna&_nc_gid=zJjZQuazVXzcTLlAvo5z-A&oh=00_AfotMKU4fA6Sp6_Xc17f6FFJDb6_QrgElJ9pp3Wk9m00rA&oe=696E5EAF",
  "ad_is_video": false,
  "ad_video_preview_image": null,
  "ad_image": "https://scontent.ftpe8-2.fna.fbcdn.net/v/t39.35426-6/597933941_1573914093515609_4530390300758319120_n.jpg?stp=dst-jpg_s600x600_tt6&_nc_cat=103&ccb=1-7&_nc_sid=c53f8f&_nc_ohc=VwP0AaRTnPkQ7kNvwED-I6-&_nc_oc=Adnn0VOvmkt4GW-imkHWi1bqxDSd6iBHmBYegwulxNVY7vK3c3NxWke1VGMLPTkP3Xs&_nc_zt=14&_nc_ht=scontent.ftpe8-2.fna&_nc_gid=zJjZQuazVXzcTLlAvo5z-A&oh=00_Afr08qM3cMJOBjzspEZfHYOf4nV8XDx2_uTyfyzsu-86YQ&oe=696E654B",
  "ad_cta_text": "瞭解詳情",
  "ad_link_description": null,
  "ad_link_url": "https://bit.ly/30kzqIT",
  "ad_title": "一撳即睇如何以優質醬汁變化點心滋味",
  "ad_caption": "h5.maiscrm.com",
  "ad_page_id": "805628376204850",
  "ad_cta_type": "瞭解詳情",
  "ad_extra_links": [],
  "ad_extra_texts": [],
  "ad_page_categories": [],
  "ad_page_like_count": 0,
  "ad_publisher_platform": [
    "facebook",
    "instagram",
    "audience_network",
    "messenger",
    "threads"
  ],
  "ad_like_count": "0",
  "ad_share_count": "0"
}