{
  "ad_id": "1238211957393533",
  "ad_context": "給孩子不一樣的未來，培養子女成為國際人",
  "ad_profile_name": "大都會移民",
  "ad_profile_image": "https://scontent.ftpe8-1.fna.fbcdn.net/v/t39.35426-6/462495009_530528736341472_416792410458747508_n.jpg?stp=dst-jpg_s60x60_tt6&_nc_cat=105&ccb=1-7&_nc_sid=c53f8f&_nc_ohc=wT1z_1mf7B8Q7kNvwEZr-g7&_nc_oc=Adns0mGYruljmQosGFcShl16iaYm3tbRnJG0wMqHw_5y3OhIFAaztq4pkdaepbnZ1f8&_nc_zt=14&_nc_ht=scontent.ftpe8-1.fna&_nc_gid=RvanX3f8XfBSCxRtm7YlaA&oh=00_AfqF2m7Vbw2gVugCqzo1v0V2Ab87fS0jr5gZmWxdFF02lg&oe=696E49F7",
  "ad_is_video": false,
  "ad_video_preview_image": null,
  "ad_image": "https://scontent.ftpe8-4.fna.fbcdn.net/v/t39.35426-6/462394453_1055950692873821_6841140876028886523_n.jpg?stp=dst-jpg_s600x600_tt6&_nc_cat=102&ccb=1-7&_nc_sid=c53f8f&_nc_ohc=tbTJWNp62JsQ7kNvwFgqoOX&_nc_oc=AdkBkZwwkS6-qMuzlGzUgniFpWGpSEV5Ohe-jlhchjWoudGhHAoJUuYUCuI6mkzEu6w&_nc_zt=14&_nc_ht=scontent.ftpe8-4.fna&_nc_gid=RvanX3f8XfBSCxRtm7YlaA&oh=00_AfopTaujTyHdZqPJEisaCloGeU1FzXMqD8o2uyhQe_w3ig&oe=696E60D8",
  "ad_cta_text": "瞭解詳情",
  "ad_link_description": "孩子出國留學，不一定要花大把鈔票，\n辦移民，不但可以減輕沉重的學費壓力，\n還可以享受被該國公民的福利，\n重要的是，學業完成之後，可以選擇留在當地工作，\n解決後代傳承的問題。",
  "ad_link_url": "https://l.facebook.com/l.php?u=https%3A%2F%2Fimmigrant.com.tw%2Fabout-introduction%3Ffbclid%3DIwZXh0bgNhZW0CMTAAYnJpZBExcVplVEdac29oTHFzeUE1WnNydGMGYXBwX2lkDzU0MTYzOTQ5Mzg4OTAyNQABHptcQXutDgl23neNg3lBg_PtktYt_SvuxQaehC5y24rx3DIBSwRLyqI6DT9D_aem_bXp0pZB5I3gSBZTWv9_1YA&h=AT0e4kCh1Y70LY604kFMSgiuNj9a28ZUWBkb1ajmfvPRm2l7HCy-WYSinPE0W0L-bpGxA-ljcunc96VKPjijDIHCB4CKd10v7fAr_nno5TWOTEkWHPZY9fRA8c18pgvRNS3cI4ihU9iratZTmNPvgg",
  "ad_title": "大都會移民 關於移民我們大部分都會｜您的移民代辦首選 貼心移民規劃值得信賴",
  "ad_caption": "immigrant.com.tw",
  "ad_page_id": "427123180489534",
  "ad_cta_type": "瞭解詳情",
  "ad_extra_links": [],
  "ad_extra_texts": [],
  "ad_page_categories": [
    "教育諮詢顧問"
  ],
  "ad_page_like_count": 724,
  "ad_publisher_platform": [
    "facebook",
    "instagram"
  ],
  "ad_like_count": "0",
  "ad_share_count": "0"
}