{
  "ad_id": "1239316224040438",
  "ad_context": "💡 對人民團體有疑問嗎？💡\n無論是剛開始接觸，還是在管理人民團體的過程中遇到困難，「NPO知識+」都能提供所需的資訊！\n🔍 八大懶人包 簡單明瞭，解答在成立、選舉、管理、會議、財務等方面的所有疑問！\n🌐 想了解如何成立人民團體？或是選舉管理的要點？\n📄 不知道如何補辦證書？\n💰 財務處理讓人頭疼？\n這些懶人包已準備好，隨時可以查閱！👇\n📽️ 瀏覽影片，立刻掌握人民團體的運作秘訣！\n⚡ 留言告訴我們 對哪個主題最感興趣？ \n一起讓管理人民團體變得更簡單吧！\n\n#人民團體 #NPO知識+ #懶人包 \n#非營利組織 #財務管理 #社團法規 #選舉管理 #會議管理 #社會參與 #公民意識\n#桃園市政府社會局 #桃園NPO中心",
  "ad_profile_name": "桃園市非營利組織發展中心",
  "ad_profile_image": "https://scontent.ftpe8-1.fna.fbcdn.net/v/t39.35426-6/467426205_909383617491692_7094103557762524983_n.jpg?stp=dst-jpg_s60x60_tt6&_nc_cat=105&ccb=1-7&_nc_sid=c53f8f&_nc_ohc=zJtyV53qVA8Q7kNvwGXmT2Y&_nc_oc=AdmXy2_z1mCxuqy-upVNZCJWXU6F4bMNlDhAMT6YKm1GU5XPm0Vx4nGYeLBwibK5Gbo&_nc_zt=14&_nc_ht=scontent.ftpe8-1.fna&_nc_gid=nMAKN8XwKYrDR6bF4D31Uw&oh=00_AfpFA1MSwy3fQzQW17n6YzvVRicqGbLJk-FO2h-frRYqMQ&oe=696DD1CC",
  "ad_is_video": false,
  "ad_video_preview_image": "https://scontent.ftpe8-2.fna.fbcdn.net/v/t39.35426-6/467594285_1676989436193945_339727157580421582_n.jpg?_nc_cat=103&ccb=1-7&_nc_sid=c53f8f&_nc_ohc=lOxYCOi7ZrYQ7kNvwHha1uU&_nc_oc=AdmoK1K60uwrUcW8UBLA5ROKNAKakaQ6nxd17MqjtvjfqZaKm_em1FTyhiZ2zN8OIXk&_nc_zt=14&_nc_ht=scontent.ftpe8-2.fna&_nc_gid=nMAKN8XwKYrDR6bF4D31Uw&oh=00_AfpwEhGqLAMCA8zI9k7Hld6DMNfZ6oxNhFgmCDDJPqt3ow&oe=696DED1B",
  "ad_image": null,
  "ad_cta_text": "",
  "ad_link_description": null,
  "ad_link_url": null,
  "ad_title": null,
  "ad_caption": null,
  "ad_page_id": "1600694340206781",
  "ad_cta_type": "",
  "ad_extra_links": [],
  "ad_extra_texts": [],
  "ad_page_categories": [
    "公共服務"
  ],
  "ad_page_like_count": 0,
  "ad_publisher_platform": [
    "facebook",
    "instagram"
  ],
  "ad_like_count": "0",
  "ad_share_count": "0"
}