{
  "ad_id": "1240912497915871",
  "ad_context": "這個假日的早晨，我們來到 #延吉市場 #學府市場 和長輩朋友們問好。\n大家都笑著說，時間過得很快，當時都跟著媽媽許素珍來買菜的阿翰，轉眼間已經這麼大了😆\n\n要特別感謝我的家人、志工團隊，在寒冷的天氣當中，陪伴著我一起努力，謝謝您們的付出與相挺🫶🏻\n￼\n接下來的日子，電話民調可能會在2、3月來進行，時間也越來越接近！我會繼續努力，一步一腳印，把該做的事情做好，全力以赴！\n#翰你在一起 #唯一支持吳昇翰",
  "ad_profile_name": "吳昇翰",
  "ad_profile_image": null,
  "ad_is_video": false,
  "ad_video_preview_image": null,
  "ad_image": null,
  "ad_cta_text": null,
  "ad_link_description": null,
  "ad_link_url": null,
  "ad_title": null,
  "ad_caption": null,
  "ad_page_id": "773274282543667",
  "ad_cta_type": null,
  "ad_extra_links": [],
  "ad_extra_texts": [],
  "ad_page_categories": [
    "公眾人物"
  ],
  "ad_page_like_count": 2709,
  "ad_publisher_platform": [
    "facebook",
    "instagram"
  ],
  "ad_like_count": "0",
  "ad_share_count": "0"
}