{
  "ad_id": "1240939077845804",
  "ad_context": "💕#台東勇奪全台灣最幸福縣市💕\n\n經濟日報今天公布「2025縣市幸福指數大調查」，台東的表現真是太棒啦！\n\n🏆🏆🏆台東 勇 奪 冠 軍 🏆🏆🏆\n\n另外，在「地方政府施政滿意度」民調中：\n🏵️台東縣滿意度高達80.7%、全國第2\n🏆工作狀況、環境品質、健康狀況、個人安全滿意度4項目為全國冠軍\n🏆政府統計數據「環境指標表現」全國冠軍\n\n慶鈴很開心代表台東領獎，這是台東14年來第一次在這項調查中拿到冠軍，#我要把這份榮耀獻給把每一天都過得更好的台東人！\n\n台東縣無法像大城市有超大型的建設或跨國企業投資，但我們努力踏實的推動慢經濟，把永續與幸褔落實在每天的生活，把資源挹注在托育、長照、偏鄉照顧，也力推健康財政、台東縣政府去年開始「#負債歸零」，讓我們可以用心做得更多！",
  "ad_profile_name": "饒慶鈴",
  "ad_profile_image": "https://scontent.ftpe8-2.fna.fbcdn.net/v/t39.35426-6/595050695_1322267066581959_8445459149769989396_n.jpg?stp=dst-jpg_s60x60_tt6&_nc_cat=101&ccb=1-7&_nc_sid=c53f8f&_nc_ohc=2Xd24wPw45UQ7kNvwEzkxrY&_nc_oc=AdnRMcVIIxsswFxtt-N5invtuV-UuiBtn5p91kyxqag-Osyq_DbkymT-tc6LqW3oK8Y&_nc_zt=14&_nc_ht=scontent.ftpe8-2.fna&_nc_gid=u7ft8TgsXz-7EN6-TzLKOw&oh=00_AfpdJUUbOyOlGfOHnXrXSY-oGbf-SVqN33t4G3ksN5-LjQ&oe=696DD600",
  "ad_is_video": false,
  "ad_video_preview_image": null,
  "ad_image": "https://scontent.ftpe8-3.fna.fbcdn.net/v/t39.35426-6/594978380_855093380813511_371405173155998109_n.jpg?stp=dst-jpg_s600x600_tt6&_nc_cat=107&ccb=1-7&_nc_sid=c53f8f&_nc_ohc=C20C3dQGA48Q7kNvwHXIt6D&_nc_oc=AdlvKygeFQKRRnmxPBNS3ZU4PLJBt2ct4FumG03N3EsIGz_vvKm071JNuhla_mUYuGo&_nc_zt=14&_nc_ht=scontent.ftpe8-3.fna&_nc_gid=u7ft8TgsXz-7EN6-TzLKOw&oh=00_AfrkbIPMjFixjTTtJQFQX1cT0_NAjWo1dGrhk4AAparc2w&oe=696DC430",
  "ad_cta_text": "",
  "ad_link_description": null,
  "ad_link_url": null,
  "ad_title": null,
  "ad_caption": null,
  "ad_page_id": "314757905313275",
  "ad_cta_type": "",
  "ad_extra_links": [],
  "ad_extra_texts": [],
  "ad_page_categories": [
    "政治人物"
  ],
  "ad_page_like_count": 0,
  "ad_publisher_platform": [
    "facebook",
    "instagram"
  ],
  "ad_like_count": "0",
  "ad_share_count": "0"
}