{
  "ad_id": "1241782376546533",
  "ad_context": "今天是昭雄赴僑委會任職滿30天。記得到職前一晚8點多，我接到人事通知去僑委會辦理報到手續，晚上處理完庶務，上班第一天就進入戰鬥狀態，行事曆排滿各式拜會、接待、晚宴行程。\n\n昭雄不論在任何崗位，為民服務一直都是我的使命；三月開始也即將配合僑委會行程赴海外執行任務。希望不論在台灣或世界各地，我都能持續多貢獻一些，為我們所熱愛的台灣多努力一些!",
  "ad_profile_name": "阮昭雄",
  "ad_profile_image": "https://scontent.ftpe8-4.fna.fbcdn.net/v/t39.35426-6/334547129_1248576342678610_8594707273824264435_n.jpg?stp=dst-jpg_s60x60_tt6&_nc_cat=110&ccb=1-7&_nc_sid=c53f8f&_nc_ohc=L2KF225pXAYQ7kNvwEbXbDq&_nc_oc=Adlr7BT2BRTdBHMmZXoVHcyRepUSjm1bPHu7TeWm3k2GcGWyGkxH8MtnOGdPrHVSyFI&_nc_zt=14&_nc_ht=scontent.ftpe8-4.fna&_nc_gid=excpVa8EfFltj32rTqHZXA&oh=00_AfoS1XVQDx7DxGi-UAn4I8O14sE7skz5YmUQ-NTJSUOnSg&oe=696E61D7",
  "ad_is_video": false,
  "ad_video_preview_image": "https://scontent.ftpe8-2.fna.fbcdn.net/v/t39.35426-6/334542867_467966648765380_8969430868593125845_n.jpg?_nc_cat=101&ccb=1-7&_nc_sid=c53f8f&_nc_ohc=uSyQaXYlHb4Q7kNvwEyGQjz&_nc_oc=AdmlYVuEzL3U-qbzJ4x8-V8IBl59LC9EiEo6n8wumsVFXq5kmgJUKmtn8E0KVc7j7wM&_nc_zt=14&_nc_ht=scontent.ftpe8-2.fna&_nc_gid=excpVa8EfFltj32rTqHZXA&oh=00_Afqe02xEKRJFGDR5v1CC8VPubNxOAUjFTE7a7eqWpIlfNA&oe=696E4FFE",
  "ad_image": null,
  "ad_cta_text": "",
  "ad_link_description": null,
  "ad_link_url": null,
  "ad_title": null,
  "ad_caption": null,
  "ad_page_id": "228234588681",
  "ad_cta_type": "",
  "ad_extra_links": [],
  "ad_extra_texts": [],
  "ad_page_categories": [
    "政治人物"
  ],
  "ad_page_like_count": 0,
  "ad_publisher_platform": [
    "facebook"
  ],
  "ad_like_count": "0",
  "ad_share_count": "0"
}