{
  "ad_id": "1241375801153568",
  "ad_context": "🚢船進港要收保護費？中美貿易新戰火，投資人該怎麼應對？超馬芭樂帶你拿捏航運與科技股走勢！➤ #投資不踩雷 帶你趕上最新概念股話題！\n#新聞也能用聽的 #稀土 #港口費 #航運股 #稀土股 #中美貿易戰",
  "ad_profile_name": "鏡好聽",
  "ad_profile_image": "https://scontent.ftpe8-4.fna.fbcdn.net/v/t39.35426-6/571162374_747992251594194_343776778729550190_n.jpg?stp=dst-jpg_s60x60_tt6&_nc_cat=102&ccb=1-7&_nc_sid=c53f8f&_nc_ohc=KUe_Qds6ufIQ7kNvwHpKmUv&_nc_oc=Adl2noZqJWCpbHHg4CUbBuYhsz0o8u83Pw1UeP0ptqit2vqJ8fK4BpvXXWKCO_MarHg&_nc_zt=14&_nc_ht=scontent.ftpe8-4.fna&_nc_gid=V5TdIXPNImo0BYenHCEpBw&oh=00_Afp12hdZySDjFqtR4b70c5L8hD9S5AaAw2NZPM2CBJRz5w&oe=696E5BED",
  "ad_is_video": false,
  "ad_video_preview_image": "https://scontent.ftpe8-4.fna.fbcdn.net/v/t39.35426-6/571027005_1738526416819881_5609805227790273019_n.jpg?_nc_cat=102&ccb=1-7&_nc_sid=c53f8f&_nc_ohc=YixFA64HU_wQ7kNvwEnrKRi&_nc_oc=AdkNnoR85kk45HfS38ml3OWFc7K8gaWVQt9X_jGbVYgr0Lh74gArwqaWK0OIddI2DkY&_nc_zt=14&_nc_ht=scontent.ftpe8-4.fna&_nc_gid=V5TdIXPNImo0BYenHCEpBw&oh=00_AfoSFEE1FEyJcde38NLClwgPLUv71JJt696eY2lF7z4Cig&oe=696E5954",
  "ad_image": null,
  "ad_cta_text": "馬上聽",
  "ad_link_description": null,
  "ad_link_url": "https://l.facebook.com/l.php?u=https%3A%2F%2Flinktr.ee%2Fmirrorvoice.finance%3Futm_source%3Dmirrorvoice%26utm_medium%3DIG%26utm_campaign%3D2025Aug%26fbclid%3DIwZXh0bgNhZW0CMTAAYnJpZBExcVplVEdac29oTHFzeUE1WnNydGMGYXBwX2lkDzU0MTYzOTQ5Mzg4OTAyNQABHhMuaBqsUMci23AjcM4TrgoDC_hxqPBgM1b_xqz206mbB1vekQ3Rc0fLwZ-d_aem_6sBqygF-1ek3Wq7aD9lvtQ&h=AT2v4z_fLC1kVPl_R1y-pa8DtGpIMtjsx99J-d9o7OJOZOyCquBh_xhkmj2vozWCP6Z-J6XqaAQhl7xWzSao7iy7g4dLLhuc7OE48tB15t8fbAk6-GjihakIpIXPzCEI9QSujnkUbo2q9uNtcqtrEQ",
  "ad_title": null,
  "ad_caption": "linktr.ee",
  "ad_page_id": "111693870493380",
  "ad_cta_type": "馬上聽",
  "ad_extra_links": [],
  "ad_extra_texts": [],
  "ad_page_categories": [],
  "ad_page_like_count": 0,
  "ad_publisher_platform": [
    "facebook",
    "instagram"
  ],
  "ad_like_count": "0",
  "ad_share_count": "0"
}