{
  "ad_id": "1241416947850597",
  "ad_context": "#遠彰的腳步不會停\n#竹東的進步向前行\n#竹東鎮長郭遠彰",
  "ad_profile_name": "竹東鎮長郭遠彰",
  "ad_profile_image": "https://scontent.ftpe8-4.fna.fbcdn.net/v/t39.35426-6/615273492_850619664401642_1912000463607635082_n.jpg?stp=dst-jpg_s60x60_tt6&_nc_cat=110&ccb=1-7&_nc_sid=c53f8f&_nc_ohc=PoUh8AC09hUQ7kNvwEOgeST&_nc_oc=AdlmKKrhWRXPid7KL8RWiSgL79E9LTyoPBQmo1dTH6PCIM4PvYUB8eR60l7LGwOLdgY&_nc_zt=14&_nc_ht=scontent.ftpe8-4.fna&_nc_gid=A6y5vnhM7Z_x5YRSTqkYjg&oh=00_AfpBUvEwWknbGH_MpN8mrM2HNI2-AJnAUVA_H5xFBr0zYQ&oe=696DC7F9",
  "ad_is_video": false,
  "ad_video_preview_image": "https://scontent.ftpe8-2.fna.fbcdn.net/v/t39.35426-6/614361638_696561620203637_19384710177922523_n.jpg?_nc_cat=101&ccb=1-7&_nc_sid=c53f8f&_nc_ohc=rpM_-1Xgqd8Q7kNvwF79xzi&_nc_oc=AdmpTaK5BdSD2G4BZmFAnEvOZGA-lUKDocWM0f-BpxeGyxxpczxOOlJ4t2vVg1AI3dk&_nc_zt=14&_nc_ht=scontent.ftpe8-2.fna&_nc_gid=A6y5vnhM7Z_x5YRSTqkYjg&oh=00_AfrKaVefnVC_py3tsEVNk7VN_VLtkh4drjr2tsV24oks5g&oe=696DD3B5",
  "ad_image": null,
  "ad_cta_text": "",
  "ad_link_description": null,
  "ad_link_url": null,
  "ad_title": null,
  "ad_caption": null,
  "ad_page_id": "1728853307164235",
  "ad_cta_type": "",
  "ad_extra_links": [],
  "ad_extra_texts": [],
  "ad_page_categories": [],
  "ad_page_like_count": 0,
  "ad_publisher_platform": [
    "facebook"
  ],
  "ad_like_count": "0",
  "ad_share_count": "0"
}