{
  "ad_id": "1243361764490331",
  "ad_context": "有時候上課不專心\n不是因為想滑手機📱\n而是偷偷在想班上的那個人…😍\n\n大人總說：「不可以早戀！」\n但其實，喜歡一個人不等於壞事呀～\n\n因為心動❤\n也是學習怎麼去喜歡、怎麼去尊重別人的開始💬\n\n戀愛不是怪獸👹\n而是人生第一堂「愛與尊重」的練習課\n讓我們一起用健康的方式去學習愛❤\n\n#CRC #兒童權利公約 #孩子心聲系列\n#心動時刻 #喜歡也是學習尊重",
  "ad_profile_name": "社會有愛 溫暖臺中",
  "ad_profile_image": "https://scontent.ftpe8-3.fna.fbcdn.net/v/t39.35426-6/581958161_897458460111826_6203531537377857934_n.jpg?stp=dst-jpg_s60x60_tt6&_nc_cat=111&ccb=1-7&_nc_sid=c53f8f&_nc_ohc=7RGL4o7mB9cQ7kNvwFRFqfn&_nc_oc=AdmT3RY2URTYGHh0NXF-9jsVun1cl4DlTo42hCipwCaiLce6h4v8mroYTB7yIYAjm7g&_nc_zt=14&_nc_ht=scontent.ftpe8-3.fna&_nc_gid=ZF7wSx6jWws0Fb9mNUIzfg&oh=00_Afok65mk6FJXY1G1iNux1LFksH4kG_TjagZhPucFJ-rDnQ&oe=696E5DD8",
  "ad_is_video": false,
  "ad_video_preview_image": null,
  "ad_image": "https://scontent.ftpe8-2.fna.fbcdn.net/v/t39.35426-6/583852836_2805812306296086_1061277589044592135_n.jpg?stp=dst-jpg_s600x600_tt6&_nc_cat=100&ccb=1-7&_nc_sid=c53f8f&_nc_ohc=HFhgtlGHEFYQ7kNvwHCXubx&_nc_oc=AdkzhhB0Dx3uF9hzv0SkKwtv7H6s8F9GwsO-928OAZF9pejrg30FyjPiSd6wE_rx0Yk&_nc_zt=14&_nc_ht=scontent.ftpe8-2.fna&_nc_gid=ZF7wSx6jWws0Fb9mNUIzfg&oh=00_AfrhzyvQWpB9FyUilgHd8nanbk3PbwcP6tJU_WLw6vwMAA&oe=696E5F46",
  "ad_cta_text": "",
  "ad_link_description": null,
  "ad_link_url": null,
  "ad_title": null,
  "ad_caption": null,
  "ad_page_id": "329523080529589",
  "ad_cta_type": "",
  "ad_extra_links": [],
  "ad_extra_texts": [],
  "ad_page_categories": [],
  "ad_page_like_count": 0,
  "ad_publisher_platform": [
    "facebook"
  ],
  "ad_like_count": "0",
  "ad_share_count": "0"
}