{
  "ad_id": "1244194800868424",
  "ad_context": "🐾 台灣懷生相信動物協會以「高強度絕育計畫」為核心策略，從校園起步走向全台，深入巷弄與偏鄉部落，致力於打斷流浪犬貓的產生鏈。協會堅信「解決流浪問題，就該從源頭絕育下手」，這份信念推動著團隊不斷前行。\n\n💡 執行過程中，協會面臨許多挑戰：有飼主因過往經歷而拒絕配合，但團隊以耐心和理解建立信任，最終讓對方願意支持絕育。這樣的轉變，正是時間與真誠換來的成果，也展現協會「人犬共好」的使命。\n\n🌟 如今，協會已於北北基、桃竹苗等六縣市推動免費母犬絕育，並積極連結地方團體、村里長與居民，打造「區域聯防」網絡。他們相信，唯有從源頭穩定控制數量，才能迎來真正的人犬共好社會。\n\n📰 好文傳送門：https://gov.tw/5ii\n#桃園市非營利組織發展中心 #桃園NPO好事集",
  "ad_profile_name": "桃園市非營利組織發展中心",
  "ad_profile_image": "https://scontent.ftpe8-4.fna.fbcdn.net/v/t39.35426-6/575170947_776244452130678_1665239430145945954_n.jpg?stp=dst-jpg_s60x60_tt6&_nc_cat=102&ccb=1-7&_nc_sid=c53f8f&_nc_ohc=juBvpIyYyywQ7kNvwG4qUhK&_nc_oc=AdlKIyscaOLX1dMiioZN2zwq37zoHjbfy-11-2nYC4QYIs41S_gysbPxjyodHs0XJ48&_nc_zt=14&_nc_ht=scontent.ftpe8-4.fna&_nc_gid=WB0Btf06KJ02mdB2ohS3zw&oh=00_AfqaUwCJ4tnpBieYhvghWK3A842gkwVrvBXwAAltMIf6uA&oe=696DEE96",
  "ad_is_video": false,
  "ad_video_preview_image": null,
  "ad_image": "https://scontent.ftpe8-4.fna.fbcdn.net/v/t39.35426-6/576241037_1331246658729487_15638586992087638_n.jpg?stp=dst-jpg_s600x600_tt6&_nc_cat=102&ccb=1-7&_nc_sid=c53f8f&_nc_ohc=9esiTBc_A7IQ7kNvwEwNKKY&_nc_oc=Adme3Br1cJQvRf6dA_HEie2y0SFhbzao4Zjmijma7RLgL8j0ursgyn95AlWyfHm0_-M&_nc_zt=14&_nc_ht=scontent.ftpe8-4.fna&_nc_gid=WB0Btf06KJ02mdB2ohS3zw&oh=00_Afp1KVVkR4xRLKvJMUUNySP9FlpYaQN8vdZW3H8haFTq-A&oe=696DE9F7",
  "ad_cta_text": "說這專頁讚",
  "ad_link_description": null,
  "ad_link_url": "https://gov.tw/5ii",
  "ad_title": "桃園市非營利組織發展中心",
  "ad_caption": "facebook.com",
  "ad_page_id": "1600694340206781",
  "ad_cta_type": "說這專頁讚",
  "ad_extra_links": [],
  "ad_extra_texts": [],
  "ad_page_categories": [
    "公共服務"
  ],
  "ad_page_like_count": 0,
  "ad_publisher_platform": [
    "facebook"
  ],
  "ad_like_count": "0",
  "ad_share_count": "0"
}