{
  "ad_id": "1244109930449038",
  "ad_context": "【《民主，練習中》上映第一週戲院表 ＋ 搶先場觀眾好評】\n​\n這是阿賢、西瓜、小花三人的小史\n是一個混亂時代的特寫集\n也是每一個台灣人，都會深刻有感的的人情記事\n​\n《民主，練習中》 𝟲.𝟮𝟳 正式上映\n#第一週戲院表、#搶先場觀眾好評 曝光！\n​\n--------\n🗣️：「從不同角度看議員拜票、看立法院，從此對台灣政治圈有了新的認識。」\n​\n🗣️：「很感動能有這樣為民主奮鬥的人物，也看到他們的付出，希望他們繼續加油👏」\n​\n🗣️：「謝謝西瓜沒有放棄，繼續深耕宜蘭，現在的台灣漸漸不再是綁樁文化，這都是因為有像西瓜這樣的存在，讓台灣的選舉正常化，謝謝你沒有放棄」\n​\n🗣️：「我覺得台灣的立場一直很敏感，導演能在這個時代拍出這部紀錄片並上映真的非常不容易。\n​\n因為紀錄片才發現最近的香港大革命、太陽花學運都離我好近好近，這些事件讓我覺得這世界好不真實，可能因為學生時期只透過課本認識社運、認識公民議題，覺得政治啊、立法院啊、選舉啊就是大人的事，而不知不覺我也成為『大人』了，希望我在學生時代就有這些紀錄片可以認識從政者的工作。\n​\n透過民主練習中可以發現『議員』這份工作的不易，而我們每個人都能為民主做出貢獻，我們表達出來就是『民意』，同時也謝謝為我們努力發聲的議員代表們。」\n​\n🗣️：「非常感謝導演多年來的拍攝與陪伴，也誠摯感謝西瓜、小花、阿賢願意分享自己的生命經驗，讓我們得以看見這些真摯的片刻。期待未來能看見大家更多精彩的作品，以及生活中持續實踐的身影。」\n​\n🗣️：「導演很敢拍，你們真的很厲害，無畏懼那些暗黑地方派系政客，你們還好嗎？你們有被為難嗎？你們真的很辛苦！謝謝你們」\n​\n——\n《民主，練習中》 𝟲.𝟮𝟳 全國上映 \n​\n■ #團體包場洽談\n■ #購票搶先通道\n​\n⬇️連結請見下方留言處！\n​\n​\n監製｜林正盛\n導演｜楊正欣\n製片｜游惠貞\n音樂｜朱頭皮\n​\n​\n#民主練習中\n#TheAccidentalPolitician\n#0627全臺上映",
  "ad_profile_name": "民主，練習中",
  "ad_profile_image": "https://scontent.ftpe8-2.fna.fbcdn.net/v/t39.35426-6/511922987_574304588841574_4812482189048972602_n.jpg?stp=dst-jpg_s60x60_tt6&_nc_cat=103&ccb=1-7&_nc_sid=c53f8f&_nc_ohc=sofMllT1NXYQ7kNvwEWNnEG&_nc_oc=AdkJxBuMJH4yNTG0CQT3KHUT8Rm0DYVAs_jHkdPrjQ9cc6dftvDfqxgYkWxuFKTA-O4&_nc_zt=14&_nc_ht=scontent.ftpe8-2.fna&_nc_gid=XoBftZTKjq9uWDvALky1_A&oh=00_AfpLHS1zTP804_9mX_dpPdr_5hrk7ndWBHKoVrlFgpMEIw&oe=696DCDF4",
  "ad_is_video": false,
  "ad_video_preview_image": null,
  "ad_image": "https://scontent.ftpe8-3.fna.fbcdn.net/v/t39.35426-6/511324427_1121868053035547_5598031561027575467_n.jpg?stp=dst-jpg_s600x600_tt6&_nc_cat=107&ccb=1-7&_nc_sid=c53f8f&_nc_ohc=4G0ToDk1Am8Q7kNvwGO06Nz&_nc_oc=AdnkUwQDiWpHpyxyHUIOEPYi86O5QxkcRKOjizZUrRGXCNNj1xN6-ZW-7B-HCE0wX8A&_nc_zt=14&_nc_ht=scontent.ftpe8-3.fna&_nc_gid=XoBftZTKjq9uWDvALky1_A&oh=00_AfpmtxVgEyO0TqtVvchIFT0j8pFnFsbWLdUOCXrWRlCZ8w&oe=696DDE7A",
  "ad_cta_text": "",
  "ad_link_description": null,
  "ad_link_url": null,
  "ad_title": null,
  "ad_caption": null,
  "ad_page_id": "236197196238397",
  "ad_cta_type": "",
  "ad_extra_links": [],
  "ad_extra_texts": [],
  "ad_page_categories": [
    "電影"
  ],
  "ad_page_like_count": 7231,
  "ad_publisher_platform": [
    "facebook",
    "instagram"
  ],
  "ad_like_count": "0",
  "ad_share_count": "0"
}