{
  "ad_id": "1246502996636425",
  "ad_context": "2024年美國總統大選，川普橫掃七大搖擺州，以完全執政之姿強勢重返白宮。\n這不僅是他個人政治生涯的關鍵時刻，更象徵著全球政治新格局的形成。\n從川普1.0到川普2.0究竟意味著什麼？他的政策會如何影響美國內政與全球外交？\nhttps://yudian.org/courses/202412suna\n\n黃駿老師將帶我們從全球的政治格局來解析，用三週的課程穿越川普時代的迷霧，深度剖析這位政治強人如何顛覆美國的內政與外交政策，並對全球局勢和台灣地位造成深遠影響。\n\n第一週：川普的心理剖析與政策比較\n川普的個性與決策風格有何獨特之處？他的政策和歷任總統相比，有哪些顯著差異？本週將從心理學的角度深入剖析川普的領導特質，並結合美國政治學者約翰·米爾斯海默(John Mearsheimer)提出的「深層政府」理論，了解美國內部權力結構如何影響川普的政策走向，以及這背後對美國內政的深遠影響。\n\n第二週：交易式外交與全球新棋局\n川普以其標誌性的「交易式外交」手段，重新塑造了美國在全球的外交策略。這一週將探討他如何通過聯俄制中、影響中東的戰略佈局，並評估其對美中沙特三國關係的深遠影響。川普是否能在2027年拆除戰爭的隱患？這些策略對未來全球局勢又將產生什麼樣的變化？\n\n第三週：修昔底德陷阱與台灣的未來\n在中美權力競爭的背景下，台灣的角色日益重要。這堂課將深入探討美國《台灣保證法》通過後，台灣是否可能朝向類似夏威夷的特殊地位，並分析修昔底德陷阱下的美中競爭如何影響台灣的未來。川普的再度勝選將如何影響這一局勢？\n \n上課時間： 12/01 起 每週三晚間7至9點\n地點： 與點堂，臺北市中正區徐州路18巷15號\n票券資訊： 提供線上課及現場課兩種票券，報名時請注意。兩者皆享有課程錄影檔案線上觀看一年。\n\n這三週的課程將幫助你深入理解川普現象，從他個人的心理特質到影響全球的外交策略，並在當前錯綜複雜的政治局勢中，找出未來發展的脈絡與趨勢。如果你希望洞察2024美國大選的全球影響，這門課程不容錯過。",
  "ad_profile_name": "與點堂",
  "ad_profile_image": "https://scontent.ftpe8-1.fna.fbcdn.net/v/t39.35426-6/468433789_845437687523709_476774997935621407_n.jpg?stp=dst-jpg_s60x60_tt6&_nc_cat=109&ccb=1-7&_nc_sid=c53f8f&_nc_ohc=eZdW9TsTkXwQ7kNvwHQDIvP&_nc_oc=AdlPaJAC9RoBLWsNe2WGDbhD0Df2xLn6Kb0VZUSknV2XVSSR3_i0_zg9APiSKFPtIIA&_nc_zt=14&_nc_ht=scontent.ftpe8-1.fna&_nc_gid=e62SCnm367AtYFTwBPyyPA&oh=00_Afr5NmTNzbln5YSRHuL1Rc9xjSoELZrWPRyc06VROGNopA&oe=696E68C9",
  "ad_is_video": false,
  "ad_video_preview_image": null,
  "ad_image": "https://scontent.ftpe8-1.fna.fbcdn.net/v/t39.35426-6/468489366_1286052019411119_8209187777345924499_n.jpg?stp=dst-jpg_s600x600_tt6&_nc_cat=109&ccb=1-7&_nc_sid=c53f8f&_nc_ohc=VbBHq9EToFcQ7kNvwF3xLgu&_nc_oc=AdmLGZQYi-IVqTHvl-aO9icP4h5AKalZS_dcftMwVcHSlJ3xgk4CqB299vnwjnATSRA&_nc_zt=14&_nc_ht=scontent.ftpe8-1.fna&_nc_gid=e62SCnm367AtYFTwBPyyPA&oh=00_Afob8GMqz0yhUWqzsmYzLLvQPJexc9bXmJN1g5-Rk-VCzA&oe=696E5A7C",
  "ad_cta_text": "瞭解詳情",
  "ad_link_description": "黃駿主講　2024年12月共三堂",
  "ad_link_url": "https://yudian.org/courses/202412suna",
  "ad_title": "深入理解川普現象，找出未來政治局勢發展的脈絡與趨勢",
  "ad_caption": "https://yudian.org/courses/202412suna",
  "ad_page_id": "108261024560698",
  "ad_cta_type": "瞭解詳情",
  "ad_extra_links": [],
  "ad_extra_texts": [],
  "ad_page_categories": [],
  "ad_page_like_count": 0,
  "ad_publisher_platform": [
    "facebook",
    "instagram"
  ],
  "ad_like_count": "0",
  "ad_share_count": "0"
}