{
  "ad_id": "1247340085989611",
  "ad_context": "【減碳大挑戰】\n#試試你能連成幾條線\n\n大家買飲料會自備環保杯嗎？\n外食會攜帶環保餐具嗎？\n你知道 PRIUS PHEV 也是一種減碳選擇嗎？\n\n為達全球碳中和目標，TOYOTA致力於研發各式電動化車款，以因地制宜提供全球顧客最適合的電動化車輛。而在所有的電動化車款中， PHEV複合式電動車除了是減碳效果最佳外*，也是相當適合台灣用車環境的電動車！\n\nPRIUS PHEV 複合式電動車\n短程純電，長程油電\n讓你擁有無里程焦慮的舒適旅途。\n\n#TOYOTA \n#有疑問都來我這編\n\n*IEA Global EV Outlook 2020報告，以車輛生命週期評估減碳效果，PHEV為各電動化車款中最低",
  "ad_profile_name": "TOYOTA Taiwan",
  "ad_profile_image": "https://scontent.ftpe8-3.fna.fbcdn.net/v/t39.35426-6/345291689_258734366666597_7629532516065150974_n.jpg?stp=dst-jpg_s60x60_tt6&_nc_cat=106&ccb=1-7&_nc_sid=c53f8f&_nc_ohc=0yHWr78AfaUQ7kNvwHjbk1R&_nc_oc=Adn0RHR2G9WiTLPDdp9K3W0Cq9RCfzTYzffeVIr-3OehoUZzenN6ssdxMWgbd1Mb7Z4&_nc_zt=14&_nc_ht=scontent.ftpe8-3.fna&_nc_gid=Tw0YdHErA6G1oFbcxstnIQ&oh=00_AfoSVPyyQC15V9dZ5Qy_eWbNmEyrlewpDEcFqpEBHm8kug&oe=696E5DCD",
  "ad_is_video": false,
  "ad_video_preview_image": null,
  "ad_image": "https://scontent.ftpe8-1.fna.fbcdn.net/v/t39.35426-6/345317577_631829212156929_4855809851306730115_n.jpg?stp=dst-jpg_s600x600_tt6&_nc_cat=109&ccb=1-7&_nc_sid=c53f8f&_nc_ohc=UhNwIqTRIwoQ7kNvwFDgFF4&_nc_oc=AdntRBUwDzHQyXMFx2CQAeumPjxM2B8JxX401zq7UdGYrHLFAvWHOu7CDal59t0_qsU&_nc_zt=14&_nc_ht=scontent.ftpe8-1.fna&_nc_gid=Tw0YdHErA6G1oFbcxstnIQ&oh=00_Afrqh_FjyOWwGDNkvYvTls6nToUwb01NFGx15ukoBzCFIw&oe=696E5B2A",
  "ad_cta_text": "",
  "ad_link_description": null,
  "ad_link_url": null,
  "ad_title": null,
  "ad_caption": null,
  "ad_page_id": "248954465174600",
  "ad_cta_type": "",
  "ad_extra_links": [],
  "ad_extra_texts": [],
  "ad_page_categories": [],
  "ad_page_like_count": 0,
  "ad_publisher_platform": [
    "facebook",
    "instagram"
  ],
  "ad_like_count": "0",
  "ad_share_count": "0"
}