{
  "ad_id": "1248497100384008",
  "ad_context": "一般人如何修練上帝視角，擁有正確決策的能力？這是成事的人都應具備的邏輯判斷力。雖然我們誰也無法加以判斷，但是我們可以透過一些簡單的步驟來提升自己的判斷技巧，若我們知道自己身處何方，將要去向何方，就能更好地判斷自己該做什麼，如何去做。\n🛒：https://www.oqwziq.cn/r8k4no0ge400",
  "ad_profile_name": "Oqwziq-987",
  "ad_profile_image": "https://scontent.ftpe8-4.fna.fbcdn.net/v/t39.35426-6/552156282_1169040102091306_148862677144337748_n.jpg?stp=dst-jpg_s60x60_tt6&_nc_cat=102&ccb=1-7&_nc_sid=c53f8f&_nc_ohc=UgRFE8o1n90Q7kNvwHSVI6r&_nc_oc=AdksiYAvhjMsYC9t1VkuQ3K10XLrYYivJCaT9kEyLeB_8JR4pvUsJ57IRrLqMjiDiYw&_nc_zt=14&_nc_ht=scontent.ftpe8-4.fna&_nc_gid=4FofaPiYmqc9QxtOJeLT4A&oh=00_Afr7YdErZGRAJK2GM6BQN2HuIK1AfJQReuRYJ-jiACH2Yw&oe=696DE2A1",
  "ad_is_video": false,
  "ad_video_preview_image": "https://scontent.ftpe8-2.fna.fbcdn.net/v/t39.35426-6/550347383_1132360608255628_6132295450319672112_n.jpg?_nc_cat=101&ccb=1-7&_nc_sid=c53f8f&_nc_ohc=CJSniIIXoWAQ7kNvwFDMppK&_nc_oc=AdnNnavJp2XKe0nHnKivvThnfzGmWy34720TBd3U4yDysiWRJiP95sighTWj1clOS0k&_nc_zt=14&_nc_ht=scontent.ftpe8-2.fna&_nc_gid=4FofaPiYmqc9QxtOJeLT4A&oh=00_AfqY322rNpT7tl9234j1EvuJN5LQ3tdPVV52-S3mPvmNzA&oe=696DC9BD",
  "ad_image": null,
  "ad_cta_text": "來去逛逛",
  "ad_link_description": null,
  "ad_link_url": "https://www.oqwziq.cn/r8k4no0ge400",
  "ad_title": null,
  "ad_caption": "https://www.oqwziq.cn/r8k4no0ge400",
  "ad_page_id": "758761383993846",
  "ad_cta_type": "來去逛逛",
  "ad_extra_links": [],
  "ad_extra_texts": [],
  "ad_page_categories": [],
  "ad_page_like_count": 0,
  "ad_publisher_platform": [
    "facebook",
    "instagram",
    "audience_network",
    "messenger",
    "threads"
  ],
  "ad_like_count": "0",
  "ad_share_count": "0"
}