{
  "ad_id": "1248053697185822",
  "ad_context": "🎤 你的選擇，也在影響新竹的未來。#2026 新竹市長可能人選調查\n\n你關心新竹的未來嗎？\n不管你是正在打拼、剛出社會，或是對公共議題有感—你的想法，值得被聽見。\n\n🔹 本問卷採完全匿名\n📣 現在就用幾分鐘，留下你的觀點\n\n▍我們保證你的個人資料和回答內容將受到妥善保護，現在就加入調查，表達你的聲音！",
  "ad_profile_name": "地方政治觀察家",
  "ad_profile_image": "https://scontent.ftpe8-4.fna.fbcdn.net/v/t39.35426-6/612959766_1254847929895986_5298889942375246164_n.jpg?stp=dst-jpg_s60x60_tt6&_nc_cat=102&ccb=1-7&_nc_sid=c53f8f&_nc_ohc=kWxM0U0Z4qoQ7kNvwHNbaU5&_nc_oc=Adn3f4Uw_Oqef3HD4NJDzXYHamAlraGqVUhqpkq_LNxNK1dGR61-oIZjmb7xQNy03bk&_nc_zt=14&_nc_ht=scontent.ftpe8-4.fna&_nc_gid=IMnqIbVvJd9N-u2tEw0xgw&oh=00_AfpT2fsTkxv4tHMgU_SOzjCY9LqhS_kmi6ffoDxpCTOQNQ&oe=696E53CE",
  "ad_is_video": false,
  "ad_video_preview_image": null,
  "ad_image": "https://scontent.ftpe8-4.fna.fbcdn.net/v/t39.35426-6/612934220_2638105706561107_5415783717320207812_n.jpg?stp=dst-jpg_s600x600_tt6&_nc_cat=104&ccb=1-7&_nc_sid=c53f8f&_nc_ohc=j_gamy3CbDwQ7kNvwFbB64Q&_nc_oc=AdnCT6Z0tpOf580UNSHfLAl9DIEzD8AOZl4CboAv658chhzCZI3sQfKs83ahUDIfFtk&_nc_zt=14&_nc_ht=scontent.ftpe8-4.fna&_nc_gid=IMnqIbVvJd9N-u2tEw0xgw&oh=00_AfpLc7ZVc62u8TUuNHS-cIeUoCtsxQkbsmcAC_mVE9X7lQ&oe=696E520B",
  "ad_cta_text": "Learn More",
  "ad_link_description": "您的意見非常重要\n立即點擊，完成填答",
  "ad_link_url": "https://l.facebook.com/l.php?u=https%3A%2F%2Fgo.botsnova.com%2Fto%2F696085ef06865%3Futm_campaign%3D%257B%257Bcampaign.id%257D%257D%26fbclid%3DIwZXh0bgNhZW0CMTAAYnJpZBExazJrMW9UNzM1WTVBYVYwRXNydGMGYXBwX2lkDzU0MTYzOTQ5Mzg4OTAyNQABHlZ-2eONfKQVW9vMtYQFA3CMqj6CklTPybVg6C4DPAk4RRJ3Yf3Z7d1AyTFW_aem_ohQoAStl0Dhyclsr3nrwiA&h=AT08x-1GHwp37oSnpRTzydmRg9Wuj4nTqBd3xflVkwAjT884MMt9RrCH2ks2hxCcOyXclWa0vaIRHGFVcOG8HRBLPQoRfcgrmutd1n7yFV7M1MwcA7tBONiWtX2hOAEkY-ouSw",
  "ad_title": "2026 新竹市長可能人選調查",
  "ad_caption": "go.botsnova.com",
  "ad_page_id": "217517810298674",
  "ad_cta_type": "Learn More",
  "ad_extra_links": [
    "2026 新竹市長可能人選調查"
  ],
  "ad_extra_texts": [
    "🎤 你的選擇，也在影響新竹的未來。#2026 新竹市長可能人選調查\n\n你關心新竹的未來嗎？\n不管你是正在打拼、剛出社會，或是對公共議題有感—你的想法，值得被聽見。\n\n🔹 本問卷採完全匿名\n📣 現在就用幾分鐘，留下你的觀點\n\n▍我們保證你的個人資料和回答內容將受到妥善保護，現在就加入調查，表達你的聲音！"
  ],
  "ad_page_categories": [
    "新聞媒體網站"
  ],
  "ad_page_like_count": 5521,
  "ad_publisher_platform": [
    "facebook"
  ],
  "ad_like_count": "0",
  "ad_share_count": "0"
}