{
  "ad_id": "1248536434050573",
  "ad_context": "🌏 2026竹山竹藝燈會・世界一起來發光 🌟\n\n竹山鎮公所 辦理的 #竹山竹藝燈會，今年正式邁入 第七屆！#2026竹山竹藝燈會 已在 #因為2025年12月31日 熱鬧開燈，璀璨燈海把竹山夜晚點得又美又亮😍😍😍\n\n為了讓世界看見竹山，公所特別規劃 #一日限定國際交流行程，邀請來自 #雲林科技大學、#彰化師範大學、#亞洲大學 的國際交換學生參與 🌍\n\n這次一口氣迎來 26個國家、160位留學生，包含 #印度、#法國、#辛巴威、#日本、#模里西斯、#德國、#伊朗 等，一起走進 #竹文化園區 與 #竹山竹藝燈區，感受滿滿竹山味 🇯🇵🇷🇺🇫🇷🇿🇼🇻🇳🇩🇪\n\n活動中，東睦也親自為大家介紹 #燈座設計，分享竹藝故事，讓留學生們在燈光與竹藝交織的夜色中，體驗竹山的風土人情與燈藝之美✨🏮\n不少同學直呼驚艷，第一次這麼近距離感受台灣地方文化，留下滿滿新奇與感動 🙌🏻🙌🏻🙌🏻\n\n東睦期待透過竹藝燈會，持續以 #國際交流 為橋樑，讓世界看見竹山、認識竹山、愛上竹山 🫶🏻🫶🏻🫶🏻\n\n#竹山鎮公所\n#2026竹山竹藝燈會\n#國際交流\n#世界走進竹山\n#雲林科技大學\n#彰化師範大學\n#亞洲大學\n#交換生\n#留學生\n#一起來賞燈",
  "ad_profile_name": "竹山鎮長陳東睦",
  "ad_profile_image": "https://scontent.ftpe8-1.fna.fbcdn.net/v/t39.35426-6/610786672_1570002777473212_4486802204512002006_n.jpg?stp=dst-jpg_s60x60_tt6&_nc_cat=105&ccb=1-7&_nc_sid=c53f8f&_nc_ohc=gzyWxVjRSXYQ7kNvwGdV_A5&_nc_oc=Adnt-XL1liSpdlk0B6s6iDA6IyZHqf-eS25GKUDkrkNs27LyXen9Dn9eN8DFkLqNUv8&_nc_zt=14&_nc_ht=scontent.ftpe8-1.fna&_nc_gid=Hna8bVwgxhPvjsZCPhBThw&oh=00_Afp9hevl4CosntanUVGSm6AKQKNHukYgBGurkoVU3tx5og&oe=696DCF46",
  "ad_is_video": false,
  "ad_video_preview_image": null,
  "ad_image": "https://scontent.ftpe8-3.fna.fbcdn.net/v/t39.35426-6/610917225_851888527737037_4266284424175325626_n.jpg?stp=dst-jpg_s600x600_tt6&_nc_cat=106&ccb=1-7&_nc_sid=c53f8f&_nc_ohc=qFMNpM49fG0Q7kNvwGy_AOZ&_nc_oc=AdnHXGaHAQ1-tXyZKmW4a8GSwpTKNN12V2R1t4LnfVv2_yXYSeLQ8AWYBrwyf0zYxnA&_nc_zt=14&_nc_ht=scontent.ftpe8-3.fna&_nc_gid=Hna8bVwgxhPvjsZCPhBThw&oh=00_AfphotP_rM4HOSyb8ol9d8E0nbZC9RL_spekNPxCJ8BFDA&oe=696DF5A8",
  "ad_cta_text": "瞭解詳情",
  "ad_link_description": null,
  "ad_link_url": "https://l.facebook.com/l.php?u=http%3A%2F%2Fwww.fb.com%2F100063455029880&h=AT13Ug_7zJzXTtYlhdu8o8x5pvwUFDwY5Bx7kqBDQ492pmeHTdG9xZDhbRwO2jjm_B9_ZdtbHplSu6Cxh8kNgUXppIpLcxkVWobL8Dct7Tn3h1NDIX_xycxKiKT1gowE_-HWyQ4x_Pf3a4o5X0hGuQ",
  "ad_title": "竹山鎮公所",
  "ad_caption": "fb.com",
  "ad_page_id": "1693856497304590",
  "ad_cta_type": "瞭解詳情",
  "ad_extra_links": [],
  "ad_extra_texts": [],
  "ad_page_categories": [
    "政治人物"
  ],
  "ad_page_like_count": 0,
  "ad_publisher_platform": [
    "facebook",
    "instagram"
  ],
  "ad_like_count": "0",
  "ad_share_count": "0"
}