{
  "ad_id": "1249237500445236",
  "ad_context": "2026台灣民防年會 Taiwan Civil Defense\n強化台灣的抵抗意志，從每位勇敢的台灣人開始\n​\n中共從未放棄侵略台灣，這是無法否認的事實。\n​\n無論是個人或家庭，乃至台灣整體社會，該如何做好準備是眼前最迫切的問題。\n​\n為了建立公民與專家學者、政府官員及積極行動者的對話平台，我們將舉辦「台灣民防年會 Taiwan Civil Defense」。\n​\n【年會焦點】\n​\n這場為期兩天的年會，學院將與「烏克蘭自由民主聯盟」聯合舉辦，以論壇、主題講座、工作坊的形式，聚焦在：\n​\n📌烏克蘭戰場實務經驗\n📌無人機生產製造\n📌能源與通訊韌性\n📌戰爭下的社會運作\n📌社區防災應變\n​\n期望透過國際交流，讓更多民眾能實際參與民防發展。\n讓每一位關心台灣的平凡人，都能夠發揮不凡的力量。\n​\n-\n​\n【活動預告】\n​\n📍日期：2026.3.28（六）～3.29（日），共兩天\n📍地點：政大公企中心\n📍主辦單位：黑熊學院、烏克蘭自由民主聯盟（Liberal Democratic League of Ukraine）\n📍協辦單位：應援科技、辜寬敏基金會、福和會\n📍贊助單位：UTA Technology、ＺＩＮＩＺ、未來備案所、碳基科技 CBT\n​\n🔔預計於1月下旬開放報名，請持續關注我們🔔",
  "ad_profile_name": "黑熊學院",
  "ad_profile_image": "https://scontent.ftpe8-2.fna.fbcdn.net/v/t39.35426-6/612181024_1275345897984813_5753073710685066932_n.jpg?stp=dst-jpg_s60x60_tt6&_nc_cat=100&ccb=1-7&_nc_sid=c53f8f&_nc_ohc=zIArhilnRQ8Q7kNvwGm8kbu&_nc_oc=Adlv7Wczpoz5-WUb4LHnjW9gICILUuFI0TdwW7V3YWgSTNWeG8naJq4eEXTLT7Gyouo&_nc_zt=14&_nc_ht=scontent.ftpe8-2.fna&_nc_gid=RbfObH5EyjDlsYmy2LhvAg&oh=00_AfopbxvvvYtY4jG3JnN1vh7Uz6N5aiZM8v3_0UdIqpBadw&oe=696E5A9D",
  "ad_is_video": false,
  "ad_video_preview_image": null,
  "ad_image": "https://scontent.ftpe8-1.fna.fbcdn.net/v/t39.35426-6/612815017_889534446880963_7146385932610947869_n.jpg?stp=dst-jpg_s600x600_tt6&_nc_cat=108&ccb=1-7&_nc_sid=c53f8f&_nc_ohc=qLBXsl38lsoQ7kNvwFFZlBC&_nc_oc=AdlwJuGboK1sn1XO-OrxWdZyYxoIvjSwfFhlIxaV4YtAt9JkOA_p-0X_LqhDxCv7NIc&_nc_zt=14&_nc_ht=scontent.ftpe8-1.fna&_nc_gid=RbfObH5EyjDlsYmy2LhvAg&oh=00_AfoOkUvmlezki_5Ny7lKxUcWJMAoRksER-pQyKYAb6yPSA&oe=696E53DA",
  "ad_cta_text": "發送訊息",
  "ad_link_description": null,
  "ad_link_url": null,
  "ad_title": null,
  "ad_caption": null,
  "ad_page_id": "101823675693502",
  "ad_cta_type": "發送訊息",
  "ad_extra_links": [],
  "ad_extra_texts": [],
  "ad_page_categories": [],
  "ad_page_like_count": 0,
  "ad_publisher_platform": [
    "facebook",
    "instagram"
  ],
  "ad_like_count": "0",
  "ad_share_count": "0"
}