{
  "ad_id": "1250738636788463",
  "ad_context": "展名「觀象」，意在呼應東方哲思中觀看與意象之間的生成關係，引導觀者走入雕塑所映照的內外空間，重新思索物質與意念、觀看與存在之間的關係。#楊英風 自 1980 年代初期起逐步由石材與銅雕轉向不鏽鋼創作，藉由鏡面材質對環境與人影的映照，消解了雕塑本體與外部世界之間的邊界。他曾言：「我的作品開始放大到去創造一個大環境，去關心一個大空間的問題。」不鏽鋼雕塑正是這種創作思想的具體實踐。\n\n展覽「觀象」共展出八件 #不鏽鋼作品，皆完成於 1980 至 1990 年代，為藝術家創作思想的圓熟階段。此時期的雕塑已然超越物質與造型的追求，進入形而上的辯證場域，藉由簡潔的形式與鏡面空間，引導觀者參與觀看、反思、乃至與作品共處。從視覺上的感官經驗，進而觸及心理層面的迴響，最終引向對存在關係的哲學思索。#觀象，既是注視與沉思，也是置身其中、與之共存。\n\n-\n\n▍  觀象——楊英風個展\n展期：2025.07.27 – 2025.10.05\n地點：#亞洲藝術中心（#台北）\n\n更多展覽資訊 \nhttps://linktr.ee/asiaartcenter_taipei\n\n—\n\nThe exhibition title, “Contemplating Form,” gestures toward the generative relationship between observation and form in Eastern philosophy. #YuyuYang’s shift from stone and bronze to stainless steel in the early 1980s signified not merely a change in materials but a transformative approach to sculpture's relationship with space and perception. Through the mirrored surface of stainless steel, his works dissolve the boundary between object and environment. As Yang himself stated, \"My work has expanded to create a larger environment and to address the issue of larger spatial relationships.\" These sculptures embody that vision in tangible form.\n\n“Contemplating Form” brings together eight stainless steel sculptures created between the 1980s and 1990s—a period marked by the artist’s philosophical maturation. These sculptures transcend mere materiality and form, entering a realm of philosophical exploration. Through refined structures and mirrored reflections, Yang invites viewers into acts of perception, introspection, and spatial dialogue. This kind of entry unfolds on multiple levels—visual, psychological, and philosophical. #ContemplatingForm is not merely about observation; it is a shared condition of seeing and being seen.\n\n-\n\n▍  Yuyu Yang: Contemplating Form\n\nDates: 27 July – 5 October 2025\nVenue: #AsiaArtCenter (#Taipei)\n\nFor more information \nhttps://linktr.ee/asiaartcenter_taipei",
  "ad_profile_name": "亞洲藝術中心 | ASIA ART CENTER",
  "ad_profile_image": "https://scontent.ftpe8-2.fna.fbcdn.net/v/t39.35426-6/514401384_649966754238331_1719714434046868852_n.jpg?stp=dst-jpg_s60x60_tt6&_nc_cat=103&ccb=1-7&_nc_sid=c53f8f&_nc_ohc=NjS4bUQ3xyEQ7kNvwHM5fSo&_nc_oc=AdlEqiAOXbyUYK4eYdOF-Ki2syKXzD6yZ9NzTCQXbJwS-NA3rH5A0cGJISuNOBVBXmE&_nc_zt=14&_nc_ht=scontent.ftpe8-2.fna&_nc_gid=SgRDZTicqQrrgtEslqQNkg&oh=00_AfokfOStxi-6ThItgXx7Z7dLipAAHyCliiH92r9dJapyRA&oe=696E664B",
  "ad_is_video": false,
  "ad_video_preview_image": null,
  "ad_image": "https://scontent.ftpe8-3.fna.fbcdn.net/v/t39.35426-6/527600764_1122885109693949_5284869982494530115_n.jpg?stp=dst-jpg_s600x600_tt6&_nc_cat=111&ccb=1-7&_nc_sid=c53f8f&_nc_ohc=zBe-ocoQvaEQ7kNvwELfPyQ&_nc_oc=Adlgkk093cnHMB3QUtK-dYnDzeFy2QS-nyBO5IoPS-B0pnbdh-EmoRZHLdUFS457bn4&_nc_zt=14&_nc_ht=scontent.ftpe8-3.fna&_nc_gid=SgRDZTicqQrrgtEslqQNkg&oh=00_AfpbCMnn5JehLQRVtBLmUYHiF0k_jXtA0Xx7yhfYIVxhvA&oe=696E668C",
  "ad_cta_text": "發送訊息",
  "ad_link_description": null,
  "ad_link_url": "https://linktr.ee/asiaartcenter_taipei",
  "ad_title": null,
  "ad_caption": null,
  "ad_page_id": "106928189377884",
  "ad_cta_type": "發送訊息",
  "ad_extra_links": [],
  "ad_extra_texts": [],
  "ad_page_categories": [
    "藝廊"
  ],
  "ad_page_like_count": 0,
  "ad_publisher_platform": [
    "facebook",
    "instagram",
    "audience_network"
  ],
  "ad_like_count": "0",
  "ad_share_count": "0"
}