{
  "ad_id": "1250181793598614",
  "ad_context": "",
  "ad_profile_name": "Discover Kawasaki",
  "ad_profile_image": "https://scontent.ftpe8-4.fna.fbcdn.net/v/t39.35426-6/604637961_1141729984702509_3198957928775310201_n.jpg?stp=dst-jpg_s60x60_tt6&_nc_cat=102&ccb=1-7&_nc_sid=c53f8f&_nc_ohc=w3X2XLfWblkQ7kNvwFF_8IT&_nc_oc=Adl5hlow9iT3JXyVBSI_WeLe57vPeijIeOosXV7VKMcrEic24Uu8wDrLGk7VDwI4dpc&_nc_zt=14&_nc_ht=scontent.ftpe8-4.fna&_nc_gid=n6uC-i-458JbhBpOrJFy2g&oh=00_Afq9lnu8lM4tbPX4B4RTXcFNIgGssEZnY960GNePdaTW6Q&oe=696DDDD4",
  "ad_is_video": false,
  "ad_video_preview_image": null,
  "ad_image": "https://scontent.ftpe8-3.fna.fbcdn.net/v/t39.35426-6/604637961_1263332672271039_7221841292827331704_n.jpg?stp=dst-jpg_s600x600_tt6&_nc_cat=111&ccb=1-7&_nc_sid=c53f8f&_nc_ohc=8m3BvX_XXxgQ7kNvwF7xcld&_nc_oc=AdmxW8GT1h6JLJsUzH-l-Gh7GN_15GwaUEGhR9ZPcYca157GH1IM1um-nOfDQ_PBCWA&_nc_zt=14&_nc_ht=scontent.ftpe8-3.fna&_nc_gid=n6uC-i-458JbhBpOrJFy2g&oh=00_AfoMaz_ge1NNwT9OcRX9a7g7ZX1bPhfMsp7KeirxT3Q2mA&oe=696DE8C6",
  "ad_cta_text": "Visit Instagram Profile",
  "ad_link_description": null,
  "ad_link_url": "https://l.facebook.com/l.php?u=https%3A%2F%2Fwww.instagram.com%2F_u%2Fkawasaki_city%3Ffbclid%3DIwZXh0bgNhZW0CMTAAYnJpZBExSVF5MFdiSDNXa0k5cVpWV3NydGMGYXBwX2lkDzU0MTYzOTQ5Mzg4OTAyNQABHo7u9uJZVmowUTOi87JOD3kFTpp-YA64W1dzBwLdilJ39tn2jj-D40Q16Kvq_aem_ZcfrJhjy5Gv2xqVHJkwoDQ&h=AT1iC2it8mPq27ZXJzNR5doqND2N0UfuC-FJES2mLU9p4nIcmc1EA_tStpE6ewpKf7Mp7RJmYcAZhoIpdPOTxzFlNLmNiEW_Wxx-gqzXaLboiP70NmBH_vYXSZNL8Zj9E3EoV_BWgIeufp118AGAMw",
  "ad_title": "Discover Kawasaki 發現川崎 (@kawasaki_city) • Instagram photos and videos",
  "ad_caption": "instagram.com",
  "ad_page_id": "805751396296919",
  "ad_cta_type": "Visit Instagram Profile",
  "ad_extra_links": [
    "Discover Kawasaki 發現川崎 (@kawasaki_city) • Instagram photos and videos",
    "Discover Kawasaki 發現川崎 (@kawasaki_city) • Instagram photos and videos",
    "Discover Kawasaki 發現川崎 (@kawasaki_city) • Instagram photos and videos",
    "Discover Kawasaki 發現川崎 (@kawasaki_city) • Instagram photos and videos",
    "Discover Kawasaki 發現川崎 (@kawasaki_city) • Instagram photos and videos"
  ],
  "ad_extra_texts": [],
  "ad_page_categories": [
    "社區組織"
  ],
  "ad_page_like_count": 0,
  "ad_publisher_platform": [
    "instagram"
  ],
  "ad_like_count": "0",
  "ad_share_count": "0"
}