{
  "ad_id": "1250493343556025",
  "ad_context": "策進會：台港交流應有來有往 \n將持續推動兩地經濟及文化主題式參訪\n\n臺港經濟文化合作策進會董事長賴秀如今（19）日與媒體見面交流時指出，台港交流應「有來有往」，明年策進會將持續推動兩地經濟與文化相關的主題式交流參訪，並與大陸委員會合作，提供台港澳新住民更完善的關懷與服務。\n    \n策進會在去年12月底賴秀如上任之後，持續配合政府政策，規劃推動台港經貿及文化交流互訪，並加強關懷及服務在台港人，協助港人適應台灣社會的活動，全力維繫兩地關係良性發展，累計辦理了80場次的交流活動。\n\n賴秀如表示，台港兩地交流應「有來有往」。策進會積極推動經濟及文化合作交流，今年舉辦「台港農特產品產業交流團」、「香港藝文與建築文化交流團」、「台港設計交流參訪團」及「香港影展」等，明年將擴大籌組主題講座或參訪團，促進台港產業交流合作。\n\n在關懷港人協助融入台灣生活方面，策進會秘書長盧長水表示，今年策進會舉辦「台港澳友誼盃足球交流賽」、走訪花蓮原鄉部落，以及淨山、淨灘等公益活動，並舉辦《看不見的國家》紀錄片特映會、「好友港節市集」、「港覺濠台IG圖文徵選」等活動，均獲得熱烈迴響。\n\n此外，策進會與陸委會今年共舉辦24場台適生活及就業等講座，引領港澳朋友及學子瞭解相關規定，更快適應及融入在台生活。\n\n展望明年，盧長水表示，明年策進會將繼續參與台北國際書展，舉辦「台港澳友誼盃足球交流賽」、「台適生活講座」、「港覺濠台IG圖文徵選」，以及「香港影展」、「好友港節市集」等大型旗艦活動，持續深化台港交流。",
  "ad_profile_name": "走台步—臺港經濟文化合作策進會",
  "ad_profile_image": "https://scontent.ftpe8-2.fna.fbcdn.net/v/t39.35426-6/600881137_2620380514963792_2026934399523384184_n.jpg?stp=dst-jpg_s60x60_tt6&_nc_cat=103&ccb=1-7&_nc_sid=c53f8f&_nc_ohc=T5qRnhBG8ZIQ7kNvwEkhcsW&_nc_oc=AdkfRa2yXcCLR25N0JpRMSP9bQPpieEkA7_-fcqpnYrGSFF2Yat-OWBYhhBjLykLzFg&_nc_zt=14&_nc_ht=scontent.ftpe8-2.fna&_nc_gid=M_q6SOQLKH7vo82943C10Q&oh=00_AfrVNXP8LR3vLeJF02LxKbXdEuuXJqbqXLwVh8d9XC2oIQ&oe=696DEFDD",
  "ad_is_video": false,
  "ad_video_preview_image": null,
  "ad_image": "https://scontent.ftpe8-1.fna.fbcdn.net/v/t39.35426-6/600911004_3813173265641684_1714445820330942780_n.jpg?stp=dst-jpg_s600x600_tt6&_nc_cat=109&ccb=1-7&_nc_sid=c53f8f&_nc_ohc=33HsWneJxMMQ7kNvwHcj40i&_nc_oc=AdmcB2Do3EtgQvBqO7GoFu-7TWtBRe6v-zwz8yO5Hlg_uFKTJNuYolkDbe5PeB3e6aU&_nc_zt=14&_nc_ht=scontent.ftpe8-1.fna&_nc_gid=M_q6SOQLKH7vo82943C10Q&oh=00_Afp8iJIIRG_Yk7wrsokkPMR0NfxsEvoIFctqGy58Y4WP4w&oe=696DDF03",
  "ad_cta_text": "",
  "ad_link_description": null,
  "ad_link_url": null,
  "ad_title": null,
  "ad_caption": null,
  "ad_page_id": "245127985514208",
  "ad_cta_type": "",
  "ad_extra_links": [],
  "ad_extra_texts": [],
  "ad_page_categories": [
    "公共服務"
  ],
  "ad_page_like_count": 0,
  "ad_publisher_platform": [
    "facebook"
  ],
  "ad_like_count": "0",
  "ad_share_count": "0"
}