{
  "ad_id": "1252045940395828",
  "ad_context": "如果歷史是一片硬固的凍土，我們該如何向它呼喊，才能聽見深埋其下的迴音？\n\n🧊《冰封的記憶》解凍記憶，需要你的溫度 ►\nhttps://www.flyingv.cc/projects/37020\n​\n2025 年即將步入尾聲。這一年，世界各國的日曆上標記著同一個沉重的註腳——「第二次世界大戰結束八十週年」。紀錄片《冰封的記憶》選在 11 月底的台北搶先試映，彷彿是這扇歷史記憶的窗口關閉前，發出的最後吶喊。\n​\n回望八十年前，在那場戰火中，身為日本殖民地的台灣也捲入其中。當時的台灣青年，或志願或被迫，穿上日本軍服，以「軍人」或「軍屬」的身分被送往戰場。卻鮮少人知道，當日本戰敗投降，有一群在北方的台灣青年並未迎來歸途，而是被蘇聯俘虜，強制押往西伯利亞進行勞改。\n​\n片名「冰封的記憶」不僅描繪了地理上的寒冷——那是西伯利亞零下五十度的酷寒，是戰俘在勞改營中瑟瑟發抖的記憶。更隱喻了這段歷史在戰後長達八十年的歲月裡，始終處於「無法被理解」與「難以被觸碰」的深層的冰封中。它被日本政府的檔案封存，被國民黨政府的政治禁忌冰凍，也被受難者與家人築起的心牆所阻隔。\n​\n冰層厚重，解凍的代價往往是凍傷的雙手。映後座談中，許明淳導演與現場觀眾、學者及紀錄片工作者等展開長達一小時的深度對話。我們不只看見歷史檔案出土的艱難，更透過導演的鏡頭與敘述，層層剝開那道凍結在父執輩心頭，甚至阻隔了世代對話的厚重冰霜。\n​\n▎凍土是如何形成的？在檔案的荒謬中找回的名字\n​\n座談一開始，許明淳導演便直言：\n\n「這部片從正式開鏡到可以跟觀眾見面，大概是三年的時間，是我做過的紀錄片中速度算快的，主要原因就是『時間』帶給我們很大的挑戰。過了 2025 年，我們的聲音可能會變得很小。這不是我第一次做歷史題材的紀錄片，但卻是承受最大壓力的一次。」\n​\n為什麼這段記憶會像西伯利亞的凍土一樣堅硬，且難以挖掘？\n​\n導演在拍攝過程中發現，日本厚生勞動省（厚生労働省，相當於福利部、衛生部與勞動部的綜合體），作為二戰後負責處理日本國民「引揚」（遣返）與戰死遺族等業務的主管機關，擁有完整的「引揚者名簿」，詳細記錄了戰俘的姓名與原籍地。導演和製作團隊曾多次致信厚生勞動省，卻只得到「只有遺族，或獲得遺族授權，才能申請」的答覆。\n​\n導演提及，「具有完整資料的厚生勞動省，若有電腦檔案建檔，只要輸入原籍地，應當就能得知「台籍」日本兵的名單。且在 2010 年，日本國會曾通過針對西伯利亞戰俘的補償法案，明確列出厚生勞動省應當對西伯利亞政府進行實質調查，但這項調查始終將焦點放在日本國民上，卻將殖民地（台灣、朝鮮）士兵排除在範疇之外。」\n​\n在無法取得日方完整名單的困境下，製作團隊只能採取最原始、最艱辛的方法：在浩如煙海的歷史檔案中，一個一個「撈」出名字。根據朝鮮籍戰俘約兩千人的比例推估，台灣戰俘的人數至少在百人以上。目前，團隊僅確認了片尾名單上的 19 位台籍戰俘姓名。然而，這些台籍戰俘的名字，卻是從戰後接收台灣的國民黨政府的「監控檔案」中找回來的——他們不是以「歸鄉國民」的身分被記錄，而是以「潛在匪諜」被列冊。二戰時，他們為「祖國」日本而戰，被押送到西伯利亞；終戰後，好不容易回到「祖國」台灣，證明他們存在的唯一文件，竟是情治單位為了監控、抓捕他們而建立的黑名單。而那些未被發現的名字，至今仍躺在厚生勞動省的資料庫深處，無聲地等待被召喚。\n​\n這份來自監控檔案的名單，揭示了另一層更寒冷的冰霜——倖存者的噤聲。許多戰俘在歷經九死一生返台後，並未迎來歡迎。相反地，因為他們曾滯留共產國家數年，在國民黨政府的反共和白色恐怖氛圍下，被視為受過共產主義洗腦的危險份子。導演補充了片中戰俘的遭遇：回台後，其因身分問題在警局接受調查，過程中竟然被戴上了手銬。於是，國與國的戰爭縫隙、日本檔案的封存、國民黨政府的監控與倖存者的噤聲，共同構成了這片厚實的凍土，將這段歷史埋藏了整整八十年。\n​\n▎凍土會有迴音嗎？《冰封的記憶》試片會暨映後座談側記（1/2）\n​\n支持我們讓這段被冰封的記憶重見天日，一起修復世代的鴻溝。🔗放映與議題推廣計畫：https://www.flyingv.cc/projects/37020\n\n#冰封的記憶 #臺籍日本兵 #西伯利亞 #身分認同 #跨世代對話",
  "ad_profile_name": "冰封的記憶 Memories Frozen in Time",
  "ad_profile_image": "https://scontent.ftpe8-3.fna.fbcdn.net/v/t39.35426-6/600272428_837138569185301_7823065244504262908_n.jpg?stp=dst-jpg_s60x60_tt6&_nc_cat=107&ccb=1-7&_nc_sid=c53f8f&_nc_ohc=TB48nM8w5HsQ7kNvwG7nhVu&_nc_oc=Adk2mY1lpYybZoCWSkepUolf98RaYgphvKF6IkIi-oRSW9s3_JrzwI_pW6KeZMxHzc4&_nc_zt=14&_nc_ht=scontent.ftpe8-3.fna&_nc_gid=uKlxarG23CIFUQdPTENmoA&oh=00_AfowOod71Ltu1VFKPUAcXQxir5cMsBxKiRJeTC4bZsTJFQ&oe=696E4C77",
  "ad_is_video": false,
  "ad_video_preview_image": null,
  "ad_image": "https://scontent.ftpe8-3.fna.fbcdn.net/v/t39.35426-6/600968183_1519205032466111_6880134377444040437_n.jpg?stp=dst-jpg_s600x600_tt6&_nc_cat=111&ccb=1-7&_nc_sid=c53f8f&_nc_ohc=p0bmSTN467oQ7kNvwFuVHte&_nc_oc=AdktIvMIwEWGyfQfNFSmbY408ospcBoip6LF_rjSZnFGwMvdrzaucnlaNuYb3TLTCxU&_nc_zt=14&_nc_ht=scontent.ftpe8-3.fna&_nc_gid=uKlxarG23CIFUQdPTENmoA&oh=00_AfrnNaI-S_sGgeNJOx_hAl5FqP2RuxIe2CYnamZAcmUsWw&oe=696E3A5B",
  "ad_cta_text": "",
  "ad_link_description": null,
  "ad_link_url": "https://www.flyingv.cc/projects/37020",
  "ad_title": null,
  "ad_caption": null,
  "ad_page_id": "157468384105565",
  "ad_cta_type": "",
  "ad_extra_links": [],
  "ad_extra_texts": [],
  "ad_page_categories": [
    "電影"
  ],
  "ad_page_like_count": 682,
  "ad_publisher_platform": [
    "facebook",
    "instagram"
  ],
  "ad_like_count": "0",
  "ad_share_count": "0"
}