{
  "ad_id": "1253559833032035",
  "ad_context": "蓋茲基金會在非洲推動的「綠色革命」，\n真正受益者是當地小農，還是為企業開拓市場？\n\n＃糧食危機 ＃基改風險 ＃基因改造技術 ＃慈善事業\n\n蓋茲基金會推廣 GMO 的雄心，\n只是它推動非洲農業產業化抱負的一項議程。\n\n它希望藉由擴大使用所謂的「投入要素」\n例如：化學品、肥料、新種子、灌溉...，\n來提高農場的生產力和產量。\n\n蓋茲基金會與銷售這些投入要素的跨國公司\n密切合作，這些公司長期以來視非洲為\n「一個未開發的市場」。\n\n非洲糧食主權聯盟的米里安．畢雷表示：\n「蓋茲基金會在農業方面的慈善工作\n帶有殖民勢力的所有特徵」\n\n非洲大陸許多地方的農業可以改善。\n但是，這件事要怎麼做？\n不應該由比爾．蓋茲來決定。\n\n... 𝙧𝙚𝙖𝙙 𝙢𝙤𝙧𝙚《 破解蓋茲迷思 》\n\n誠品獨家限量書封\nhttps://pse.is/7bfdk8   \n\n－－－\n\n【 日月文化 × 誠品書展 】\n🔖 活動期間┊𝟦 / 𝟣～𝟦 / 𝟥𝟢\n🔖 購書優惠┊單書79折、雙書75折\n🔖 活動連結┊https://pse.is/7c7n9g \n\n至參展門市（含誠品線上）購買即享優惠\n\n松菸／南西／裕隆城／西門／美麗華／宜蘭／花蓮／竹北遠百／台中中友／台中園道／誠品生活480（台中市政）／台中遠百／\n台中三井／高雄遠百／誠品線上",
  "ad_profile_name": "日月文化集團",
  "ad_profile_image": "https://scontent.ftpe8-1.fna.fbcdn.net/v/t39.35426-6/490867778_1210192713780381_2017413981124655180_n.jpg?stp=dst-jpg_s60x60_tt6&_nc_cat=108&ccb=1-7&_nc_sid=c53f8f&_nc_ohc=IAYzb2ru7ugQ7kNvwFSrmI9&_nc_oc=Adldcsu9PKhZ_JXKSCfo16vwFdhOgOpSJJRV26dBHLkZn6OXN9Vf3xuy-EDV8iec_So&_nc_zt=14&_nc_ht=scontent.ftpe8-1.fna&_nc_gid=H_EniUTjqihMLb8uXU3-9w&oh=00_AfoQS7xuP3gI6351NzEZSbia4FteIGVfOGH-yTVPy2j6LA&oe=696DD0A5",
  "ad_is_video": false,
  "ad_video_preview_image": null,
  "ad_image": "https://scontent.ftpe8-3.fna.fbcdn.net/v/t39.35426-6/490814875_1438986340450389_4187507871761327824_n.jpg?stp=dst-jpg_s600x600_tt6&_nc_cat=107&ccb=1-7&_nc_sid=c53f8f&_nc_ohc=6mhNesE_PAkQ7kNvwGZv65V&_nc_oc=Adn3COWrTS_M7GzGMZ4gk5luM-bsVJXZlk49O56X1QQ1rFQY8qiWknPRpiiQozsD-nk&_nc_zt=14&_nc_ht=scontent.ftpe8-3.fna&_nc_gid=H_EniUTjqihMLb8uXU3-9w&oh=00_Afq8yEP3qNH58CfcVra5xZBSfniaetpp4psc4eZL_Gy8IA&oe=696DD1C2",
  "ad_cta_text": "瞭解詳情",
  "ad_link_description": null,
  "ad_link_url": "https://pse.is/7bfdk8",
  "ad_title": "《 破解蓋茲迷思 》不為人知的蓋茲基金會幕後全收錄",
  "ad_caption": "eslite.com",
  "ad_page_id": "153856631310359",
  "ad_cta_type": "瞭解詳情",
  "ad_extra_links": [],
  "ad_extra_texts": [],
  "ad_page_categories": [
    "出版商"
  ],
  "ad_page_like_count": 7513,
  "ad_publisher_platform": [
    "facebook",
    "instagram"
  ],
  "ad_like_count": "0",
  "ad_share_count": "0"
}