{
  "ad_id": "1253836735176547",
  "ad_context": "📣今日放送🛵\n「光看候車亭這個幾十年沒改變的東西，被妳改變，就一定要挺妳！」\n「我兒子說只有妳在關心農民」\n　\n今天下午的機車車掃，照原訂計畫進行，感謝夥伴們和我一起從細雨到滂沱大雨，又到風雨漸歇。有不少鄉親感到訝異，但我其實真的就是照著年初的選戰節奏規劃，藉由選舉跟鄉親報告我這幾年的努力和政績，告訴大家我的政見，拜託大家將手中神聖的一票投給我，成為我問政的民意基礎，成為我爭取建設的力量。\n　\n倒數三天，步步踏實💪💪💪💪",
  "ad_profile_name": "廖子齊 新竹市議員",
  "ad_profile_image": "https://scontent.ftpe8-4.fna.fbcdn.net/v/t39.35426-6/316814714_1502009033544687_4716136540820641982_n.jpg?stp=dst-jpg_s60x60_tt6&_nc_cat=104&ccb=1-7&_nc_sid=c53f8f&_nc_ohc=XptnvRRDtjIQ7kNvwE1RcCo&_nc_oc=Adk0Dqh0tbLA5AEVBNRC45ukaF5OpVx4PMkCPSUbslnfjMVVAISGMU5T_t1-SwrQ6DI&_nc_zt=14&_nc_ht=scontent.ftpe8-4.fna&_nc_gid=K31EFnTh_a_5JmjLb9F8Yw&oh=00_Afped2tegRji6u060pzrf38FZ04yNdUBAc6Ltxh-7WPaKA&oe=696E5EB4",
  "ad_is_video": false,
  "ad_video_preview_image": null,
  "ad_image": "https://scontent.ftpe8-3.fna.fbcdn.net/v/t39.35426-6/316946584_1208422123081797_2804603311353179977_n.jpg?stp=dst-jpg_s600x600_tt6&_nc_cat=111&ccb=1-7&_nc_sid=c53f8f&_nc_ohc=6BZki3fV_cYQ7kNvwFFfNSa&_nc_oc=AdlHCS6t_470P7Nhdx2LGRkQIx89J0zbJE0wf-Ak17MBi1cxZ2D5wg6ywk_QMiwGFvI&_nc_zt=14&_nc_ht=scontent.ftpe8-3.fna&_nc_gid=K31EFnTh_a_5JmjLb9F8Yw&oh=00_AfpyBtb2AkuHH_iokuY77fW_JszvXuwaqIB97-bOLN8scw&oe=696E4AFC",
  "ad_cta_text": "瞭解詳情",
  "ad_link_description": "選和你一樣認真打拼的人!請認識我們推出優秀的候選人，只要有更多人投入，政治就有更多改變的可能，邀請您與我們同行，一起展望未來、穩健茁壯，堅定改革、實現進步價值。改變需要您的力量。",
  "ad_link_url": "https://l.facebook.com/l.php?u=https%3A%2F%2F2022.npp.vote%2Fcandidate%3Fid%3D59%26fbclid%3DIwZXh0bgNhZW0CMTAAYnJpZBExazJrMW9UNzM1WTVBYVYwRXNydGMGYXBwX2lkDzU0MTYzOTQ5Mzg4OTAyNQABHk5Avdd8sQRWXzYDiZRufIHu-chAqF-xnh0CU5s6M07_bL_EhkmZHk-OvK1j_aem_27aFFqZlRcw1d8FwFo9DGg&h=AT3tEyUIHl30jzK7E6YCyB-xAHRk0BOfLgapoMI3UXRP1D516gl_Ir97SkVsQjwvoD72r7nU-sWYGptJQYvUXJeW6aJMgu0iYrDi4KrSljIPqHuhvnHthGYSjflrKKoSgW1Zkw",
  "ad_title": "4 廖子齊|新竹市第五選區 香山 |2022時代力量|改變持續 與力同行",
  "ad_caption": "2022.npp.vote",
  "ad_page_id": "256665398196368",
  "ad_cta_type": "瞭解詳情",
  "ad_extra_links": [],
  "ad_extra_texts": [],
  "ad_page_categories": [],
  "ad_page_like_count": 0,
  "ad_publisher_platform": [
    "facebook",
    "instagram"
  ],
  "ad_like_count": "0",
  "ad_share_count": "0"
}