{
  "ad_id": "1255886749313296",
  "ad_context": "『2025永和暑假親子趣』\n活動代言人\n新北市議員 ~ 許昭興.    \n邀請大小朋友於6/28下午14:30到仁愛公園大草坪與大家同樂，現場有小朋友最愛的♥️水上氣墊遊戲床、溜滑梯、釣魚池等，更有精彩舞台表演從14:30-18:30精彩non-stop。\n🥳6/28下午14:30-18:30一起來仁愛公園過暑假。",
  "ad_profile_name": "許昭興",
  "ad_profile_image": "https://scontent.ftpe8-2.fna.fbcdn.net/v/t39.35426-6/511400498_1421850922357522_34513372112715306_n.jpg?stp=dst-jpg_s60x60_tt6&_nc_cat=101&ccb=1-7&_nc_sid=c53f8f&_nc_ohc=8PqlP0fDhlYQ7kNvwEwJFMr&_nc_oc=AdnZT1WixvvDuuxXLMnRi28jV7GnlBGJvGyI7STNJuiDw4dKYlhfC7CKxGAWzs2nEJE&_nc_zt=14&_nc_ht=scontent.ftpe8-2.fna&_nc_gid=IepERaPNIQaqjOP12gWfTA&oh=00_AfowTGqrC-jWRaW1pBmkiNJdRfPa8uwCccWJvguCeIfEIQ&oe=696DD0A3",
  "ad_is_video": false,
  "ad_video_preview_image": "https://scontent.ftpe8-3.fna.fbcdn.net/v/t39.35426-6/511368766_1542384193405280_1831732464539118389_n.jpg?_nc_cat=106&ccb=1-7&_nc_sid=c53f8f&_nc_ohc=Cgrhe6JDPQ0Q7kNvwHAg8BZ&_nc_oc=Adkd9MEaThQdbtgDljyjvNbQH2ID3jUtdTsh0fSt9b1Hp-H74GlCi-MJISUHQtF6Q3k&_nc_zt=14&_nc_ht=scontent.ftpe8-3.fna&_nc_gid=IepERaPNIQaqjOP12gWfTA&oh=00_AfpNmtggj-X9XnqO0SSabtV3tuDLA7tzXDcdLpbBxkUfMg&oe=696DDF46",
  "ad_image": null,
  "ad_cta_text": "發送訊息",
  "ad_link_description": null,
  "ad_link_url": null,
  "ad_title": null,
  "ad_caption": "fb.com",
  "ad_page_id": "1507824592780995",
  "ad_cta_type": "發送訊息",
  "ad_extra_links": [],
  "ad_extra_texts": [],
  "ad_page_categories": [
    "政治人物"
  ],
  "ad_page_like_count": 7072,
  "ad_publisher_platform": [
    "facebook",
    "instagram"
  ],
  "ad_like_count": "0",
  "ad_share_count": "0"
}