{
  "ad_id": "1255284546399150",
  "ad_context": "11月1日，讓我們一起「為氣候而走」！\n.​\n為氣候而走｜遊行資訊\n遊行當日｜2025年11月1日（六）12：30－17：00\n集合地點｜台北市政府東門廣場",
  "ad_profile_name": "為氣候而走",
  "ad_profile_image": "https://scontent.ftpe8-2.fna.fbcdn.net/v/t39.35426-6/571486228_736964136074901_3255083003919945423_n.jpg?stp=dst-jpg_s60x60_tt6&_nc_cat=103&ccb=1-7&_nc_sid=c53f8f&_nc_ohc=KRZ4VHhK1eoQ7kNvwHJXzqE&_nc_oc=AdkP6fYZ9kLjmnCzznkJb3Lt2OOQz1jO_Q9b3K2FbZKU2RcUfGxSdW02xoHC2Z-npO0&_nc_zt=14&_nc_ht=scontent.ftpe8-2.fna&_nc_gid=sEPXLcbV3hF7KZntnvZ5IQ&oh=00_Afrfy2CpSrGPdZBlpNrn842sTllXTI3BgQGceRjwYyybNQ&oe=696E6EAE",
  "ad_is_video": false,
  "ad_video_preview_image": "https://scontent.ftpe8-2.fna.fbcdn.net/v/t39.35426-6/571415797_1155100189925502_6540664534267639990_n.jpg?_nc_cat=100&ccb=1-7&_nc_sid=c53f8f&_nc_ohc=tKxpWeaf6PMQ7kNvwF7QDVO&_nc_oc=AdlmPIVW-qILCDG0djhMkR2bPLxoe1wt_pAuhmKTtdG0kF8uYdwST0Nz3UkY-18JMtw&_nc_zt=14&_nc_ht=scontent.ftpe8-2.fna&_nc_gid=sEPXLcbV3hF7KZntnvZ5IQ&oh=00_AfofosZsVQ7xAoZUoZMmpNFkZO9IB9Zd34kuqooAwyM47Q&oe=696E4CFB",
  "ad_image": null,
  "ad_cta_text": "",
  "ad_link_description": null,
  "ad_link_url": "https://l.facebook.com/l.php?u=https%3A%2F%2Ffb.com%2Fcanvas_doc%2F1154834550119967&h=AT03qOI37t8qZfMwGlh12bMGSYd82q_je5RwhyYiUHkmz_C1dC9411cb2acRfZQ9ApaWMPk2B7rrhznsK-HQaFcyaBJ9CLvkZR4hGrYAO9j5wSV1cOMlLq89VxeB_iVrSK1JFg",
  "ad_title": "加入 #為氣候而走",
  "ad_caption": "fb.com",
  "ad_page_id": "804387842758694",
  "ad_cta_type": "",
  "ad_extra_links": [],
  "ad_extra_texts": [],
  "ad_page_categories": [
    "環境保護組織"
  ],
  "ad_page_like_count": 404,
  "ad_publisher_platform": [
    "facebook",
    "instagram"
  ],
  "ad_like_count": "0",
  "ad_share_count": "0"
}