{
  "ad_id": "1259664349333345",
  "ad_context": "蝦皮環保無包裝，不裝了真好！下單認準蝦皮環保無包裝標籤，讓網購更環保、更簡單！\n\n#蝦皮環保無包裝 #不裝了真好 #蝦皮購物",
  "ad_profile_name": "蝦皮購物 (Shopee)",
  "ad_profile_image": "https://scontent.ftpe7-2.fna.fbcdn.net/v/t39.35426-6/598381359_1675066503927719_2405500992081423294_n.jpg?stp=dst-jpg_s60x60_tt6&_nc_cat=105&ccb=1-7&_nc_sid=c53f8f&_nc_ohc=7JYX-kP6bzgQ7kNvwHz26S2&_nc_oc=AdkCgkFfaEpirc7-1s6Gp9w6ovGvnLqb_TcpIJ2nYnMltGcuch_NK_rvYVuNqzMpF9o&_nc_zt=14&_nc_ht=scontent.ftpe7-2.fna&_nc_gid=KI88816NTvdA3Jr9Dow5mA&oh=00_AfqCOROfaGXqGPfJlNW705PUFd3p4MGoRcGDF2ITmgr4Xg&oe=696D3F0C",
  "ad_is_video": false,
  "ad_video_preview_image": "https://scontent.ftpe7-2.fna.fbcdn.net/v/t39.35426-6/597818293_864329416181726_6393507540110245499_n.jpg?_nc_cat=102&ccb=1-7&_nc_sid=c53f8f&_nc_ohc=zvr4SCFEHpAQ7kNvwFOi6eH&_nc_oc=Adk-s1QtHmiN0P8XWH-cMC8mCli0Xnfl7l4PBNUE_hyh0ADQmam5d1fvX_FvX0kVno4&_nc_zt=14&_nc_ht=scontent.ftpe7-2.fna&_nc_gid=KI88816NTvdA3Jr9Dow5mA&oh=00_AfqGskbh1Hf16TzyTfJfxP5D6u5V1FtHx2dTSGtVhWTmkQ&oe=696D230F",
  "ad_image": null,
  "ad_cta_text": "Install Now",
  "ad_link_description": null,
  "ad_link_url": "https://l.facebook.com/l.php?u=http%3A%2F%2Fplay.google.com%2Fstore%2Fapps%2Fdetails%3Fid%3Dcom.shopee.tw%26fbclid%3DIwZXh0bgNhZW0CMTAAYnJpZBExQmZLMFd1azNKYklPS2NvaHNydGMGYXBwX2lkDzU0MTYzOTQ5Mzg4OTAyNQABHpqc57fkkWeEJ3U375UFEWnz34yJ7o-gMAklwoJdQzSV1gnVDhHl9Ma2zM3H_aem_tDQ8PeNvc1ebXeHJxvziOQ&h=AT0Qp2Q1To-iIWUe4Lkuy0jU71HjF-m_OwgjqOBSZMWPVgguUBKHZvLfOTOM3JzZzRsP26QSRbnOYCtHcne9OPQAvUO5BR0M2jyywhtmVGZf6egh1E5GrPApmcw-vuZVwgHBKDzf_FmSQd0NSc0NYQ",
  "ad_title": "蝦皮環保無包裝，不裝了真好",
  "ad_caption": "play.google.com",
  "ad_page_id": "334587866726921",
  "ad_cta_type": "Install Now",
  "ad_extra_links": [
    "蝦皮環保無包裝，不裝了真好",
    "蝦皮環保無包裝，不裝了真好",
    "蝦皮環保無包裝，不裝了真好"
  ],
  "ad_extra_texts": [
    "蝦皮環保無包裝，不裝了真好！下單認準蝦皮環保無包裝標籤，讓網購更環保、更簡單！\n\n#蝦皮環保無包裝 #不裝了真好 #蝦皮購物",
    "蝦皮環保無包裝，不裝了真好！下單認準蝦皮環保無包裝標籤，讓網購更環保、更簡單！\n\n#蝦皮環保無包裝 #不裝了真好 #蝦皮購物",
    "蝦皮環保無包裝，不裝了真好！下單認準蝦皮環保無包裝標籤，讓網購更環保、更簡單！\n\n#蝦皮環保無包裝 #不裝了真好 #蝦皮購物"
  ],
  "ad_page_categories": [
    "應用程式專頁"
  ],
  "ad_page_like_count": 0,
  "ad_publisher_platform": [
    "facebook",
    "instagram"
  ],
  "ad_like_count": "0",
  "ad_share_count": "0"
}