{
  "ad_id": "1259567939538550",
  "ad_context": "繼連兩屆 COP 在石油國舉辦後，今年11/10開始的 COP30 將在巴西雨林城市貝倫（Belém）登場。巴西擁有世界最大面積的熱帶雨林，又被稱為「雨林 COP」、「森林 COP」。\n\n準備行李愈來愈快的阿願將再度背上小包包，前進峰會現場。\n\n據說 COP30 議題非常豐富，但貝倫（Belém）的城市建設、住宿能否容納下五萬參與者？美國川普政府對氣候議題的冷淡態度，是否會為各種合作投下不確定因子？\n\n現在，就讓我們先來掌握 COP30 的討論重點！\n\n#願景工程基金會 #前進COP30\n#聯合國氣候變遷大會\n#國泰直擊氣候變遷趨勢\n更多永續金融知識前往 國泰永續識務所",
  "ad_profile_name": "願景工程 Vision Project",
  "ad_profile_image": "https://scontent.ftpe8-1.fna.fbcdn.net/v/t39.35426-6/577192436_839994148483655_7268917349217981388_n.jpg?stp=dst-jpg_s60x60_tt6&_nc_cat=109&ccb=1-7&_nc_sid=c53f8f&_nc_ohc=Aw0hC5pt-8EQ7kNvwGB80Ui&_nc_oc=Adm9N75f9s3sC89Zhn98UTZa11aNTJwMuhAWxhC4xEpiPz-d8DEg6LzjxY0EqULOwO4&_nc_zt=14&_nc_ht=scontent.ftpe8-1.fna&_nc_gid=RdMslMZS_USK2rLPXPoKmA&oh=00_AfouTU8lP_AQK4qwsb7BpYkV5rusMNAXnMEVH2bpzbxqdQ&oe=696DC78C",
  "ad_is_video": false,
  "ad_video_preview_image": null,
  "ad_image": "https://scontent.ftpe8-4.fna.fbcdn.net/v/t39.35426-6/578255753_1377947313951648_7133363932363446876_n.jpg?stp=dst-jpg_s600x600_tt6&_nc_cat=110&ccb=1-7&_nc_sid=c53f8f&_nc_ohc=KjPySGudRyoQ7kNvwH3SmPl&_nc_oc=Admj6hwu95xhW3x4dFfWSmTcbDaq5ybUefH70l05TVkY-R4LKGFN5aI2fp4nIzDKgtU&_nc_zt=14&_nc_ht=scontent.ftpe8-4.fna&_nc_gid=RdMslMZS_USK2rLPXPoKmA&oh=00_AfrzKHhF5eMpwM_w6FYJeu8VytCeUCnFtfbN_kTJxrKpow&oe=696DC56B",
  "ad_cta_text": "",
  "ad_link_description": null,
  "ad_link_url": null,
  "ad_title": null,
  "ad_caption": null,
  "ad_page_id": "390569611008641",
  "ad_cta_type": "",
  "ad_extra_links": [],
  "ad_extra_texts": [],
  "ad_page_categories": [
    "非營利組織"
  ],
  "ad_page_like_count": 0,
  "ad_publisher_platform": [
    "facebook"
  ],
  "ad_like_count": "0",
  "ad_share_count": "0"
}