{
  "ad_id": "1260703158959866",
  "ad_context": "Each Modern is pleased to announce its return to Taipei Dangdai. The presentation is titled Skyline, centering on rare works by two important postwar Taiwanese artists—Chen Ting-Shih and Hilo Chen. The featured pieces, The First Croack of Thunder (1972) by Chen Ting-Shih and City 7 (1981) by Hilo Chen, anchor the booth. \n\nIn The First Croack of Thunder, a celestial body breaks through the surrounding blocks like a life form emerging from a cocoon—an explosive image evoking the sound of a thunderclap in silence, symbolizing light piercing the darkness. \n\nTaipei Dangdai\n9 - 11 May, 2025\nBooth A01\n\nHilo Chen\nChen Ting-Shih\nDing HongDan\nLin YiHsuan\nLing Yung\nMoriyama Daido\n\n@taipeidangdai \n\nImage: Chen Ting-Shih, The First Croak of Thunder, 1972, cane fiber board relief print on paper, 120 x 240 cm\n\n#taipeidangdai #artfair #artcollection #taipei #taiwaneseartist #art #台北當代 #藝博會 #藝術收藏",
  "ad_profile_name": "Each Modern 亞紀畫廊",
  "ad_profile_image": "https://scontent.ftpe8-3.fna.fbcdn.net/v/t39.35426-6/495077385_707316785285111_7322742663340189125_n.jpg?stp=dst-jpg_s60x60_tt6&_nc_cat=106&ccb=1-7&_nc_sid=c53f8f&_nc_ohc=bIxZmynu92sQ7kNvwEOmcNC&_nc_oc=AdnG2CE1S3tTa4pUL2IQRejPP1C0qDkia7MpOjm7lmn4fdgCiNJ-KYBeskv-YWz7Epk&_nc_zt=14&_nc_ht=scontent.ftpe8-3.fna&_nc_gid=ldrnRCWXPSS0wDIdXUGx5A&oh=00_AfoaRvnN8TPj1YLmN5X3rn4qPK4X1SY1lNF40dlmnaY7sQ&oe=696E5230",
  "ad_is_video": false,
  "ad_video_preview_image": null,
  "ad_image": "https://scontent.ftpe8-2.fna.fbcdn.net/v/t39.35426-6/494586839_1755392078699302_7441521078454299112_n.jpg?stp=dst-jpg_s600x600_tt6&_nc_cat=100&ccb=1-7&_nc_sid=c53f8f&_nc_ohc=UuKaQ1mESZIQ7kNvwFCR1fj&_nc_oc=AdnlpFugCqhVTzI6TwjkQkBC5LE4wtTwNNC3sVbvrg0rUiF0FCFigBlnnBLKnqD73A4&_nc_zt=14&_nc_ht=scontent.ftpe8-2.fna&_nc_gid=ldrnRCWXPSS0wDIdXUGx5A&oh=00_AfrMfhlZrL__q8nvqA7FRAmvbsPKIaIK4xyzMU4KN_vipQ&oe=696E54E5",
  "ad_cta_text": "瀏覽 Instagram 個人檔案",
  "ad_link_description": "10K Followers, 1,070 Following, 412 Posts - See Instagram photos and videos from EACH MODERN (@eachmodern)",
  "ad_link_url": "https://l.facebook.com/l.php?u=https%3A%2F%2Fwww.instagram.com%2F_u%2Feachmodern%3Ffbclid%3DIwZXh0bgNhZW0CMTAAYnJpZBExazJrMW9UNzM1WTVBYVYwRXNydGMGYXBwX2lkDzU0MTYzOTQ5Mzg4OTAyNQABHkSsdegTswJvD-jf0yV9vNONdeI7NumrIX1dwS-CTC3Oev8GBmrhqdBLeBJG_aem_lHT3vWSvGq-H0kWstSi_0w&h=AT2ws9e1fEp8tjEPQrLdm78LZBS5pumseLwBiydqKiY3w3diUhVG8oezHqwoH0JVOGvt1R41CJOt2KnrzfhVCncxSoNwIA_XO_VkqbUMeFhvc7I4Plsnq5Wo6ZWuww-BKdSwEQ",
  "ad_title": "EACH MODERN (@eachmodern) • Instagram photos and videos",
  "ad_caption": "instagram.com",
  "ad_page_id": "208836353047174",
  "ad_cta_type": "瀏覽 Instagram 個人檔案",
  "ad_extra_links": [],
  "ad_extra_texts": [],
  "ad_page_categories": [
    "藝廊"
  ],
  "ad_page_like_count": 8826,
  "ad_publisher_platform": [
    "instagram"
  ],
  "ad_like_count": "0",
  "ad_share_count": "0"
}