{
  "ad_id": "1261894025220624",
  "ad_context": "關於高虹安，一般認為跟民進黨的幾個案件相比，判決太重，故而司法不公，但我們隨即看到媒體人幫洗認知，論述的邏輯是「民進黨議員/立委們都認罪，所以緩刑，但高虹安不認罪，所以重判」。\n\n換句話說，現在對攻擊高虹安的方向是「重判是合理的，跟金額大小無關」。\n\n這時候，考驗媒體視讀能力的時刻又來了，你能看出其中細微的差別與端倪嗎?\n\n我們來看看民進黨的案例，新北市議員周雅玲利用人頭詐領1388萬助理費，經費用途包括繳房貸、繳社區管理費、以及支付父親計程車費等。\n\n周雅玲認偽造文書，不認貪污，法官考量「實際支出大於所請領補助款」，輕判她8月徒刑，緩刑3年。\n\n民進黨台南市前議長賴美惠，以人頭詐領助理費234萬元，因認罪且繳回犯罪所得，最終判2年，緩刑4年。\n\n民進黨前立委陳賴素美，也以3名友人當人頭，詐領助理費785萬元，同樣因認罪且全數繳回，最終判有期徒刑2年，緩刑5年。\n\n有注意到這些案例跟高虹安的差別嗎？\n\n最大的差別不是「認罪不認罪」，而是「有沒有用人頭詐領助理費」。\n\n周雅玲、賴美惠、陳賴素美等人之所以認罪，是因為他們確實使用人頭冒領薪水，因為沒有工作紀錄、沒有打卡資料、沒有任何單據能證明工作事實，若不認罪，必敗無疑。\n\n但高虹安並沒有使用人頭冒領薪水，而且為了備查，還長期維持工作紀錄，所以才能在被找麻煩的時候，立刻交出2000多頁文書證明工作事實。\n\n至於所謂低薪高報，它的基本邏輯是：立委可以決定助理實際薪水，但為了維持辦公室雜支運作，通常會報領滿額的薪資，其中的差額再作為辦公日常用途，立委跟助理之間會先說好再執行。\n\n這種作法，不要說立委或議員，其實一堆大學教授的實驗室都有類似的運作邏輯，不然辦公室/實驗室的零用金要從哪裡來？\n\n這種公積金制度，高虹安不是首創，也絕對不會是唯一一人。\n\n用「其它人認罪，她沒認罪，故活該重判」的說法來攻擊高虹安，是有邏輯問題的，他們刻意忽略其它人的人頭冒領事實，避重就輕，行為如同加害者，對受害人落井下石。\n\n這件事，黨擺明了要政治追殺，若高不認罪，就惡意挑麻煩重判，讓她去跑上訴流程；若高認罪，那全世界都會認為她有罪，2000頁的工作紀錄就變成垃圾，民心會潰散，棒球場再沒人在意，黨的目標同樣也達成了，收回新竹指日可待。\n\n政治邏輯就這麼簡單。\n\n有人鼓動高虹安認罪，但我認為那無異自絕政路，她不是第一個被司法迫害的人，馬英九、侯漢廷、黃士修都有類似經驗，除非想退出政壇，否則就只能戰到底，沒有妥協的空間。\n\n黨可怕，媒體可怕，但人性更可怕，似是而非的訊息很多，我只能提醒大家小心詐騙。\n-------------------------\n小額贊助，支援廣告費用，對抗認知作戰\n綠界連結：https://p.ecpay.com.tw/753BA3B\n街口帳號：(396) 908239124",
  "ad_profile_name": "工程師看政治",
  "ad_profile_image": "https://scontent-tpe1-1.xx.fbcdn.net/v/t39.35426-6/454993571_891105766255637_2558221590045640140_n.jpg?stp=dst-jpg_s60x60_tt6&_nc_cat=111&ccb=1-7&_nc_sid=c53f8f&_nc_ohc=fgXbBqSz6gEQ7kNvwEud0T3&_nc_oc=AdlL-q6JUjPkWt6Rnp5urn5Zd4p3A9ECwriaad1kiT-5bWi9-nlNbM0TRL0s6Vvgah4&_nc_zt=14&_nc_ht=scontent-tpe1-1.xx&_nc_gid=jABDuQS27NIGqM2PeVKlPw&oh=00_AfqcY5yzUKSKCZ8i8B-bUGMSWfQxfN9VQ89f5pMd1Y-ehw&oe=696D625A",
  "ad_is_video": false,
  "ad_video_preview_image": null,
  "ad_image": "https://scontent-tpe1-1.xx.fbcdn.net/v/t39.35426-6/455289099_1060471295753507_5391185347894813316_n.jpg?stp=dst-jpg_s600x600_tt6&_nc_cat=102&ccb=1-7&_nc_sid=c53f8f&_nc_ohc=d1Nzid1yiY0Q7kNvwF3y9wQ&_nc_oc=AdkPoUGfqo2YywzdekMYffch-Pq-WEJOOL7py3-iqrOVGlh5k03UkNDKO_dTU_ks2JQ&_nc_zt=14&_nc_ht=scontent-tpe1-1.xx&_nc_gid=jABDuQS27NIGqM2PeVKlPw&oh=00_Afrlwcgx61hry2sSldVphOOO70tkRm8zp2-3g9GJ1WvRyw&oe=696D425D",
  "ad_cta_text": "",
  "ad_link_description": null,
  "ad_link_url": "https://p.ecpay.com.tw/753BA3B",
  "ad_title": null,
  "ad_caption": null,
  "ad_page_id": "101576862144790",
  "ad_cta_type": "",
  "ad_extra_links": [],
  "ad_extra_texts": [],
  "ad_page_categories": [
    "社論／意見"
  ],
  "ad_page_like_count": 0,
  "ad_publisher_platform": [
    "facebook",
    "instagram"
  ],
  "ad_like_count": "0",
  "ad_share_count": "0"
}