{
  "ad_id": "1261029175917498",
  "ad_context": "🚧台65線新設匝道獲核定，新莊交通改善再向前推進一步！🚧\n\n台65線南下「#新莊二匝道」出口直接銜接車流量龐大的台1甲線（中正路），再加上塭仔圳重劃區施工期間部分道路封閉，現階段不少由台65線進入市區的車輛被迫繞行中正路、新樹路、建國一路及建福路等主要路段，尖峰時段車流交織、壅塞情形嚴重，未來重劃區全面開發後，隨人口移入，交通負擔勢必進一步加重。\n\n震州在吳秉叡委員辦公室服務期間，自2019年起持續協助與中央、地方溝通協調：\n🔹短期完成 #既有匝道右轉引道改善，#有效減少車流交織，並已於 #2020年完成\n🔹長期推動 #新設匝道，讓車輛直接跨越中正路、避開最壅塞路段，從根本改善交通問題\n\n歷經秉叡委員 #5次質詢、#3次會勘、#6次跨單位協調會議，震州也在議會多次質詢、提案，要求市府加快工程計畫進度，今天，交通部長陳世凱承諾核可「#台65線增設新莊二南出匝道工程」綜合規劃，之後將交付新北市政府辦理環境差異分析。\n\n新設匝道未來將銜接 #環漢路，串聯 #環河道路系統，往返 #西盛、#樹林 及 #塭仔圳重劃區 將更加順暢，工程經費初估約9.8億元，並由中央全額負擔，後續震州也會與秉叡委員、蘇巧慧委員持續緊盯中央端作業進度，並在地方端協助市府加速行政流程，爭取今年順利動工，實質紓解新莊交通壓力。\n\n#台65線\n#新莊交通\n#交通改善",
  "ad_profile_name": "翁震州",
  "ad_profile_image": "https://scontent.ftpe8-2.fna.fbcdn.net/v/t39.35426-6/614637266_1869426293680965_9052699540714458194_n.jpg?stp=dst-jpg_s60x60_tt6&_nc_cat=101&ccb=1-7&_nc_sid=c53f8f&_nc_ohc=o75ndCdzfoMQ7kNvwHxygG9&_nc_oc=Adkj-GtrfDK4A_DGyiSBXvYVvoJwZKhgdP85FSE1_-75lwQSAuUo73nMr8Yjz3Hoe1g&_nc_zt=14&_nc_ht=scontent.ftpe8-2.fna&_nc_gid=6BTsErpsTf5jdLpWZudCHg&oh=00_AfrvzOCD5ro3SPPnpOxnrC8dWTG7q_mhcFZzeLmUUIF-bg&oe=696E6E1F",
  "ad_is_video": false,
  "ad_video_preview_image": null,
  "ad_image": "https://scontent.ftpe8-2.fna.fbcdn.net/v/t39.35426-6/615206767_1418580449875372_334323138609643577_n.jpg?stp=dst-jpg_s600x600_tt6&_nc_cat=100&ccb=1-7&_nc_sid=c53f8f&_nc_ohc=TL8li_Jon34Q7kNvwFBK0oQ&_nc_oc=AdlXPXymeO9EtWdiHT2hR-YeAF16x72x9U-kMWQ2xRnmrl4lX-0Y4UMEQ_iQQuvL4zE&_nc_zt=14&_nc_ht=scontent.ftpe8-2.fna&_nc_gid=6BTsErpsTf5jdLpWZudCHg&oh=00_Afrv2a5araxZ0cRG0W5r1LTKgEMol6G30XDDGM04riZtFQ&oe=696E5833",
  "ad_cta_text": "",
  "ad_link_description": null,
  "ad_link_url": null,
  "ad_title": null,
  "ad_caption": null,
  "ad_page_id": "104013138750678",
  "ad_cta_type": "",
  "ad_extra_links": [],
  "ad_extra_texts": [],
  "ad_page_categories": [
    "政治人物"
  ],
  "ad_page_like_count": 0,
  "ad_publisher_platform": [
    "facebook",
    "instagram"
  ],
  "ad_like_count": "0",
  "ad_share_count": "0"
}