{
  "ad_id": "1262794642157171",
  "ad_context": "✦𝗕𝗨𝗦𝗜𝗡𝗘𝗦𝗦 𝗘𝗩𝗘𝗡𝗧𝗦 𝗧𝗥𝗘𝗡𝗗𝗦✦\n﹉﹉﹉﹉﹉﹉﹉﹉﹉﹉﹉﹉﹉﹉\n2025 World Happiness Report issued : Taiwan Tops the List as the Happiest Place in Asia! Plan your next business event where happiness meets opportunity ✨\n⠀⠀\nAccording to the 2025 World Happiness Report, from a United Nations supported entity, Taiwan ranks as the happiest place in Asia 🤗. Known for a high quality of life, friendly atmosphere, and top-tier infrastructure, Taiwan is a standout destination for international conferences and business events.\n⠀⠀\nPlan your next business event in Taiwan with world-class venues, international-standard hotels, and outstanding service ensuring a smooth experience from start to finish, as happiness and success take center stage.👏🏻👏🏻\n⠀⠀\n🔍 Find More Venue https://pse.is/6fxyj6\n⠀⠀\n﹉﹉﹉﹉﹉﹉﹉﹉﹉﹉﹉﹉﹉﹉\n⠀⠀\n#2025年世界幸福報告 出爐\n🇹🇼 亞洲最幸福地方在臺灣 🇹🇼\n選對地點，打造你的幸福會展✨\n從開會、交流到旅行，美好體驗不間斷！\n⠀⠀\n根據聯合國資助機構發布的《2025年世界幸福報告》，臺灣榮登亞洲最幸福的地方🤗，展現出臺灣高品質的生活與友善氛圍；在完善的基礎建設、便捷的大眾交通、豐富的產業資源與政策下，更成為舉辦國際會展與商務交流的最佳選擇！\n⠀⠀\n現在就來臺灣規劃你的下一場會展活動，體驗高規格的場館設施、國際級飯店與服務，還有令人驚艷的美食、文化與旅遊體驗，讓幸福與商機在臺灣發光發熱，為會展活動增添獨一無二的價值👏🏻👏🏻\n⠀⠀\n#BusinessEventsTrends\n#WorldHappinessReport2025",
  "ad_profile_name": "MEET TAIWAN",
  "ad_profile_image": "https://scontent.ftpe8-3.fna.fbcdn.net/v/t39.35426-6/495252881_24284918627762925_1381250432566766177_n.jpg?stp=dst-jpg_s60x60_tt6&_nc_cat=111&ccb=1-7&_nc_sid=c53f8f&_nc_ohc=gjsKjfZ7B94Q7kNvwHwCCY1&_nc_oc=AdmoronX4QAafWuaa5SSwL8xQI0fbiICOPqJfGDsw57M0HRzMFQ9D6zbtHvEFARv7ps&_nc_zt=14&_nc_ht=scontent.ftpe8-3.fna&_nc_gid=QHQum8zbZ6EuC6GQt1NpQA&oh=00_AfrWArZSoV6Jy0GuXx0SrvP2aj4wWR8IXdd0ZEl9a7HvQw&oe=696E5C53",
  "ad_is_video": false,
  "ad_video_preview_image": "https://scontent.ftpe8-4.fna.fbcdn.net/v/t39.35426-6/496302750_1601165220547589_4284441121026393185_n.jpg?_nc_cat=110&ccb=1-7&_nc_sid=c53f8f&_nc_ohc=n__MGo95b4gQ7kNvwGeeZko&_nc_oc=Admu6ZAmNijrrGnQqkshayyUN82FmzxLWcW66JapX-1TnapptbeiEL-Y4dQ_6SkWbQU&_nc_zt=14&_nc_ht=scontent.ftpe8-4.fna&_nc_gid=QHQum8zbZ6EuC6GQt1NpQA&oh=00_AfpR9zW7U_TftDdCSoFQYbc5-x5V9oDqIML9Mc6HR2jLqg&oe=696E431A",
  "ad_image": null,
  "ad_cta_text": "說這專頁讚",
  "ad_link_description": null,
  "ad_link_url": "https://pse.is/6fxyj6",
  "ad_title": null,
  "ad_caption": "www.facebook.com",
  "ad_page_id": "232499536810430",
  "ad_cta_type": "說這專頁讚",
  "ad_extra_links": [],
  "ad_extra_texts": [],
  "ad_page_categories": [
    "商品／服務"
  ],
  "ad_page_like_count": 0,
  "ad_publisher_platform": [
    "facebook"
  ],
  "ad_like_count": "0",
  "ad_share_count": "0"
}