{
  "ad_id": "1262457041806001",
  "ad_context": "老派浪漫新字體，創造深邃時代風味，「日花」展開集資計畫！立刻支持 ​ jf 字友社年度計畫 👉 https://bit.ly/3RbUsCO\n​\n▎贊助專案獲得日花字型永久授權、justfont VVIP 資格\n​\n如果喜歡日治大正時代、大亨小傳電影、慕夏（Mucha）、克林姆（Klimt）畫作中浪漫典雅的時代氛圍，或許「日花」是你下一款該收藏的字體。\n​\n起源自 20 世紀早期迷人的美術字，字體設計師陳冠穎從各種詩文集、唱片封面、報章廣告中尋找靈感，博覽現代幾乎消失的字形寫法、整體風格與造型特徵，創造了「日花」。除了優雅之外，更隱約透露神秘、曖昧的氛圍。\n​\n日花字體發展已邁入第三年，從概念草稿漸漸成形為具體風格。預計製作超過 9000 字，不僅包含歐文字母、注音、數字，更有台語、客語羅馬字、漢字、原住民族與、粵語常用字以及日文假名。期盼在民眾持續支持下，推動台灣文字風格進一步推展。\n​\n贊助集資計畫，便能以集資期間最低 #41折 提前收藏「日花」字型檔案。#授權期間永久，無使用地區限制，並可做各式商用，包含製作社群貼文、Line 貼圖、影片標題、產品包裝設計，且同時可用於手機製作素材，並預計將於集資完成的一年後（2025 年 7 月）正式於 justfont 官方網站發售，贊助者將可於 justfont 官網下載使用。\n​\n​\n▎#WaBay挖貝平台 為了 #支持台灣原創文化內容，讓每一筆贊助都能直接回饋到未來的原創字體設計，特別提供「日花」團隊 0% 平台服務費。歡迎民眾以 #自選服務費 方式贊助，讓平台能支持更多優質團隊。\n​\n日花字體集資專案已在 WaBay 挖貝群眾集資平台展開：https://bit.ly/3RbUsCO \n​\n#WaBay #挖貝 #挖貝集資 #字體\n─────────────────────\nWaBay 挖貝．群眾集資平台\n把關責任與透明，給你最安心美好的集資體驗 \n🔎 挖貝：https://backme.tw/ref/vPfxj/",
  "ad_profile_name": "WaBay 挖貝",
  "ad_profile_image": "https://scontent.ftpe8-2.fna.fbcdn.net/v/t39.35426-6/445614798_1120854182362338_7156760293512635374_n.jpg?stp=dst-jpg_s60x60_tt6&_nc_cat=101&ccb=1-7&_nc_sid=c53f8f&_nc_ohc=mEIEeTpu4jMQ7kNvwF_xPjm&_nc_oc=AdnQQejUDAJjF-MHEC4IQ6in2l6FxgB-ni5pBYYpyUZvlfQWhq0Hs1w6a7EtqYO1QVg&_nc_zt=14&_nc_ht=scontent.ftpe8-2.fna&_nc_gid=JzUJGy5BMRtXioi9yz6Wlw&oh=00_AfouwYLTigO_VQlqq1-lIJ0AEfeXtzk0eRJfIathAziIOA&oe=696E52B0",
  "ad_is_video": false,
  "ad_video_preview_image": null,
  "ad_image": "https://scontent.ftpe8-4.fna.fbcdn.net/v/t39.35426-6/446810496_1830486174114506_5234598348443851574_n.jpg?stp=dst-jpg_s600x600_tt6&_nc_cat=104&ccb=1-7&_nc_sid=c53f8f&_nc_ohc=uNG6hC767ygQ7kNvwFqy5HO&_nc_oc=AdkzDb4hVhFLXgHY7k1wNtgNSLQnWNY1sUDaHdzyAm905956rcb3fFebl22tdmR6Ssk&_nc_zt=14&_nc_ht=scontent.ftpe8-4.fna&_nc_gid=JzUJGy5BMRtXioi9yz6Wlw&oh=00_AfrbAaVUw29ztE6gVamR3EeE5v878MppDlGrMPAC9xDLuw&oe=696E5B3A",
  "ad_cta_text": "瞭解詳情",
  "ad_link_description": "起源自 20 世紀早期迷人的美術字，日花字體的特色是融合老派經典的手繪造型，以及罕見的老招牌看板寫法。日花有著特定時代的視覺線索，助你帶出深邃有厚度的氛圍。",
  "ad_link_url": "https://bit.ly/3RbUsCO",
  "ad_title": "收藏永久「日花」43折起，贊助即可獲得 justfont VVIP 會員！",
  "ad_caption": "wabay.tw",
  "ad_page_id": "103469901828540",
  "ad_cta_type": "瞭解詳情",
  "ad_extra_links": [],
  "ad_extra_texts": [],
  "ad_page_categories": [],
  "ad_page_like_count": 0,
  "ad_publisher_platform": [
    "facebook",
    "instagram"
  ],
  "ad_like_count": "0",
  "ad_share_count": "0"
}