{
  "ad_id": "1263394342272161",
  "ad_context": "一隻小羊走得慢，但他從來不孤單\n每一筆捐款，都是你送出的陪伴與勇氣 💗\n點我支持受暴婦幼，並把暖心捐款禮帶回家\n👉 https://pse.is/7y4vky\n⠀\n今年善牧再次邀請插畫家 Cani肯妮的插畫生活\n創作公益插畫《與你並肩，守護前行》\n以「庇護」為主題，描繪陪伴與守護的溫暖意象\n⠀\n畫中的小羊彼此依偎、穿越風雨\n就像那些努力離開暴力的婦女與孩子\n在復原的路上，一步步療傷、重新出發⠀⠀\n⠀\n在台灣，平均不到 3 分鐘，就有 1 件家暴發生\n有人抱著孩子倉皇逃離，卻不知道下一步該往哪裡...\n事實上，「脫離暴力」從來不是一條容易的路\n⠀⠀\n✨ 當他們身陷傷痛與恐懼，您的行動能成為一道光 ✨\n現在，就是他們最需要你的時候\n⠀\n邀請您支持善牧【受暴婦幼服務經費】\n讓害怕的心不再哭泣，勇敢走出恐懼 🙌\n⠀\n捐款滿 450 元，即可索取《與你並肩，守護前行》系列捐款禮\n 👉 https://pse.is/7y4vky",
  "ad_profile_name": "天主教善牧基金會",
  "ad_profile_image": "https://scontent.ftpe8-2.fna.fbcdn.net/v/t39.35426-6/514253305_1330138162058166_4226604610058658590_n.jpg?stp=dst-jpg_s60x60_tt6&_nc_cat=101&ccb=1-7&_nc_sid=c53f8f&_nc_ohc=u_YPQXZ_bDMQ7kNvwEuwAZN&_nc_oc=AdlYQp1nBGfsJAJfOxfk4y7bLivNG44DgMdbxi6uayUGJvQj36lIir9i2RRXuh7jfSE&_nc_zt=14&_nc_ht=scontent.ftpe8-2.fna&_nc_gid=d7xo9KeGfG7GBvndD_9Cug&oh=00_AfpPmwXtFriB-DKScJ3yftKx2qS1H-5hZ8VG8RKZRDHFJg&oe=696E45D4",
  "ad_is_video": false,
  "ad_video_preview_image": null,
  "ad_image": "https://scontent.ftpe8-3.fna.fbcdn.net/v/t39.35426-6/558880808_1135499055202412_7914250054667740741_n.jpg?stp=dst-jpg_s600x600_tt6&_nc_cat=106&ccb=1-7&_nc_sid=c53f8f&_nc_ohc=vUzOhB1HiwUQ7kNvwEVl1Wb&_nc_oc=AdlQghqFo6M1D0acOnkaupBvWRc_M_oOma8zN19a0pDDWaapNDHy-CiGYU-cJ39IoAM&_nc_zt=14&_nc_ht=scontent.ftpe8-3.fna&_nc_gid=d7xo9KeGfG7GBvndD_9Cug&oh=00_Afp2_rv7AHk9jaqm5WyT0xuiA3ILQ7mn6uAjbdmDe_GNGA&oe=696E6488",
  "ad_cta_text": "瞭解詳情",
  "ad_link_description": "讓害怕的心不再哭泣，走出恐懼的生活",
  "ad_link_url": "https://pse.is/7y4vky",
  "ad_title": "現在，就是他們最需要你的時候 😢💔",
  "ad_caption": "捐款450元起.即可索取多款滿額禮",
  "ad_page_id": "170671044596",
  "ad_cta_type": "瞭解詳情",
  "ad_extra_links": [],
  "ad_extra_texts": [],
  "ad_page_categories": [
    "非營利組織"
  ],
  "ad_page_like_count": 0,
  "ad_publisher_platform": [
    "facebook",
    "instagram"
  ],
  "ad_like_count": "0",
  "ad_share_count": "0"
}