{
  "ad_id": "1264628202232986",
  "ad_context": "#課程早鳥優惠47折 #倒數1小時 \n#文末領300元折扣碼\n\n拍攝影片時，你有以下困擾嗎？\n想拍出個人風格，卻一直停在模仿階段？\n現有團隊編制小，時間、設備、人力都不夠用？\n想學實戰經驗，卻從沒看過專業專案完整執行？\n想做出有深度的作品，但總陷在技巧裡出不來？\n\n大家好，我們是來自日本的白映多元，我們是一個專注於創意指導、攝影和影片製作的影像工作團隊。\n\n接近 10 年前，我們團隊剛成立的時候，成員只有三個人，當時也不太了解何謂工作規模，就這樣以人力有限的狀況下出發，一路累積經驗，做了很多嘗試，最終成為專注於小規模製作的團隊。\n\n▍ 影像界的氛圍魔術師—— bird and insect 與白映多元是誰？\n我們擅長將抽象的品牌理念轉成能被拍出的影像概念，\n拍攝時運用自然光、構圖與流動感，打造節奏、有機、異想的排列組合。\n有許多與知名國際品牌合作的經驗。\n2024 年，我們在台灣成立白映多元辦公室，希望把專業帶給更多創作者。\n\n▍ 這堂課特別為個人創作者、小團隊、自由接案者設計\n課程包含三大核心段落，由日本講師群授課，\n完整學習影像製作專業流程、實際案例與執行心法\n① 企劃構築——如何從核心概念與關鍵字出發，打造能被執行的企劃與分鏡\n② 拍攝現場——小團隊如何在有限資源下拍出氛圍？光線怎麼判斷？畫面如何組織？\n③ 後製氛圍——剪輯節奏、音樂影響、調色方向，完整示範如何讓畫面「有情緒」\n\n▍ 課程亮點\n✔ 從企劃 → 拍攝 → 後製的完整影像製作路線\n✔ 單人、小團隊也能做到的高效拍攝方法\n✔ 拆解日式影像氛圍的核心：構圖、節奏、光線、敘事\n✔ 以案例示範完整影像製作流程\n\n★日本專業影像團隊跨海教學\n★拍攝現場十年累積的關鍵心法\n5 大章節全攻略 Ｘ 30+ 實戰單元 Ｘ 500 分鐘專業指導\n課程 #早鳥優惠47折 即將結束\n現在就開始提升影像質感，讓你的風格成為專業\n\n【日本團隊親授風格影像課｜企劃×拍攝×後製，小團隊也能打造專業品牌合作案】\n🎥課程連結：https://seeds.com.tw/courses/baiyingduoyuan\n🎥現在購買，結帳時輸入「baiy300b」即可獲得 NT$300 折扣優惠（使用期限：2026/06/30 23:59）\n\n學籽線上課程 © 2025 Seeducation. All Rights Reserved.\n#日本團隊 #影像製作 #跨海教學 #日式風格 #品牌影像 #影像工作者 #自由接案 #小團隊拍攝",
  "ad_profile_name": "白映多元｜bird and insect Taiwan",
  "ad_profile_image": "https://scontent.ftpe7-2.fna.fbcdn.net/v/t39.35426-6/615771920_1395493851629876_7287582908488125346_n.jpg?stp=dst-jpg_s60x60_tt6&_nc_cat=104&ccb=1-7&_nc_sid=c53f8f&_nc_ohc=BsbCjgK5d8UQ7kNvwE6gV7F&_nc_oc=Adm9d48Gs06sGznist-VAbKIJ8f3szYg7EDEGtSh8dlylcHXXyYau-B4YdHrwSySiNQ&_nc_zt=14&_nc_ht=scontent.ftpe7-2.fna&_nc_gid=ldKHQU4U39MsagyvWwlIAg&oh=00_Afp_9gIA3YcSPgPWS0v8WRyjHyQEyHWQ_BwfHkEH0SSTbA&oe=696D2557",
  "ad_is_video": false,
  "ad_video_preview_image": null,
  "ad_image": "https://scontent.ftpe7-1.fna.fbcdn.net/v/t39.35426-6/615295944_2315412228939274_1376709729111219875_n.jpg?stp=dst-jpg_s600x600_tt6&_nc_cat=103&ccb=1-7&_nc_sid=c53f8f&_nc_ohc=mwwxJJthSqAQ7kNvwGD2ztb&_nc_oc=Adk9u6HiBdJNb4-0FgRe2NJprUMMQrt08l90RL1w_NqJrzvt6HAwAUv6sd7dJDKGZaY&_nc_zt=14&_nc_ht=scontent.ftpe7-1.fna&_nc_gid=ldKHQU4U39MsagyvWwlIAg&oh=00_Afr4YOslf5MIg-GM2Zd4gUIOPaJf32Y77dh7QNGGQSS2lQ&oe=696D2BFE",
  "ad_cta_text": "Learn More",
  "ad_link_description": null,
  "ad_link_url": "https://seeds.com.tw/courses/baiyingduoyuan",
  "ad_title": "💥早鳥 47 折優惠即將結束💥日本團隊親授風格影像課，小團隊也能打造專業品牌合作案",
  "ad_caption": "seeds.com.tw",
  "ad_page_id": "250658431473472",
  "ad_cta_type": "Learn More",
  "ad_extra_links": [],
  "ad_extra_texts": [
    "#課程早鳥優惠47折 #倒數1小時 \n#文末領300元折扣碼\n\n拍攝影片時，你有以下困擾嗎？\n想拍出個人風格，卻一直停在模仿階段？\n現有團隊編制小，時間、設備、人力都不夠用？\n想學實戰經驗，卻從沒看過專業專案完整執行？\n想做出有深度的作品，但總陷在技巧裡出不來？\n\n大家好，我們是來自日本的白映多元，我們是一個專注於創意指導、攝影和影片製作的影像工作團隊。\n\n接近 10 年前，我們團隊剛成立的時候，成員只有三個人，當時也不太了解何謂工作規模，就這樣以人力有限的狀況下出發，一路累積經驗，做了很多嘗試，最終成為專注於小規模製作的團隊。\n\n▍ 影像界的氛圍魔術師—— bird and insect 與白映多元是誰？\n我們擅長將抽象的品牌理念轉成能被拍出的影像概念，\n拍攝時運用自然光、構圖與流動感，打造節奏、有機、異想的排列組合。\n有許多與知名國際品牌合作的經驗。\n2024 年，我們在台灣成立白映多元辦公室，希望把專業帶給更多創作者。\n\n▍ 這堂課特別為個人創作者、小團隊、自由接案者設計\n課程包含三大核心段落，由日本講師群授課，\n完整學習影像製作專業流程、實際案例與執行心法\n① 企劃構築——如何從核心概念與關鍵字出發，打造能被執行的企劃與分鏡\n② 拍攝現場——小團隊如何在有限資源下拍出氛圍？光線怎麼判斷？畫面如何組織？\n③ 後製氛圍——剪輯節奏、音樂影響、調色方向，完整示範如何讓畫面「有情緒」\n\n▍ 課程亮點\n✔ 從企劃 → 拍攝 → 後製的完整影像製作路線\n✔ 單人、小團隊也能做到的高效拍攝方法\n✔ 拆解日式影像氛圍的核心：構圖、節奏、光線、敘事\n✔ 以案例示範完整影像製作流程\n\n★日本專業影像團隊跨海教學\n★拍攝現場十年累積的關鍵心法\n5 大章節全攻略 Ｘ 30+ 實戰單元 Ｘ 500 分鐘專業指導\n課程 #早鳥優惠47折 即將結束\n現在就開始提升影像質感，讓你的風格成為專業\n\n【日本團隊親授風格影像課｜企劃×拍攝×後製，小團隊也能打造專業品牌合作案】\n🎥課程連結：https://seeds.com.tw/courses/baiyingduoyuan\n🎥現在購買，結帳時輸入「baiy300b」即可獲得 NT$300 折扣優惠（使用期限：2026/06/30 23:59）\n\n學籽線上課程 © 2025 Seeducation. All Rights Reserved.\n#日本團隊 #影像製作 #跨海教學 #日式風格 #品牌影像 #影像工作者 #自由接案 #小團隊拍攝",
    "#課程早鳥優惠47折 #倒數1小時 \n#文末領300元折扣碼\n\n拍攝影片時，你有以下困擾嗎？\n想拍出個人風格，卻一直停在模仿階段？\n現有團隊編制小，時間、設備、人力都不夠用？\n想學實戰經驗，卻從沒看過專業專案完整執行？\n想做出有深度的作品，但總陷在技巧裡出不來？\n\n大家好，我們是來自日本的白映多元，我們是一個專注於創意指導、攝影和影片製作的影像工作團隊。\n\n接近 10 年前，我們團隊剛成立的時候，成員只有三個人，當時也不太了解何謂工作規模，就這樣以人力有限的狀況下出發，一路累積經驗，做了很多嘗試，最終成為專注於小規模製作的團隊。\n\n▍ 影像界的氛圍魔術師—— bird and insect 與白映多元是誰？\n我們擅長將抽象的品牌理念轉成能被拍出的影像概念，\n拍攝時運用自然光、構圖與流動感，打造節奏、有機、異想的排列組合。\n有許多與知名國際品牌合作的經驗。\n2024 年，我們在台灣成立白映多元辦公室，希望把專業帶給更多創作者。\n\n▍ 這堂課特別為個人創作者、小團隊、自由接案者設計\n課程包含三大核心段落，由日本講師群授課，\n完整學習影像製作專業流程、實際案例與執行心法\n① 企劃構築——如何從核心概念與關鍵字出發，打造能被執行的企劃與分鏡\n② 拍攝現場——小團隊如何在有限資源下拍出氛圍？光線怎麼判斷？畫面如何組織？\n③ 後製氛圍——剪輯節奏、音樂影響、調色方向，完整示範如何讓畫面「有情緒」\n\n▍ 課程亮點\n✔ 從企劃 → 拍攝 → 後製的完整影像製作路線\n✔ 單人、小團隊也能做到的高效拍攝方法\n✔ 拆解日式影像氛圍的核心：構圖、節奏、光線、敘事\n✔ 以案例示範完整影像製作流程\n\n★日本專業影像團隊跨海教學\n★拍攝現場十年累積的關鍵心法\n5 大章節全攻略 Ｘ 30+ 實戰單元 Ｘ 500 分鐘專業指導\n課程 #早鳥優惠47折 即將結束\n現在就開始提升影像質感，讓你的風格成為專業\n\n【日本團隊親授風格影像課｜企劃×拍攝×後製，小團隊也能打造專業品牌合作案】\n🎥課程連結：https://seeds.com.tw/courses/baiyingduoyuan\n🎥現在購買，結帳時輸入「baiy300b」即可獲得 NT$300 折扣優惠（使用期限：2026/06/30 23:59）\n\n學籽線上課程 © 2025 Seeducation. All Rights Reserved.\n#日本團隊 #影像製作 #跨海教學 #日式風格 #品牌影像 #影像工作者 #自由接案 #小團隊拍攝",
    "#課程早鳥優惠47折 #倒數1小時 \n#文末領300元折扣碼\n\n拍攝影片時，你有以下困擾嗎？\n想拍出個人風格，卻一直停在模仿階段？\n現有團隊編制小，時間、設備、人力都不夠用？\n想學實戰經驗，卻從沒看過專業專案完整執行？\n想做出有深度的作品，但總陷在技巧裡出不來？\n\n大家好，我們是來自日本的白映多元，我們是一個專注於創意指導、攝影和影片製作的影像工作團隊。\n\n接近 10 年前，我們團隊剛成立的時候，成員只有三個人，當時也不太了解何謂工作規模，就這樣以人力有限的狀況下出發，一路累積經驗，做了很多嘗試，最終成為專注於小規模製作的團隊。\n\n▍ 影像界的氛圍魔術師—— bird and insect 與白映多元是誰？\n我們擅長將抽象的品牌理念轉成能被拍出的影像概念，\n拍攝時運用自然光、構圖與流動感，打造節奏、有機、異想的排列組合。\n有許多與知名國際品牌合作的經驗。\n2024 年，我們在台灣成立白映多元辦公室，希望把專業帶給更多創作者。\n\n▍ 這堂課特別為個人創作者、小團隊、自由接案者設計\n課程包含三大核心段落，由日本講師群授課，\n完整學習影像製作專業流程、實際案例與執行心法\n① 企劃構築——如何從核心概念與關鍵字出發，打造能被執行的企劃與分鏡\n② 拍攝現場——小團隊如何在有限資源下拍出氛圍？光線怎麼判斷？畫面如何組織？\n③ 後製氛圍——剪輯節奏、音樂影響、調色方向，完整示範如何讓畫面「有情緒」\n\n▍ 課程亮點\n✔ 從企劃 → 拍攝 → 後製的完整影像製作路線\n✔ 單人、小團隊也能做到的高效拍攝方法\n✔ 拆解日式影像氛圍的核心：構圖、節奏、光線、敘事\n✔ 以案例示範完整影像製作流程\n\n★日本專業影像團隊跨海教學\n★拍攝現場十年累積的關鍵心法\n5 大章節全攻略 Ｘ 30+ 實戰單元 Ｘ 500 分鐘專業指導\n課程 #早鳥優惠47折 即將結束\n現在就開始提升影像質感，讓你的風格成為專業\n\n【日本團隊親授風格影像課｜企劃×拍攝×後製，小團隊也能打造專業品牌合作案】\n🎥課程連結：https://seeds.com.tw/courses/baiyingduoyuan\n🎥現在購買，結帳時輸入「baiy300b」即可獲得 NT$300 折扣優惠（使用期限：2026/06/30 23:59）\n\n學籽線上課程 © 2025 Seeducation. All Rights Reserved.\n#日本團隊 #影像製作 #跨海教學 #日式風格 #品牌影像 #影像工作者 #自由接案 #小團隊拍攝",
    "#課程早鳥優惠47折 #倒數1小時 \n#文末領300元折扣碼\n\n拍攝影片時，你有以下困擾嗎？\n想拍出個人風格，卻一直停在模仿階段？\n現有團隊編制小，時間、設備、人力都不夠用？\n想學實戰經驗，卻從沒看過專業專案完整執行？\n想做出有深度的作品，但總陷在技巧裡出不來？\n\n大家好，我們是來自日本的白映多元，我們是一個專注於創意指導、攝影和影片製作的影像工作團隊。\n\n接近 10 年前，我們團隊剛成立的時候，成員只有三個人，當時也不太了解何謂工作規模，就這樣以人力有限的狀況下出發，一路累積經驗，做了很多嘗試，最終成為專注於小規模製作的團隊。\n\n▍ 影像界的氛圍魔術師—— bird and insect 與白映多元是誰？\n我們擅長將抽象的品牌理念轉成能被拍出的影像概念，\n拍攝時運用自然光、構圖與流動感，打造節奏、有機、異想的排列組合。\n有許多與知名國際品牌合作的經驗。\n2024 年，我們在台灣成立白映多元辦公室，希望把專業帶給更多創作者。\n\n▍ 這堂課特別為個人創作者、小團隊、自由接案者設計\n課程包含三大核心段落，由日本講師群授課，\n完整學習影像製作專業流程、實際案例與執行心法\n① 企劃構築——如何從核心概念與關鍵字出發，打造能被執行的企劃與分鏡\n② 拍攝現場——小團隊如何在有限資源下拍出氛圍？光線怎麼判斷？畫面如何組織？\n③ 後製氛圍——剪輯節奏、音樂影響、調色方向，完整示範如何讓畫面「有情緒」\n\n▍ 課程亮點\n✔ 從企劃 → 拍攝 → 後製的完整影像製作路線\n✔ 單人、小團隊也能做到的高效拍攝方法\n✔ 拆解日式影像氛圍的核心：構圖、節奏、光線、敘事\n✔ 以案例示範完整影像製作流程\n\n★日本專業影像團隊跨海教學\n★拍攝現場十年累積的關鍵心法\n5 大章節全攻略 Ｘ 30+ 實戰單元 Ｘ 500 分鐘專業指導\n課程 #早鳥優惠47折 即將結束\n現在就開始提升影像質感，讓你的風格成為專業\n\n【日本團隊親授風格影像課｜企劃×拍攝×後製，小團隊也能打造專業品牌合作案】\n🎥課程連結：https://seeds.com.tw/courses/baiyingduoyuan\n🎥現在購買，結帳時輸入「baiy300b」即可獲得 NT$300 折扣優惠（使用期限：2026/06/30 23:59）\n\n學籽線上課程 © 2025 Seeducation. All Rights Reserved.\n#日本團隊 #影像製作 #跨海教學 #日式風格 #品牌影像 #影像工作者 #自由接案 #小團隊拍攝",
    "#課程早鳥優惠47折 #倒數1小時 \n#文末領300元折扣碼\n\n拍攝影片時，你有以下困擾嗎？\n想拍出個人風格，卻一直停在模仿階段？\n現有團隊編制小，時間、設備、人力都不夠用？\n想學實戰經驗，卻從沒看過專業專案完整執行？\n想做出有深度的作品，但總陷在技巧裡出不來？\n\n大家好，我們是來自日本的白映多元，我們是一個專注於創意指導、攝影和影片製作的影像工作團隊。\n\n接近 10 年前，我們團隊剛成立的時候，成員只有三個人，當時也不太了解何謂工作規模，就這樣以人力有限的狀況下出發，一路累積經驗，做了很多嘗試，最終成為專注於小規模製作的團隊。\n\n▍ 影像界的氛圍魔術師—— bird and insect 與白映多元是誰？\n我們擅長將抽象的品牌理念轉成能被拍出的影像概念，\n拍攝時運用自然光、構圖與流動感，打造節奏、有機、異想的排列組合。\n有許多與知名國際品牌合作的經驗。\n2024 年，我們在台灣成立白映多元辦公室，希望把專業帶給更多創作者。\n\n▍ 這堂課特別為個人創作者、小團隊、自由接案者設計\n課程包含三大核心段落，由日本講師群授課，\n完整學習影像製作專業流程、實際案例與執行心法\n① 企劃構築——如何從核心概念與關鍵字出發，打造能被執行的企劃與分鏡\n② 拍攝現場——小團隊如何在有限資源下拍出氛圍？光線怎麼判斷？畫面如何組織？\n③ 後製氛圍——剪輯節奏、音樂影響、調色方向，完整示範如何讓畫面「有情緒」\n\n▍ 課程亮點\n✔ 從企劃 → 拍攝 → 後製的完整影像製作路線\n✔ 單人、小團隊也能做到的高效拍攝方法\n✔ 拆解日式影像氛圍的核心：構圖、節奏、光線、敘事\n✔ 以案例示範完整影像製作流程\n\n★日本專業影像團隊跨海教學\n★拍攝現場十年累積的關鍵心法\n5 大章節全攻略 Ｘ 30+ 實戰單元 Ｘ 500 分鐘專業指導\n課程 #早鳥優惠47折 即將結束\n現在就開始提升影像質感，讓你的風格成為專業\n\n【日本團隊親授風格影像課｜企劃×拍攝×後製，小團隊也能打造專業品牌合作案】\n🎥課程連結：https://seeds.com.tw/courses/baiyingduoyuan\n🎥現在購買，結帳時輸入「baiy300b」即可獲得 NT$300 折扣優惠（使用期限：2026/06/30 23:59）\n\n學籽線上課程 © 2025 Seeducation. All Rights Reserved.\n#日本團隊 #影像製作 #跨海教學 #日式風格 #品牌影像 #影像工作者 #自由接案 #小團隊拍攝",
    "#課程早鳥優惠47折 #倒數1小時 \n#文末領300元折扣碼\n\n拍攝影片時，你有以下困擾嗎？\n想拍出個人風格，卻一直停在模仿階段？\n現有團隊編制小，時間、設備、人力都不夠用？\n想學實戰經驗，卻從沒看過專業專案完整執行？\n想做出有深度的作品，但總陷在技巧裡出不來？\n\n大家好，我們是來自日本的白映多元，我們是一個專注於創意指導、攝影和影片製作的影像工作團隊。\n\n接近 10 年前，我們團隊剛成立的時候，成員只有三個人，當時也不太了解何謂工作規模，就這樣以人力有限的狀況下出發，一路累積經驗，做了很多嘗試，最終成為專注於小規模製作的團隊。\n\n▍ 影像界的氛圍魔術師—— bird and insect 與白映多元是誰？\n我們擅長將抽象的品牌理念轉成能被拍出的影像概念，\n拍攝時運用自然光、構圖與流動感，打造節奏、有機、異想的排列組合。\n有許多與知名國際品牌合作的經驗。\n2024 年，我們在台灣成立白映多元辦公室，希望把專業帶給更多創作者。\n\n▍ 這堂課特別為個人創作者、小團隊、自由接案者設計\n課程包含三大核心段落，由日本講師群授課，\n完整學習影像製作專業流程、實際案例與執行心法\n① 企劃構築——如何從核心概念與關鍵字出發，打造能被執行的企劃與分鏡\n② 拍攝現場——小團隊如何在有限資源下拍出氛圍？光線怎麼判斷？畫面如何組織？\n③ 後製氛圍——剪輯節奏、音樂影響、調色方向，完整示範如何讓畫面「有情緒」\n\n▍ 課程亮點\n✔ 從企劃 → 拍攝 → 後製的完整影像製作路線\n✔ 單人、小團隊也能做到的高效拍攝方法\n✔ 拆解日式影像氛圍的核心：構圖、節奏、光線、敘事\n✔ 以案例示範完整影像製作流程\n\n★日本專業影像團隊跨海教學\n★拍攝現場十年累積的關鍵心法\n5 大章節全攻略 Ｘ 30+ 實戰單元 Ｘ 500 分鐘專業指導\n課程 #早鳥優惠47折 即將結束\n現在就開始提升影像質感，讓你的風格成為專業\n\n【日本團隊親授風格影像課｜企劃×拍攝×後製，小團隊也能打造專業品牌合作案】\n🎥課程連結：https://seeds.com.tw/courses/baiyingduoyuan\n🎥現在購買，結帳時輸入「baiy300b」即可獲得 NT$300 折扣優惠（使用期限：2026/06/30 23:59）\n\n學籽線上課程 © 2025 Seeducation. All Rights Reserved.\n#日本團隊 #影像製作 #跨海教學 #日式風格 #品牌影像 #影像工作者 #自由接案 #小團隊拍攝"
  ],
  "ad_page_categories": [
    "攝影"
  ],
  "ad_page_like_count": 330,
  "ad_publisher_platform": [
    "facebook",
    "instagram",
    "audience_network",
    "messenger",
    "threads"
  ],
  "ad_like_count": "0",
  "ad_share_count": "0"
}