{
  "ad_id": "1265446997597724",
  "ad_context": "版本更新，開啓全新戰鬥模式🆕\n槍火交響，全新職業槍手來襲💥\n🎀超值虛寶碼：HELLO🎀",
  "ad_profile_name": "雲上城之歌",
  "ad_profile_image": "https://scontent.ftpe8-3.fna.fbcdn.net/v/t39.35426-6/295181766_370566548386371_1395238675954112119_n.jpg?stp=dst-jpg_s60x60_tt6&_nc_cat=111&ccb=1-7&_nc_sid=c53f8f&_nc_ohc=dm0TOTbKhh8Q7kNvwHVrIBG&_nc_oc=AdkVt90cSJHYYCzRV5ZbhBU8sU9a4oz4LvzYnSEWLsmA4S6dNbplmBkZ69uSChfKpuY&_nc_zt=14&_nc_ht=scontent.ftpe8-3.fna&_nc_gid=mzuIKNtN5K-YY3lNHjI0yg&oh=00_Afq74W4FMpAGR5OL-qXxVdYflTfB2GgfA_GRARzbX09wCg&oe=696E4CBE",
  "ad_is_video": false,
  "ad_video_preview_image": "https://scontent.ftpe8-2.fna.fbcdn.net/v/t39.35426-6/294439432_808917543600416_4501654459417627890_n.jpg?_nc_cat=103&ccb=1-7&_nc_sid=c53f8f&_nc_ohc=AEY9eZGMZ6IQ7kNvwEHn702&_nc_oc=Admvx_MY4WYUPVjaHJH5Abovlmv-AY53Siub7v7zz0Ar8iO_sZPeDWbFQ2pRYDsURq4&_nc_zt=14&_nc_ht=scontent.ftpe8-2.fna&_nc_gid=mzuIKNtN5K-YY3lNHjI0yg&oh=00_AfpNtigHC4XyAX10bVOgXXw_KoKtBqNHEYMo_N8oyr4ILA&oe=696E5998",
  "ad_image": null,
  "ad_cta_text": "Install Now",
  "ad_link_description": null,
  "ad_link_url": "https://l.facebook.com/l.php?u=http%3A%2F%2Fplay.google.com%2Fstore%2Fapps%2Fdetails%3Fid%3Dcom.tg.ysczgm.gp%26fbclid%3DIwZXh0bgNhZW0CMTAAYnJpZBExazJrMW9UNzM1WTVBYVYwRXNydGMGYXBwX2lkDzU0MTYzOTQ5Mzg4OTAyNQABHukzcJLJtRaIUzo94Cz3pdHGbQ2O7QWxm2KmE0XiYaL0gtLWCjRRfJrr_kfc_aem_KhhNNSa9Cg97SVRGC5Dnjg&h=AT0TvbhBsIT4_l1cF4o7iiSz9BTRDr0tM6CAomwIE2At7CUSAv0stHraq2hMT908GtOfe8Evng7ezQnHOfwPEyDb6ceCtw1ViHDc0hd1jN6N1TcN4zSh6qGNhUuoMfRuBvuDHVIyTq43olZSflFhmg",
  "ad_title": "雲上城之歌M",
  "ad_caption": "play.google.com",
  "ad_page_id": "106987027752157",
  "ad_cta_type": "Install Now",
  "ad_extra_links": [],
  "ad_extra_texts": [
    "💥版本革新：200個幸運禮盒\n🎁全新虛寶碼：hello\n槍火交響，全新職業槍手來襲💥\n#全新職業",
    "🔥夏日犬夜叉聯動版本火熱來襲！👹與新夥伴“犬夜叉”來一場穿越時空的並肩作戰！⛩⛩⛩\n#虛寶碼hello"
  ],
  "ad_page_categories": [],
  "ad_page_like_count": 0,
  "ad_publisher_platform": [
    "facebook",
    "instagram",
    "audience_network",
    "messenger"
  ],
  "ad_like_count": "0",
  "ad_share_count": "0"
}