{
  "ad_id": "1265387105637107",
  "ad_context": "🧊參與《冰封的記憶》解凍記憶計畫，讓記憶延續 ►\n🔗 https://www.flyingv.cc/projects/37020\n＝＝＝＝＝＝＝＝＝＝＝＝＝＝＝＝＝＝＝＝\n感謝 報導者 The Reporter專訪\n《遭蘇聯俘虜的台籍日本兵，與追尋冰封記憶的人：「吳桑，不要寂寞了」》>> https://www.twreporter.org/a/memories-frozen-in-time\n​\n下列文字摘錄本次專訪： \n​\n「誰值得被紀念，誰不值得被關心，\n要給下一代什麼樣的戰爭記憶，由大國決定。」\n​\n「吳先生這輩子心裡都在想著，『如果我一直分享經驗，認識更多朋友，說不定就能找到其他和我一樣的台灣人。』」這是許明淳眼中，吳正男積極訴說歷史的動力之一。\n​\n其實吳正男經常接受日本媒體採訪，如《日本放送協會》（NHK）、《每日新聞社》、《東京電視台》都曾上門，他還積極出席追思活動、讀書會、同鄉會，在橫濱台僑界是位知名人物。\n​\n可惜那19名台灣戰俘裡，吳正男只直接認識其中3人：鄭慕鐘、陳旺、陳以文，但還等不到許明淳拍攝，他們都已過世。\n​\n相較態度最積極的吳正男，其他台籍戰俘普遍對這段歷史保持低調。當時中國已開始「第二次國共內戰」，台灣「二二八事件」又剛落幕，這群人曾在蘇聯戰俘營裡受過共產主義影響，因此成為當權者眼中的「可疑分子」。\n​\n甚至有倖存者千辛萬苦返回台灣後，一從基隆港上岸立刻被警察逮捕調查。根據許明淳考證，19人中至少9人有此經驗，至今仍可在國家檔案管理局收藏的政治檔案中找到他們的姓名。\n​\n從蘇聯戰俘營生還、又被民主陣營拘留過的陳以文直到中年，仍得定期向警備總部報告日常行蹤。陳力航推測，他的父親對陳以文的過往毫無興趣，或許是因為接受不同價值觀的教育，因此對祖父的經歷與認同產生反感。\n​\n台灣人加入日本軍隊，遭蘇聯俘虜，好不容易倖存，卻發現國家、語言、統治階級全都換了一個樣，這群人背負三種認同矛盾，再加上民主與共產陣營的衝突。\n​\n陳力航感嘆：\n「他們從戰敗國的殖民地士兵變成戰勝國的一分子，但體制始終不允許這群人存在。」\n​\n＝＝＝＝＝＝＝＝\n🧊 參與計畫，讓記憶延續 ►\n👉https://www.flyingv.cc/projects/37020\n#冰封的記憶 #台籍日本兵 #西伯利亞 #身分認同 #跨世代對話",
  "ad_profile_name": "冰封的記憶 Memories Frozen in Time",
  "ad_profile_image": "https://scontent.ftpe8-2.fna.fbcdn.net/v/t39.35426-6/611984086_1249172660357698_5861084287161259371_n.jpg?stp=dst-jpg_s60x60_tt6&_nc_cat=101&ccb=1-7&_nc_sid=c53f8f&_nc_ohc=IYgqla3S9bwQ7kNvwF_10jG&_nc_oc=AdmDpC8l_dXxWrNF1DF_lktD5p8kPJmIcRkro_fjik80nUItajwWA17V4yqVx7naQks&_nc_zt=14&_nc_ht=scontent.ftpe8-2.fna&_nc_gid=MkxBL30D7Wgg13ISogjdqg&oh=00_AfpN2utwkcMm2pTqTqGW7KAgIFJd4KHurSm-hQw-yFdlsQ&oe=696E3686",
  "ad_is_video": false,
  "ad_video_preview_image": null,
  "ad_image": "https://scontent.ftpe8-4.fna.fbcdn.net/v/t39.35426-6/612233901_1269130141713935_3334194236384374371_n.jpg?stp=dst-jpg_s600x600_tt6&_nc_cat=110&ccb=1-7&_nc_sid=c53f8f&_nc_ohc=4jQh1hUMJ80Q7kNvwGceYJ_&_nc_oc=AdnqGHTcTQeaiZc0RhBwep5isRR2tmmH10auvCCGbBgw3yAtNKmTs4SwDNJvvKitsKY&_nc_zt=14&_nc_ht=scontent.ftpe8-4.fna&_nc_gid=MkxBL30D7Wgg13ISogjdqg&oh=00_AfqYZsqMUdnTmuXB1PcWYi-AC3nnS6Nez15LW3_FXWxmSw&oe=696E4909",
  "ad_cta_text": "瞭解詳情",
  "ad_link_description": "以為日本而戰的臺籍西伯利亞戰俘背負的身分為主軸，在二戰結束八十年後，探究身分認同的分歧，與已逝者的後代面臨的世代鴻溝該如何化解。",
  "ad_link_url": "https://www.flyingv.cc/projects/37020",
  "ad_title": "紀錄片《冰封的記憶》放映與議題推廣計劃｜ flyingV",
  "ad_caption": "flyingv.cc",
  "ad_page_id": "157468384105565",
  "ad_cta_type": "瞭解詳情",
  "ad_extra_links": [],
  "ad_extra_texts": [],
  "ad_page_categories": [
    "電影"
  ],
  "ad_page_like_count": 682,
  "ad_publisher_platform": [
    "facebook",
    "instagram"
  ],
  "ad_like_count": "0",
  "ad_share_count": "0"
}