{
  "ad_id": "1266899915270718",
  "ad_context": "爭取近四年經費終於到位 瑞豐國小終於不再怕淹\n\n瑞豐國小一遇雨就淹，這不是一天兩天的事，而是40多年的老問題。從我上任近四年以來，幾乎每個會期都在議會追問教育局，因為這所學校是桃園少數一樓長期設擋水板上課的校園，只要外面下大雨，教室裡就像下小雨，這樣的學習環境，孩子怎麼安心上課？老師怎麼安心教書？\n\n在議會質詢時我屢次點名這問題不能再拖，市長也當場承諾會處理。之後，教育局先核定經費做先期規劃，也嘗試向中央爭取補助，但因經費龐大未獲核定。這幾年我持續與市府溝通、反覆協調，要求不要因程序或預算卡關，就讓孩子繼續在淹水風險中上課。昨天王副市長召開跨局處專案會議，終於拍板核定 1,200 萬元改善經費，經過反覆質詢與協調爭取，瑞豐國小排水系統與教學區中庭的整體改善計畫終於正式啟動。\n\n爭取，不只是問到答案，而是一定要做到結果。這一題，我們走了很久，但方向是對的，也終於走到關鍵一步。感謝王副市長的幫忙，我也會繼續盯著後續設計、施工與進度，直到孩子們不用涉水上下課和搬擋水板上課為止。",
  "ad_profile_name": "楊朝偉",
  "ad_profile_image": "https://scontent.ftpe8-2.fna.fbcdn.net/v/t39.35426-6/613207515_1439002597939436_2840939308323325387_n.jpg?stp=dst-jpg_s60x60_tt6&_nc_cat=103&ccb=1-7&_nc_sid=c53f8f&_nc_ohc=10c5U8eHbJUQ7kNvwGSMac9&_nc_oc=AdmDZq5at16xMWourhIWf2dLaSsMs2810s4SCEpKPBLXsBpgBZcYMNrhLCKzA1McDiQ&_nc_zt=14&_nc_ht=scontent.ftpe8-2.fna&_nc_gid=Omzb7p3etl687em2UZbuQQ&oh=00_AfrX5fdtedq_Xn1pNM_9y927B4FWlt85df2O5qTqr-c5GA&oe=696E7953",
  "ad_is_video": false,
  "ad_video_preview_image": null,
  "ad_image": "https://scontent.ftpe8-2.fna.fbcdn.net/v/t39.35426-6/611599084_722298907298763_7715374448580748465_n.jpg?stp=dst-jpg_s600x600_tt6&_nc_cat=100&ccb=1-7&_nc_sid=c53f8f&_nc_ohc=5eNcTe_TZOEQ7kNvwEJLHaZ&_nc_oc=AdkgOPNw2vFGKdbrinkrn6TYxdQyXblkai6azgXIJMZQK_TC6g6u5-wf5Y0-xtx8EnE&_nc_zt=14&_nc_ht=scontent.ftpe8-2.fna&_nc_gid=Omzb7p3etl687em2UZbuQQ&oh=00_AfpRummn6iCaowvO4RGynbK_LFHaWoEaqGZdHcW3dnJjAw&oe=696E551A",
  "ad_cta_text": "",
  "ad_link_description": null,
  "ad_link_url": null,
  "ad_title": null,
  "ad_caption": null,
  "ad_page_id": "505048462850808",
  "ad_cta_type": "",
  "ad_extra_links": [],
  "ad_extra_texts": [],
  "ad_page_categories": [],
  "ad_page_like_count": 0,
  "ad_publisher_platform": [
    "facebook",
    "instagram"
  ],
  "ad_like_count": "0",
  "ad_share_count": "0"
}