{
  "ad_id": "1268495321784172",
  "ad_context": "#廣編企劃｜「我要一杯熱美式」，這樣也能減碳？\n\n點早餐、買咖啡、試衣服——\n你以為只是日常，其實都跟減碳有關。\n\n商業服務業，佔了全台 近 20% 的碳排量。\n但現在，越來越多店家，把「聰明經營」變成低碳日常。\n\n🌏全無人點餐，I 人友善，更有效降低用紙\n🌏 在地咖啡店聯手採購，讓小店一起省碳\n🌏 AI 試穿更精準，少退貨、少浪費\n\n減碳，不一定要少消費，關鍵在於怎麼把效率，變成日常的低碳選擇。\n\n👉 探索更多服務業減碳實例：https://project.cw.com.tw/2025gogreen/\n\n（廣告）\n\n#淨零排放 #商業服務業 #商業發展署 #永續經營",
  "ad_profile_name": "天下雜誌",
  "ad_profile_image": "https://scontent-tpe1-1.xx.fbcdn.net/v/t39.35426-6/611279527_1262927625655648_4742599291778005726_n.jpg?stp=dst-jpg_s60x60_tt6&_nc_cat=105&ccb=1-7&_nc_sid=c53f8f&_nc_ohc=mIj6X6TnqvMQ7kNvwHDwaHF&_nc_oc=AdnKHl6s6KpQeyiac3872s1nT1HF5-StDx96rin7RBtNj4ML3PrjZvFENsnFPMK1ivQ&_nc_zt=14&_nc_ht=scontent-tpe1-1.xx&_nc_gid=2tFpoU3_PYydNlQ-5Psf7w&oh=00_AfoUJh1b1FugKzPmYVktfTINQ0vBnbQm0zmcQIfFH9H8UA&oe=696D40B4",
  "ad_is_video": false,
  "ad_video_preview_image": null,
  "ad_image": "https://scontent-tpe1-1.xx.fbcdn.net/v/t39.35426-6/613170298_1671688840658280_8690338200819495389_n.jpg?stp=dst-jpg_s600x600_tt6&_nc_cat=103&ccb=1-7&_nc_sid=c53f8f&_nc_ohc=UeQ_lmtJjsgQ7kNvwEZJltF&_nc_oc=Adks8bsB-WVr_zvuv7slSoRDPfJE8CLe3kRnR6WPpzUeTQ9LcJqfBQbq70OxQyPsR_k&_nc_zt=14&_nc_ht=scontent-tpe1-1.xx&_nc_gid=2tFpoU3_PYydNlQ-5Psf7w&oh=00_AfpNlQoMprEoiX-78dz8ltftVYgVFoL-p-aHjFdwAboDJg&oe=696D5555",
  "ad_cta_text": "瞭解詳情",
  "ad_link_description": "Carbon Wisdom Project 404",
  "ad_link_url": "https://project.cw.com.tw/2025gogreen/",
  "ad_title": "#廣編企劃｜「我要一杯熱美式」，這樣也能減碳？",
  "ad_caption": "project.cw.com.tw",
  "ad_page_id": "127628276929",
  "ad_cta_type": "瞭解詳情",
  "ad_extra_links": [],
  "ad_extra_texts": [],
  "ad_page_categories": [
    "雜誌"
  ],
  "ad_page_like_count": 0,
  "ad_publisher_platform": [
    "facebook",
    "instagram"
  ],
  "ad_like_count": "0",
  "ad_share_count": "0"
}