{
  "ad_id": "1268865400624909",
  "ad_context": "莉柔跟大家完整說明一下我們爭取育兒津貼取消排富條款的推動工作時間軸！\n7-8月份著重政策文宣宣傳\n\n9/28\n召開市政府前記者會，莉柔率領家長、老師、園方近百人去市政府前面表達訴求，送交陳情書！\n\n10/7\n中午連同亞洲台灣商會聯合總會的總會長宴請鄭正鈐在國賓午宴。當下委請鄭正鈐委員協助發聲，當場也獲得鄭委員的允諾，將在總質詢時提出。\n\n10/11\n作為立法院教育及文化委員會的召委，鄭正鈐委員在立法院總質詢蘇貞昌院長。\n\n10/13\n同仁牽線宴請同樣曾做過教文會召委的林奕華委員，協助推動廢除20%排富條款。當場林奕華委員承諾會與鄭正鈐委員討論協調。\n\n10/27\n行政院拍板通過，接受立法院主決議文建議，廢除育兒津貼排富條款，幼兒教師補助從900提升至2000元。\n\n這一次幼教團體跟家長站出來發聲，真的有讓政府開始重視某些問題，但這些政策爭取只是第一步，接下來地方如何提高補助、完善保障從業人員權益、將預算做最有效率的分配使用，就是未來要奮鬥的目標！\n我會持續堅持，爭取更好的幼兒教育環境，讓孩子、家長、老師都能三贏的環境！繼續為人民發聲，當中央與地方溝通的關鍵角色！\n＃持續戰鬥周莉柔\n＃新竹市東區議員參選人6號周莉柔\n＃幼教平權三箭、一箭都不能少",
  "ad_profile_name": "周莉柔 新竹市東區議員⑥號參選人",
  "ad_profile_image": "https://scontent.ftpe8-4.fna.fbcdn.net/v/t39.35426-6/313301155_3244586635795934_9078490142511623205_n.jpg?stp=dst-jpg_s60x60_tt6&_nc_cat=104&ccb=1-7&_nc_sid=c53f8f&_nc_ohc=TnJj4re_RzUQ7kNvwF4U-mE&_nc_oc=AdlPmuDOsuSGe3B8e9lXWUHml7EyeIzk2-o33K7NuHWhFMKQ2Cn3Ynv8OM6NyZaTK0k&_nc_zt=14&_nc_ht=scontent.ftpe8-4.fna&_nc_gid=E31ZvTzP5n7FaDzy8kTGpg&oh=00_AfqduEHsWd35bUV5IY4OuwEWXGLHHCxqubGYt1YcmttiEA&oe=696E489B",
  "ad_is_video": false,
  "ad_video_preview_image": null,
  "ad_image": "https://scontent.ftpe8-4.fna.fbcdn.net/v/t39.35426-6/312874890_1061601697845732_7836859445591701595_n.jpg?stp=dst-jpg_s600x600_tt6&_nc_cat=102&ccb=1-7&_nc_sid=c53f8f&_nc_ohc=exK_focODiwQ7kNvwEOZGF-&_nc_oc=Admdcqcc_7Mtoquw54TUBZ3YB-ncuYYNT1G1C5NEopW3vg4yba4t48WQ3kYhIYc4fYk&_nc_zt=14&_nc_ht=scontent.ftpe8-4.fna&_nc_gid=E31ZvTzP5n7FaDzy8kTGpg&oh=00_Afqi1hxzTGrDrlUpeBGDGK3r0kBJ8mZx2SmOhU5mQMqvxQ&oe=696E4DF7",
  "ad_cta_text": "",
  "ad_link_description": null,
  "ad_link_url": null,
  "ad_title": null,
  "ad_caption": null,
  "ad_page_id": "101637552565744",
  "ad_cta_type": "",
  "ad_extra_links": [],
  "ad_extra_texts": [],
  "ad_page_categories": [
    "政治候選人"
  ],
  "ad_page_like_count": 1556,
  "ad_publisher_platform": [
    "facebook"
  ],
  "ad_like_count": "0",
  "ad_share_count": "0"
}