{
  "ad_id": "1272697848025905",
  "ad_context": "#公益雙週報 這 2 週有哪些重要的公益新聞？ https://rightplus.org/2025/12/29/news25123/\n​\n1️⃣ ​ 人權｜憲法法庭今年首例判決，宣告憲訴法修法部分違憲、即日起失效\n​\n2️⃣ ​ 人權｜民團發布 2025 兩公約平行報告，指出臺灣人權制度性失靈\n​\n3️⃣ ​ 兒少｜剴剴案滿２週年，社工赴衛福部悼念、籲兒少保護制度系統改革\n​\n4️⃣ 兒少｜新北校園命案二審改判行兇少年 12 年、教唆少女 11 年，被害家屬抗議\n​\n5️⃣ 身心障礙｜政院通過《身權法》修正草案，個人助理入法、身障代表應過半\n​\n6️⃣ 社政｜社安網 2.0 核定５年投入 819 億，擴大服務新手父母與獨居長者\n​\n7️⃣ 勞權｜監察院彈劾衛福部５名簡任主管涉職場霸凌，並糾正調查倉促失當\n​\n8️⃣ 心理健康｜北市隨機傷人案後，衛福部提供３次免費諮商至明年底\n​\n9️⃣ 青年｜立院三讀《青年基本法》，18 歲公民權入法、設 100 億發展基金\n​\n🔟 移工、性別｜一孩家庭外傭政策惹議，托盟民調僅 15.2% 女性支持、９成保母反對\n​\n​\n⭐️ 馬上讀報：https://rightplus.org/2025/12/29/news25123/\n​\n​\n－\n​\n📍 捐款支持多多益善，讓我們繼續製作公益雙週報，讓重要的社福政策、需被看見的弱勢處境，不被每日數以萬計的新聞淹沒 https://us.rightplus.org/dq4B8",
  "ad_profile_name": "Right Plus 多多益善",
  "ad_profile_image": null,
  "ad_is_video": false,
  "ad_video_preview_image": null,
  "ad_image": "https://scontent.ftpe7-4.fna.fbcdn.net/v/t39.35426-6/608105781_775087685596040_653208419007674118_n.jpg?stp=dst-jpg_s600x600_tt6&_nc_cat=101&ccb=1-7&_nc_sid=c53f8f&_nc_ohc=Q42v7VCX91gQ7kNvwFPeJCn&_nc_oc=Adm5y9iLsmemLwv_3A8kosuNuwIytQ17TuHP6lMq_DDUMbL_G9sBU9wgxj_KU6Tg8r6K5hnPS8ziqgu54ICs0moL&_nc_zt=14&_nc_ht=scontent.ftpe7-4.fna&_nc_gid=xo-XHqoF0fv9FTq9Ru1QnA&oh=00_AfpRQnM0__fxW9AgsU7ZCtj0yZzc0t2LCvM-NN1F3OOuPQ&oe=696D290C",
  "ad_cta_text": null,
  "ad_link_description": null,
  "ad_link_url": "https://rightplus.org/2025/12/29/news25123/",
  "ad_title": null,
  "ad_caption": null,
  "ad_page_id": "398746854048810",
  "ad_cta_type": null,
  "ad_extra_links": [],
  "ad_extra_texts": [],
  "ad_page_categories": [],
  "ad_page_like_count": 0,
  "ad_publisher_platform": [
    "facebook",
    "instagram"
  ],
  "ad_like_count": "0",
  "ad_share_count": "0"
}