{
  "ad_id": "1272528664702410",
  "ad_context": "清晨的陽光落在屋頂，這些陽光不只是照亮一天，\n也為家本身，產生足以支撐生活的能源。\n\n在德國佛萊堡的 Schlierberg 太陽能社區，\n住宅不再只是消耗資源的空間，而是能「產生能源」的存在。\n屋頂的太陽能板、順應日照的建築朝向、低耗能的設計細節，\n讓日常生活自然建立在更穩定與永續的基礎上。\n\n這樣的選擇，不是為了標榜科技，而是一種對資源、對未來的長遠思考。\n正如五感十築所重視的 #十築珍惜，\n珍惜不是限制生活，而是讓每一個選擇，都能為環境留下餘裕。\n\n當家開始回應自然，\n生活，也會慢慢走向更好的循環。\n\n👉 點進官網長文，了解 Schlierberg 社區如何把「珍惜」落實在建築與日常之中，\n一起重新思考，什麼樣的居住選擇，值得被長久留下 >> https://fivetothetenth.pse.is/8kv2m2\n\n#五感十築Lab #生態建築 #十築珍惜 #PlusEnergy #Schlierberg #生態社區\n\n*文內出現的商標及圖像版權均屬其合法持有人，僅供資訊傳遞之用，無商業用途。如無意侵犯對您的權益，請及時聯繫我們處理。資料來源，請見留言處。",
  "ad_profile_name": "五感十築 Lab",
  "ad_profile_image": "https://scontent.ftpe8-2.fna.fbcdn.net/v/t39.35426-6/615230226_877721951414448_3667438012573433625_n.jpg?stp=dst-jpg_s60x60_tt6&_nc_cat=103&ccb=1-7&_nc_sid=c53f8f&_nc_ohc=LYsbygO23IAQ7kNvwHYXVQw&_nc_oc=Adm3O9liisEyy1a8xw7sxMbGn5GXdenep2aFOEgKJZi_IpD7-ycJGz77P7MsJpCjeyE&_nc_zt=14&_nc_ht=scontent.ftpe8-2.fna&_nc_gid=TshGRjo5CahCI7espqCfLQ&oh=00_AfrSPyqiap24jcO-Ny1FsnOAQz0qJwPansDvUoyZ9NE3Vw&oe=696E455F",
  "ad_is_video": false,
  "ad_video_preview_image": null,
  "ad_image": "https://scontent.ftpe8-1.fna.fbcdn.net/v/t39.35426-6/615039533_1395467928794768_3340013076919418552_n.jpg?stp=dst-jpg_s600x600_tt6&_nc_cat=109&ccb=1-7&_nc_sid=c53f8f&_nc_ohc=4S1g_5la7oIQ7kNvwGoaMjG&_nc_oc=AdmvQnAm67afFyy9n5vDDGpUZbE7bRVRusTg_wn5ENHDSsLytNx2GaTsEA1M9VV3E8c&_nc_zt=14&_nc_ht=scontent.ftpe8-1.fna&_nc_gid=TshGRjo5CahCI7espqCfLQ&oh=00_AfqDI0xtDFlJKaSQbJsmUoCMN6UbGgp19l-Ntu-OfMfW2w&oe=696E6C2A",
  "ad_cta_text": "",
  "ad_link_description": "德國佛萊堡（Freiburg）的 Schlierberg 太陽能社區（Solar Settlement at Schlierberg） 是全球永續建築的典範，其核心理念為 「正能源（PlusEnergy）」即爲房屋產生的能源多於其消耗的能源。",
  "ad_link_url": "https://fivetothetenth.pse.is/8kv2m2",
  "ad_title": "五感十築｜宏國建設-當家不再是消耗，而可以生成能源：德國 Schlierberg 社區的 PlusEnergy 生活",
  "ad_caption": "fivetothetenth.pse.is",
  "ad_page_id": "719804228417042",
  "ad_cta_type": "",
  "ad_extra_links": [],
  "ad_extra_texts": [],
  "ad_page_categories": [
    "有興趣"
  ],
  "ad_page_like_count": 0,
  "ad_publisher_platform": [
    "facebook"
  ],
  "ad_like_count": "0",
  "ad_share_count": "0"
}