{
  "ad_id": "1272526367199803",
  "ad_context": "#正式開賣 #超早鳥優惠限時搶購中\n【 日本 AS第三代 快眠枕｜治打鼾 】\n超早鳥優惠價 🔥HK$499 (未來售價HK$999) 立即看看👉🏻\nhttps://searchingc.com/collections/aspillow3/ \n-\n睡覺打鼾是不是常常困擾著你呢？其實要解決打鼾的問題很簡單，你只需要一顆「日本 AS第三代 快眠枕」，第三代的新設計，增加了枕頭的長寬度，讓你翻身毫不費力；完美支撐後腦勺、頸部到肩膀的枕頭形狀設計，擴大呼吸道，更容易呼吸空氣，專治打鼾！👌🏻✨\n-\n—4大特點搶先看—\n📌 擴大呼吸道的形狀｜枕頭完全貼合頸背部曲線的形狀設計，讓你更容易呼吸\n📌 翻身輔助設計｜足夠的長寬，可以用滾動般輕盈的力量翻身\n📌 吸濕吸水性材質｜睡汗護理的棉質面料，搭配柔軟雙層紗布\n📌 抗菌除臭功能｜採用炭防止黴菌繁殖，也防止異味殘留\n-\n有效打擊打鼾！立即把握超早鳥優惠👉🏻\nhttps://searchingc.com/collections/aspillow3/",
  "ad_profile_name": "Searching C",
  "ad_profile_image": "https://scontent.ftpe8-3.fna.fbcdn.net/v/t39.35426-6/471299689_1573058730033013_8404147930638573575_n.jpg?stp=dst-jpg_s60x60_tt6&_nc_cat=106&ccb=1-7&_nc_sid=c53f8f&_nc_ohc=xClKvjJAK5QQ7kNvwGBjY_K&_nc_oc=AdkQiRomak3wH2R5wJrmIiYyAu98LC-K5Eh4aGJQyLMhskzUO8helXpChX4uSLGXDIw&_nc_zt=14&_nc_ht=scontent.ftpe8-3.fna&_nc_gid=rzWLf7tk52DYaseThWqeZw&oh=00_AfoeK8tbAWtWCnUnjMtZXet_LMFwW8Qm5-ieb6n1U4O48Q&oe=696E4402",
  "ad_is_video": false,
  "ad_video_preview_image": "https://scontent.ftpe8-3.fna.fbcdn.net/v/t39.35426-6/471312059_635040958862714_7507945873552831932_n.jpg?_nc_cat=106&ccb=1-7&_nc_sid=c53f8f&_nc_ohc=Wv6CaTioeC4Q7kNvwH-eeoP&_nc_oc=Adkws07TmEXThV95bdklUKxK-0FpTI2ruRYP1eTx29Vc0ri-DTZ-ksXDirobX9xl9iw&_nc_zt=14&_nc_ht=scontent.ftpe8-3.fna&_nc_gid=rzWLf7tk52DYaseThWqeZw&oh=00_AfpdcY1je7QXTCKVssaTDp31zVGmzb84eS1EdwOU4DzAKg&oe=696E601D",
  "ad_image": null,
  "ad_cta_text": "瞭解詳情",
  "ad_link_description": null,
  "ad_link_url": "https://searchingc.com/collections/aspillow3/",
  "ad_title": "日本 AS第三代 快眠枕｜治打鼾",
  "ad_caption": "searchingc.com",
  "ad_page_id": "1565161010367883",
  "ad_cta_type": "瞭解詳情",
  "ad_extra_links": [],
  "ad_extra_texts": [],
  "ad_page_categories": [],
  "ad_page_like_count": 0,
  "ad_publisher_platform": [
    "facebook",
    "instagram",
    "audience_network",
    "messenger"
  ],
  "ad_like_count": "0",
  "ad_share_count": "0"
}