{
  "ad_id": "1273148954833608",
  "ad_context": "你不一定關心政治，這也沒關係。\n有些人每次都會去投票，\n也有些人只是偶爾關心、甚至很少注意。\n這些都很正常。\n\n我們正在進行一份關於「人們怎麼看待選舉與政治」的研究，\n不需要懂政治、也不需要選邊站。\n\n📍 不問你支持誰\n📍 不要求你一定有投票\n📍 只想知道你平常的想法與感受\n\n✅ 完全匿名 ☕ 約 8 分鐘完成\n\n🎁 完成可獲得 50 點 LINE Points\n\n👇 如果你願意，花一點時間幫我們完成這份研究：",
  "ad_profile_name": "調查員皮爾森",
  "ad_profile_image": "https://scontent.ftpe8-2.fna.fbcdn.net/v/t39.35426-6/608723681_4055869737963206_2295106714591082312_n.jpg?stp=dst-jpg_s60x60_tt6&_nc_cat=101&ccb=1-7&_nc_sid=c53f8f&_nc_ohc=nFT9B2fSf6QQ7kNvwErKKGh&_nc_oc=AdlJt8N7r-WV3qYMxMXlaRdmIKtUO_u4AD8tYLP-Prg-s0uj8OVtIAFylJ7gM0Z9j58&_nc_zt=14&_nc_ht=scontent.ftpe8-2.fna&_nc_gid=DuxWT9H7cqQjnJzf4_aIGQ&oh=00_AfqYr2PB7IjCcwv6wpk7d1tRB6dPzXTDBVGPgv4C4oQgcg&oe=696E5A1E",
  "ad_is_video": false,
  "ad_video_preview_image": null,
  "ad_image": "https://scontent.ftpe8-1.fna.fbcdn.net/v/t39.35426-6/608834237_1201605185261439_464797215046392151_n.jpg?stp=dst-jpg_s600x600_tt6&_nc_cat=108&ccb=1-7&_nc_sid=c53f8f&_nc_ohc=rjWvnX0I6TQQ7kNvwEgoSST&_nc_oc=Adn94muh_B4we7-SylgUBpV1izje74CEN64b8pT3bh4sSK5ylCpND8iJDn2CjebKNeA&_nc_zt=14&_nc_ht=scontent.ftpe8-1.fna&_nc_gid=DuxWT9H7cqQjnJzf4_aIGQ&oh=00_Afqk_Cda0klhnODXpfJja80TI2-BQILxodIWPKS4WmoQpA&oe=696E70DB",
  "ad_cta_text": "Learn More",
  "ad_link_description": null,
  "ad_link_url": "https://l.facebook.com/l.php?u=https%3A%2F%2Fgo.botsnova.com%2Fto%2F695742888b480%3Futm_campaign%3D%257B%257Bcampaign.id%257D%257D%26fbclid%3DIwZXh0bgNhZW0CMTAAYnJpZBExazJrMW9UNzM1WTVBYVYwRXNydGMGYXBwX2lkDzU0MTYzOTQ5Mzg4OTAyNQABHo5rfsVDZ9YZDwAI-de55YW0s-wuu2iL9c2EZWSD-XYPPkUECsvx61lMJyad_aem_J_QkY1zNt1j7JidHk-8lJA&h=AT2qjxb3IW5u8NQXdkotYdWrE_VtABEv6SjmJeCLkQeEWGYuskmWDn9J6_5DA6CZenUkmwvOqi0yaqsVR4r7oAfdDN20bz7pF84ZhVT871HfWwf_ta1TZjK1UMF_nOIOUUpGLk7tvncNU5gVHDYsgw",
  "ad_title": "政黨印象調查",
  "ad_caption": "go.botsnova.com",
  "ad_page_id": "101896272489490",
  "ad_cta_type": "Learn More",
  "ad_extra_links": [
    "政黨印象調查",
    "政黨印象調查"
  ],
  "ad_extra_texts": [
    "你不一定關心政治，這也沒關係。\n有些人每次都會去投票，\n也有些人只是偶爾關心、甚至很少注意。\n這些都很正常。\n\n我們正在進行一份關於「人們怎麼看待選舉與政治」的研究，\n不需要懂政治、也不需要選邊站。\n\n📍 不問你支持誰\n📍 不要求你一定有投票\n📍 只想知道你平常的想法與感受\n\n✅ 完全匿名 ☕ 約 8 分鐘完成\n\n🎁 完成可獲得 50 點 LINE Points\n\n👇 如果你願意，花一點時間幫我們完成這份研究：",
    "你不一定關心政治，這也沒關係。\n有些人每次都會去投票，\n也有些人只是偶爾關心、甚至很少注意。\n這些都很正常。\n\n我們正在進行一份關於「人們怎麼看待選舉與政治」的研究，\n不需要懂政治、也不需要選邊站。\n\n📍 不問你支持誰\n📍 不要求你一定有投票\n📍 只想知道你平常的想法與感受\n\n✅ 完全匿名 ☕ 約 8 分鐘完成\n\n🎁 完成可獲得 50 點 LINE Points\n\n👇 如果你願意，花一點時間幫我們完成這份研究："
  ],
  "ad_page_categories": [
    "社論／意見"
  ],
  "ad_page_like_count": 3282,
  "ad_publisher_platform": [
    "facebook"
  ],
  "ad_like_count": "0",
  "ad_share_count": "0"
}