{
  "ad_id": "1275855663475961",
  "ad_context": "🔥 2025 精選特賣：重新定義你的風格 🔥\n📅 1 月 20 日至 1 月 29 日\n\n從 Haku 獨家的 Archive collection 中挑選永恆設計、精緻必備單品和搶眼款式，享受最高 5 折優惠。現代與低調質感的完美結合，現以無與倫比的價格入手！\n\n💥 已包含關稅\n💥 訂單滿 US$185 免運費\n\n⏳ 限時優惠—立即選購，為 2025 注入全新風格！",
  "ad_profile_name": "Haku_clothing_japan",
  "ad_profile_image": "https://scontent.ftpe8-3.fna.fbcdn.net/v/t39.35426-6/474561910_1252486462501327_3953384071397992327_n.jpg?stp=dst-jpg_s60x60_tt6&_nc_cat=106&ccb=1-7&_nc_sid=c53f8f&_nc_ohc=y2rAwr-cN0oQ7kNvwFdnxGw&_nc_oc=AdlcOu9Zj71kooIXWdIpUN0DRb99i0FsLUvW9XdiE7wb9Pw-k66EhgqRgYOdvEnsDJo&_nc_zt=14&_nc_ht=scontent.ftpe8-3.fna&_nc_gid=6pwd9cjQRLoSs9ktLXOU4Q&oh=00_AfoMTyUTO4BMSg7cGI6hzsUURv9zM98Uo6RxU2T-irWyzw&oe=696D93A3",
  "ad_is_video": false,
  "ad_video_preview_image": null,
  "ad_image": "https://scontent.ftpe8-3.fna.fbcdn.net/v/t39.35426-6/474514272_585519027777570_3491682802991425235_n.jpg?stp=dst-jpg_s600x600_tt6&_nc_cat=106&ccb=1-7&_nc_sid=c53f8f&_nc_ohc=XKiA_jEw_2QQ7kNvwET-SHB&_nc_oc=Adl3yy5ifOzrZne-ffGreB8MwEdq6xs_2MtqDZN5END6rN0AitvI9lg8Oo7LNFW5nkY&_nc_zt=14&_nc_ht=scontent.ftpe8-3.fna&_nc_gid=6pwd9cjQRLoSs9ktLXOU4Q&oh=00_AfqJgw4t0oNG-9qeYpwsQB1KyOHmVELPgQaSSSRr4ewJ2g&oe=696D8D2F",
  "ad_cta_text": "Shop Now",
  "ad_link_description": "指定貨品高達半價！",
  "ad_link_url": "https://l.facebook.com/l.php?u=https%3A%2F%2Fhaku-clothing.com%2Fpages%2Farchive-sale-2025%3Ffbclid%3DIwZXh0bgNhZW0CMTAAYnJpZBExRlgwZjFCYTN1b0pDNWJKYXNydGMGYXBwX2lkDzU0MTYzOTQ5Mzg4OTAyNQABHpRVforie3JEbwuHXqnr6_rgTXgf5LjKMpQs4mBL_nAdNOfZRUkG0PmtAQdi_aem_Lo4qhWsUEYLR7i1MYKAjaQ&h=AT2tjzQB59qyCsZOK-jpgB_yZzJwtemG_iGIkBnSW8fx-MS83pGEOjcFhY-QooXRRldeNwvR77grtHFYy3s-Il2IEGnvtVpZhaopEEpCH0lAhW0HSDPd1LzTo8gZzbye-VzermngHJmmWPDNbY5zAg",
  "ad_title": "Archive Sales 限時優惠！",
  "ad_caption": "haku-clothing.com",
  "ad_page_id": "102049332027864",
  "ad_cta_type": "Shop Now",
  "ad_extra_links": [
    "Archive Sales 限時優惠！",
    "Archive Sales 限時優惠！",
    "Archive Sales 限時優惠！",
    "Archive Sales 限時優惠！",
    "Archive Sales 限時優惠！",
    "Archive Sales 限時優惠！",
    "Archive Sales 限時優惠！",
    "Archive Sales 限時優惠！",
    "Archive Sales 限時優惠！"
  ],
  "ad_extra_texts": [
    "🔥 2025 精選特賣：重新定義你的風格 🔥\n📅 1 月 20 日至 1 月 29 日\n\n從 Haku 獨家的 Archive collection 中挑選永恆設計、精緻必備單品和搶眼款式，享受最高 5 折優惠。現代與低調質感的完美結合，現以無與倫比的價格入手！\n\n💥 已包含關稅\n💥 訂單滿 US$185 免運費\n\n⏳ 限時優惠—立即選購，為 2025 注入全新風格！",
    "🔥 2025 精選特賣：重新定義你的風格 🔥\n📅 1 月 20 日至 1 月 29 日\n\n從 Haku 獨家的 Archive collection 中挑選永恆設計、精緻必備單品和搶眼款式，享受最高 5 折優惠。現代與低調質感的完美結合，現以無與倫比的價格入手！\n\n💥 已包含關稅\n💥 訂單滿 US$185 免運費\n\n⏳ 限時優惠—立即選購，為 2025 注入全新風格！",
    "🔥 2025 精選特賣：重新定義你的風格 🔥\n📅 1 月 20 日至 1 月 29 日\n\n從 Haku 獨家的 Archive collection 中挑選永恆設計、精緻必備單品和搶眼款式，享受最高 5 折優惠。現代與低調質感的完美結合，現以無與倫比的價格入手！\n\n💥 已包含關稅\n💥 訂單滿 US$185 免運費\n\n⏳ 限時優惠—立即選購，為 2025 注入全新風格！",
    "🔥 2025 精選特賣：重新定義你的風格 🔥\n📅 1 月 20 日至 1 月 29 日\n\n從 Haku 獨家的 Archive collection 中挑選永恆設計、精緻必備單品和搶眼款式，享受最高 5 折優惠。現代與低調質感的完美結合，現以無與倫比的價格入手！\n\n💥 已包含關稅\n💥 訂單滿 US$185 免運費\n\n⏳ 限時優惠—立即選購，為 2025 注入全新風格！",
    "🔥 2025 精選特賣：重新定義你的風格 🔥\n📅 1 月 20 日至 1 月 29 日\n\n從 Haku 獨家的 Archive collection 中挑選永恆設計、精緻必備單品和搶眼款式，享受最高 5 折優惠。現代與低調質感的完美結合，現以無與倫比的價格入手！\n\n💥 已包含關稅\n💥 訂單滿 US$185 免運費\n\n⏳ 限時優惠—立即選購，為 2025 注入全新風格！",
    "🔥 2025 精選特賣：重新定義你的風格 🔥\n📅 1 月 20 日至 1 月 29 日\n\n從 Haku 獨家的 Archive collection 中挑選永恆設計、精緻必備單品和搶眼款式，享受最高 5 折優惠。現代與低調質感的完美結合，現以無與倫比的價格入手！\n\n💥 已包含關稅\n💥 訂單滿 US$185 免運費\n\n⏳ 限時優惠—立即選購，為 2025 注入全新風格！",
    "🔥 2025 精選特賣：重新定義你的風格 🔥\n📅 1 月 20 日至 1 月 29 日\n\n從 Haku 獨家的 Archive collection 中挑選永恆設計、精緻必備單品和搶眼款式，享受最高 5 折優惠。現代與低調質感的完美結合，現以無與倫比的價格入手！\n\n💥 已包含關稅\n💥 訂單滿 US$185 免運費\n\n⏳ 限時優惠—立即選購，為 2025 注入全新風格！",
    "🔥 2025 精選特賣：重新定義你的風格 🔥\n📅 1 月 20 日至 1 月 29 日\n\n從 Haku 獨家的 Archive collection 中挑選永恆設計、精緻必備單品和搶眼款式，享受最高 5 折優惠。現代與低調質感的完美結合，現以無與倫比的價格入手！\n\n💥 已包含關稅\n💥 訂單滿 US$185 免運費\n\n⏳ 限時優惠—立即選購，為 2025 注入全新風格！",
    "🔥 2025 精選特賣：重新定義你的風格 🔥\n📅 1 月 20 日至 1 月 29 日\n\n從 Haku 獨家的 Archive collection 中挑選永恆設計、精緻必備單品和搶眼款式，享受最高 5 折優惠。現代與低調質感的完美結合，現以無與倫比的價格入手！\n\n💥 已包含關稅\n💥 訂單滿 US$185 免運費\n\n⏳ 限時優惠—立即選購，為 2025 注入全新風格！"
  ],
  "ad_page_categories": [],
  "ad_page_like_count": 0,
  "ad_publisher_platform": [
    "facebook",
    "instagram"
  ],
  "ad_like_count": "0",
  "ad_share_count": "0"
}