{
  "ad_id": "1276919873152688",
  "ad_context": "政見(四)承接照顧孩子的大人，保障教保員、教師、社工權益\n\n1、降低幼兒園師生比，在少子化的趨勢下，國小已經從每班52人降到每班29人，但2-6歲的幼兒園師生比卻40年沒有下修，我自已是三個孩子的媽媽，自已一打三就已經很辛苦了，更何況是1比15的教育現場，這導致教保人員有過高的工作負擔，且高工時、高壓力的工作環境，容易產生虐童的不幸案件，我們必須減輕教保員照護負擔，提升幼教品質。\n2、爭取代理教師薪資12個月，目前代理教師薪資每年的7、8月是沒有薪水，代理教師也和正式教師一樣，暑假也是要準備課程，教育部不該帶頭示範不良僱主的行為，應保障代理教師12個月薪資，降低教師流動率，保障學生受教權利。\n3、降低社工個案配比，社會工作者，他們服務遊民、照顧老人、協助身心障礙者、安置保護個案等等。根據統計，目前社工人員，約8千人，台灣平均每三千人才能分到一位社工，但是社工是社會的重要防線，公部門需主動增加社工員額，降低社工個案配比。\n\n#5號陳宛毓5夠讚👍 \n#挺小民進議會\n#一戶一票投給歐巴桑\n#台灣不能缺少的政黨",
  "ad_profile_name": "陳宛毓-小民參政歐巴桑聯盟",
  "ad_profile_image": "https://scontent.ftpe8-3.fna.fbcdn.net/v/t39.35426-6/316174382_1402961453844225_2272100037822366555_n.jpg?stp=dst-jpg_s60x60_tt6&_nc_cat=106&ccb=1-7&_nc_sid=c53f8f&_nc_ohc=xRXm8izsmuIQ7kNvwF8mFHG&_nc_oc=AdmcCAwJc9HD5NLmZ6lj0doHr54S_9m5eF8WijT7ocilIsePPFA9lxboHNjmmB-r0ak&_nc_zt=14&_nc_ht=scontent.ftpe8-3.fna&_nc_gid=wLdk7oMrCVTcSuV9tKm_hA&oh=00_AfrCb4CyW8HJ6hoZIEWE6TW4Gb_6b0d469NgidUVti8rbA&oe=696DE969",
  "ad_is_video": false,
  "ad_video_preview_image": "https://scontent.ftpe8-4.fna.fbcdn.net/v/t39.35426-6/316422421_499177892187821_7499784800712186641_n.jpg?_nc_cat=110&ccb=1-7&_nc_sid=c53f8f&_nc_ohc=dBJBkO0BXWwQ7kNvwFH_wxW&_nc_oc=AdkNMAZjCz3zdPxLTlGn8T7vaOpVoOQAy8sMh6bPZUVX2f_xHJGWdT72eDCNoZWG5tU&_nc_zt=14&_nc_ht=scontent.ftpe8-4.fna&_nc_gid=wLdk7oMrCVTcSuV9tKm_hA&oh=00_AfqvxvGkpAjxVz6dywOTjEn_nyFUHDA9LD7azg2Kpq8rmg&oe=696DC575",
  "ad_image": null,
  "ad_cta_text": "發送訊息",
  "ad_link_description": null,
  "ad_link_url": null,
  "ad_title": null,
  "ad_caption": "fb.com",
  "ad_page_id": "103596545678724",
  "ad_cta_type": "發送訊息",
  "ad_extra_links": [],
  "ad_extra_texts": [],
  "ad_page_categories": [
    "政治候選人"
  ],
  "ad_page_like_count": 1343,
  "ad_publisher_platform": [
    "facebook",
    "instagram"
  ],
  "ad_like_count": "0",
  "ad_share_count": "0"
}