{
  "ad_id": "1277621244146032",
  "ad_context": "我現在就讀加拿大渥太華的生物系，畫畫一直是我生活中 #最療癒的一件事，小時候曾經學過畫，但一直沒有深入學習的機會。\n\n後來看到 #戴老師的水彩濕畫法，才覺得原來水彩竟然可以畫成這樣呀！\n\n開始上線上課程後，我覺得這堂課對我最大的幫助是，我可以很清楚知道每一個成形的原理，知道每一個步驟背後的關鍵要素，這讓我的水彩有非常大的進步。\n\n雖然我現在課業還是非常忙，但學習畫畫線上課卻是我每週最療癒的時光\n\n一起加入戴老師的水彩線上課程吧！\n學習👉 https://www.daiart.cc/watercolor\n\n#學畫畫 #水彩線上課 #台北畫畫課",
  "ad_profile_name": "Daiart戴藝術",
  "ad_profile_image": "https://scontent.ftpe8-3.fna.fbcdn.net/v/t39.35426-6/500120476_1226555542328462_1785953999754852371_n.jpg?stp=dst-jpg_s60x60_tt6&_nc_cat=111&ccb=1-7&_nc_sid=c53f8f&_nc_ohc=OygimdkHw70Q7kNvwF7wnXw&_nc_oc=AdkmmtsXHbwt4LXWiDOvlCixZGpD4s5ILYQdS2sjJaIFju4XGQF7QCk97fhnuOseWhs&_nc_zt=14&_nc_ht=scontent.ftpe8-3.fna&_nc_gid=I6sUCeHvcgtzlCe40wMKIg&oh=00_AfoLYlQDX5_VrqbBXhLXHhz_lqsIiB6SMXqBXKU4IZtoJw&oe=696E6ADB",
  "ad_is_video": false,
  "ad_video_preview_image": "https://scontent.ftpe8-3.fna.fbcdn.net/v/t39.35426-6/500193833_981129324235064_3682548714152401321_n.jpg?_nc_cat=107&ccb=1-7&_nc_sid=c53f8f&_nc_ohc=du892HyQ7_4Q7kNvwEp3JiQ&_nc_oc=AdkYSZEs80pqE7WHYq6iy3oky9pPgvo3sf3--baaY32zZpsgzi2ikFHKoSnXBiq1_MY&_nc_zt=14&_nc_ht=scontent.ftpe8-3.fna&_nc_gid=I6sUCeHvcgtzlCe40wMKIg&oh=00_AfqGmUVsrZ7ZbfcHggtpDsEr3_ru-GLzNgMiJtB-SuLMjw&oe=696E4C01",
  "ad_image": null,
  "ad_cta_text": "領取優惠",
  "ad_link_description": null,
  "ad_link_url": "https://www.daiart.cc/watercolor",
  "ad_title": "學習畫畫是我每週最療癒的時光！",
  "ad_caption": "www.daiart.cc",
  "ad_page_id": "1031746043652755",
  "ad_cta_type": "領取優惠",
  "ad_extra_links": [],
  "ad_extra_texts": [],
  "ad_page_categories": [],
  "ad_page_like_count": 0,
  "ad_publisher_platform": [
    "facebook",
    "instagram",
    "audience_network",
    "messenger",
    "threads"
  ],
  "ad_like_count": "0",
  "ad_share_count": "0"
}