{
  "ad_id": "1277895804385783",
  "ad_context": "展望2026 年，我們正陷入「AI 泡沫」中嗎？\n​\nAI 的應用才剛起步，而「AI 泡沫」一詞卻在近期頻繁浮上檯面，回顧 2025 年，關稅政策衝擊、地緣政治風險、美國信用評等調整，再加上 AI 推升大盤，卻也引發市場對評價的質疑。\n​\nM&G英卓投資管理指出，問題或許不在 AI 技術本身，而在…..\n​\n👉 立即點擊，看懂 2026 投資關鍵….\u000b\n​\n#AI泡沫 ​ #英卓投資 #投資展望\n​\n*內容僅供產經觀察分享，無涉金融產品建議或推薦、招攬或保證獲利。投資前，應審慎評估自身風險承擔能力。",
  "ad_profile_name": "今周刊",
  "ad_profile_image": "https://scontent-tpe1-1.xx.fbcdn.net/v/t39.35426-6/613560593_1386051676050780_3097844693413225763_n.jpg?stp=dst-jpg_s60x60_tt6&_nc_cat=102&ccb=1-7&_nc_sid=c53f8f&_nc_ohc=OZ_AwD-GH0kQ7kNvwGHqiEH&_nc_oc=AdmHQXttG3gt8hicFjVLGwyRYd7TMAXcgCk0q66gvM17cIu8lciaH3iPoDgquNijpKw&_nc_zt=14&_nc_ht=scontent-tpe1-1.xx&_nc_gid=PzXVCbPKPR37a1-eOQ9_7A&oh=00_Afo6cvWMQq3FHjkAGPhKnK0Esz1rxJcWHCqR2ApFAKjd0Q&oe=696D4256",
  "ad_is_video": false,
  "ad_video_preview_image": null,
  "ad_image": "https://scontent-tpe1-1.xx.fbcdn.net/v/t39.35426-6/614529299_847780104750379_5635247383257695048_n.jpg?stp=dst-jpg_s600x600_tt6&_nc_cat=108&ccb=1-7&_nc_sid=c53f8f&_nc_ohc=BSPobEnNc7cQ7kNvwHytuhE&_nc_oc=AdlenJYBDUqla8Jv_UbjZCVU0k_e3KBYnh6GUCHGgHUDTK0kYChO1QBgVUPonAHKUWQ&_nc_zt=14&_nc_ht=scontent-tpe1-1.xx&_nc_gid=PzXVCbPKPR37a1-eOQ9_7A&oh=00_AfpbvZBeBSJu7BFLgREQ9Zbl6EFvodEAaZL3llU8A09x6A&oe=696D3CD6",
  "ad_cta_text": "",
  "ad_link_description": "回顧2025年，大幅度波動成為投資人常見的景象：川普宣示「解放日」關稅引發的賣壓、地緣政治衝突延續、美國信用評等調降，以及 AI 推升大盤的動能引發更多質疑等。",
  "ad_link_url": "https://l.facebook.com/l.php?u=https%3A%2F%2Fbtoday.cc%2F8jzkuw%3Ffbclid%3DIwZXh0bgNhZW0CMTAAYnJpZBExQmZLMFd1azNKYklPS2NvaHNydGMGYXBwX2lkDzU0MTYzOTQ5Mzg4OTAyNQABHlkh8_986wwm329dj6YZ9-ERBCcJkEoUPKi5xVJSAlqzrT-_-23gnK1bUX-F_aem_wbsKKCCcrvlz3Fz4VKLBJw&h=AT2YmgV1itbk8t8Dj3EwIOs9LVu_s-EDHNIvGU2dEfP2OzXb1bz4JQoKbzv0lwxzHjnwRLH5vYDA5GiqlNZbw1wNepJJEF0W587NKe7hbpHK-qW12CN8loldn9v8qaBnROuL2NR0AGXhyGMMUCs8LQ",
  "ad_title": "2026投資展望：當市場狂歡時，冷靜尋找「價值」所在- 今周刊",
  "ad_caption": "btoday.cc",
  "ad_page_id": "158025223269",
  "ad_cta_type": "",
  "ad_extra_links": [],
  "ad_extra_texts": [],
  "ad_page_categories": [
    "雜誌"
  ],
  "ad_page_like_count": 0,
  "ad_publisher_platform": [
    "facebook"
  ],
  "ad_like_count": "0",
  "ad_share_count": "0"
}