{
  "ad_id": "1278532467055039",
  "ad_context": "這次要跟大家分享的「牛奶寮」，很多年輕朋友可能沒聽過，但老一輩的基隆人，一定聽過這個名字。\n​\n為什麼叫牛奶寮？這要追溯到日本時代，這裡曾是畜牧所，養了四、五十頭牛，專門供應牛奶。原本牧場是在西定路，後來才遷到這裡，戰後還由台北畜產公司接管。今天大家看到的環保局這一塊地，就是當年牧場的範圍。\n​\n牛奶寮這裡有很多我的回憶，家族長輩早年從萬里到基隆落腳，我的叔叔也住過這裡，小時候我常常跟著來串門子。印象最深的是我姑婆，每天早上都會坐在門口跟大家聊天，這裡的理髮廳、雜貨店，都是居民的生活重心，一代又一代的基隆人在這裡生活。\n​\n牛奶寮和附近的「豬灶」地區，可以說是基隆最早期開發的社區之一，不過，這一帶過去的道路設計以車為主，比如說南榮路的人行空間就非常狹窄，常常看到行人要跟大車爭道，實在很危險。\n​\n所以，我從擔任議員開始，就和在地的里長一起不斷爭取改善，最後爭取到將近三千七百萬元的經費，規劃從自愛三路口一路到八堵隧道、全長近兩公里的人行環境改善工程。這不僅有人行道，還包含排水、照明、電桿地下化等設施更新，就是希望能讓整條路更安全、更舒適。\n​\n對我來說，打造一個宜居的基隆，就是一步一步把這些具體的改善做出來，牛奶寮和豬灶是基隆早期發展的見證，而南榮路的改善，則是我們這一代要為城市留下的記憶。\n​\n未來，我也會持續爭取更好的生活環境，讓每個社區不只留下歷史記憶，也能擁有安心回家的路。",
  "ad_profile_name": "童子瑋",
  "ad_profile_image": "https://scontent.ftpe8-3.fna.fbcdn.net/v/t39.35426-6/536596318_1280393806365896_5518798861260104130_n.jpg?stp=dst-jpg_s60x60_tt6&_nc_cat=111&ccb=1-7&_nc_sid=c53f8f&_nc_ohc=dJJuY7Zoe2gQ7kNvwHJu-Fl&_nc_oc=AdmcLWifbJk1yX-1e806yGcyH6kTNRalQXaeftjHQ68VsogGFuRul_RPzJaDyZJ_VD4&_nc_zt=14&_nc_ht=scontent.ftpe8-3.fna&_nc_gid=7QH_W4723Vqft0bBnvNrzA&oh=00_Afq66LxCc0N2wdE03Mu_KVhqFjnrgU-NeIKUtpIFAEe4pQ&oe=696DC5B0",
  "ad_is_video": false,
  "ad_video_preview_image": null,
  "ad_image": "https://scontent.ftpe8-1.fna.fbcdn.net/v/t39.35426-6/536267798_1443400144050038_4417116721381464269_n.jpg?stp=dst-jpg_s600x600_tt6&_nc_cat=109&ccb=1-7&_nc_sid=c53f8f&_nc_ohc=vljB3d0WHDcQ7kNvwEPu02T&_nc_oc=AdkNWoRqjgUQxJwmgJpY3xKKoTpLFTO6G5NTjMUM-hE9GzeLBYn05I2cAFC5MonlvlA&_nc_zt=14&_nc_ht=scontent.ftpe8-1.fna&_nc_gid=7QH_W4723Vqft0bBnvNrzA&oh=00_AfolKwDZ8-MUPJ3tIphDkmGUTr3mbvF1Ra9xtsd_paaVbw&oe=696DF0CA",
  "ad_cta_text": "",
  "ad_link_description": null,
  "ad_link_url": null,
  "ad_title": null,
  "ad_caption": null,
  "ad_page_id": "307531466403423",
  "ad_cta_type": "",
  "ad_extra_links": [],
  "ad_extra_texts": [],
  "ad_page_categories": [
    "政治人物"
  ],
  "ad_page_like_count": 0,
  "ad_publisher_platform": [
    "facebook"
  ],
  "ad_like_count": "0",
  "ad_share_count": "0"
}