{
  "ad_id": "1279826570839945",
  "ad_context": "謝謝撲馬送我(？)兩把刷子🙌",
  "ad_profile_name": "尹立 左營楠梓市議員參選人",
  "ad_profile_image": "https://scontent.ftpe8-3.fna.fbcdn.net/v/t39.35426-6/599940653_808435932184793_2810467683682163317_n.jpg?stp=dst-jpg_s60x60_tt6&_nc_cat=111&ccb=1-7&_nc_sid=c53f8f&_nc_ohc=Vis_siKmDT8Q7kNvwGgf1YQ&_nc_oc=Adk6Sqn1x4BS7bwf6k7YzY1cvvcM7Wm0fJciPdvDztZ7tQUandyMkPJcRaiGaVH5meg&_nc_zt=14&_nc_ht=scontent.ftpe8-3.fna&_nc_gid=9vs2K12VWlaCDWj4Pqn7ww&oh=00_AfolELVUhkne4rFMKAQCX2JBzCY2QSpSBBZ0kJrcMancRg&oe=696E683C",
  "ad_is_video": false,
  "ad_video_preview_image": "https://scontent.ftpe8-1.fna.fbcdn.net/v/t39.35426-6/599930217_2072305906948167_1968160133204703497_n.jpg?_nc_cat=105&ccb=1-7&_nc_sid=c53f8f&_nc_ohc=mNBX8Gj6nMUQ7kNvwFWmH6U&_nc_oc=Admpp4CqnQZtpP-DqX4fUvWdK_EyVmyY-KustPCZGiGBrJ1zOsUKHzIVlaEjr2vXEFw&_nc_zt=14&_nc_ht=scontent.ftpe8-1.fna&_nc_gid=9vs2K12VWlaCDWj4Pqn7ww&oh=00_AfoEQHaENxdX08B6qVxeyyCltt4a6uDfOH_TfVQpUySWWQ&oe=696E4D79",
  "ad_image": null,
  "ad_cta_text": "瀏覽 Instagram 個人檔案",
  "ad_link_description": null,
  "ad_link_url": "https://l.facebook.com/l.php?u=http%3A%2F%2Finstagram.com%2Faaronyin%3Ffbclid%3DIwZXh0bgNhZW0CMTAAYnJpZBExazJrMW9UNzM1WTVBYVYwRXNydGMGYXBwX2lkDzU0MTYzOTQ5Mzg4OTAyNQABHvFvFJG6mrMvBPMBoOyc1VUANxyy_GoCgmlcMBEI__xmM4WNN-Dst2ya6JmM_aem_jlPHzwFMMzSrlRZ8UN3iUQ&h=AT3WZNDsAvJtRXWCqC34BiIQfSU27c54aXeENEk90FHPJeBcKtVjoiasgpegHTMIudguIOPATRWaD92yBjw8oJukQkW-6xQuri3ASHwSgZ922F7zP_l8vhxCN8_XrlBe3u-x_CV07l5OExj2opvJ1A",
  "ad_title": null,
  "ad_caption": "instagram.com",
  "ad_page_id": "101568996094569",
  "ad_cta_type": "瀏覽 Instagram 個人檔案",
  "ad_extra_links": [],
  "ad_extra_texts": [],
  "ad_page_categories": [
    "公眾人物"
  ],
  "ad_page_like_count": 3451,
  "ad_publisher_platform": [
    "facebook",
    "instagram"
  ],
  "ad_like_count": "0",
  "ad_share_count": "0"
}