{
  "ad_id": "1280532193080070",
  "ad_context": "💥就在今晚台灣對澳洲\n一起為中華隊加油\n#集氣進入世界四強\n⚾️🏆⚾️🏆⚾️🏆⚾️🏆",
  "ad_profile_name": "謝衣鳯",
  "ad_profile_image": "https://scontent.ftpe8-4.fna.fbcdn.net/v/t39.35426-6/467327728_1279495309917103_2785055972295814778_n.jpg?stp=dst-jpg_s60x60_tt6&_nc_cat=110&ccb=1-7&_nc_sid=c53f8f&_nc_ohc=otvKylZbmYsQ7kNvwHrPO1A&_nc_oc=Adkkmi-R-uUTpQMZ3clWXwA2LAw1lkn4fnc_8TGN-IP9_TgxUu0UIv35-k61r8dIURU&_nc_zt=14&_nc_ht=scontent.ftpe8-4.fna&_nc_gid=KwOIE02o6Ut8r-9-GY3k0Q&oh=00_AfodhBj-q9AI4WmNVFCX2LkNawt-8zW6hmW6Koj4U4TNfw&oe=696E5CE4",
  "ad_is_video": false,
  "ad_video_preview_image": null,
  "ad_image": "https://scontent.ftpe8-3.fna.fbcdn.net/v/t39.35426-6/467511184_1248680246342296_929944278079428005_n.jpg?stp=dst-jpg_s600x600_tt6&_nc_cat=111&ccb=1-7&_nc_sid=c53f8f&_nc_ohc=R1hfJcHt89QQ7kNvwE0xVhS&_nc_oc=AdnTyfJiOQ1aL-8qNyFa6k5308jzX8s86G7We-w3QZ--a5UOzgr1jFEmXIqIbFOHwxs&_nc_zt=14&_nc_ht=scontent.ftpe8-3.fna&_nc_gid=KwOIE02o6Ut8r-9-GY3k0Q&oh=00_AfqfdctZcFoe75ELs_pRq6Bulj5YhJG_YH0Nu6nOE7kB4A&oe=696E78F7",
  "ad_cta_text": "",
  "ad_link_description": null,
  "ad_link_url": null,
  "ad_title": null,
  "ad_caption": null,
  "ad_page_id": "376687563131189",
  "ad_cta_type": "",
  "ad_extra_links": [],
  "ad_extra_texts": [],
  "ad_page_categories": [],
  "ad_page_like_count": 0,
  "ad_publisher_platform": [
    "facebook",
    "instagram"
  ],
  "ad_like_count": "0",
  "ad_share_count": "0"
}