{
  "ad_id": "1283414490141183",
  "ad_context": "#廣編企劃｜把微小行動串起來，影響就能擴大\n\n在大亞集團成立七十週年的此刻，更確信：「每一份被看見、被支持的行動，都能成為改變的起點。」\n\n今年，大亞集團邀請「綠集合」歷屆得主、企業、學界與在地夥伴，一起分享從山林、海岸到社區的長期實踐，展現行動如何在不同角落扎根發芽。\n\n沈尚弘董事長常說：「哪怕力量微小，只要能被串接起來，影響就能擴大。」這正是大亞長期投入的核心。從修補步道、減少海漂垃圾，到串聯社區知識與文化，每一項看似平凡的努力，都在累積守護土地的力量。\n\n鳳凰花論壇讓更多人看見這些行動者的故事，也讓支持不再是口號，而是一種連結。大亞將持續與夥伴並肩前進，用穩定的力量，把家園變得更美好！\n\n#大亞集團 #永續行動 #美麗家園基金會 #鳳凰花論壇 #綠集合",
  "ad_profile_name": "CSR在天下",
  "ad_profile_image": "https://scontent.ftpe8-3.fna.fbcdn.net/v/t39.35426-6/590505554_1296216878939654_9030426875009615424_n.jpg?stp=dst-jpg_s60x60_tt6&_nc_cat=106&ccb=1-7&_nc_sid=c53f8f&_nc_ohc=H3UaTgG2dLoQ7kNvwF9ai4H&_nc_oc=AdkrXw2NtGg7zYqtuO6ZyuoDtKDaw3gaoFtVjeAw92EBlZq-JUUPQH0pjLkukm1NLQ4&_nc_zt=14&_nc_ht=scontent.ftpe8-3.fna&_nc_gid=Lh9L4BDcdarJ8Y44BMWsyA&oh=00_Afpk3ooyi5tyTDz-8THWKnn9QKiX1ADqePsQKlmmZRtR6w&oe=696E6486",
  "ad_is_video": false,
  "ad_video_preview_image": null,
  "ad_image": "https://scontent.ftpe8-2.fna.fbcdn.net/v/t39.35426-6/590615020_1537337797720144_377852280168783047_n.jpg?stp=dst-jpg_s600x600_tt6&_nc_cat=103&ccb=1-7&_nc_sid=c53f8f&_nc_ohc=_wEIv_dBg4QQ7kNvwFitLxR&_nc_oc=AdnpwgxM6qpxEBHUW5ciP9232e0NKnyCxvqR0zbIMQHWyoXBXTIkX8m8tmMNPcYsiiI&_nc_zt=14&_nc_ht=scontent.ftpe8-2.fna&_nc_gid=Lh9L4BDcdarJ8Y44BMWsyA&oh=00_Afpi4ChqefeLGx1I5q0-g18wVi4Bf_SvdI5lmjBz2-ZNlA&oe=696E49D5",
  "ad_cta_text": "",
  "ad_link_description": null,
  "ad_link_url": null,
  "ad_title": null,
  "ad_caption": null,
  "ad_page_id": "1751961571765479",
  "ad_cta_type": "",
  "ad_extra_links": [],
  "ad_extra_texts": [],
  "ad_page_categories": [],
  "ad_page_like_count": 0,
  "ad_publisher_platform": [
    "facebook",
    "instagram"
  ],
  "ad_like_count": "0",
  "ad_share_count": "0"
}