{
  "ad_id": "1284962942301079",
  "ad_context": "",
  "ad_profile_name": "張渝江",
  "ad_profile_image": "https://scontent.ftpe8-1.fna.fbcdn.net/v/t39.35426-6/316094857_493923242771239_3625906788182636385_n.jpg?stp=dst-jpg_s60x60_tt6&_nc_cat=108&ccb=1-7&_nc_sid=c53f8f&_nc_ohc=2O8_ufky0ssQ7kNvwGisQp1&_nc_oc=AdkOKJLamnlxQD_cTXxrVNFxSqr4avqxyh0TJkAvU_GuYlJplXPzOS3jvfKJ37gdk-U&_nc_zt=14&_nc_ht=scontent.ftpe8-1.fna&_nc_gid=15FCl6EKLGZ7UtbjWm5VuQ&oh=00_AfpRlG8q9TajRZrk7Tb4t9JhuZ3aYYIg-rs5iwPotUZyBQ&oe=696E51FB",
  "ad_is_video": false,
  "ad_video_preview_image": null,
  "ad_image": "https://scontent.ftpe8-2.fna.fbcdn.net/v/t39.35426-6/315776585_547946467155210_5711140742450958961_n.jpg?stp=dst-jpg_s600x600_tt6&_nc_cat=100&ccb=1-7&_nc_sid=c53f8f&_nc_ohc=k10X4YX-0GoQ7kNvwE8DA8Z&_nc_oc=AdmrV4OuOA51UCTlmYAQ-yv7Mq21FKnF2v5T2EwF-3sqWxInyVuqRrI5oWmoaj7-4A8&_nc_zt=14&_nc_ht=scontent.ftpe8-2.fna&_nc_gid=15FCl6EKLGZ7UtbjWm5VuQ&oh=00_AfqCoPvZbvcyh9sEEmhonz0w_-XVhccpslsQVIJv06Kh9A&oe=696E72CA",
  "ad_cta_text": "Subscribe",
  "ad_link_description": null,
  "ad_link_url": "https://l.facebook.com/l.php?u=https%3A%2F%2Feugenepechang.wordpress.com%2F%3Ffbclid%3DIwZXh0bgNhZW0CMTAAYnJpZBExazJrMW9UNzM1WTVBYVYwRXNydGMGYXBwX2lkDzU0MTYzOTQ5Mzg4OTAyNQABHkj9FVEZycvoVcXsotRG7e1SFwsw15YbzAlIIYqrlAXpBHQDcbK_bBH84lVF_aem_hrhyGEc5V31xjU1JrJsycA&h=AT3sPhMuuPBkUEpwnLm1OvMU7Tj1no9e-aFmap91ygQM7R71K0vnTCNmIwzm-V-E5hSoBg8pjn4bygmFUSyLpHfMxvqe14BU5yM2ugP37XSJMsMDunTUr9b7MwgpuIzhJkpj9N75FyRhTHac753XgA",
  "ad_title": "要進台大，就要票選「台大」畢業有最多學歷的候選人",
  "ad_caption": "eugenepechang.wordpress.com",
  "ad_page_id": "1096260013752554",
  "ad_cta_type": "Subscribe",
  "ad_extra_links": [
    "我們從不說別人在兼職",
    "要進台大，就要票選「台大」畢業有最多學歷的候選人"
  ],
  "ad_extra_texts": [],
  "ad_page_categories": [
    "公眾人物"
  ],
  "ad_page_like_count": 4303,
  "ad_publisher_platform": [
    "facebook",
    "instagram"
  ],
  "ad_like_count": "0",
  "ad_share_count": "0"
}