{
  "ad_id": "1284573817041034",
  "ad_context": "「不只颱風過後，冬天吹東北季風的時候，垃圾一多根本撿不完」在新北大田寮海灘勘查時，我們遇到一位陳大哥曾這樣說。\n​\n支持「守望海洋落日計畫」，每天一杯飲料錢，成為海洋一年四季的堅強後盾 ▶ https://rethinktw.cc/txElO\n​\n▍東北季風帶來的垃圾，也許不是人的過錯，但 #受傷的環境 是事實\n東北季風，把沙灘堆滿了垃圾、枯枝和落葉，有些地方高達 1 公尺，讓撿垃圾的過程更加困難，但為了台灣海岸線，也為了守護我們熱愛的海洋，我們從沒停下，只為做海洋的堅強後盾。\n​\n▍RE-THINK，也想跟陳大哥說：「沒問題！交給我們（拍胸脯）」\n2025 年，RE-THINK 已經舉辦超過 40 場淨灘，清理 #近兩萬公斤垃圾。作為一個深耕台灣超過 10 年的環保團體，我們看見海岸線的美麗，也看見環境的問題。\n我們決定深入問題核心，思考如何用更有效、更全面的方法守護台灣的海灘。\n​\n▍於是，我們發起「#守望海洋落日計畫」，展開更大範圍的長期行動：\n這一年，與台灣各地的童軍團合作建立《全國髒亂海岸線地圖》，監控 146 個髒海灘點位。\n​\n依據數據回報，前往那些被遺忘的髒海灘熱點重災區淨灘，並將無法前進的地點通報給環管署及相關單位，進行守護。\n​\n除此之外，我們\n- 已與 9 個沿海社區合作舉辦淨灘\n- 深入臨海社區與校園，推廣環境教育\n- 培養淨灘小隊長，讓海岸線擁有長期守護者\n​\n▍RE-THINK 想做的，從來不只是撿垃圾，更是用系統思維解決海廢問題，透過教育推動源頭改變。而這一切，如果沒有穩定的資金支持，很難持續落地。\n\n如果你願意，我們邀請你加入支持我們。\n只要每累積捐款 1 萬元，可以讓我們做到：\n ・清理 50 公斤海廢，撿起 2,000 支寶特瓶\n ・認養 1% 台灣最髒海灘，定期舉辦淨灘與環境教育課程\n ・培訓 1 位環境教育講師，將環保素養帶進地方社區\n​\n如果你願意，也可以長期支持我們，用每天一杯飲料的錢，守護被遺忘的海灘。\n​\n▍加入我們，多認養 1 個海灘，深入台灣每一個角落➤ https://rethinktw.cc/txElO",
  "ad_profile_name": "RE-THINK 重新思考",
  "ad_profile_image": "https://scontent.ftpe8-1.fna.fbcdn.net/v/t39.35426-6/613169295_1600064814757768_459821795201820258_n.jpg?stp=dst-jpg_s60x60_tt6&_nc_cat=105&ccb=1-7&_nc_sid=c53f8f&_nc_ohc=hxyY_2DvQY4Q7kNvwHTwTVA&_nc_oc=AdnDYK1XwDbEKxgzfGfAORR2hzN9ULWNBtVy6eP7q2O43QL0OeD_GHjfZlU_4-y3M0A&_nc_zt=14&_nc_ht=scontent.ftpe8-1.fna&_nc_gid=9kA-F0lhfdwayXZAxb31zA&oh=00_AfrHoIQmQZ4KMFOOGZzlUbyTG9jGeZ7HX1fNNji98qhbOA&oe=696DC4F8",
  "ad_is_video": false,
  "ad_video_preview_image": null,
  "ad_image": "https://scontent.ftpe8-2.fna.fbcdn.net/v/t39.35426-6/613108324_1198066241838951_7221464132464288666_n.jpg?stp=dst-jpg_s600x600_tt6&_nc_cat=101&ccb=1-7&_nc_sid=c53f8f&_nc_ohc=5IqT9OdGFv0Q7kNvwET2O_H&_nc_oc=Admh30WDRKa8l3GTnQo8f1pglIw7t98hvf_X0gco6TuSiaimT98Gzu_seyheYruk_oc&_nc_zt=14&_nc_ht=scontent.ftpe8-2.fna&_nc_gid=9kA-F0lhfdwayXZAxb31zA&oh=00_AfprmIxXo2-fO402PgmVkY3zfgV0rHtQqKfsXcZG0zvXlg&oe=696DDFDE",
  "ad_cta_text": "瞭解詳情",
  "ad_link_description": "支持我們即時、長期清除海洋垃圾",
  "ad_link_url": "https://rethinktw.cc/txElO",
  "ad_title": "東北季風來臨，提醒著我們海洋裡超載的垃圾量\n🌊",
  "ad_caption": "一起還給.台灣乾淨海岸線",
  "ad_page_id": "465616346853075",
  "ad_cta_type": "瞭解詳情",
  "ad_extra_links": [],
  "ad_extra_texts": [],
  "ad_page_categories": [
    "非營利組織"
  ],
  "ad_page_like_count": 0,
  "ad_publisher_platform": [
    "facebook",
    "instagram"
  ],
  "ad_like_count": "0",
  "ad_share_count": "0"
}