{
  "ad_id": "1285829213402846",
  "ad_context": "「台灣病」是什麼？🤔\n亮眼 GDP 背後，是薪資追不上的房價！當低利環境讓房產成為資金出口，你是否也被「房市燥熱、生活寒冷」困住了呢？",
  "ad_profile_name": "房市氣象台",
  "ad_profile_image": "https://scontent.ftpe8-1.fna.fbcdn.net/v/t39.35426-6/615376973_696543186730073_1404770583114635220_n.jpg?stp=dst-jpg_s60x60_tt6&_nc_cat=109&ccb=1-7&_nc_sid=c53f8f&_nc_ohc=MdIaycOJ1KwQ7kNvwF8tlnc&_nc_oc=Adk7IUuZwdl7kI9OFn4LtDO6dzITqDccsV_9-Hl0mJLkcTnmRzXhadwo6tMV17HPKIo&_nc_zt=14&_nc_ht=scontent.ftpe8-1.fna&_nc_gid=dZdRbtl-6zxRy20q_hxOmg&oh=00_Afowo_Zt-IOM8tR_OFIw-eJSoC7QwU-m6j3Lkyo6iw-DPA&oe=696DC7D1",
  "ad_is_video": false,
  "ad_video_preview_image": null,
  "ad_image": "https://scontent.ftpe8-3.fna.fbcdn.net/v/t39.35426-6/615500826_860865826803526_8208544933599669514_n.jpg?stp=dst-jpg_s600x600_tt6&_nc_cat=106&ccb=1-7&_nc_sid=c53f8f&_nc_ohc=QETDfvvMgZEQ7kNvwHduTK0&_nc_oc=AdmEBTwODLHz8jHfsdusUnyzhbABRlVaWc1AwtJYBgSzbzksJyrIhEeC6MDAbMQIg1E&_nc_zt=14&_nc_ht=scontent.ftpe8-3.fna&_nc_gid=dZdRbtl-6zxRy20q_hxOmg&oh=00_AfpVRdBG9wUzXoD556C7PSkb-NO-aavydGShviEP4MlToA&oe=696DCBC4",
  "ad_cta_text": "",
  "ad_link_description": "《經濟學人》用「台灣病」來形容這種狀態，它並不是單純的匯率或房市問題，而是一個更深層的結構性現象：",
  "ad_link_url": "https://l.facebook.com/l.php?u=https%3A%2F%2Fwww.houseradar.com.tw%2F%25e6%2588%25bf%25e5%25b8%2582%25e6%2583%2585%25e5%25a0%25b1%25e8%25ae%259a%2Ftaiwan-gdp-housing-paradox%2F%3Fa0v5la7bquf89%3D64ff915fe01f0c5164da5f34f1694b75%26uy3ubftvh0u6o8%3D0ef6f15fdba68ae41376b8e8956b474d%26xnfrr0ncac%3D20361%26cc4d76fdaf5%26zsmoi87pih9%3Dtrace.popin.cc%26lzzgnpz8d%3Df9f2b1ef23fe2759c2cad0953029a94b%26Q09ORklH%3DTKD_ST%26utm_medium%3DFB%26utm_source%3Dpost%26utm_campaign%3Dsharey2512_8%26fbclid%3DIwZXh0bgNhZW0CMTAAYnJpZBExSVF5MFdiSDNXa0k5cVpWV3NydGMGYXBwX2lkDzU0MTYzOTQ5Mzg4OTAyNQABHkrkNut2jcffjX1sJ8rbb6qlWi8bZ5bwClLRRSSkTuHM8UJybcL0RF6O5_uB_aem_zcxjJz07kcL9OCpprz-qew&h=AT2Yvi2q3Yqjd_s-DhG0p3bv8jdAVtuCCqtZ-Y391Vc3uEoBzUEhSk26DlftdHXSOsLUFD5oWHvFBaohMWxah6KzQiJskOZYQblDkYBRM6SJJQEx18NtpQgoSFigEnW-jyUWTeZOGY2elwLnM-6BLQ",
  "ad_title": "GDP越強，反而越買不起房？ - 房市氣象台",
  "ad_caption": "houseradar.com.tw",
  "ad_page_id": "100162202584984",
  "ad_cta_type": "",
  "ad_extra_links": [],
  "ad_extra_texts": [],
  "ad_page_categories": [
    "房地產服務"
  ],
  "ad_page_like_count": 0,
  "ad_publisher_platform": [
    "facebook"
  ],
  "ad_like_count": "0",
  "ad_share_count": "0"
}