{
  "ad_id": "1286769875770502",
  "ad_context": "🏃2/25 綠藤官網限時一日免運 🏃\n暢銷組合限時優惠 85 折起，純粹保濕雙入組限時快閃 >> https://mygv.cc/YucpC\n\n2/25 是官網限時一日免運，如果你有觀望一陣子的綠藤、auscentic 產品，歡迎把握機會選購。而進入天氣變化大的 2月，我們也為你準備了「純粹保濕雙入組」，以只有 12 種成分的 #純粹保濕精華液，專注為肌膚補水，撫平換季時的不穩定。\n\n🌱 #純粹保濕精華液——熱銷超過 25 萬瓶，專注保濕\n\n沒有美白，不求速效，捨棄討好使用感的添加物，僅有 12 種成分，每個成分都為保濕而生！以高濃度天然來源雙分子玻尿酸為肌膚同時補水涵水，結合公平貿易蘆薈、小黃瓜低溫萃取精華的豐沛活性，保濕更長效。\n\n此外也特別推薦以下熱銷明星產品：\n\n🌱 #活萃三日修護精華 —— 熟客回購 No.1 抗老精華\n\n「已經是生活中無法缺少的一部分！使用第 5 年，每次改版都覺得更喜歡，肌膚狀況也被它好好照顧能一直維持在滿意、穩定的狀況」\n\n🌱 #綠色海洋精華油 —— 千則五星好評推薦，精華油再進化之作\n\n「不管到什麼氣候的地方用他都合適。在倫敦微乾燥的氣候鎖水能力良好，在台灣濕熱也不會不舒服。精華油的分子很細很好吸收，每次用完皮膚都有細緻的光澤」\n\n🌱#頭皮淨化洗髮精——頭髮清潔熱銷 TOP1 \n\n「洗後感覺清爽，吹髮後順暢自然。連續用二天後，同事還以為我剛去剪髮吹整，很自然美。」\n\n2/25 官網限時一日免運 >>https://mygv.cc/YucpC\n\n🌱官網、直營門市同享🌱\n新客現折 $150｜註冊會員即享購物金 $100＋綁定 LINE 再送 $50 購物金\n會員回饋 | 會員再享最高 3% 回饋無上限\n售後承諾 | 台灣地區享完成訂單後 45 天皆享有無條件退貨服務\n\n👉官網獨家活動\n指定卡片享優惠｜持指定信用卡、簽帳金融卡，享消費折扣或回饋金優惠\n取貨付款更靈活｜全家取貨 & 分期零利率新上線，輕鬆取貨，靈活付款",
  "ad_profile_name": "綠藤生機",
  "ad_profile_image": "https://scontent-tpe1-1.xx.fbcdn.net/v/t39.30808-1/247190562_5184281934916274_188473417665072967_n.jpg?stp=dst-jpg_s200x200_tt6&_nc_cat=100&ccb=1-7&_nc_sid=2d3e12&_nc_ohc=oDU4al9LR4wQ7kNvwFMxHVi&_nc_oc=AdniOrw72HdZZV8oQYGtK_7hBlk-Vl-rdz5sSQyjZNJtUhHFIHSgtjC5ig64ip5ZJvs&_nc_zt=24&_nc_ht=scontent-tpe1-1.xx&_nc_gid=WbAJQhatCL3ubtkbWv1YqQ&oh=00_AfpcNWGP8Ia4dpU8OfFRMSEl_KSB4HuxqTxFuw7zjmlQSg&oe=696B2ED2",
  "ad_is_video": false,
  "ad_video_preview_image": null,
  "ad_image": "https://scontent-tpe1-1.xx.fbcdn.net/v/t39.35426-6/481139129_1729585891106922_920064895420019032_n.jpg?stp=dst-jpg_s600x600_tt6&_nc_cat=105&ccb=1-7&_nc_sid=c53f8f&_nc_ohc=GjGR1-UnOroQ7kNvwFuRMRe&_nc_oc=AdnDfllM8CGoyZUDF3r5ejjPkwjzAOAe22QEpyOGNwiNxWEQLexnzRRSZi5wGYBrCEg&_nc_zt=14&_nc_ht=scontent-tpe1-1.xx&_nc_gid=ScKWkHzXF4I_0ZtnRg7wOw&oh=00_Afo-hc9QEu744mLHZg9WDv65U4Wz6y9MsCZn_B-Q28lOTA&oe=696B3B42",
  "ad_cta_text": null,
  "ad_link_description": "當了解越多，需要的越少，保養亦是。 減去 2900+ 非必要成分，以 5 條最短路徑重新定義保養程序，為你打造 23 款純淨產品。",
  "ad_link_url": "https://mygv.cc/YucpC",
  "ad_title": "🏃2/25 綠藤官網限時一日免運，暢銷組合限時優惠 85 折起",
  "ad_caption": "greenvines.com.tw",
  "ad_page_id": "141236905887494",
  "ad_cta_type": null,
  "ad_extra_links": [],
  "ad_extra_texts": [],
  "ad_page_categories": [
    "健康／美容"
  ],
  "ad_page_like_count": 0,
  "ad_publisher_platform": [
    "facebook",
    "instagram",
    "audience_network",
    "messenger"
  ],
  "ad_like_count": "0",
  "ad_share_count": "0"
}