{
  "ad_id": "1288556699699637",
  "ad_context": "彰化古城踩街國際嘉年華會踩街競賽開始報名嘍🏮✨\n\n明年3/7即將舉辦一年一度最受期待的「半線古城・慶典之都文化季」\n\n【2026創意提燈踩街造型競賽】開放報名\n誠摯邀請市民朋友、學校、社區團體及親子家庭一起走出戶外，用創意燈籠點亮彰化古城\n\n參賽隊伍可自由發想提燈造型，結合團隊特色與創意巧思，沿著古城街道踩街迎新年\n\n本次競賽分為團體組與家庭組，團體組每組補助5,000元，家庭組可獲得800元小吃券\n更有大獎金等待您們拿💰💰💰\n\n歡迎踴躍報名，讓創意與笑容在彰化街頭匯聚，一起寫下屬於我們的城市記憶！🌟",
  "ad_profile_name": "彰化市公所",
  "ad_profile_image": "https://scontent.ftpe8-4.fna.fbcdn.net/v/t39.35426-6/600320369_1319472636893974_5357869465106103355_n.jpg?stp=dst-jpg_s60x60_tt6&_nc_cat=110&ccb=1-7&_nc_sid=c53f8f&_nc_ohc=FBNvkr-5Q04Q7kNvwFNQaEe&_nc_oc=AdnlW7Z1vV8ZOfRO51rAB7m2JmWJC4ZT8qMRW0An2YjRGefOA__7MaXnXvNdBIyccyU&_nc_zt=14&_nc_ht=scontent.ftpe8-4.fna&_nc_gid=bv4ZWmUZ64wxoSLg_bFywA&oh=00_AfppW_n6qehYF5zNcWkpHhvsQaLs9Ehndwd_jazjSHua3w&oe=696E5DFF",
  "ad_is_video": false,
  "ad_video_preview_image": null,
  "ad_image": "https://scontent.ftpe8-2.fna.fbcdn.net/v/t39.35426-6/597933943_1378669660403497_6265704686305936367_n.jpg?stp=dst-jpg_s600x600_tt6&_nc_cat=101&ccb=1-7&_nc_sid=c53f8f&_nc_ohc=JfVnRXs5DAgQ7kNvwELIe4A&_nc_oc=AdkBE7U9ntF9btb9RDk4_x9bmx_uf2z30egva7EvH4DV3MoxjMBVjknnwvKvE75wkzg&_nc_zt=14&_nc_ht=scontent.ftpe8-2.fna&_nc_gid=bv4ZWmUZ64wxoSLg_bFywA&oh=00_Afre9wmJzfGEgvkeLPfBrTS03cSuvJH6WqkHFkHoNx0DSQ&oe=696E486F",
  "ad_cta_text": "",
  "ad_link_description": null,
  "ad_link_url": null,
  "ad_title": null,
  "ad_caption": null,
  "ad_page_id": "784013591704650",
  "ad_cta_type": "",
  "ad_extra_links": [],
  "ad_extra_texts": [],
  "ad_page_categories": [
    "政府機構"
  ],
  "ad_page_like_count": 0,
  "ad_publisher_platform": [
    "facebook"
  ],
  "ad_like_count": "0",
  "ad_share_count": "0"
}