{
  "ad_id": "1290767451531438",
  "ad_context": "博士委員 原民戰將 捍衛原民💪\n國民黨第11屆立法委員選舉第7梯次提名！\n#國民黨中常會今通過第11屆立法委員選舉第梯7次提名\n🙌🏻平地原住民選區 鄭天財\n🙌🏻山地原住民選區 孔文吉\n\n💪https://fb.watch/kSSCbMq_Kq/?mibextid=qC1gEa\n\n守護原民朋友！相信國民黨所有提名同志都會把自己活成一道光，努力捍衛人民權益，深耕基層、腳踏實地，共同團結勝選，為民眾拚好日子✨\n\n臉書看更多內容⬇️\nhttps://kmt-wins.com/第七梯次立委提名\n\n提名現場看這裡⬇️\nhttps://youtube.com/shorts/0zbYaZ3ljOw?feature=share\n\n圖片資料來源:KMT",
  "ad_profile_name": "立法委員孔文吉",
  "ad_profile_image": "https://scontent.ftpe8-3.fna.fbcdn.net/v/t39.35426-6/350935358_178267711876957_3439160337644712633_n.jpg?stp=dst-jpg_s60x60_tt6&_nc_cat=107&ccb=1-7&_nc_sid=c53f8f&_nc_ohc=23xSGXE6ptwQ7kNvwGcqe0h&_nc_oc=AdlJ3iUHKuEOiOHMkyTZ9gRZ2StgYRNqagkIP6g3ZQL-FNTpvbS0LR3r9bK7fy1cB8s&_nc_zt=14&_nc_ht=scontent.ftpe8-3.fna&_nc_gid=CP8scwyyRNPQzmb7Fs2v4w&oh=00_AfobA4vxOsgCpf4X5vufbtog41MaeJiHnJoq2w3_iZKQOQ&oe=696E5047",
  "ad_is_video": false,
  "ad_video_preview_image": null,
  "ad_image": "https://scontent.ftpe8-1.fna.fbcdn.net/v/t39.35426-6/351317554_160576053506649_333698334454627977_n.jpg?stp=dst-jpg_s600x600_tt6&_nc_cat=108&ccb=1-7&_nc_sid=c53f8f&_nc_ohc=xEfhQx_QY38Q7kNvwGen8zK&_nc_oc=AdnmZ0D7MeNu0q-UJbdatgauxUB43hSrLG9I0SkQgvmid9pr85m-nRETik8np557qhc&_nc_zt=14&_nc_ht=scontent.ftpe8-1.fna&_nc_gid=CP8scwyyRNPQzmb7Fs2v4w&oh=00_AfouZYt1ovJP2qbVhK7m3bjqDUVOlEkG9NcdaSCbcco1bw&oe=696E6DBF",
  "ad_cta_text": "發送訊息",
  "ad_link_description": null,
  "ad_link_url": "https://fb.watch/kSSCbMq_Kq/?mibextid=qC1gEa",
  "ad_title": null,
  "ad_caption": null,
  "ad_page_id": "134086613358799",
  "ad_cta_type": "發送訊息",
  "ad_extra_links": [],
  "ad_extra_texts": [],
  "ad_page_categories": [
    "政治人物"
  ],
  "ad_page_like_count": 8868,
  "ad_publisher_platform": [
    "facebook",
    "instagram"
  ],
  "ad_like_count": "0",
  "ad_share_count": "0"
}