{
  "ad_id": "1293140309100065",
  "ad_context": "臉型是不是變更精緻可愛了呢？\n可愛即是正義！\n歡迎來找近千則好評的朗朗醫師評估\n把藏在你骨子裡面的專屬可愛笑容找出來！\n🦷\n＠樂晨牙醫診所\n🏥臺北市大安區大安路1段65號2樓之2\n📞(02)2711-7648\n\n@群富牙醫診所\n🏥臺北市大安區安和路一段90巷3號\n📞(02)2701-1727\n\n@皇齊牙醫診所 \n🏥臺北市內湖區行善路391號\n📞(02)2793-5227\n\n@羅氏審美牙科診所\n🏥臺北市信義區和平東路三段213號\n📞(02)2732-1225\n🦷\n#樂晨牙醫 #群富牙醫 #皇齊牙醫 #羅氏審美牙科\n#牙齒矯正 #內湖牙醫 #東區牙醫",
  "ad_profile_name": "隱適美白金級專家 朗朗醫師",
  "ad_profile_image": "https://scontent.ftpe8-1.fna.fbcdn.net/v/t39.35426-6/518380652_1452935975941383_7706974952271083016_n.jpg?stp=dst-jpg_s60x60_tt6&_nc_cat=109&ccb=1-7&_nc_sid=c53f8f&_nc_ohc=yzaT-CXa2jsQ7kNvwEcg5Pm&_nc_oc=AdnFQrEv3DwTrtT3fau7YISkE09KugZl6rcfmJck6NafpiApa8n9NVNZhQNcpNQ-rMI&_nc_zt=14&_nc_ht=scontent.ftpe8-1.fna&_nc_gid=9PXFIoTxY8RWI8FyKFnRRg&oh=00_AfqVEQIIFTAyuD7FlM5nc43RkwOn4IlxrZfNJfVwvLMuPQ&oe=696DCFE2",
  "ad_is_video": false,
  "ad_video_preview_image": "https://scontent.ftpe8-1.fna.fbcdn.net/v/t39.35426-6/522931488_946054764313035_8389201913865983785_n.jpg?_nc_cat=105&ccb=1-7&_nc_sid=c53f8f&_nc_ohc=kozL_7zO9g8Q7kNvwF0zqiZ&_nc_oc=Admb5OEkyknf9PHJ8z1STSAw9mZL5emq_95MG7aFlXf4tPzoMq_sDtGDYLD7O4F5FK8&_nc_zt=14&_nc_ht=scontent.ftpe8-1.fna&_nc_gid=9PXFIoTxY8RWI8FyKFnRRg&oh=00_AforJvDwCOE1BqlgK5bXF6BSwVEnJWxzu1pzlULH9aKFmg&oe=696DE5C3",
  "ad_image": null,
  "ad_cta_text": "瞭解詳情",
  "ad_link_description": null,
  "ad_link_url": "https://l.facebook.com/l.php?u=https%3A%2F%2Fpse.is%2F4seas4%3Ffbclid%3DIwZXh0bgNhZW0CMTAAYnJpZBExSVF5MFdiSDNXa0k5cVpWV3NydGMGYXBwX2lkDzU0MTYzOTQ5Mzg4OTAyNQABHu5Ke5hztubf1LEitF1xcjN1yWBa2yblW6-waRDOPRpfLLU4RaoocahOXoQY_aem_f0UPODLkB4VYuW5nvo0nBw&h=AT0NYcsNYs8IP5bvvV5rsdVQ_r4kVEorvprSBqzooeJ6bu6edYjrKtDOBfWeeCzqPomm-k1ZlzLoGbAFeNU41c8lLFKQVboSIAy1LMwvXmABMsDjjuxhT7UWAb0-Xqdh2juNy7ar-tUkCedIXRmuuA",
  "ad_title": null,
  "ad_caption": "pse.is",
  "ad_page_id": "103823315191255",
  "ad_cta_type": "瞭解詳情",
  "ad_extra_links": [],
  "ad_extra_texts": [],
  "ad_page_categories": [
    "兒童牙醫"
  ],
  "ad_page_like_count": 1071,
  "ad_publisher_platform": [
    "facebook",
    "instagram"
  ],
  "ad_like_count": "0",
  "ad_share_count": "0"
}