{
  "ad_id": "1295044789035263",
  "ad_context": "#贊助 【美國商用不動產，真的走到轉折點了嗎？🏢】\n \n降息循環啟動、資產估值歷經兩年修正，全球長線資金正悄悄進場。專家直言，美國商用不動產（CRE）已非常接近底部，正是「耐心資本」卡位核心資產的關鍵時刻。\n \n儘管關稅與政策不確定性仍在，美國憑藉經濟韌性、人口紅利與法規透明度，在全球風險升溫之際反而更顯穩健。特別是在各類資產中，唯獨商用不動產跌深10～30%，讓優質標的的進場門檻明顯降低。\n \n從紐約、洛杉磯等門戶城市，到鳳凰城、德州奧斯汀等受惠科技製造回流的新興熱區，地段、供需結構與營運能力，將是未來美國商用不動產能否脫穎而出的三大關鍵。\n \n美國商用不動產，正成為全球資產配置中不可忽視的重要拼圖👉https://cwgvad.pse.is/8kap45\n \n#美國商用不動產 #房地產投資",
  "ad_profile_name": "遠見雜誌",
  "ad_profile_image": "https://scontent-tpe1-1.xx.fbcdn.net/v/t39.35426-6/615706717_1662534541789193_8943739410492169396_n.jpg?stp=dst-jpg_s60x60_tt6&_nc_cat=110&ccb=1-7&_nc_sid=c53f8f&_nc_ohc=NJF5aqGJjh8Q7kNvwEEdEUJ&_nc_oc=AdlMh9T7rK8ka3dCiWqZjx7okcsZj1uJi-jgqzLhw1mOVpjdEFlE9f4NuehA8DmzZTw&_nc_zt=14&_nc_ht=scontent-tpe1-1.xx&_nc_gid=CU2FZfoMFeNYZUZTyD2dnA&oh=00_Afoi7JBtkHplWOUlCB6htObc8Oakv0ktpbMYbnWfYAXZ2w&oe=696D5CEC",
  "ad_is_video": false,
  "ad_video_preview_image": null,
  "ad_image": "https://scontent-tpe1-1.xx.fbcdn.net/v/t39.35426-6/615739356_1797094977666655_50541861674962161_n.jpg?stp=dst-jpg_s600x600_tt6&_nc_cat=105&ccb=1-7&_nc_sid=c53f8f&_nc_ohc=6FiT6Kjh7gAQ7kNvwH3pLga&_nc_oc=Adl6mUVB4GP3NJDAclVDzlidPF4t6m0Y33ZOArlITHf3Oh3CyPB43nFCQXeh9YKNPZs&_nc_zt=14&_nc_ht=scontent-tpe1-1.xx&_nc_gid=CU2FZfoMFeNYZUZTyD2dnA&oh=00_Afp7nslSFeZ-qsIP-MLIcxkKNfvByG-Qma3T5Yf26Q6wXA&oe=696D5074",
  "ad_cta_text": "",
  "ad_link_description": "後疫情時代，全球經貿版圖大挪移，台灣企業資金加速從中國大陸移出，當台積電赴美設廠，領頭半導體上下游台廠遷徙，美國成為海外投資大熱門，此時，跌深兩年的美國商用不動產，正是耐心資本的絕佳投資標的。",
  "ad_link_url": "https://cwgvad.pse.is/8kap45",
  "ad_title": "美國商用不動產迎復甦曙光？專家：耐心資本進場時機已到｜遠見雜誌",
  "ad_caption": "cwgvad.pse.is",
  "ad_page_id": "286487218798",
  "ad_cta_type": "",
  "ad_extra_links": [],
  "ad_extra_texts": [],
  "ad_page_categories": [
    "新聞媒體網站"
  ],
  "ad_page_like_count": 0,
  "ad_publisher_platform": [
    "facebook",
    "instagram"
  ],
  "ad_like_count": "0",
  "ad_share_count": "0"
}