{
  "ad_id": "1296727667817986",
  "ad_context": "「謝謝叔叔阿姨幫忙整理玩具，希望收到玩具的小朋友很開心！🥰」 邀你每月捐款 $300 讓傳愛不間斷：https://bit.ly/3WDiffc\n​\n💌「感謝你們花時間和精力去幫助這些孩子，希望你們可以幫助更多孩子，讓更多孩子得到快樂，也希望你們有動力可以繼續做下去。」\n💌「盼點亮童年的笑聲，能傳得更遠、更久。」\n💌「有些孩子沒有玩具可以玩，而你們幫孩子找到了歡樂，讓那些沒有玩具玩的孩子，可以跟一般小孩一樣能玩玩具。」\n​\n 18 年前， #台灣玩具圖書館協會 因為看見了許多偏鄉社區、弱勢家庭的孩子，礙於家中經濟的困窘，連一份小小的玩具，都成了難以實現的盼望。\n​\n所以我們開始回收各地的舊玩具，並將這些充滿祝福的玩具，一件件清潔、整理、分類。以及更重要的是，把玩具順利送到需要的孩子們手上。\n​\n到現在，我們已經提供給了全台超過 1,600 個偏鄉學校、社福團體與社區等單位，受惠人次超過 80,000。一個個孩子們的笑容，#讓我們更堅定相信，#這個行動需要一直持續下去🏃‍♂️\n​\n▌然而，面對著二手玩具回收量逐年增加，小至清潔耗材，大至場地營運支出，都讓我們的肩上重擔更加沉重😢深怕有天，連小小的一份玩具，都無法帶給孩子們。\n​\n所以我們啟動了《#玩具傳愛集資計畫》，希望能募集到【每月 16 萬元】的經費，讓協會能在 2023 年順利完成再生 5 萬件二手玩具的任務💪\n​\n你願意，一起守護台灣孩子們的快樂童年嗎？\n​\n點擊連結，即可支持計畫：\nhttps://bit.ly/3WDiffc",
  "ad_profile_name": "台灣玩具圖書館",
  "ad_profile_image": "https://scontent.ftpe8-4.fna.fbcdn.net/v/t39.35426-6/321505196_1319487498826061_6404531888205356166_n.jpg?stp=dst-jpg_s60x60_tt6&_nc_cat=102&ccb=1-7&_nc_sid=c53f8f&_nc_ohc=Zt8ZBY5WXZUQ7kNvwE06arr&_nc_oc=AdlPqXRProQBY560zgCWPzjLfpo-o83h6y_8KRHwwY7wR23T5Zer5dyIGi259J9j2PM&_nc_zt=14&_nc_ht=scontent.ftpe8-4.fna&_nc_gid=GNTvmzUgUU7KHgfCTv6ehA&oh=00_Afq1jLMSbckrnCj2peg4JeGJzbXSHtu_rASZZ13H96bhbg&oe=696E6A82",
  "ad_is_video": false,
  "ad_video_preview_image": null,
  "ad_image": "https://scontent.ftpe8-4.fna.fbcdn.net/v/t39.35426-6/321402527_891285292006471_324807681512784282_n.jpg?stp=dst-jpg_s600x600_tt6&_nc_cat=102&ccb=1-7&_nc_sid=c53f8f&_nc_ohc=L6w_EyLSA4IQ7kNvwEMEZTW&_nc_oc=AdkgJuvH4NpFERpWYEYkrehmOO73-5xumEpV8Wnju5lcE2yU65hckmtusDcSejmWirk&_nc_zt=14&_nc_ht=scontent.ftpe8-4.fna&_nc_gid=GNTvmzUgUU7KHgfCTv6ehA&oh=00_AfrW0-WgGyaPhSbd9ANNLlumuAWXEcM9B7kiWxrD9gFKEQ&oe=696E4669",
  "ad_cta_text": "瞭解詳情",
  "ad_link_description": "「玩」和「快樂」，是所有孩子都該擁有的一份幸福，但在偏鄉與弱勢家庭，沉重的現實壓力，讓這些變成奢侈的願望。《玩具傳愛集資計畫》邀您一起，讓「二手玩具」成為孩子們的溫暖陪伴，把愛傳遞到社會的每個角落。",
  "ad_link_url": "https://bit.ly/3WDiffc",
  "ad_title": "用玩具點亮童年的笑聲🙌每月 $300，一起實現孩子們的小小心願",
  "ad_caption": "2023年.服務經費.募集中",
  "ad_page_id": "236329653113740",
  "ad_cta_type": "瞭解詳情",
  "ad_extra_links": [],
  "ad_extra_texts": [],
  "ad_page_categories": [
    "遊戲\\/玩具"
  ],
  "ad_page_like_count": 0,
  "ad_publisher_platform": [
    "facebook",
    "instagram"
  ],
  "ad_like_count": "0",
  "ad_share_count": "0"
}