{
  "ad_id": "1296655717682730",
  "ad_context": "今天上午 賴清德總統候選人來到竹北，跟 詹紀緹和我一起進行車掃，向各位鄉親朋友們懇託。沿途有非常多熱情的支持者，感謝大家為我們揮旗吶喊，也有支持者送上蒜跟花生，讓我們「凍蒜」、「好事花生」。大家熱情的支持是我一路努力到今天的動力，這一路上非常感謝大家的陪伴跟鼓勵。\n\n現在，我們距離勝利只剩下最後一步了，懇請大家陪我一起衝向勝利！\n\n總統、副總統請支持❷號賴清德、蕭美琴\n新竹縣第一選區立委候選人請支持❺號詹紀緹\n新竹縣第二選區立委候選人請支持❷號曾聖凱\n政黨票請支持❻號民主進步黨\n#選對的人走對的路",
  "ad_profile_name": "曾聖凱",
  "ad_profile_image": null,
  "ad_is_video": false,
  "ad_video_preview_image": null,
  "ad_image": null,
  "ad_cta_text": null,
  "ad_link_description": null,
  "ad_link_url": null,
  "ad_title": null,
  "ad_caption": null,
  "ad_page_id": "107922969032863",
  "ad_cta_type": null,
  "ad_extra_links": [],
  "ad_extra_texts": [],
  "ad_page_categories": [
    "政治候選人"
  ],
  "ad_page_like_count": 0,
  "ad_publisher_platform": [
    "facebook",
    "instagram"
  ],
  "ad_like_count": "0",
  "ad_share_count": "0"
}