{
  "ad_id": "1298355295387654",
  "ad_context": "👂🏻聽說，全台超高電動機車補助在桃園？！\n不管你是通勤族、爸媽族、外送員，通通來領！ \n\n今年補助超貼心👇\n✅ 汰舊換新最高補助 44,000 元\n✅ 婦幼、青壯年、青年、原住民都有加碼\n✅ 新增「外送騎士」&「守望相助隊」專案補助\n欸～各專案加碼名額有限\n手腳快一點，年前換車好運就來啦！\n\n想知道自己能領多少？\n快去留言區看 桃園環保局 護守桃花源 最新補助詳情吧！\n\n#桃園 #桃園市 #電動機車 #補助 #淨零綠生活",
  "ad_profile_name": "SMAT台灣智慧移動產業協會",
  "ad_profile_image": "https://scontent.ftpe8-1.fna.fbcdn.net/v/t39.35426-6/612942790_1392586849208143_104360593920004511_n.jpg?stp=dst-jpg_s60x60_tt6&_nc_cat=105&ccb=1-7&_nc_sid=c53f8f&_nc_ohc=eomf3Jx-224Q7kNvwHZvQB6&_nc_oc=Adm-I3w-96BD7Esx2zMATxJMqwR8cJ3E-hmapSkExChpa7SFi6uwNIrvac3WfgkQvew&_nc_zt=14&_nc_ht=scontent.ftpe8-1.fna&_nc_gid=3q2UjWqwMgcGLEBaSjHkSg&oh=00_Afokx7Sdc-ZIM537zukcuiQ-XyM_Ye7O5OAhOt9b6fEuQA&oe=696E64AC",
  "ad_is_video": false,
  "ad_video_preview_image": null,
  "ad_image": "https://scontent.ftpe8-4.fna.fbcdn.net/v/t39.35426-6/613069990_1180570704280554_691893464721373586_n.jpg?stp=dst-jpg_s600x600_tt6&_nc_cat=104&ccb=1-7&_nc_sid=c53f8f&_nc_ohc=IWtb-a805S0Q7kNvwHlKJi8&_nc_oc=AdlYT_IBg_Xrp3eCRvU39WafotgybLoulzbijKKU2GO_umUaslmFwRpYcNRwFRCLwp4&_nc_zt=14&_nc_ht=scontent.ftpe8-4.fna&_nc_gid=3q2UjWqwMgcGLEBaSjHkSg&oh=00_Afpkyn2Ms6O6f_dvJObNQ0KXEoQP_8Dun3ljRyf5Rr7Adw&oe=696E6268",
  "ad_cta_text": "",
  "ad_link_description": null,
  "ad_link_url": null,
  "ad_title": null,
  "ad_caption": null,
  "ad_page_id": "224716348398040",
  "ad_cta_type": "",
  "ad_extra_links": [],
  "ad_extra_texts": [],
  "ad_page_categories": [],
  "ad_page_like_count": 0,
  "ad_publisher_platform": [
    "facebook"
  ],
  "ad_like_count": "0",
  "ad_share_count": "0"
}