{
  "ad_id": "1298795647988128",
  "ad_context": "你知道嗎\n日本人的道歉，不只是說一句「對不起」，鞠躬的角度也要很講究！\n鞠躬的角度越深，代表誠意越足\n輕輕鞠躬說「すみません」只是「不好意思」\n如果是很嚴重的錯誤，就要深深鞠躬說「ごめんなさい」表示「真的對不起」\n這些禮儀細節，在我的課程裡你都會學習到喔\n​\n我的「實用日文課」已經完整上線\n立馬上課去👉🏻 https://shifuclass.com/LvCO8\n\n課程裡我從最基礎的50音教起\n簡單實用，跳過複雜的文法，直接教你日本人常用的句型和單字\n不管是旅遊、聊天，還是一般的商務場合\n學完課程後，你都能輕鬆應對！\n​\n課程包含了許多情境劇，讓你在有趣的劇情中學到實用日文，保證不無聊～\n還有精美的完整講義、作業，讓你完整學習，從線上延伸到線下\n更有我親自錄製的發音音檔，讓你隨時隨地跟著我練習正確發音\n​\n我還幫你制定了40天的學習計畫\n按照這個進度一步步來，學會日文沒問題！\n下一次去日本，你就可以自信開口，輕鬆和店員、朋友溝通聊天！\n​\n📌 立馬上課去👉🏻 https://shifuclass.com/LvCO8\n結帳時記得輸入折扣碼「aisa300」，還能享有 $300 折扣！\n\n忘記你以前學日文的所有不愉快經驗\n現在就加入我們，一起學習真正的「實用日文」😉\n​\n#愛紗實用日文課 #課程已完整上線",
  "ad_profile_name": "千田愛紗 Aisa Senda",
  "ad_profile_image": "https://scontent-tpe1-1.xx.fbcdn.net/v/t39.30808-1/409733259_893778898781984_4210767273304181456_n.jpg?stp=dst-jpg_s200x200_tt6&_nc_cat=106&ccb=1-7&_nc_sid=2d3e12&_nc_ohc=fcFwuARM1wcQ7kNvwEhal9C&_nc_oc=Adm6o0HrXExDSRVl5IWWV3ibg4tIhlSmOvv8ax85UTL5LO3jjjbnmnWEFGwGguTjv7Q&_nc_zt=24&_nc_ht=scontent-tpe1-1.xx&_nc_gid=e9BnorJj96ktOOQns_dIOw&oh=00_AforR1nC3Qv6itBNU3ImJhoOHJ0fBMStar8vTSe2jEHbTw&oe=696BCD53",
  "ad_is_video": true,
  "ad_video_preview_image": "https://scontent-tpe1-1.xx.fbcdn.net/v/t39.35426-6/463603698_1073962464310749_4150527898525562544_n.jpg?_nc_cat=106&ccb=1-7&_nc_sid=c53f8f&_nc_ohc=ox7SPC-RXScQ7kNvwEqpHiX&_nc_oc=AdlxAskT9lUVzF67ax0YGZjjywMY9lviepnORPuvsOp0zkr19BeqGR3rcry5HVNRdgk&_nc_zt=14&_nc_ht=scontent-tpe1-1.xx&_nc_gid=m5S7KuyvsvGyyVk5mHpgAQ&oh=00_AfqmNTqFLgCdL-b22xqq85-FovU3jw_pnOJWhVbhJssUpQ&oe=696BBDAC",
  "ad_image": null,
  "ad_cta_text": null,
  "ad_link_description": null,
  "ad_link_url": "https://shifuclass.com/LvCO8",
  "ad_title": "千田愛紗的實用日文課試看片6",
  "ad_caption": null,
  "ad_page_id": "762258350549723",
  "ad_cta_type": null,
  "ad_extra_links": [],
  "ad_extra_texts": [],
  "ad_page_categories": [
    "藝術家"
  ],
  "ad_page_like_count": 0,
  "ad_publisher_platform": [
    "facebook",
    "instagram",
    "audience_network",
    "messenger"
  ],
  "ad_like_count": "0",
  "ad_share_count": "0"
}