{
  "ad_id": "1299398210844669",
  "ad_context": "📣📣歡迎大家一起來玩📣📣\n大家平安，莉柔跟大家報告\n11/25 （五）我們一樣會舉辦「選前之夜」\n只是這一次不一樣\n我們不想用傳統選舉的悲情造勢\n我們希望帶給所有市民朋友\n輕鬆快樂的一次選舉經驗！\n\n這一次選前之夜有大家喜歡的\n「神秘嘉賓」喔～\n大家敬請期待～\n\n提醒大家！\n我們選前之夜在「慈雲路停車場」\n\n提醒各位爸爸媽媽、小朋友們，\n記得要注意保暖，最近氣溫驟降，\n希望大家一起快快樂樂\n讓我們迎接這最後一哩路！\n\n我是新竹市東區市議員參選人\n⑥號周莉柔\n\n持續堅持信念\n繼續努力！\n\n  \n#戰鬥莉 ＃幼托平權",
  "ad_profile_name": "周莉柔 新竹市東區議員候選人",
  "ad_profile_image": "https://scontent.ftpe8-3.fna.fbcdn.net/v/t39.35426-6/316821136_656190145956416_366820850435943182_n.jpg?stp=dst-jpg_s60x60_tt6&_nc_cat=111&ccb=1-7&_nc_sid=c53f8f&_nc_ohc=OhMFtT4IuDoQ7kNvwHRRqSq&_nc_oc=AdkcQY-UQQkZgg_3Jr3CSPKiWQ8TDb8i4pBud_osxfgRJDITVmcVyw_LxqIvjFAFBhc&_nc_zt=14&_nc_ht=scontent.ftpe8-3.fna&_nc_gid=6JkwRbORB9tbpay1wmHaNg&oh=00_Afrd4tJ30T2QdzF28RB5JT-tCFuEl9LnyNur5B06DqgVvg&oe=696E55B5",
  "ad_is_video": false,
  "ad_video_preview_image": null,
  "ad_image": "https://scontent.ftpe8-4.fna.fbcdn.net/v/t39.35426-6/316807046_858876601806972_6678842888217779672_n.jpg?stp=dst-jpg_s600x600_tt6&_nc_cat=110&ccb=1-7&_nc_sid=c53f8f&_nc_ohc=6qT4JlFkhyIQ7kNvwF-a4ZK&_nc_oc=AdktBM-ffoNv2L3dHyy_iyU8UBxM5Lxb-Lp69JSAxvgKgMJuEogoWVz_FzlSSvoLDW4&_nc_zt=14&_nc_ht=scontent.ftpe8-4.fna&_nc_gid=6JkwRbORB9tbpay1wmHaNg&oh=00_AfruzysYiCA2_51dvUTT9Nie0y03gOi4crNTaw8NoCn1bw&oe=696E7410",
  "ad_cta_text": "發送訊息",
  "ad_link_description": null,
  "ad_link_url": null,
  "ad_title": null,
  "ad_caption": null,
  "ad_page_id": "101637552565744",
  "ad_cta_type": "發送訊息",
  "ad_extra_links": [],
  "ad_extra_texts": [],
  "ad_page_categories": [
    "政治候選人"
  ],
  "ad_page_like_count": 1556,
  "ad_publisher_platform": [
    "facebook"
  ],
  "ad_like_count": "0",
  "ad_share_count": "0"
}