{
  "ad_id": "1299524100996873",
  "ad_context": "#選前承諾選後實踐\n【 #萬巒鄉 #赤山村 #五溝村 】\n#農路損壞施作改善完成✅\n#通行安全\n該案於111年7月初接案，於20日請莊瑞雄委員服務處與本處辦理會勘，並於112年核定。\n‼️位於萬興路與建興路前方農路年久失修、路面破損嚴重，恐影響農民運輸作物之通行安全，經請莊瑞雄立法委員向行政院農業委員會水土保持局臺南分局爭取經費施作，全長450公尺，業於日前重鋪改善完成，解決人民數十年陳情之苦。\n\n感謝\n#莊瑞雄委員團隊\n#行政院農委會水保局\n#萬巒鄉公所團隊",
  "ad_profile_name": "洪明江 屏東縣議員",
  "ad_profile_image": "https://scontent.ftpe8-1.fna.fbcdn.net/v/t39.35426-6/335861485_946056013233692_6996753926349905654_n.jpg?stp=dst-jpg_s60x60_tt6&_nc_cat=108&ccb=1-7&_nc_sid=c53f8f&_nc_ohc=NA-HOM02LBkQ7kNvwESYJKN&_nc_oc=Adk0sKtXWDWJ_jYogHupSflz9pLiTHxFgTttZfdQqKkdnzgKUBcU_wRTssUKwAQp1Ak&_nc_zt=14&_nc_ht=scontent.ftpe8-1.fna&_nc_gid=Izn8g0gK0-JCcCAdXmQzEA&oh=00_AfqW1_3ogwvQSF3jwmgMeYGntI6_MyL8vktZ3shfL4yixg&oe=696DF3F0",
  "ad_is_video": false,
  "ad_video_preview_image": null,
  "ad_image": "https://scontent.ftpe8-4.fna.fbcdn.net/v/t39.35426-6/335908889_6251023514909639_6939345251907067458_n.jpg?stp=dst-jpg_s600x600_tt6&_nc_cat=102&ccb=1-7&_nc_sid=c53f8f&_nc_ohc=NYH-Xk4fMPgQ7kNvwHqxWnI&_nc_oc=AdmT0IQCY4Wo9RuuOyatSn0TSE3kLFq2mVQcm7yXjrZbRELM-9RiaJOs-WKh3JweEOE&_nc_zt=14&_nc_ht=scontent.ftpe8-4.fna&_nc_gid=Izn8g0gK0-JCcCAdXmQzEA&oh=00_AfpHcsBYkXFl43WqIBbuaOZDfCETThzHFDVmYa2G5IcvaQ&oe=696DC7A8",
  "ad_cta_text": "發送訊息",
  "ad_link_description": null,
  "ad_link_url": null,
  "ad_title": null,
  "ad_caption": null,
  "ad_page_id": "182115675191123",
  "ad_cta_type": "發送訊息",
  "ad_extra_links": [],
  "ad_extra_texts": [],
  "ad_page_categories": [
    "政治人物"
  ],
  "ad_page_like_count": 1570,
  "ad_publisher_platform": [
    "facebook",
    "instagram"
  ],
  "ad_like_count": "0",
  "ad_share_count": "0"
}