{
  "ad_id": "1299038112268608",
  "ad_context": "美國在南美洲出手的消息一出來，台灣有一群人立刻集體跳腳\n\n譴責美國、呼籲反戰、痛批霸權\n他們過去那些鼓吹『中國軍力不可抵抗』的說法，彷彿從未存在\n\n這反應其實很有意思\n因為同樣這群人，在過去幾年中國三不五時在台灣外海軍演\n#軍機繞台、#軍艦貼近、#文攻武嚇 成了日常\n甚至割海底電纜、測試灰色地帶行動時\n幾乎沒聽到他們站出來講過一句重話\n\n怎麼中國這樣做的時候\n你們喊著「台灣不要挑釁」、「都是台灣討打」\n美國一動手，你們就突然想起反戰了？\n\n更好笑的是，還有人開始說：\n美國可以抓委內瑞拉總統，代表中國也可以抓台灣總統\n\n抱歉，#りしれ供さ小\n\n這種話乍聽很理性，實際上卻把現實說反了\n中國不是不想做，而是 #做不到\n\n中國早就公開把台灣的政治人物定義為敵對對象\n從來沒有因為什麼 #國際觀感 而手下留情\n\n事實上，中國也從未停止嘗試\n從大張旗鼓通緝沈柏洋，到威脅蕭美琴的人身安全\n再到早已在中國境內，無故拘捕李明哲\n\n很明顯不是不想做，而是很多時候做不到\n或是做了就會付出代價\n\n所以 #某些人 突然開始替中國擔心「會不會被美國帶壞」\n本身就很 #荒謬\n\n真正值得觀察的，不是美國動不動手\n而是台灣內部為什麼會有一群人\n對中國的威脅選擇性失明，卻對美國的行動高度敏感\n\n中國在你家門口揮拳試槍，你要大家冷靜、不要刺激中國\n美國在地球另一端出手，你卻第一時間跳出來譴責\n\n這樣的標準，怎麼看都不像是反對戰爭\n比較像是早就決定好，哪一邊可以罵，哪一邊不能碰\n柿子挑軟的捏，軟土深掘\n\n台灣現在做的事情，其實很單純\n『讓自己不要成為誰都能下手的對象』\n\n但這件事，在某些藍白人士眼中\n卻成了「挑釁」、「不理性」、甚至是「被美國利用」\n\n有趣的是，今天高喊反戰、譴責美國的這些人\n正是過去最賣力高喊、大聲為中國讚聲，不斷說著：\n「中國打來一定輸」、「首戰即終戰」、「美國不會來」的那一批人\n\n當中國在門口示威、恐嚇、試探底線時\n他們說那叫現實，人家拳頭大，不要刺激對方\n\n當美國在遠方對獨裁政權動手時\n他們卻突然想起道德、反戰與世界和平\n\n這種標準，大家都不陌生，因為一直都有人替中國說話\n而台灣如果還分不清這是在反戰，還是在替誰鋪路\n那才真的危險\n\n#委內瑞拉 #傑克萊恩第二季 #原來編劇沒有在唬爛",
  "ad_profile_name": "劉韋巡 巡航安樂",
  "ad_profile_image": "https://scontent.ftpe8-4.fna.fbcdn.net/v/t39.35426-6/607918843_741003598622620_4863309072328618528_n.jpg?stp=dst-jpg_s60x60_tt6&_nc_cat=104&ccb=1-7&_nc_sid=c53f8f&_nc_ohc=mSWn_lZp0XQQ7kNvwHbZ_pf&_nc_oc=AdmHN4nP4akmq6TTfaKLplmoXJyw5asTIWibFtmT5-9SGJed9RMEtLYtunktthAabeE&_nc_zt=14&_nc_ht=scontent.ftpe8-4.fna&_nc_gid=i-o68KpxFvoUejgxICTC2Q&oh=00_AfpUfn-40KLgxNy5HXsSs0Wcc5OZyvEnN0gB7oU_W9P0mA&oe=696E5F3D",
  "ad_is_video": false,
  "ad_video_preview_image": null,
  "ad_image": "https://scontent.ftpe8-4.fna.fbcdn.net/v/t39.35426-6/611325129_3828081587325031_8710930677710532780_n.jpg?stp=dst-jpg_s600x600_tt6&_nc_cat=102&ccb=1-7&_nc_sid=c53f8f&_nc_ohc=JrgTRz6zLW0Q7kNvwEG5r4q&_nc_oc=AdnRaqyrCNV7e74vzq6xzcRg85xHATT8d-12RKclWMKXQwLCDsCU8oIRNxpArtCtg2w&_nc_zt=14&_nc_ht=scontent.ftpe8-4.fna&_nc_gid=i-o68KpxFvoUejgxICTC2Q&oh=00_AfrPsSCzEd1v064FoiQud6Xf3KrY4WuluLAV9iNt9ebAQw&oe=696E543B",
  "ad_cta_text": "",
  "ad_link_description": null,
  "ad_link_url": null,
  "ad_title": null,
  "ad_caption": null,
  "ad_page_id": "174455783100940",
  "ad_cta_type": "",
  "ad_extra_links": [],
  "ad_extra_texts": [],
  "ad_page_categories": [
    "公眾人物"
  ],
  "ad_page_like_count": 2436,
  "ad_publisher_platform": [
    "facebook",
    "instagram"
  ],
  "ad_like_count": "0",
  "ad_share_count": "0"
}