{
  "ad_id": "1300017640590799",
  "ad_context": "2023年民進黨黨內立委初選，並不在露慧原先的規劃中，但回顧前年，竟有本黨立委意圖引黑道入黨；去年相同的團隊在大選選擇跑票，到了今年，還要繼續代表民進黨參選立委...這一切誇張行徑我們還要視而不見嗎？我們必須醒悟：「面對不適任的人，就要靠努力去阻止」，選擇從政就應該積極保護民眾、堅持自己的政治理念！為此，才讓露慧決定投入2023年民進黨黨內立委初選。\n\n參選立委後，露慧在地方也會傾盡所能「堅持顧全選民的權益」絕不給鄉親們的服務打折扣！成為立委只會擴大我的服務內容，選民服務只會變多，絕不會中斷！\n\n☎『2023年立委初選民調』\n民進黨可以有更好的選擇！接到民調電話，請唯一支持黃露慧！支持露慧！讓我為您做更多！\n\n#黃露慧\n#立委參選",
  "ad_profile_name": "黃露慧 Lulu",
  "ad_profile_image": "https://scontent.ftpe8-4.fna.fbcdn.net/v/t39.35426-6/339962335_543694394554985_6941954027960071213_n.jpg?stp=dst-jpg_s60x60_tt6&_nc_cat=102&ccb=1-7&_nc_sid=c53f8f&_nc_ohc=_BVbazHfZiwQ7kNvwF7JggV&_nc_oc=AdnbUyZYA7D9i4FPBnHyhbdxzb9UgsNSS8ZgZcv8dr5UeiQR4YqYeBenMoYA22SEMQ8&_nc_zt=14&_nc_ht=scontent.ftpe8-4.fna&_nc_gid=AoMAK3GHfOyzwI_9xEnl2g&oh=00_AfpWNJ5550OIMC9eaeGC-t_slcn8vwcjobG0hAZg-86RCQ&oe=696E53C0",
  "ad_is_video": false,
  "ad_video_preview_image": null,
  "ad_image": "https://scontent.ftpe8-4.fna.fbcdn.net/v/t39.35426-6/340123428_1277128779551288_2554667832462058907_n.jpg?stp=dst-jpg_s600x600_tt6&_nc_cat=104&ccb=1-7&_nc_sid=c53f8f&_nc_ohc=OKjw8dW1fKEQ7kNvwEUMTdV&_nc_oc=Adnoe2qnPFVzOidduN1oDF9rcEGPzcb-hFLZz1zIFo66vP65RCkwi3nLxlJA7u3d1FQ&_nc_zt=14&_nc_ht=scontent.ftpe8-4.fna&_nc_gid=AoMAK3GHfOyzwI_9xEnl2g&oh=00_AfoJIchkMNiGsDuGF04S6zCdMi-GxIBtG3f0fGSYUST_Mw&oe=696E4C46",
  "ad_cta_text": "",
  "ad_link_description": null,
  "ad_link_url": null,
  "ad_title": null,
  "ad_caption": null,
  "ad_page_id": "202921733128123",
  "ad_cta_type": "",
  "ad_extra_links": [],
  "ad_extra_texts": [],
  "ad_page_categories": [
    "政治人物"
  ],
  "ad_page_like_count": 0,
  "ad_publisher_platform": [
    "facebook",
    "instagram"
  ],
  "ad_like_count": "0",
  "ad_share_count": "0"
}