{
  "ad_id": "1300742884006253",
  "ad_context": "「讓認真做事的人被看見」\n許多里長及在地支持者都說今年選情我「很穩」，我都回：最怕這麼認為，大家覺得朱健銘穩上，就分票他人，最終落選。\n\n而日前一份民調證明了此事，報導表示，我並不在安全名單上，年底選舉恐鎩羽而歸。\n\n服務不夠到位、問政不夠盡心，無法爭取您的認同而落選，我虛心受教並反省改進。\n然而最害怕是支持者眾，卻認為「穩上所以不投」！\n\n因此懇請大家告訴大家：朱健銘絕對沒有「穩上」，請支持健銘的朋友繼續支持健銘，今年要分票給其他人的朋友請集中選票，票投15號朱健銘，讓健銘繼續為您服務！",
  "ad_profile_name": "勞工心聲我來發聲 朱健銘",
  "ad_profile_image": "https://scontent.ftpe8-1.fna.fbcdn.net/v/t39.35426-6/316539287_1067074887304724_3871710885174849025_n.jpg?stp=dst-jpg_s60x60_tt6&_nc_cat=108&ccb=1-7&_nc_sid=c53f8f&_nc_ohc=8o0Ym2oeUCwQ7kNvwGCuf8O&_nc_oc=AdkEfgD0HkFmFCNlh0fqrtWVsm0StAowPFY_NB2BsfVMMeTA5l4N7HpSWiSlsfoPnkQ&_nc_zt=14&_nc_ht=scontent.ftpe8-1.fna&_nc_gid=bBvKAX-F6AqOrd_KAQMOFQ&oh=00_AfrPz2tMO7u3-NlqeWC5ZxoRiltkV8Gp9txjQG7mhT3tjw&oe=696E57EA",
  "ad_is_video": false,
  "ad_video_preview_image": null,
  "ad_image": "https://scontent.ftpe8-1.fna.fbcdn.net/v/t39.35426-6/316669327_846200209763644_2867597380509938778_n.jpg?stp=dst-jpg_s600x600_tt6&_nc_cat=105&ccb=1-7&_nc_sid=c53f8f&_nc_ohc=qq2JgNMtQgMQ7kNvwHACHht&_nc_oc=AdnkgDqiQuKvXuGtmF3R4UaxNIwFoy1NTFuNHdpckoKa0XC-9Iqi-aA5OP-Vx-5kcrk&_nc_zt=14&_nc_ht=scontent.ftpe8-1.fna&_nc_gid=bBvKAX-F6AqOrd_KAQMOFQ&oh=00_Afr4AktUaOiwMZ5EfGgYmPZajRJ5ZdtsItOET8OB5zON4g&oe=696E453E",
  "ad_cta_text": "",
  "ad_link_description": null,
  "ad_link_url": null,
  "ad_title": null,
  "ad_caption": null,
  "ad_page_id": "100990271352189",
  "ad_cta_type": "",
  "ad_extra_links": [],
  "ad_extra_texts": [],
  "ad_page_categories": [],
  "ad_page_like_count": 0,
  "ad_publisher_platform": [
    "facebook"
  ],
  "ad_like_count": "0",
  "ad_share_count": "0"
}