{
  "ad_id": "1302127567327035",
  "ad_context": "▍苗栗場「自由紋理」導覽志工招募中！\n報名： https://forms.gle/WiYBDeb2XqY3aHAd6\n​\n在五月桐花季，來招募人在「苗栗」的你來「苑裡」當導覽志工！\n（苗栗展期：06/03(六) - 07/09(日)）\n​\n這一次在苗栗的場次，有別於前幾場在熱鬧的市中心，我們來到苗栗苑裡。一方面是因為這裡有很棒的地方創生組織苑裡掀海風，做為我們強而有力的在地協力夥伴；另一方面則是因為苗栗是葉菊蘭的故鄉。更多苗栗的緣由與故事，還請等我們陸續發文介紹。\n​\n苗栗的「自由紋理」，除了鄭南榕的生平點滴、苗栗與葉菊蘭的淵源之外，還納入了苑裡音樂家郭芝苑的相關展品，期待觀眾們在探索鄭南榕與台灣民主歷程的紋理時，也能看看屬於在地的文化故事。邀請苗栗在地的你，一起來跟大家導覽介紹。\n​\n我們相信，在學習與實際導覽的過程中，志工夥伴們將獲得更多關於鄭南榕、黨外運動、台灣歷史的知識，期間有任何疑問也可以隨時和我們討論。期待志工們除了是擔任替他人解惑的角色，也能夠從中學習到新的知識！\n​\n成為志工的小小小福利：\n​\n🌟服務達五小時，贈送《名單之外》一本、復刻自由時代週刊L夾一個。\n🌟如需志工證明，服務達十小時以上可開立。\n🌟展期間將舉辦一場餐敘，邀請大家一起來吃飯聊天。",
  "ad_profile_name": "鄭南榕基金會．紀念館",
  "ad_profile_image": "https://scontent.ftpe8-3.fna.fbcdn.net/v/t39.35426-6/348629594_630590449096362_5296405420773969767_n.jpg?stp=dst-jpg_s60x60_tt6&_nc_cat=111&ccb=1-7&_nc_sid=c53f8f&_nc_ohc=DRD-5lvme1kQ7kNvwHknekz&_nc_oc=AdkTvqgODhmcpNeReQKoeaiGsm6rlIGg0T6K_6CcGpv8Dat37EyDXENVMYT94jWJ04s&_nc_zt=14&_nc_ht=scontent.ftpe8-3.fna&_nc_gid=Trm14Du_G19DO-lb7DPPeA&oh=00_AfpxtXlHzdOxcTXATkwiHFOFZS8cbKxDAGoj1YF1RfU5fQ&oe=696E52F7",
  "ad_is_video": false,
  "ad_video_preview_image": null,
  "ad_image": "https://scontent.ftpe8-3.fna.fbcdn.net/v/t39.35426-6/349082124_1283199222403289_2424062596694859114_n.jpg?stp=dst-jpg_s600x600_tt6&_nc_cat=106&ccb=1-7&_nc_sid=c53f8f&_nc_ohc=8H-nz7VVscMQ7kNvwGIkto6&_nc_oc=AdkWy_48mZOUyfWXYu1Wr9LA5Tj_MaY6bigbkpvIJPz2pGYaV8rjJi00OU6iV9x-uAQ&_nc_zt=14&_nc_ht=scontent.ftpe8-3.fna&_nc_gid=Trm14Du_G19DO-lb7DPPeA&oh=00_AfqDgyb5CzaClcYB0SkV7Ca19fDQVcQs9H2VlP-08yaPOA&oe=696E6AD4",
  "ad_cta_text": "Learn More",
  "ad_link_description": null,
  "ad_link_url": "https://forms.gle/WiYBDeb2XqY3aHAd6",
  "ad_title": "苗栗導覽志工｜徵求中",
  "ad_caption": "forms.gle",
  "ad_page_id": "227597833442",
  "ad_cta_type": "Learn More",
  "ad_extra_links": [],
  "ad_extra_texts": [],
  "ad_page_categories": [
    "非營利組織"
  ],
  "ad_page_like_count": 0,
  "ad_publisher_platform": [
    "facebook",
    "instagram"
  ],
  "ad_like_count": "0",
  "ad_share_count": "0"
}