{
  "ad_id": "1305708506920592",
  "ad_context": "踏入政壇二十年，從議員到市長、從立委到競選縣長，雖在不同的崗位上，但對南投服務的初心不曾改變，也從未離開這片我們深愛的土地。\n\n歷經20年的在地服務，我走遍南投各地，更清楚明白南投縣的需要。現在，我48歲了，我要跟所有的鄉親報告：許淑華，已經準備好了。\n\n最後這一哩路，淑華要請大家和我一起昂首闊步，攜手並進，11月26日請踴躍投票，淑華領投、南投繁榮，堅定支持②許淑華。",
  "ad_profile_name": "許淑華",
  "ad_profile_image": "https://scontent.ftpe8-3.fna.fbcdn.net/v/t39.35426-6/316042961_570468055084182_7034654391849099235_n.jpg?stp=dst-jpg_s60x60_tt6&_nc_cat=106&ccb=1-7&_nc_sid=c53f8f&_nc_ohc=AsS1X0B0RhUQ7kNvwE1fvp3&_nc_oc=Adkqj4beeF4w8FacV8-R48iSnZBVkPpA4EOKClRSoWGtns5SFW6SdxpUyQp7fWt7KmA&_nc_zt=14&_nc_ht=scontent.ftpe8-3.fna&_nc_gid=_GVSEQoz3Ap2HjFdUUPL4A&oh=00_AfoHgBpaSGn7jgqC2flPML0UtAu2RedPhsl-HZLG_aX-cQ&oe=696E4EF1",
  "ad_is_video": false,
  "ad_video_preview_image": "https://scontent.ftpe8-1.fna.fbcdn.net/v/t39.35426-6/316274144_665755361842681_8191609114976750399_n.jpg?_nc_cat=109&ccb=1-7&_nc_sid=c53f8f&_nc_ohc=nTivGV1Sj7kQ7kNvwE6nr1n&_nc_oc=AdlC21sFKsaY4lx2zs2rP5NLq38DW4OwYY44Zdd6lQUaEGTkt2otHCG-xb8KXdamV5w&_nc_zt=14&_nc_ht=scontent.ftpe8-1.fna&_nc_gid=_GVSEQoz3Ap2HjFdUUPL4A&oh=00_AfoutSBCNZtuW8cMv1lyMh225QM-1qfWUSRfHbdMlL2MAw&oe=696E63C6",
  "ad_image": null,
  "ad_cta_text": "",
  "ad_link_description": null,
  "ad_link_url": null,
  "ad_title": null,
  "ad_caption": null,
  "ad_page_id": "130771133668155",
  "ad_cta_type": "",
  "ad_extra_links": [],
  "ad_extra_texts": [],
  "ad_page_categories": [
    "政治人物"
  ],
  "ad_page_like_count": 0,
  "ad_publisher_platform": [
    "facebook"
  ],
  "ad_like_count": "0",
  "ad_share_count": "0"
}