{
  "ad_id": "1305481291603490",
  "ad_context": "",
  "ad_profile_name": "Cosmopolitan HK",
  "ad_profile_image": "https://scontent.ftpe8-1.fna.fbcdn.net/v/t39.35426-6/605287493_1169459481977973_7058256529772465609_n.jpg?stp=dst-jpg_s60x60_tt6&_nc_cat=108&ccb=1-7&_nc_sid=c53f8f&_nc_ohc=zIr233d9Pl8Q7kNvwHkreNa&_nc_oc=AdkOT7nvF-BKCTW-a-nkaJZ1nZY-nm2rvaiBosPAcihQL_fqGdiqK04mKvG7BQUWDoI&_nc_zt=14&_nc_ht=scontent.ftpe8-1.fna&_nc_gid=FHy0DL5Kgi3yglSW7r00Hg&oh=00_AfqkaG4Y7ENnhPbwwSMY2Uf3fU5JEVmKIUsJ2DcZu_61og&oe=696DBB9E",
  "ad_is_video": false,
  "ad_video_preview_image": null,
  "ad_image": "https://scontent.ftpe8-1.fna.fbcdn.net/v/t39.35426-6/605535025_1395790888625722_363764188792668606_n.jpg?stp=dst-jpg_s600x600_tt6&_nc_cat=109&ccb=1-7&_nc_sid=c53f8f&_nc_ohc=0fRulTlEOf8Q7kNvwGjm1mR&_nc_oc=Adk7QIn7NYkU5TxP1X9T_sz4Bk6bT87c_CWiqtLUR4PaZRxYK1ws8Rd6g5xhp1QdoLI&_nc_zt=14&_nc_ht=scontent.ftpe8-1.fna&_nc_gid=FHy0DL5Kgi3yglSW7r00Hg&oh=00_AfrtDtTTCN0tB9EOoAwOj4uxkWZBzMhMOYrw0TzkY9nxYA&oe=696DE29E",
  "ad_cta_text": "Learn More",
  "ad_link_description": null,
  "ad_link_url": "https://l.facebook.com/l.php?u=https%3A%2F%2Fcampaigns.scmpmagazines.com%2Fforerunner-of-hope%2Fthe-ocean-guardian%3Ffbclid%3DIwZXh0bgNhZW0CMTAAYnJpZBExYTJFemdWemFYaG9Ia2pkVnNydGMGYXBwX2lkDzU0MTYzOTQ5Mzg4OTAyNQABHvgSjV64YthfB2bPa1uPY-symt0kPrwECM_CxLDPUSTS_DQzc5mpHWEODIYY_aem_OdjO4IamX1mHbhF2RvtuNA&h=AT3RHJMKKcZzPhg8aygu55vuIbwaueDfLVhfp6NMh-t3o0Agvq3oMiGkNe7OLJv2Us0z9dXC4CHonWLcIyxrF84cj7cWQcP_Qi7vQ1KMZkldxjFfUV8wPuKLdMfcxcBfqzlK6S4k2AcARdysdEj-yg",
  "ad_title": "海洋守護者",
  "ad_caption": "campaigns.scmpmagazines.com",
  "ad_page_id": "117246628326445",
  "ad_cta_type": "Learn More",
  "ad_extra_links": [
    "海洋守護者",
    "海洋守護者",
    "海洋守護者",
    "海洋守護者"
  ],
  "ad_extra_texts": [],
  "ad_page_categories": [],
  "ad_page_like_count": 0,
  "ad_publisher_platform": [
    "instagram"
  ],
  "ad_like_count": "0",
  "ad_share_count": "0"
}