{
  "ad_id": "1305476884127479",
  "ad_context": "🔥 2025 Archive Sale: Redefine Your Style 🔥\n📅 January 20th – 29th\n\nUpgrade your wardrobe with timeless designs, refined essentials, and standout pieces at up to 50% off from Haku's exclusive Archive collection. Modernity meets understated quality, now at unmatched prices.\n\n💥 Custom duties included\n💥 Free shipping on orders over US$185\n\n⏳ Limited time only—shop now and redefine your style for 2025!",
  "ad_profile_name": "Haku_clothing_japan",
  "ad_profile_image": "https://scontent.ftpe8-4.fna.fbcdn.net/v/t39.35426-6/474240938_928271496124083_4467908734686369017_n.jpg?stp=dst-jpg_s60x60_tt6&_nc_cat=104&ccb=1-7&_nc_sid=c53f8f&_nc_ohc=AxjQXjmnP9IQ7kNvwFb6Mm0&_nc_oc=AdmZ9_W_T51Zm2yDo6Vy9yZG9otQSK3GhkyFuoqgygoiLJuvy7v9RTNx4S2Q-7pwjS4&_nc_zt=14&_nc_ht=scontent.ftpe8-4.fna&_nc_gid=x5OY1btGCf9KE6G18pBUkA&oh=00_AfoU-21MUoxAWOd_uObxnySrUl4J5d5qqU2RQUvvFsT58g&oe=696DC349",
  "ad_is_video": false,
  "ad_video_preview_image": null,
  "ad_image": "https://scontent.ftpe8-2.fna.fbcdn.net/v/t39.35426-6/474093612_945086813943276_612974304309380489_n.jpg?stp=dst-jpg_s600x600_tt6&_nc_cat=100&ccb=1-7&_nc_sid=c53f8f&_nc_ohc=bzD97lVhQ1QQ7kNvwHRE9YW&_nc_oc=AdkzyQCFFjmx-Oy9Q9NpY4CEoxTRjr1M8-DvaxJTxqjDNpSeWbj1v4KLHGsyneFImdw&_nc_zt=14&_nc_ht=scontent.ftpe8-2.fna&_nc_gid=x5OY1btGCf9KE6G18pBUkA&oh=00_Afqe4bRSNLr33_LAXMViOhLqdunwku60IZGsk58_jYniGA&oe=696DAB99",
  "ad_cta_text": "Shop Now",
  "ad_link_description": "指定貨品高達半價！",
  "ad_link_url": "https://l.facebook.com/l.php?u=https%3A%2F%2Fhaku-clothing.com%2Fpages%2Farchive-sale-2025%3Ffbclid%3DIwZXh0bgNhZW0CMTAAYnJpZBExRlgwZjFCYTN1b0pDNWJKYXNydGMGYXBwX2lkDzU0MTYzOTQ5Mzg4OTAyNQABHgRPutSuB4dZ-PPCMVxN-uqBS4NX2Nwi5ORKNyzkBPAaywmLRqIc1kvdaVPu_aem_lhAFKLVzxIJhHrzbgw4b8w&h=AT2IxlVHeD0g6iXo0ISGHUyR2zPTRPHKIaFqX8uw2IBQ8zFePozR1TVfxVM3J59XIt87SVENH_81gFZY3uUIh31smIFFfe82spzXirmnA0rdE75tmxxeDBGoCW5wR1VOsASpeLElXqLZkyzoclk-Iw",
  "ad_title": "Archive Sales Limited Time Only!",
  "ad_caption": "haku-clothing.com",
  "ad_page_id": "102049332027864",
  "ad_cta_type": "Shop Now",
  "ad_extra_links": [
    "Archive Sales Limited Time Only!",
    "Archive Sales Limited Time Only!",
    "Archive Sales Limited Time Only!",
    "Archive Sales Limited Time Only!",
    "Archive Sales Limited Time Only!",
    "Archive Sales Limited Time Only!",
    "Archive Sales Limited Time Only!",
    "Archive Sales Limited Time Only!",
    "Archive Sales Limited Time Only!"
  ],
  "ad_extra_texts": [
    "🔥 2025 Archive Sale: Redefine Your Style 🔥\n📅 January 20th – 29th\n\nUpgrade your wardrobe with timeless designs, refined essentials, and standout pieces at up to 50% off from Haku's exclusive Archive collection. Modernity meets understated quality, now at unmatched prices.\n\n💥 Custom duties included\n💥 Free shipping on orders over US$185\n\n⏳ Limited time only—shop now and redefine your style for 2025!",
    "🔥 2025 Archive Sale: Redefine Your Style 🔥\n📅 January 20th – 29th\n\nUpgrade your wardrobe with timeless designs, refined essentials, and standout pieces at up to 50% off from Haku's exclusive Archive collection. Modernity meets understated quality, now at unmatched prices.\n\n💥 Custom duties included\n💥 Free shipping on orders over US$185\n\n⏳ Limited time only—shop now and redefine your style for 2025!",
    "🔥 2025 Archive Sale: Redefine Your Style 🔥\n📅 January 20th – 29th\n\nUpgrade your wardrobe with timeless designs, refined essentials, and standout pieces at up to 50% off from Haku's exclusive Archive collection. Modernity meets understated quality, now at unmatched prices.\n\n💥 Custom duties included\n💥 Free shipping on orders over US$185\n\n⏳ Limited time only—shop now and redefine your style for 2025!",
    "🔥 2025 Archive Sale: Redefine Your Style 🔥\n📅 January 20th – 29th\n\nUpgrade your wardrobe with timeless designs, refined essentials, and standout pieces at up to 50% off from Haku's exclusive Archive collection. Modernity meets understated quality, now at unmatched prices.\n\n💥 Custom duties included\n💥 Free shipping on orders over US$185\n\n⏳ Limited time only—shop now and redefine your style for 2025!",
    "🔥 2025 Archive Sale: Redefine Your Style 🔥\n📅 January 20th – 29th\n\nUpgrade your wardrobe with timeless designs, refined essentials, and standout pieces at up to 50% off from Haku's exclusive Archive collection. Modernity meets understated quality, now at unmatched prices.\n\n💥 Custom duties included\n💥 Free shipping on orders over US$185\n\n⏳ Limited time only—shop now and redefine your style for 2025!",
    "🔥 2025 Archive Sale: Redefine Your Style 🔥\n📅 January 20th – 29th\n\nUpgrade your wardrobe with timeless designs, refined essentials, and standout pieces at up to 50% off from Haku's exclusive Archive collection. Modernity meets understated quality, now at unmatched prices.\n\n💥 Custom duties included\n💥 Free shipping on orders over US$185\n\n⏳ Limited time only—shop now and redefine your style for 2025!",
    "🔥 2025 Archive Sale: Redefine Your Style 🔥\n📅 January 20th – 29th\n\nUpgrade your wardrobe with timeless designs, refined essentials, and standout pieces at up to 50% off from Haku's exclusive Archive collection. Modernity meets understated quality, now at unmatched prices.\n\n💥 Custom duties included\n💥 Free shipping on orders over US$185\n\n⏳ Limited time only—shop now and redefine your style for 2025!",
    "🔥 2025 Archive Sale: Redefine Your Style 🔥\n📅 January 20th – 29th\n\nUpgrade your wardrobe with timeless designs, refined essentials, and standout pieces at up to 50% off from Haku's exclusive Archive collection. Modernity meets understated quality, now at unmatched prices.\n\n💥 Custom duties included\n💥 Free shipping on orders over US$185\n\n⏳ Limited time only—shop now and redefine your style for 2025!",
    "🔥 2025 Archive Sale: Redefine Your Style 🔥\n📅 January 20th – 29th\n\nUpgrade your wardrobe with timeless designs, refined essentials, and standout pieces at up to 50% off from Haku's exclusive Archive collection. Modernity meets understated quality, now at unmatched prices.\n\n💥 Custom duties included\n💥 Free shipping on orders over US$185\n\n⏳ Limited time only—shop now and redefine your style for 2025!"
  ],
  "ad_page_categories": [],
  "ad_page_like_count": 0,
  "ad_publisher_platform": [
    "facebook",
    "instagram"
  ],
  "ad_like_count": "0",
  "ad_share_count": "0"
}