{
  "ad_id": "1306905918117872",
  "ad_context": "坤城立法院第三會期成績單：民生、教育、社會正義、三重建設篇：\n\n一、民生優先：\n\n1️⃣成功推動交通部制定租賃定型化契約，促成「拼裝電動車」強制投保與租借前教學，以確保旅客安全。\n2️⃣成功推動農業部制定《寵物生命紀念業服務定型化契約》，杜絕寵物殯葬亂象叢生，並成功爭取為守護國家的執勤犬啟動全面納保。\n3️⃣推動《道交條例》，針對無照駕駛罰則從12萬提高到18萬，且當場移置保管汽車，車主連帶受罰。\n\n二、教育優先：\n\n1️⃣爭取經費改建12所中小學老舊廁所，共6825萬4,000元。\n2️⃣爭取三重永福國小「周邊人行道改善工程」經費3,017萬531元。\n3️⃣爭取修德國小「體操設備更新」及活動中心空調設備汰換工程經費987萬6,000元，將於11月完工。\n4️⃣爭取三和國中「籃球場」整修工程585萬元、「行政樓增設斜屋頂」工程300萬元、「戶外球場地坪」破損整修經費204萬7,500元。\n5️⃣爭取光榮國中「戶外籃球場」整修工程經費329萬元。\n6️⃣爭取三重高中「太陽能光電球場地坪」整建工程經費206萬5,000元。\n7️⃣爭取二重國中「校園廣場地坪」整修工程經費680萬，已於9月完工。\n\n三、社會正義：\n\n1️⃣成功推動監理所停止以Mail通知違規繳款，避免民眾混淆受騙。\n2️⃣成功推動《地方制度法》修法，增訂民選地方首長停職期間，一律停發薪給，建立廉能政治環境。\n3️⃣成功推動《運彩條例》增列以利誘之方法，妨害投注標的運動賽事公平者，最高處7年徒刑，建立完善防賭機制。\n4️⃣建議教育部將「聯合國2758號決議文」中英文史料原始文本納入國高中教科書，以建立學生正確歷史觀。\n5️⃣丹娜絲風災豪雨重創南部，號召三重宮廟捐款110萬至衛福部專戶，協助重建家園。\n\n四、宜居三重：\n\n✅爭取增設停車格及電線地下化，交通更便利！\n✅成功推動「銀新未來城」計畫案通過，並要求新北市政府應有一定比例優先照顧長者和弱勢。\n✅順利推動新北市三重警察分局交通分隊及公有拖吊場啟用，讓警員有更好的工作環境。\n✅邀請紙風車劇團即將成真火舞團到三重表演，增添精彩的親子活動與豐富在地文化生活。\n✅舉辦「三重立委盃3VS3反毒公益籃球比賽」，並在競賽活動中提醒學生反毒的重要性。 @頭號粉絲",
  "ad_profile_name": "李坤城",
  "ad_profile_image": "https://scontent.ftpe8-1.fna.fbcdn.net/v/t39.35426-6/570840763_836702379044259_5069152992736120189_n.jpg?stp=dst-jpg_s60x60_tt6&_nc_cat=108&ccb=1-7&_nc_sid=c53f8f&_nc_ohc=v7DMUhzBgt4Q7kNvwE7Jygt&_nc_oc=Adm8rLfz3Iy9u4RWnX7HkiFEIsqWSrryHGLiGQMVdBGAEqdtWU5HXWRGppU2KRd7MXk&_nc_zt=14&_nc_ht=scontent.ftpe8-1.fna&_nc_gid=m0kW2tyoZ6K39x6KX6oFCA&oh=00_AfrghV43s6c9O52l8zjvT3A5cmXRhQD2EufmOw5JUuZEdg&oe=696E6983",
  "ad_is_video": false,
  "ad_video_preview_image": null,
  "ad_image": "https://scontent.ftpe8-2.fna.fbcdn.net/v/t39.35426-6/568957811_1287944646464852_263431933795509219_n.jpg?stp=dst-jpg_s600x600_tt6&_nc_cat=100&ccb=1-7&_nc_sid=c53f8f&_nc_ohc=etCnG9gkg3AQ7kNvwGH6KH1&_nc_oc=Adk95l7_VXtbH7CG4NEjXWunNx3xUEvZIyU8Or3yVSPFZt8y4WrOjx6JrhoQAk789gA&_nc_zt=14&_nc_ht=scontent.ftpe8-2.fna&_nc_gid=m0kW2tyoZ6K39x6KX6oFCA&oh=00_Afq0Xhhi8_Aogrbx42QgwHEhkXS9lI57-QuHIe4mTkcBNw&oe=696E5195",
  "ad_cta_text": "",
  "ad_link_description": null,
  "ad_link_url": null,
  "ad_title": null,
  "ad_caption": null,
  "ad_page_id": "187848684616254",
  "ad_cta_type": "",
  "ad_extra_links": [],
  "ad_extra_texts": [],
  "ad_page_categories": [
    "政治人物"
  ],
  "ad_page_like_count": 0,
  "ad_publisher_platform": [
    "facebook"
  ],
  "ad_like_count": "0",
  "ad_share_count": "0"
}