{
  "ad_id": "1306779630518840",
  "ad_context": "我決定支持鄭麗文\n\n我們需要一個能夠，突破雙北以外的黨主席！\n\n我們需要一個，能夠突破深藍同溫層的黨主席！\n\n我們需要一個，能夠說服年輕人的黨主席！\n\n我們需要一個，能夠讓婦女重新信任的黨主席！\n\n我們需要一個，能夠獲得中南部土味卻又不失質感，草根卻又不粗俗的黨主席。\n\n我們需要一個，敢於大聲說出，我是中國人的黨主席。\n\n在大罷免時期，南征北伐幫助本黨同志宣講的時候，我跟鄭麗文同台助講，台上的她，是少數國民黨能獲得台下如雷掌聲，獲得認同的宣講者。\n\n我相信未來，國民黨讓她領導，一定能有一番新的氣象，我願意給她一次機會。\n\n我也拜託我的村民們，能夠相信村長我的觀察力。\n\n村長這二天跟鄭麗文深聊，覺得她是一個值得信任的黨主席，希望大家也給鄭麗文一個機會。",
  "ad_profile_name": "詹江村",
  "ad_profile_image": "https://scontent.ftpe8-4.fna.fbcdn.net/v/t39.35426-6/558114001_1726070828021989_6178623644673534454_n.jpg?stp=dst-jpg_s60x60_tt6&_nc_cat=110&ccb=1-7&_nc_sid=c53f8f&_nc_ohc=dVUB_FIlo3gQ7kNvwHWljEj&_nc_oc=AdmKilTU1AVXy9vMI1UnTIVAHyTEr9bQWT9Ro013JFaD5LAMFTaiL2F6EgFjhhAXkKE&_nc_zt=14&_nc_ht=scontent.ftpe8-4.fna&_nc_gid=kxQPe4Ifmb2UYPDtxxym7Q&oh=00_Afr80ArnZ0dtOlIXGVJOVOOXJWapbQX0FnnGQ4YPNg_nfw&oe=696E55EF",
  "ad_is_video": false,
  "ad_video_preview_image": null,
  "ad_image": "https://scontent.ftpe8-2.fna.fbcdn.net/v/t39.35426-6/558698033_2593258464400298_5171264499381002281_n.jpg?stp=dst-jpg_s600x600_tt6&_nc_cat=101&ccb=1-7&_nc_sid=c53f8f&_nc_ohc=UdN7a0JvXvYQ7kNvwG4GOYX&_nc_oc=AdkuDhqy_zlscXfcCiIB7N96Parcy_ooWVWvBHYJYNhFlQ_QbO_f15Pbm3lJM0pbQDA&_nc_zt=14&_nc_ht=scontent.ftpe8-2.fna&_nc_gid=kxQPe4Ifmb2UYPDtxxym7Q&oh=00_Afq565iHCiHLtjksJSPA4Z93IStZJZu_6nWcDiXp0xq9lQ&oe=696E52D4",
  "ad_cta_text": "",
  "ad_link_description": null,
  "ad_link_url": null,
  "ad_title": null,
  "ad_caption": null,
  "ad_page_id": "229534397097826",
  "ad_cta_type": "",
  "ad_extra_links": [],
  "ad_extra_texts": [],
  "ad_page_categories": [],
  "ad_page_like_count": 0,
  "ad_publisher_platform": [
    "facebook",
    "instagram"
  ],
  "ad_like_count": "0",
  "ad_share_count": "0"
}