{
  "ad_id": "1312472130581691",
  "ad_context": "膠原蛋白粉出爐咯\n補充好人不老😁\nhttps://juoens.com/item/showface/zljs.html",
  "ad_profile_name": "·衣極棒本鋪三重店·",
  "ad_profile_image": "https://scontent.ftpe8-4.fna.fbcdn.net/v/t39.35426-6/528647551_1879896426209573_3324425171582271558_n.jpg?stp=dst-jpg_s60x60_tt6&_nc_cat=110&ccb=1-7&_nc_sid=c53f8f&_nc_ohc=B2C89j7P0MIQ7kNvwHHC8nn&_nc_oc=AdnDoWRu54bDLbbzbm3yigfx3gLJmEBX6nRtBUSg8tvfZHF0ulgCx6uafgDd47swyoU&_nc_zt=14&_nc_ht=scontent.ftpe8-4.fna&_nc_gid=K7MBfk1On-K2u6cbMXCy1w&oh=00_AfqRjysNsSp5hGIwyCNEgJMS7A-R-BPa4H5DOv0FKA5Q8g&oe=696E5490",
  "ad_is_video": false,
  "ad_video_preview_image": "https://scontent.ftpe8-3.fna.fbcdn.net/v/t39.35426-6/529932622_23901350029547103_4608169585431030957_n.jpg?_nc_cat=107&ccb=1-7&_nc_sid=c53f8f&_nc_ohc=QozfZT5jcMYQ7kNvwH04MlV&_nc_oc=Admk1wCvKzQLsCMwlV7iUJd2bbNNDtYu07KTUnGPkTCvZXc5Yf3GrzRrJTuCK0uQ3Vo&_nc_zt=14&_nc_ht=scontent.ftpe8-3.fna&_nc_gid=K7MBfk1On-K2u6cbMXCy1w&oh=00_AfoZthKsa_3plGG6Zk7ZAkj24pWN4xUaKJLHGWL_Qw2kGw&oe=696E7822",
  "ad_image": null,
  "ad_cta_text": "來去逛逛",
  "ad_link_description": null,
  "ad_link_url": "https://juoens.com/item/showface/zljs.html",
  "ad_title": "繡惠姊每天早晚一定要來一包",
  "ad_caption": "https://juoens.com/item/showface/zljs.html",
  "ad_page_id": "524422377419875",
  "ad_cta_type": "來去逛逛",
  "ad_extra_links": [],
  "ad_extra_texts": [],
  "ad_page_categories": [],
  "ad_page_like_count": 0,
  "ad_publisher_platform": [
    "facebook",
    "instagram",
    "audience_network",
    "messenger",
    "threads"
  ],
  "ad_like_count": "0",
  "ad_share_count": "0"
}