{
  "ad_id": "1313466630536495",
  "ad_context": "「又要不副署？有違政院三原則就不過」\n-\n12月18日\n行政院長 #卓榮泰 近日開創台灣憲政新篇，以護憲為由執行不副署。\n昨日就 #立法院 三讀停砍公立學校教職員年金及公務人員年金案，行政院重申行政院 #不副署 法案的三大原則包括「違反憲法權力分立」、「破壞民主程序」以及「施行後將對國家發展造成無可回復的重大危害」。\n而三讀通過的停砍年金案則被行政院認為同樣違背民主討論精神，疑又不副署。\n-\n行政院趁熱打鐵提出所謂不副署三原則，白話翻譯一下就是「聽我的」、「我說了算」。\n因為根本無法在任何一條憲法、法律條文或者辦法內找到這三條原則，只用捍衛憲政的說辭是無法站住腳的，這完全和半夜和朋友在line上大講絕對不吃宵夜一樣聽聽就好。\n香噴噴的炒麵有沒有進肚只有你自己知道，第二天一樣可以告訴朋友我沒吃宵夜哦！\n法案有沒有違反這三個大原則也只有行政院長清楚，政院也可以講這個案就是違反憲政、危害台灣，完全沒法給副署啊。\n-\n完全自說自話、完全無賴毀憲啊。",
  "ad_profile_name": "街頭民意",
  "ad_profile_image": "https://scontent.ftpe8-4.fna.fbcdn.net/v/t39.35426-6/598138902_2033473304717135_533097219108679063_n.jpg?stp=dst-jpg_s60x60_tt6&_nc_cat=102&ccb=1-7&_nc_sid=c53f8f&_nc_ohc=nFjZWiysRvsQ7kNvwG7gJi1&_nc_oc=AdmDiUWFDwXRxfZkZPTkCw1MNV7xgLH-fpuU0JuuZTraKe_Z2fVm4SS6Bn9OFL44S6Q&_nc_zt=14&_nc_ht=scontent.ftpe8-4.fna&_nc_gid=VS2YFMP8m_D3_sCGTf9zcQ&oh=00_Afo-eZeT5uNcSy7CJL_0CxasUYax89D8kGdsiAKqHYRNJw&oe=696DE335",
  "ad_is_video": false,
  "ad_video_preview_image": null,
  "ad_image": "https://scontent.ftpe8-3.fna.fbcdn.net/v/t39.35426-6/600338319_1476818716720631_8768610051025657957_n.jpg?stp=dst-jpg_s600x600_tt6&_nc_cat=106&ccb=1-7&_nc_sid=c53f8f&_nc_ohc=Neo0K3pzdFQQ7kNvwGjlya4&_nc_oc=Adk6lWgye8beZ_AJPkACr49x0rQtKNDTTxaaE6ZHsSxIyTJsYSGN8bZoxGn_o6wNJhc&_nc_zt=14&_nc_ht=scontent.ftpe8-3.fna&_nc_gid=VS2YFMP8m_D3_sCGTf9zcQ&oh=00_Afq4m3GMhCBLj9zmotCaob8QeoPfAmHRiYOFPtjs6Q0azA&oe=696DB9EF",
  "ad_cta_text": "",
  "ad_link_description": null,
  "ad_link_url": null,
  "ad_title": null,
  "ad_caption": null,
  "ad_page_id": "605216566017712",
  "ad_cta_type": "",
  "ad_extra_links": [],
  "ad_extra_texts": [],
  "ad_page_categories": [],
  "ad_page_like_count": 0,
  "ad_publisher_platform": [
    "facebook",
    "instagram"
  ],
  "ad_like_count": "0",
  "ad_share_count": "0"
}