{
  "ad_id": "1313651873648331",
  "ad_context": "【🚀 2025 議政沙龍 第3期熱烈招生中！】\n想踏入公共事務？想挑戰選舉舞台？這是你不能錯過的舞台！\n📌 課程亮點\n▪️ 8 週完整實戰課程：從 選戰策略、媒體公關、數據分析、組織動員、個人品牌，\n     一網打盡。\n▪️ 講師陣容堅強：邀請具實務經驗的前輩、專家，直擊最真實的選戰現場。\n▪️ 彰化縣議會主辦：跨黨派協力，保證專業內容扎實。\n🗓 上課時間\n2025/9/23 起，每週二晚上 19:00-21:00，共 8 週。\n📍 地點\n彰化縣議會新會館會議室\n🎯 招生對象\n✔️ 想投身公共事務的青年\n✔️ 有志參選的公民\n✔️ 議員助理與地方事務參與者\n⚡ 僅限30名，額滿即止！要搶要快！\n👉 報名連結在 1 樓",
  "ad_profile_name": "彰化縣議會",
  "ad_profile_image": "https://scontent.ftpe8-2.fna.fbcdn.net/v/t39.35426-6/548667025_24576880661952031_4130193967092733292_n.jpg?stp=dst-jpg_s60x60_tt6&_nc_cat=100&ccb=1-7&_nc_sid=c53f8f&_nc_ohc=575f5dXC_YgQ7kNvwHUFeeF&_nc_oc=AdnrSGN63cn4SIhvk5QYjWh7hSJc3u0NCStF0ft7PNveqVumnKSjyQbois4el48MaMU&_nc_zt=14&_nc_ht=scontent.ftpe8-2.fna&_nc_gid=gljbx0tyTOQ1alyruWX9Aw&oh=00_Afo0AUwp2g_7cDyyOiVI_F3jB2qWtCXvTCbBhqymSESThw&oe=696DFC71",
  "ad_is_video": false,
  "ad_video_preview_image": null,
  "ad_image": "https://scontent.ftpe8-4.fna.fbcdn.net/v/t39.35426-6/547851987_1402773067484153_3360119165323582216_n.jpg?stp=dst-jpg_s600x600_tt6&_nc_cat=110&ccb=1-7&_nc_sid=c53f8f&_nc_ohc=m5YUsAC15gkQ7kNvwHt-LQy&_nc_oc=AdmN9FxWUQHu76jaXjbrXsM288hVoUk7Pu1X1zwgj-ETp5WTNrs5JEfgduy-npBMd0E&_nc_zt=14&_nc_ht=scontent.ftpe8-4.fna&_nc_gid=gljbx0tyTOQ1alyruWX9Aw&oh=00_AfoOS6rEkPUounZP2zuGiItndoGOP-o0Negi62YaPQLcPg&oe=696DCE8C",
  "ad_cta_text": "瞭解詳情",
  "ad_link_description": null,
  "ad_link_url": "https://l.facebook.com/l.php?u=https%3A%2F%2F2025chcc-salon3.replit.app%2F%3Ffbclid%3DIwZXh0bgNhZW0CMTAAYnJpZBExSVF5MFdiSDNXa0k5cVpWV3NydGMGYXBwX2lkDzU0MTYzOTQ5Mzg4OTAyNQABHpaRYz2EO2jA3zj-5O79xdqUuD9vEtq3c5Ao5OYRs8YWeByH_ZIa0wJpoQkC_aem_CrKQPx2DFKyhnQUJQ88mQA&h=AT1YLWJJpE_gUe_Ycw5fVWxoYrlQDN2S5Ftw1jOjpU0lwZhVgH68zvJtBkSHU3t8_b5gtJR59FTaX3qr8XrdATB__kxgWLtJm0BcCOQ7exBE_w1lOJIeUsZqJ0ZwNGfAUzli_4X-O9eHZ8xoU3If0Q",
  "ad_title": null,
  "ad_caption": null,
  "ad_page_id": "106232129455915",
  "ad_cta_type": "瞭解詳情",
  "ad_extra_links": [],
  "ad_extra_texts": [],
  "ad_page_categories": [
    "政府機構"
  ],
  "ad_page_like_count": 2056,
  "ad_publisher_platform": [
    "facebook",
    "instagram"
  ],
  "ad_like_count": "0",
  "ad_share_count": "0"
}