{
  "ad_id": "1314216973821567",
  "ad_context": "內湖產專區經過內政部核定通過後，可望加速內湖新明路、北勢湖相關地區都更進程，但如何認定與申請、容積計算與轉換等，民眾不斷陳情。為此，阿賢今天邀集市府更新處、都發局、石潭里長廖煒國舉辦地方說明會，藉此釐清相關疑慮。\n\n南港產專區上路後，公辦都更陸續有幾案推動中，自辦都更則是遭遇一些阻礙，包括門檻或是老舊聚落認定等大小不一的問題；今天在內湖地方說明會上，不少民眾也針對防災都更、航道限制、容積獎勵能否轉移到建敝率、住工混合等，一一提出問題。\n\n市府近年核定每年都更案約40件，如何都更加速、翻轉城市面貌，包括簡化行政流程等，甚至如何避免容積獎勵淪為〈看到到吃不到〉的爭議存在，市府需要更多努力與說明。\n#產專區\n#加速都更",
  "ad_profile_name": "李明賢 -阿賢之聲",
  "ad_profile_image": "https://scontent.ftpe8-2.fna.fbcdn.net/v/t39.35426-6/544359691_2002791000503291_7676266871811025910_n.jpg?stp=dst-jpg_s60x60_tt6&_nc_cat=103&ccb=1-7&_nc_sid=c53f8f&_nc_ohc=aTapf0JoFRwQ7kNvwG1UwjD&_nc_oc=AdnCcImE8ttoXYii4iZahuqMYXSswqufPXFNKj2YdSyMv9hnLJcvwaygt6nt3mBhiJY&_nc_zt=14&_nc_ht=scontent.ftpe8-2.fna&_nc_gid=EHNkVOhEaxueK7PM2A--lA&oh=00_AfpV2qjiZLTUdRlGtULnuSc4lal3ZOgJUXy7O_VizwpEDw&oe=696E53BB",
  "ad_is_video": false,
  "ad_video_preview_image": null,
  "ad_image": "https://scontent.ftpe8-2.fna.fbcdn.net/v/t39.35426-6/542253052_649571624863410_4529909637895660294_n.jpg?stp=dst-jpg_s600x600_tt6&_nc_cat=100&ccb=1-7&_nc_sid=c53f8f&_nc_ohc=NwPVPzvLsLUQ7kNvwGWv4BA&_nc_oc=Adl426HZ5UBmI_dN9H1Cq8s29v2vWVsakLbUY3nCdjLJjMSdsPd-WwbSzzoCPPFywPI&_nc_zt=14&_nc_ht=scontent.ftpe8-2.fna&_nc_gid=EHNkVOhEaxueK7PM2A--lA&oh=00_Afo13nVaOlda9AADyFtLOGD4vgHMOgkgFuhjfGIL7wOWKA&oe=696E6FFA",
  "ad_cta_text": "立即通話",
  "ad_link_description": null,
  "ad_link_url": null,
  "ad_title": null,
  "ad_caption": null,
  "ad_page_id": "1014522188609435",
  "ad_cta_type": "立即通話",
  "ad_extra_links": [],
  "ad_extra_texts": [],
  "ad_page_categories": [],
  "ad_page_like_count": 0,
  "ad_publisher_platform": [
    "facebook",
    "instagram"
  ],
  "ad_like_count": "0",
  "ad_share_count": "0"
}