{
  "ad_id": "1315465005875031",
  "ad_context": "太幸運了抽到我的出生月份\n5號、5號、5號\n因為很重要所以要講很多次～～～\n\n#一諾千金\n#凡事有5\n\n諾凡5告讚～～～（自己說XD）",
  "ad_profile_name": "葉諾帆 NoVa Yeh 葉諾凡",
  "ad_profile_image": "https://scontent.ftpe8-2.fna.fbcdn.net/v/t39.35426-6/313318358_856711462128807_7938465145636359815_n.jpg?stp=dst-jpg_s60x60_tt6&_nc_cat=100&ccb=1-7&_nc_sid=c53f8f&_nc_ohc=KBdQP08sIFQQ7kNvwFIMIl1&_nc_oc=AdkwWsknHMKBTIpYFhzHv5DhEV-vcUeZIT_L1bSm0F0A_AMl3GrYAzd-xx_QZLfEL7g&_nc_zt=14&_nc_ht=scontent.ftpe8-2.fna&_nc_gid=THgSE5526STbMC0lhWDQtA&oh=00_AfpMKWT9rgzf-6E2RUIYKG_eweRGIr0Q-YfousjYaKHyBg&oe=696E45B3",
  "ad_is_video": false,
  "ad_video_preview_image": null,
  "ad_image": "https://scontent.ftpe8-1.fna.fbcdn.net/v/t39.35426-6/313273867_858790445151807_1259127152967082946_n.jpg?stp=dst-jpg_s600x600_tt6&_nc_cat=105&ccb=1-7&_nc_sid=c53f8f&_nc_ohc=-tYK1vhu9skQ7kNvwF1DsuV&_nc_oc=AdmWP0EBaIn77vJSMGoBN5Q0Hz28-nZ2fQ_QCUWq9zA1YniOogjlxGSa3LcqjsTxO-U&_nc_zt=14&_nc_ht=scontent.ftpe8-1.fna&_nc_gid=THgSE5526STbMC0lhWDQtA&oh=00_AfpLHgb4LpG2LPdce-TiJv3JIg7Ui-VzQhYg-_6P7WvqNQ&oe=696E5BD4",
  "ad_cta_text": "",
  "ad_link_description": null,
  "ad_link_url": null,
  "ad_title": null,
  "ad_caption": null,
  "ad_page_id": "125949027476836",
  "ad_cta_type": "",
  "ad_extra_links": [],
  "ad_extra_texts": [],
  "ad_page_categories": [],
  "ad_page_like_count": 0,
  "ad_publisher_platform": [
    "facebook",
    "instagram"
  ],
  "ad_like_count": "0",
  "ad_share_count": "0"
}