{
  "ad_id": "1315199580072588",
  "ad_context": "日本。山形︳冬天奇景 山形藏王樹冰\n \n\n今年年初我帶老媽去了看藏王樹冰，可惜天氣不太好，不過最後還是看到的。來看樹冰的人很多，這次我為了方便老媽，所以參加了當天的旅行團，由仙台出發，除了會去藏王，還有銀山溫泉，帶著老人家不用煩惱交通、等車、買票的事情。\n\n因為參加旅行團，我專門選擇了一些包含纜車票的團，而且選價格貴一點的優先票，不用排隊等太久。\n\n「樹冰」又被稱為雪怪，是可遇不可求的自然景色，要在特定的條件下方可成形。在日本想看壯觀的樹冰林首推「藏王高原」，不過有時暴風雪時是無法乘坐纜車上去的，所以事前一定要保持留意天氣預報。\n\n樹冰奇景是怎麼形成的呢？\n「藏王山」同時擁有來自日本海帶著大量水氣的暖流、和來自西伯利亞的寒冷西北風，一般在在攝氏零下10到零下15度的冬季，雲層容易形成低於攝氏0度也不結冰的過冷水滴，水滴接觸針葉樹木凝結後，再被雪覆蓋，漸漸長成了「樹冰」，也被稱為「雪怪」（SNOW MONSTER）。\n\n藏王樹冰的最佳觀賞期由1月底到2月為止，這個時間很多人都前往，建議先於網上買好優先票（最早可購買日為觀光日前7天,最新購買資訊，請參考官網），減低要排隊的時間。\n\n藏王樹冰位於山形縣和宮城縣邊境處，靠山形的一側比較圓潤，被稱為「女性樹冰」；而宮城那一側則比較粗獷，被稱為「男性樹冰」，山形藏王這邊因為包含滑雪場，所以比較多人去，夜間還有點燈。\n\n大家前往看樹冰要遵守規則，如果有圍欄的話，圍欄後的地方切勿進入，因為積雪可能很深，很易發生意外。\n\n📍山形藏王樹冰\n時間：冬季(12月1 日-3月31日) 山麓線8:15am-4:45pm／山頂線8:30am-4:30pm（可能因天候停駛，夏天時間請參考官網）\n巴士：在山形站買「山交巴士＋纜車」的優惠套票，每年約12月開始販售\n\n👉🏻「蔵王ロープウェイ」（ZAO Ropeway）\n單獨購票：在纜車站購買，價錢分成2段：\n・「山麓站－樹冰高原站」來回票：中學生以上大人2,200日圓／小學生1,100日圓／小學以下幼兒免費\n・「樹冰高原站－地藏山頂站」來回票：中學生以上大人4,200日圓／小孩2,100日圓／小學以下幼兒免費\n優先票包4區間「山麓站－樹冰高原站－地藏山頂站―山麓站」：5000日圓／小孩、幼兒3,000日圓\n\n官網：https://zaoropeway.co.jp/winter/index.php （記得去玩前，大家要再到官網確認最新情報）\n\n更多山形資訊： Visit Yamagata - 日本山形\n@追蹤者",
  "ad_profile_name": "沙米旅日手帖 Sami Travel Journal",
  "ad_profile_image": "https://scontent.ftpe8-3.fna.fbcdn.net/v/t39.35426-6/565256921_794225343454736_680931865872366089_n.jpg?stp=dst-jpg_s60x60_tt6&_nc_cat=111&ccb=1-7&_nc_sid=c53f8f&_nc_ohc=2XnRLe7nmm8Q7kNvwFkGirQ&_nc_oc=AdkaFm3PuZigw_d12bX7mEqVNdw-N4s_Exk_Ugmne5n32faLVwVGP_5BV74E64lyEFs&_nc_zt=14&_nc_ht=scontent.ftpe8-3.fna&_nc_gid=GTVnhEhoGdytl0pyBry6dw&oh=00_Afphy1jw4W27HkfkF5-wqOiBfiRxPTfsPnwUyM6EVum0Pw&oe=696DED8B",
  "ad_is_video": false,
  "ad_video_preview_image": null,
  "ad_image": "https://scontent.ftpe8-2.fna.fbcdn.net/v/t39.35426-6/561843766_1187012150145238_4537957986777648377_n.jpg?stp=dst-jpg_s600x600_tt6&_nc_cat=100&ccb=1-7&_nc_sid=c53f8f&_nc_ohc=5D07y8dqYaUQ7kNvwFVawGL&_nc_oc=AdmuHtonM_fC_2tgH89LuiKHNoXEZRmLgmOxdokCaFzpKjmYwivQbbI4sk-okE2Fegw&_nc_zt=14&_nc_ht=scontent.ftpe8-2.fna&_nc_gid=GTVnhEhoGdytl0pyBry6dw&oh=00_AfqpqMqgFCtmRTnd5gdumB-h8RpkwPubUwE2fErNkF9E6g&oe=696DBC72",
  "ad_cta_text": "說這專頁讚",
  "ad_link_description": null,
  "ad_link_url": "https://zaoropeway.co.jp/winter/index.php",
  "ad_title": "沙米旅日手帖 Sami Travel Journal",
  "ad_caption": "facebook.com",
  "ad_page_id": "132965366725029",
  "ad_cta_type": "說這專頁讚",
  "ad_extra_links": [],
  "ad_extra_texts": [],
  "ad_page_categories": [
    "作者"
  ],
  "ad_page_like_count": 0,
  "ad_publisher_platform": [
    "facebook"
  ],
  "ad_like_count": "0",
  "ad_share_count": "0"
}