{
  "ad_id": "1317138789632083",
  "ad_context": "選冠安，港湖安👊\n\n幕僚十年，秉持初心，堅持為人民、為中華民國而戰。\n\n2026台北市議員(南港．內湖），請支持敢監督、能改革的藍營青年戰將🇹🇼",
  "ad_profile_name": "陳冠安",
  "ad_profile_image": "https://scontent.ftpe8-2.fna.fbcdn.net/v/t39.35426-6/571262711_1311121477144517_9015216630995277080_n.jpg?stp=dst-jpg_s60x60_tt6&_nc_cat=100&ccb=1-7&_nc_sid=c53f8f&_nc_ohc=GNN4vSecddkQ7kNvwE6oBVG&_nc_oc=Admt1be29GE-boGBxNhYSZZNS9fDj4Hlp_jtfzeylTFyoVAejCW3-nTBDMwULm044ME&_nc_zt=14&_nc_ht=scontent.ftpe8-2.fna&_nc_gid=mMO9KgWmIO8E1x7n14TUpQ&oh=00_Afq8xx3TstYb900UgZuRZxbOUIFf3vD6E9Vd9KIkROIJjw&oe=696DCEDA",
  "ad_is_video": false,
  "ad_video_preview_image": null,
  "ad_image": "https://scontent.ftpe8-2.fna.fbcdn.net/v/t39.35426-6/571019221_841133258596399_4472529142127382212_n.jpg?stp=dst-jpg_s600x600_tt6&_nc_cat=103&ccb=1-7&_nc_sid=c53f8f&_nc_ohc=iqR97LgoPqQQ7kNvwEpibM9&_nc_oc=Adkaha_ugeT4LMhYuyB5d3_PpIYZN1UwiFXqt2Lb51vk6IfXAFqm817DmIgcOydr3Lg&_nc_zt=14&_nc_ht=scontent.ftpe8-2.fna&_nc_gid=mMO9KgWmIO8E1x7n14TUpQ&oh=00_AfpbW3oheKvD6EHCtyY7FMrvSfPDlMnAFUbfBnYTegYVYA&oe=696DDCF5",
  "ad_cta_text": "說這專頁讚",
  "ad_link_description": null,
  "ad_link_url": "https://facebook.com/thepoliticsreformer37",
  "ad_title": "陳冠安",
  "ad_caption": "facebook.com",
  "ad_page_id": "564050414079380",
  "ad_cta_type": "說這專頁讚",
  "ad_extra_links": [],
  "ad_extra_texts": [],
  "ad_page_categories": [],
  "ad_page_like_count": 0,
  "ad_publisher_platform": [
    "facebook"
  ],
  "ad_like_count": "0",
  "ad_share_count": "0"
}