{
  "ad_id": "1318167948995829",
  "ad_context": "11月26日請出門投票\n支持2號大直里長候選人曹邦全\n\n#您值得信賴的朋友\n#政策能檢驗承諾不跳票",
  "ad_profile_name": "臺北市大直里里長曹邦全電子公佈欄",
  "ad_profile_image": "https://scontent.ftpe8-4.fna.fbcdn.net/v/t39.35426-6/316103028_2363285723847394_6415536543053877341_n.jpg?stp=dst-jpg_s60x60_tt6&_nc_cat=110&ccb=1-7&_nc_sid=c53f8f&_nc_ohc=_9kdhaEXWfEQ7kNvwEu4Ish&_nc_oc=AdmqFW7dgu5fEGrK2t117ln2Y7jCzZL3vY0PSn5ilr0rc30B0RFzy7ZgR_qR1Htjhcc&_nc_zt=14&_nc_ht=scontent.ftpe8-4.fna&_nc_gid=SSkwUq7i6PQZMiz_q-COmw&oh=00_AfoK_TXAMpvcqBL8NIwaKrkfEdiBoDm2FwTuR_6St2gujw&oe=696E4F2B",
  "ad_is_video": false,
  "ad_video_preview_image": null,
  "ad_image": "https://scontent.ftpe8-3.fna.fbcdn.net/v/t39.35426-6/315442494_1258435281371740_6516357489953849476_n.jpg?stp=dst-jpg_s600x600_tt6&_nc_cat=106&ccb=1-7&_nc_sid=c53f8f&_nc_ohc=XGsW2clV7SwQ7kNvwFuop3S&_nc_oc=AdnFFis4Y3I29RlzFMQSmnkgMIci0lAjB8VKEgSBD12Hfi0Qg-ZRVE3csTUp_GsJsq8&_nc_zt=14&_nc_ht=scontent.ftpe8-3.fna&_nc_gid=SSkwUq7i6PQZMiz_q-COmw&oh=00_AfoEIZI2fp3biq9RvH7Hhmdis753T0qGeLSnkZghRlDRLQ&oe=696E6C89",
  "ad_cta_text": "發送訊息",
  "ad_link_description": null,
  "ad_link_url": null,
  "ad_title": null,
  "ad_caption": null,
  "ad_page_id": "712048795813548",
  "ad_cta_type": "發送訊息",
  "ad_extra_links": [],
  "ad_extra_texts": [],
  "ad_page_categories": [],
  "ad_page_like_count": 0,
  "ad_publisher_platform": [
    "facebook",
    "instagram"
  ],
  "ad_like_count": "0",
  "ad_share_count": "0"
}