{
  "ad_id": "1319450125760577",
  "ad_context": "📍 你是不是也曾這樣想過？\n🔹「如果我更成功，會不會更值得被愛？」\n🔹「如果我的成績更好，是不是才能被重視？」\n🔹「如果我變得更完美，別人是不是才會更珍惜我？」\n🔹「如果我做得更多，是不是才能真正獲得肯定？」\n\n親愛的~\n你不需要這些標籤來定義自己。\n你本身就值得被愛，\n你是最美好的存在💛\n\n🌙 今晚，\n讓我們一起透過睡前冥想，\n釋放焦慮，回到內在的平靜。\n\n✨ 4-7-8呼吸法 + 正念肯定 + 深層放鬆，\n幫助你安心入眠💤\n\n🎧 立即收聽《芝的浪漫冥想》EP2 ⬇️\n🔗 點擊個人檔案連結，讓自己今晚好好休息！\n\n🎙️ 也歡迎收聽我的另一檔 Podcast\n《Why not! 有何不可》！\n一起探索生活的更多可能💛\n\n#睡前冥想 #自我療癒 #身心靜心 #正念冥想 #焦慮舒緩 #安心入眠 #女性成長  #內心力量 #浪漫的芝#天生美好#好好睡覺#放鬆#冥想引導#芝的浪漫冥想#QuietZhi#meditation",
  "ad_profile_name": "浪漫的芝Zhi",
  "ad_profile_image": "https://scontent.ftpe8-1.fna.fbcdn.net/v/t39.35426-6/477013289_1811909346329740_858082216257757515_n.jpg?stp=dst-jpg_s60x60_tt6&_nc_cat=105&ccb=1-7&_nc_sid=c53f8f&_nc_ohc=p9PZAiK7TGoQ7kNvwE_w4FJ&_nc_oc=AdlRStJvUB_d6rob7RlQjvKSS3IeGuzBfohkKmBjMbHbfciXUT1-SCGyaa2LJqBHJdU&_nc_zt=14&_nc_ht=scontent.ftpe8-1.fna&_nc_gid=AUN2q8FEXT_Wr4B0hLykfA&oh=00_AfrRyufguctP5snlbeEVRAFxel2_Xj-r-8k05nbxr8-PfA&oe=696E7859",
  "ad_is_video": false,
  "ad_video_preview_image": "https://scontent.ftpe8-1.fna.fbcdn.net/v/t39.35426-6/479930157_978972170331761_4154460430694880592_n.jpg?_nc_cat=108&ccb=1-7&_nc_sid=c53f8f&_nc_ohc=7h3uij2qX5sQ7kNvwFH3Qf4&_nc_oc=Adne3yNmWI00k8kvKZELjKf8DVOfg8Sk3ptN4fKyskpVhGEQO31ctxJ03QFYW-BijaQ&_nc_zt=14&_nc_ht=scontent.ftpe8-1.fna&_nc_gid=AUN2q8FEXT_Wr4B0hLykfA&oh=00_AfqkepkdmemE9Yv0fXwG4Pxwi7BfkcLLDjrcDiRm8GvyvQ&oe=696E4F04",
  "ad_image": null,
  "ad_cta_text": "瀏覽 Instagram 個人檔案",
  "ad_link_description": null,
  "ad_link_url": "https://l.facebook.com/l.php?u=http%3A%2F%2Finstagram.com%2Froserise_2024%3Ffbclid%3DIwZXh0bgNhZW0CMTAAYnJpZBExZ1h6TjROVm50bUtKNncwUXNydGMGYXBwX2lkDzU0MTYzOTQ5Mzg4OTAyNQABHkbJarwfX-6_2KY3H8lJ0nrMpGOylWCeNzr3UvWE-jb9Qzd4TChvlWD4xwwM_aem_QqjeWyil3qGE63YLW_JYmQ&h=AT0rkZ19f1bfUak3KhxfKBAqYgzJpkj4P6DvojGH6BiXRQU-jlV1ad0QJLexkIZNoDqOcd-xWMDUzJHGRJnOlvbdbOGdnghRnYcoYwh1YX1fTIabWj75iJ78VMObAmTlVslGjhwT-cG8O6z71PIuyw",
  "ad_title": null,
  "ad_caption": "instagram.com",
  "ad_page_id": "490713437458011",
  "ad_cta_type": "瀏覽 Instagram 個人檔案",
  "ad_extra_links": [],
  "ad_extra_texts": [],
  "ad_page_categories": [
    "健康／美容"
  ],
  "ad_page_like_count": 8,
  "ad_publisher_platform": [
    "facebook",
    "instagram"
  ],
  "ad_like_count": "0",
  "ad_share_count": "0"
}