{
  "ad_id": "1319920129301163",
  "ad_context": "蓮蓬頭百百種，冠冠直接實測給你看\n什麼是真正的 ＃專利增壓技術 👉 https://richmore.cc/FxE2F\n   \n之前在蝦皮上貪小便宜，買了一支標榜增壓和三檔調節的蓮蓬頭，功能很多還以為自己賺到了！\n結果殊不知出水力道不穩、也不大...三檔選轉扭更是不易操作，又要再重新挑選🫠\n    \n這支 ＃水武士 RIMO不鏽鋼增壓蓮蓬頭 完全把 ＃曾壓效果 提升得淋漓盡致，不僅三檔可以輕鬆調節，效果也是顯而易見，回到家洗澡就像在做SPA一樣舒服！\n\n📌 商品特點：\n➊ 最高品質 航天級內核\n➋ 專利增壓技術 增壓效果提升10倍\n➌ 三檔可調 簡單變化出水模式\n➍ 75° 黃金沐浴角度\n➎ 德國工業級壓鑄技術，防爆再升級\n➏ 316不鏽鋼負離子隔熱內膽\n➐ 國際通用4分接口，輕鬆旋轉安裝\n\n台灣首賣，限時 5 折優惠！\n現在購買皆有附贈一顆無香濾芯～\n其他香味可以另外加購，買越多越划算！\n來去逛逛：https://richmore.cc/FxE2F\n\n🔔 影片來源 ＃冠冠夫妻：\nhttps://youtu.be/C75YpMHfheI?si=j8HfzeTccaVANqNg\n\n＃RIMO ＃不鏽鋼蓮蓬頭 ＃增壓蓮蓬頭 ＃蓮蓬頭 ＃花灑 ＃洗澡 ＃沐浴 ＃SPA ＃浴室用品 ＃家居必備 ＃產品開箱 ＃性能對比",
  "ad_profile_name": "Gooddeal 估迪歐",
  "ad_profile_image": "https://scontent.ftpe8-2.fna.fbcdn.net/v/t39.35426-6/452965172_516961440895720_5183877209819897329_n.jpg?stp=dst-jpg_s60x60_tt6&_nc_cat=101&ccb=1-7&_nc_sid=c53f8f&_nc_ohc=7L9fMf0KHL8Q7kNvwHYsS-K&_nc_oc=Adk3gU2tL9QsF-mFtHZr2Xo957BBlwNUE5jHLSX6qZp_4Et6ckmFvmNv6Mea2Ievc-M&_nc_zt=14&_nc_ht=scontent.ftpe8-2.fna&_nc_gid=-Ww1XBQbZy5LZGvC6NlT1g&oh=00_AfrMv94mxVNL8_tK4qKOCzFOkXVWoDvhG7K86MWGW4_LKw&oe=696DB608",
  "ad_is_video": false,
  "ad_video_preview_image": "https://scontent.ftpe8-2.fna.fbcdn.net/v/t39.35426-6/453097231_1496221467924451_1901558244807302640_n.jpg?_nc_cat=101&ccb=1-7&_nc_sid=c53f8f&_nc_ohc=ZY88HqCj2rAQ7kNvwG3kn_C&_nc_oc=AdmfD5imrt6SoMx7HY9Uj4ntD_LtPH7m_syeETVlK_j6pbsD3ANbqjtaPLPw0oQC2qo&_nc_zt=14&_nc_ht=scontent.ftpe8-2.fna&_nc_gid=-Ww1XBQbZy5LZGvC6NlT1g&oh=00_AfrVAfHz-6aJ3F5Eo78dywHYyZmst1l-I47WaFzcchK6lg&oe=696DE2AE",
  "ad_image": null,
  "ad_cta_text": "來去逛逛",
  "ad_link_description": "最高品質航天級內核，國際通用4分接口，輕鬆旋轉安裝！",
  "ad_link_url": "https://richmore.cc/FxE2F",
  "ad_title": "＃水武士 RIMO增壓蓮蓬頭🚿 限時 5 折，再送無香濾芯 x1！",
  "ad_caption": "richmore.cc",
  "ad_page_id": "106275712245902",
  "ad_cta_type": "來去逛逛",
  "ad_extra_links": [],
  "ad_extra_texts": [],
  "ad_page_categories": [],
  "ad_page_like_count": 0,
  "ad_publisher_platform": [
    "facebook",
    "instagram",
    "audience_network",
    "messenger"
  ],
  "ad_like_count": "0",
  "ad_share_count": "0"
}