{
  "ad_id": "1319148076598042",
  "ad_context": "新竹縣 2026 人口即將突破 60 萬🏙️！\n科技園區、生醫園區吸引更多人前來定居，而楊文科縣長帶領團隊，用「一縣十快」道路計畫、AI 智慧園區、公幼倍增計畫、青年租金補貼等措施，讓新竹縣快速升級📈\n\n想知道新竹縣如何打造「安居、成家、生活」的理想環境？一起聽楊縣長親自解析！\n\n🎧 立即收聽\n➤ IC之音：https://reurl.cc/eVGMdK\n➤ YouTube：https://rebrand.ly/eirhdps\n\n新竹縣政府 \n#IC之音 #聽見這世代 #郭蘭玉 #新竹縣1210Y",
  "ad_profile_name": "IC 之音 FM97.5",
  "ad_profile_image": "https://scontent.ftpe8-2.fna.fbcdn.net/v/t39.35426-6/600326710_946470885210051_5762103592408477743_n.jpg?stp=dst-jpg_s60x60_tt6&_nc_cat=100&ccb=1-7&_nc_sid=c53f8f&_nc_ohc=6ki4O1D11cYQ7kNvwF_91Xo&_nc_oc=Adn4JGROqY_KWAnwTij5dlNjbYb3DqbkzwNCTELyVlC7ZIAeLaBKpTWs24bUdZflG38&_nc_zt=14&_nc_ht=scontent.ftpe8-2.fna&_nc_gid=gcYropo2Pu9wvUOFjSTCQQ&oh=00_AfoVn8shaWoXZfm_YIhQC1m7J68VT2QxEaz3pEkMf_JUwg&oe=696E4005",
  "ad_is_video": false,
  "ad_video_preview_image": "https://scontent.ftpe8-3.fna.fbcdn.net/v/t39.35426-6/597216611_806073975773538_5191204599509124217_n.jpg?_nc_cat=106&ccb=1-7&_nc_sid=c53f8f&_nc_ohc=tYde5o6h9AQQ7kNvwHjj1pf&_nc_oc=Adnhbqp2BwPCWvX2w8iSVEtTV3elgDA4xbIdNnkOjHlP-O00aGSHqpd737A9ycv3z0U&_nc_zt=14&_nc_ht=scontent.ftpe8-3.fna&_nc_gid=gcYropo2Pu9wvUOFjSTCQQ&oh=00_Afp9F9ApEmyyQ0XMbaRLtH02ua-X-LMw8AhBjtPv5c9xeQ&oe=696E4AC8",
  "ad_image": null,
  "ad_cta_text": "馬上聽",
  "ad_link_description": null,
  "ad_link_url": "https://reurl.cc/eVGMdK",
  "ad_title": "打造「人口三冠王」的幸福配方 ft. 新竹縣縣長楊文科 【聽見這世代】",
  "ad_caption": "www.youtube.com",
  "ad_page_id": "241403045973",
  "ad_cta_type": "馬上聽",
  "ad_extra_links": [],
  "ad_extra_texts": [],
  "ad_page_categories": [
    "廣播媒體製作公司"
  ],
  "ad_page_like_count": 0,
  "ad_publisher_platform": [
    "facebook"
  ],
  "ad_like_count": "0",
  "ad_share_count": "0"
}