{
  "ad_id": "1319594696473147",
  "ad_context": "👷留住專業好人才！ #台東首發工程人員留任獎金3萬元 🏵️\n\n專業人才是縣府運作最重要的骨幹🦺，這幾年我們想了很多辦法，要為公部門留下好人才❤️：\n\n💡#首度發出工程人員留任獎金｜縣府自籌預算，並於𝟭𝟬月首度發出建設處、農業處及原民處𝟰𝟭位工程人員留任獎金，只要實際從事工程業務任職滿𝟭年以上的公務員每人獎金𝟯萬元，續任滿𝟯年每年𝟰萬𝟱千元、續任滿𝟱年每年最高𝟲萬元。\n\n💡#為土木建築類約用技術員加薪｜根據《台東縣政府實際辦理工程採購業務之約用技術員薪資標準表》，薪資比照業界起薪𝟱萬至𝟲萬元水準，資格為「取得工程會公共工程品質證照，及土木建築等相關科系畢業並有𝟮年工作經驗者」，建設處、文化處、社會處、原民處等各局處一體適用。\n\n💡#調高縣府工程職務代理聘僱人員薪酬等級｜現行最高薪資標準約4萬𝟲千元。\n\n台東縣目前推動的工程建設非常多，包括富岡港交通船客運中心⚓️、台東舊站特區等等，都需要專業、有責任感的公共工程人才，像富岡港客運中心要協調的單位、工程細節非常多，在同仁的努力下進度已超前達𝟰𝟱%，目標為明年𝟲月完工！\n\n台東建設\n台東好農",
  "ad_profile_name": "饒慶鈴",
  "ad_profile_image": "https://scontent.ftpe8-3.fna.fbcdn.net/v/t39.35426-6/561262179_798174169492224_3631436804706056875_n.jpg?stp=dst-jpg_s60x60_tt6&_nc_cat=107&ccb=1-7&_nc_sid=c53f8f&_nc_ohc=bT8bE1g8oZEQ7kNvwFNKddf&_nc_oc=Adm7M5Hfqlvny2-PF1Ab64mkLwFn-oUQWdhZ-kUyb98hEV5yqPb92bkJ6cVinlAICiE&_nc_zt=14&_nc_ht=scontent.ftpe8-3.fna&_nc_gid=H4murqfGZvLxItY8B8bx7Q&oh=00_Afov01wGdhIhdxE44ub0xg6m0-yguG66npIyzuNZH0KqlA&oe=696DE30D",
  "ad_is_video": false,
  "ad_video_preview_image": null,
  "ad_image": "https://scontent.ftpe8-1.fna.fbcdn.net/v/t39.35426-6/564064553_830903766044648_5516622371319307383_n.jpg?stp=dst-jpg_s600x600_tt6&_nc_cat=105&ccb=1-7&_nc_sid=c53f8f&_nc_ohc=eVHflozzN34Q7kNvwHRcWN0&_nc_oc=AdkjF-GzFbXbCwRs165URmxJ_zUL9JpWDPt9ee18yEdu5fIiwqt9aUa3E7m2X7hDRa8&_nc_zt=14&_nc_ht=scontent.ftpe8-1.fna&_nc_gid=H4murqfGZvLxItY8B8bx7Q&oh=00_Afp8apAcSVdcLhyjpQMutpbgynYtf9MQvdXkSLSO1Vv7XQ&oe=696DF625",
  "ad_cta_text": "",
  "ad_link_description": null,
  "ad_link_url": null,
  "ad_title": null,
  "ad_caption": null,
  "ad_page_id": "314757905313275",
  "ad_cta_type": "",
  "ad_extra_links": [],
  "ad_extra_texts": [],
  "ad_page_categories": [
    "政治人物"
  ],
  "ad_page_like_count": 0,
  "ad_publisher_platform": [
    "facebook",
    "instagram"
  ],
  "ad_like_count": "0",
  "ad_share_count": "0"
}