{
  "ad_id": "1319759338860606",
  "ad_context": "",
  "ad_profile_name": "張渝江",
  "ad_profile_image": "https://scontent.ftpe8-4.fna.fbcdn.net/v/t39.35426-6/316100507_480817737363771_4136401384871896629_n.jpg?stp=dst-jpg_s60x60_tt6&_nc_cat=104&ccb=1-7&_nc_sid=c53f8f&_nc_ohc=nDmmN8HqzxgQ7kNvwGRq6Ez&_nc_oc=AdmQ66xU1y9SvnvyXLFG4zeERqSZsTICrzHdEXbWj1ZeYXm9wD4RYd_X-LldPfLYP_g&_nc_zt=14&_nc_ht=scontent.ftpe8-4.fna&_nc_gid=5aKlGFXniEXKSph2Ss62PA&oh=00_Afr-Uzv4HM8s_tQq_dGn2QsK7zoys7c7J_SGda5rdeZDiA&oe=696E55EC",
  "ad_is_video": false,
  "ad_video_preview_image": null,
  "ad_image": "https://scontent.ftpe8-1.fna.fbcdn.net/v/t39.35426-6/316254522_5628966670549842_462286953716980621_n.jpg?stp=dst-jpg_s600x600_tt6&_nc_cat=108&ccb=1-7&_nc_sid=c53f8f&_nc_ohc=GIr8Yw-0HqYQ7kNvwEBCBtg&_nc_oc=Adn77LdFPm66SGbFSK0rY53FCvgVyMJVuILZ2ejalTtKXfvRUXO1it7urXd77_mm3iQ&_nc_zt=14&_nc_ht=scontent.ftpe8-1.fna&_nc_gid=5aKlGFXniEXKSph2Ss62PA&oh=00_AfpdJ5S54SLUGJxctqnF6aLJDtFdNBeUJPHccZTUVbK4og&oe=696E76F4",
  "ad_cta_text": "Subscribe",
  "ad_link_description": null,
  "ad_link_url": "https://l.facebook.com/l.php?u=https%3A%2F%2Feugenepechang.wordpress.com%2F%3Ffbclid%3DIwZXh0bgNhZW0CMTAAYnJpZBExZ1h6TjROVm50bUtKNncwUXNydGMGYXBwX2lkDzU0MTYzOTQ5Mzg4OTAyNQABHkX-tUMxjGj8jsc2cVkT0I4kS3hUql779zEF5m2mHUl84e5mNsJOfwKUgrWE_aem_uHY8LwobvP8rJtZZeWd62Q&h=AT1Z7GueCzZaRTh77GQSR3r776NtA6F_hC6hok-ceJObMmKtp7PxBBRKarYZSR6ZsBAqrPgHqHhv7cnhpTX8WOUlc8nRXwECmpCY5qnr3HqI6Zh8K338EYRmYzobhkH4VSYVQCox9AfZT0dTOADZfw",
  "ad_title": "要進台大，就要票選「台大」畢業有最多學歷的候選人",
  "ad_caption": "eugenepechang.wordpress.com",
  "ad_page_id": "1096260013752554",
  "ad_cta_type": "Subscribe",
  "ad_extra_links": [
    "要進台大，就要票選「台大」畢業有最多學歷的候選人",
    "我們從不說別人在兼職"
  ],
  "ad_extra_texts": [],
  "ad_page_categories": [
    "公眾人物"
  ],
  "ad_page_like_count": 4303,
  "ad_publisher_platform": [
    "facebook",
    "instagram"
  ],
  "ad_like_count": "0",
  "ad_share_count": "0"
}