{
  "ad_id": "1320625923166984",
  "ad_context": "試玩60秒，舒服一整年！上線就送3000抽！",
  "ad_profile_name": "山海game",
  "ad_profile_image": "https://scontent.ftpe8-2.fna.fbcdn.net/v/t39.35426-6/614886364_883297237578378_5157454380823653599_n.jpg?stp=dst-jpg_s60x60_tt6&_nc_cat=103&ccb=1-7&_nc_sid=c53f8f&_nc_ohc=nHcWVb6RxYgQ7kNvwGhKuF-&_nc_oc=Adk8w9Srnfl1XEfR8VVev4N4gFnFXkI_Bka9GGl2qhq182zRDPt7WVeeUVHAc1kjULA&_nc_zt=14&_nc_ht=scontent.ftpe8-2.fna&_nc_gid=Ih_pfgMs96PBrq6SFsPxMg&oh=00_AfoisWdqSLIPeSq0BohBObdQs8E7YQvMgnkKwCDkpiwrOw&oe=696DCBA4",
  "ad_is_video": false,
  "ad_video_preview_image": "https://scontent.ftpe8-4.fna.fbcdn.net/v/t39.35426-6/615148494_661776390280532_5139064614961551897_n.jpg?_nc_cat=104&ccb=1-7&_nc_sid=c53f8f&_nc_ohc=MxrumySNNJsQ7kNvwE3Qmud&_nc_oc=Admet5Q67HQoakhIL1S27bUrYI9h_7tnnBEcsoq_dbi3ZizF9Cq0mPH3bibwVH7UxHM&_nc_zt=14&_nc_ht=scontent.ftpe8-4.fna&_nc_gid=Ih_pfgMs96PBrq6SFsPxMg&oh=00_Afr2Bs-jKTVjWno0II0_IHEkkuhrSof8SYtRO5G5en47kg&oe=696DDAA8",
  "ad_image": null,
  "ad_cta_text": "立即安裝",
  "ad_link_description": null,
  "ad_link_url": "https://l.facebook.com/l.php?u=http%3A%2F%2Fplay.google.com%2Fstore%2Fapps%2Fdetails%3Fid%3Dcom.seas.twigp%26fbclid%3DIwZXh0bgNhZW0CMTAAYnJpZBExOFBnZndlbkFwVVZFVnBIQnNydGMGYXBwX2lkDzU0MTYzOTQ5Mzg4OTAyNQABHvzBBGRb701DCX9VhBf3XK5ccuk9v7d4myW2azlvUSjSP3a1vZOSh1mnOmRo_aem_GegzPr-uYVZGOvn3sDvJBw&h=AT3H4aj-sc6dmmKJ05mo8Q6pqmfdquPJU_U4iDwBSEFJvbyovst85jyVYQ4SpNei-mUD0SMdmxV9WBnhMYIBcFZ10s-34k2o_rkMRqSi9P9v39kc8eUm71BEZIkTUJ0b0JgHDCygzIgeV8T7ifjgdw",
  "ad_title": "三分鐘玩到爽，躲廁所腿都蹲麻！",
  "ad_caption": "play.google.com",
  "ad_page_id": "603110272880570",
  "ad_cta_type": "立即安裝",
  "ad_extra_links": [],
  "ad_extra_texts": [],
  "ad_page_categories": [
    "遊戲發佈商"
  ],
  "ad_page_like_count": 34,
  "ad_publisher_platform": [
    "facebook",
    "instagram",
    "audience_network",
    "messenger",
    "threads"
  ],
  "ad_like_count": "0",
  "ad_share_count": "0"
}