{
  "ad_id": "1320312096175374",
  "ad_context": "夏天到了 你不能不擁有！\n小兒巧的冰炫風🩵\n\n✔️半導體製冷技術-冰鎮 + 旋風 雙重降溫\n✔️10秒快速體感降溫\n✔️不提供超大噪音😂\n✔️無段式上下推鈕調整風量\n✔️內建2000mAh電池-續行1~6小時\n✔️原廠一年保固\n\n#風扇 #夏日 #海倫愛彩罐 #推薦",
  "ad_profile_name": "海倫愛彩罐",
  "ad_profile_image": "https://scontent.ftpe8-3.fna.fbcdn.net/v/t39.35426-6/518331240_767263949300747_5685609043363351152_n.jpg?stp=dst-jpg_s60x60_tt6&_nc_cat=111&ccb=1-7&_nc_sid=c53f8f&_nc_ohc=UZfDaYy2DTsQ7kNvwF_cC2q&_nc_oc=Adlcl9wHGkaWmQRDM9UOTKRp2lVVEGRICIA9Fa86Ooe720xDObKCVRcury95GVX9NTk&_nc_zt=14&_nc_ht=scontent.ftpe8-3.fna&_nc_gid=8JVog27Zy92dnTAf2sSjlw&oh=00_AfqrWrv36mZiX9yr4n_YF_pjtsY_ffZ1J7RGJTtej3AwHw&oe=696DBDAB",
  "ad_is_video": false,
  "ad_video_preview_image": "https://scontent.ftpe8-2.fna.fbcdn.net/v/t39.35426-6/519400273_1289303608798012_5424367218658936527_n.jpg?_nc_cat=100&ccb=1-7&_nc_sid=c53f8f&_nc_ohc=eOKlH46NEqQQ7kNvwHzD1lq&_nc_oc=Adnx0o2mgxhFK1Zxy6mx9MIMjh61u8FmF4fnMDhb93CXO_vimc3Fl9qHZv47edDRNdU&_nc_zt=14&_nc_ht=scontent.ftpe8-2.fna&_nc_gid=8JVog27Zy92dnTAf2sSjlw&oh=00_AfrOS_Z0RguNUz0zVmEGRbojtt1qjedpihH9Y2c7dISXYQ&oe=696DF307",
  "ad_image": null,
  "ad_cta_text": "",
  "ad_link_description": null,
  "ad_link_url": null,
  "ad_title": null,
  "ad_caption": null,
  "ad_page_id": "109169660814796",
  "ad_cta_type": "",
  "ad_extra_links": [],
  "ad_extra_texts": [],
  "ad_page_categories": [
    "娛樂網站"
  ],
  "ad_page_like_count": 0,
  "ad_publisher_platform": [
    "instagram"
  ],
  "ad_like_count": "0",
  "ad_share_count": "0"
}