{
  "ad_id": "1321447788590941",
  "ad_context": "#來自支持者的驚喜\n\n前幾日收到一份包裹，助理特別要求我要開箱，打開來實在太驚喜了，用心的客製化汽水，瞬間就乾掉一杯！\n\n明天要請大家投下④號鄭寶清，一起贏得公平與正義！\n\n#市長挺在地\n#就4選寶清",
  "ad_profile_name": "鄭寶清",
  "ad_profile_image": "https://scontent.ftpe8-2.fna.fbcdn.net/v/t39.35426-6/316959985_654158783101966_172602171272449878_n.jpg?stp=dst-jpg_s60x60_tt6&_nc_cat=100&ccb=1-7&_nc_sid=c53f8f&_nc_ohc=kkFKLAWjVWEQ7kNvwGTczt3&_nc_oc=AdkxRDdGW7fqHwTxsvFVCgUn6wbDjQdROrA92yQ14LoOOS8Y03zPaJ9ccLds-7WFG_s&_nc_zt=14&_nc_ht=scontent.ftpe8-2.fna&_nc_gid=aM36I-mr1xTjAPPTz-oJXg&oh=00_AfpP5r35UgJaSKj3848H7c1wd4qNATRTpzxgZr2dZl4Qvg&oe=696E5446",
  "ad_is_video": false,
  "ad_video_preview_image": "https://scontent.ftpe8-3.fna.fbcdn.net/v/t39.35426-6/316826087_2032005880330219_7986170275812966809_n.jpg?_nc_cat=111&ccb=1-7&_nc_sid=c53f8f&_nc_ohc=Fur2k8070oQQ7kNvwFJPuRc&_nc_oc=Adls5rC2mtiDPIJW13FrcuSEcvd6jkRtYYIsX2k6u_WRJ1CTfjt0F9k0vr-76EWeehY&_nc_zt=14&_nc_ht=scontent.ftpe8-3.fna&_nc_gid=aM36I-mr1xTjAPPTz-oJXg&oh=00_AfoUVXAccLaK2Oia3oDKJm43j5UJ9F5Ii1BYSTeBTCPBqg&oe=696E5C52",
  "ad_image": null,
  "ad_cta_text": "",
  "ad_link_description": null,
  "ad_link_url": null,
  "ad_title": null,
  "ad_caption": null,
  "ad_page_id": "1572448819666020",
  "ad_cta_type": "",
  "ad_extra_links": [],
  "ad_extra_texts": [],
  "ad_page_categories": [
    "公眾人物"
  ],
  "ad_page_like_count": 0,
  "ad_publisher_platform": [
    "facebook",
    "instagram"
  ],
  "ad_like_count": "0",
  "ad_share_count": "0"
}