{
  "ad_id": "1322676566539403",
  "ad_context": "今天總質詢一開場，我就詢問關於芬普尼雞蛋在台南的流向。\n​\n衛生局李局長說明，在 11/7 就收到彰化縣衛生局提供的 6 個批號，並立刻以這些批號追查芬普尼雞蛋。\n​\n其中有 2 個批號是提供給大全聯台南店，在調查時已確認該店已一個多月沒有進貨過這 2 個批號的蛋，也確保店面現場都沒有這些批號的蛋。\n​\n另外 4 個批號是在佳里店，目前也都預防性下架了 100 多盒，並要求業者主動通知已購買到這 4 個批號的消費者，今日會再複查業者通知的進度。\n​\n衛生局今天也會以溯源碼進一步擴大抽查其他的全聯、家樂福等店面通路，以確保台南的蛋品安全。\n​\n感謝衛生局同仁的快速反應與辛勞，替市民的健康把關！🙏",
  "ad_profile_name": "李宗霖Lí Chong-lîm",
  "ad_profile_image": "https://scontent.ftpe8-2.fna.fbcdn.net/v/t39.35426-6/579224943_2266439923822889_3059868845835336887_n.jpg?stp=dst-jpg_s60x60_tt6&_nc_cat=101&ccb=1-7&_nc_sid=c53f8f&_nc_ohc=rF17-sIdY0IQ7kNvwH-RBRZ&_nc_oc=Adkh7tR8SmlTyp2pM12kmuBGJxO7pslKOkXPq7Ch6a8QAh8Xk0dOG0LyT7AF7LKoyjo&_nc_zt=14&_nc_ht=scontent.ftpe8-2.fna&_nc_gid=H1GFIEYRA8efYySBwsw4Fg&oh=00_Afq1iZknUj83bW45ScNhYc8p2ZcuH8pYmA2CUosH4RGh2g&oe=696E6EAF",
  "ad_is_video": false,
  "ad_video_preview_image": null,
  "ad_image": "https://scontent.ftpe8-3.fna.fbcdn.net/v/t39.35426-6/577768220_1783739958942462_8891093897517914956_n.jpg?stp=dst-jpg_s600x600_tt6&_nc_cat=111&ccb=1-7&_nc_sid=c53f8f&_nc_ohc=h324kzMiZssQ7kNvwF7rYPJ&_nc_oc=Adn6VrRXHznr6n7sveJ0EqDvLmo69Eb9B5C2StGuZBrNvQLpxHdATmm-rwC7YEY95Ok&_nc_zt=14&_nc_ht=scontent.ftpe8-3.fna&_nc_gid=H1GFIEYRA8efYySBwsw4Fg&oh=00_Afqsd9PoKl3Z_l02uFiV62-CAivpUGphwPK6YzY6VFFGig&oe=696E650F",
  "ad_cta_text": "發送訊息",
  "ad_link_description": null,
  "ad_link_url": null,
  "ad_title": null,
  "ad_caption": null,
  "ad_page_id": "561929534174419",
  "ad_cta_type": "發送訊息",
  "ad_extra_links": [],
  "ad_extra_texts": [],
  "ad_page_categories": [],
  "ad_page_like_count": 0,
  "ad_publisher_platform": [
    "facebook",
    "instagram"
  ],
  "ad_like_count": "0",
  "ad_share_count": "0"
}