{
  "ad_id": "1322213381852914",
  "ad_context": "「關於高虹安市長候選人的大哉問專題」\n\n第一問 20221027\n\n我想請問高虹安市長候選人，「新竹通」要如何落實在生活的每一天?\n \n每逢選舉，新竹候選人都把科技城市掛在嘴邊，但許多人不見得理解新竹跟科技之間的關係。\n\n我從小在新竹長大，對新竹改變的點點滴滴感觸很深，尤其是隨著科學園區的發展，科技城市對新竹其實是個「動詞」，代表了從「製造科技」轉型為「應用科技」的過程。\n\n高委員對市政科技應用的想像，其實我也曾試著設想，一直觀察台北經驗適用於新竹的可行性。他山之石，可以攻錯，有可取之處當然值得學習。\n\n但看到高委員如同複製貼上的口號，讓人不禁懷疑，高委員真的有做好功課嗎？選戰至今，高委員條列式的標語很多，但沒有一條讓人可以細究其中底蘊。\n\n先談談數位治理。高委員想將她口中「十分成功」的「台北通」直接移植到新竹，但高委員是否忘了，當初柯市府強推「台北通」，在市議會與市民之間造成的反彈？\n\n「台北通」的經驗充滿了科技壟斷、強迫使用等質疑，導致數萬台北市民加入苗博雅議員發起的「拒絕『台北通』強迫推銷」連署。最終決議：市府「不得」以「台北通」作為各公共服務的唯一申請管道。\n\n試問，若高委員選上市長，也要在新竹強推一次「新竹通」嗎？「台北通」App的爭議至今尚未結束，高委員倒是急著在柯市府即將卸任之餘，再複製一次失敗經驗。\n\n數位治理的意義不僅僅是降低成本的柯氏風格而已，更重要的是讓城市相關橫向縱向的資訊加速流動，讓事情有更多的可能性。\n\n我原本也期待高委員能對數位治理，提出符合新竹的定義，或是可以不重蹈台北通覆轍的作法。但高委員對於「新竹通」定義，目前還看不出來跟「台北通」有何不同，甚至還提出「以『新竹通』作為市政服務單一入口」。身為新竹民代也是新竹市民，我無法理解，一個已經被唾棄的錯誤政策，為何要被帶到新竹延續？\n\n退萬步言，就算要推行「新竹通」，但高委員是否知道，負責「台北通」的台北市資訊局，是個每年有近九億左右預算專責機關，而新竹市政府只有編制十一人左右的資訊科。\n\n如此說來，是不是有比高喊數位治理口號，更重要更踏實的事情要先做呢？高委員最重視的「財政紀律」，總是在畫大餅的時候消失。高委員，你又健忘了嗎？\n\n政治改變要如何落實在生活的每一天？這是我深耕新竹每天在思考的。高虹安也應該盡快放下不分區的立委身分，認真地以「新竹市長」候選人的角度，重新思考屬於自己與新竹的數位治理。",
  "ad_profile_name": "李妍慧 Yen Hui Lee",
  "ad_profile_image": "https://scontent.ftpe8-3.fna.fbcdn.net/v/t39.35426-6/313923588_1283226772442476_6582643788652332281_n.jpg?stp=dst-jpg_s60x60_tt6&_nc_cat=111&ccb=1-7&_nc_sid=c53f8f&_nc_ohc=iMVbhZMdazgQ7kNvwFWB39k&_nc_oc=Adms89fVUdsYDlXQTuEsO2G5nykAIwi5tAJ8L1kFgGIXoYhbFof0sZdT-n4mBYMYMVU&_nc_zt=14&_nc_ht=scontent.ftpe8-3.fna&_nc_gid=HHCXVl9b8E7ssZ0lFJNpCA&oh=00_AfpxODD32daJDOur-7IZJwudWtN_vrfBs_9tn_F4cjgh0A&oe=696E400A",
  "ad_is_video": false,
  "ad_video_preview_image": null,
  "ad_image": "https://scontent.ftpe8-1.fna.fbcdn.net/v/t39.35426-6/313426103_5503729246401206_6607471045776266797_n.jpg?stp=dst-jpg_s600x600_tt6&_nc_cat=109&ccb=1-7&_nc_sid=c53f8f&_nc_ohc=0ewtS69MiKoQ7kNvwFKQS7L&_nc_oc=AdmCRDSTUirIYMsNTBMUek70QqvfJUFDNjKPjBQwX470Wratwx9lH7D2iBnLE7_SKr4&_nc_zt=14&_nc_ht=scontent.ftpe8-1.fna&_nc_gid=HHCXVl9b8E7ssZ0lFJNpCA&oh=00_Afq032wR9q4PaCkomTL8VTh0OSChd9cQxtUfd51rOkWFUA&oe=696E664A",
  "ad_cta_text": "發送訊息",
  "ad_link_description": null,
  "ad_link_url": null,
  "ad_title": null,
  "ad_caption": null,
  "ad_page_id": "141268796664",
  "ad_cta_type": "發送訊息",
  "ad_extra_links": [],
  "ad_extra_texts": [],
  "ad_page_categories": [],
  "ad_page_like_count": 0,
  "ad_publisher_platform": [
    "facebook",
    "instagram"
  ],
  "ad_like_count": "0",
  "ad_share_count": "0"
}