{
  "ad_id": "1322079532633763",
  "ad_context": "煮豆燃豆萁，豆在釜中泣，\n本是同根生，相煎何太急？\n\n大罷免是窮盡一切可能\n\n讓國會過半，何錯之有！\n\n難道罷團也錯了嗎？\n\n多注意風災及關稅問題！",
  "ad_profile_name": "柯建銘",
  "ad_profile_image": "https://scontent.ftpe8-4.fna.fbcdn.net/v/t39.35426-6/539398953_1261598898573428_2215256704718697426_n.jpg?stp=dst-jpg_s60x60_tt6&_nc_cat=110&ccb=1-7&_nc_sid=c53f8f&_nc_ohc=oKAraof5QDoQ7kNvwFZzKn2&_nc_oc=AdlG_Hnz65XH8i9vz-LmQ-jxHPkZndJZXHgI8IjZ0l47d-6SFAqRSH9tyZs9I00S8XA&_nc_zt=14&_nc_ht=scontent.ftpe8-4.fna&_nc_gid=RSIlOhpDmEc1gfF4c-ZQhg&oh=00_Afpqxru3_JR8i0I8DoP_zSvKauM1tCxVG5xzpBMrEmH_Zg&oe=696DC7A8",
  "ad_is_video": false,
  "ad_video_preview_image": null,
  "ad_image": "https://scontent.ftpe8-4.fna.fbcdn.net/v/t39.35426-6/539340787_1100814035424731_146326504839739583_n.jpg?stp=dst-jpg_s600x600_tt6&_nc_cat=104&ccb=1-7&_nc_sid=c53f8f&_nc_ohc=9lOurHLllWUQ7kNvwGv_vSO&_nc_oc=AdlJ-_BJhObn2IKHWWzVSYH1dMX_lnXiKh-08GOGCnIvW4lQ3l6tVbUdpGH05DdIWDk&_nc_zt=14&_nc_ht=scontent.ftpe8-4.fna&_nc_gid=RSIlOhpDmEc1gfF4c-ZQhg&oh=00_AfqxXhxFQnmUZEnhQkb9JmX45p4FDZMhyGFXCNxyK5IW8A&oe=696DD139",
  "ad_cta_text": "",
  "ad_link_description": null,
  "ad_link_url": null,
  "ad_title": null,
  "ad_caption": null,
  "ad_page_id": "1413658198866930",
  "ad_cta_type": "",
  "ad_extra_links": [],
  "ad_extra_texts": [],
  "ad_page_categories": [
    "政治人物"
  ],
  "ad_page_like_count": 0,
  "ad_publisher_platform": [
    "facebook",
    "instagram"
  ],
  "ad_like_count": "0",
  "ad_share_count": "0"
}