{
  "ad_id": "1323505952719094",
  "ad_context": "小額捐款支持，與感染誌一同前行成為愛滋平權的倡議者。\n————\n勸募字號：衛部救字第1141360255號",
  "ad_profile_name": "感染誌 Hivstory",
  "ad_profile_image": "https://scontent.ftpe8-3.fna.fbcdn.net/v/t39.35426-6/530220668_1536950057675546_7694881328820804894_n.jpg?stp=dst-jpg_s60x60_tt6&_nc_cat=107&ccb=1-7&_nc_sid=c53f8f&_nc_ohc=jMAm--pm3yEQ7kNvwEpT0sH&_nc_oc=Adk_V-TXedoXimmV0AUQ2vQ-nQ2vL_Mi5fLK1dmgZx0lgL_lI_GIXUv8SNmQTjzZPjU&_nc_zt=14&_nc_ht=scontent.ftpe8-3.fna&_nc_gid=nbVB_omrWc1wBg8yjAmrnw&oh=00_AfppUIhcmnChM31aDH9yR0IIZdME8HxtAHkkSInhzhKedQ&oe=696E6F81",
  "ad_is_video": false,
  "ad_video_preview_image": "https://scontent.ftpe8-3.fna.fbcdn.net/v/t39.35426-6/528753047_1312826317145752_4841455471580025037_n.jpg?_nc_cat=111&ccb=1-7&_nc_sid=c53f8f&_nc_ohc=Jk7JVLCxPy4Q7kNvwFrFNzu&_nc_oc=AdnwZlv3In5puKthDyi8_ql9_61jM_ShdEsiZ71ZQNfBmZllGRS86Sl_rKVj8-tC8os&_nc_zt=14&_nc_ht=scontent.ftpe8-3.fna&_nc_gid=nbVB_omrWc1wBg8yjAmrnw&oh=00_AfrN_XWF2-krssFUXF7t12OjXMMYRgWewljLISF6HLybtg&oe=696E631E",
  "ad_image": null,
  "ad_cta_text": "Donate Now",
  "ad_link_description": "勸募字號：衛部救字第1141360255號",
  "ad_link_url": "https://l.facebook.com/l.php?u=https%3A%2F%2Fneti.cc%2FGw4aLa5%3Ffbclid%3DIwZXh0bgNhZW0CMTAAYnJpZBExZ1h6TjROVm50bUtKNncwUXNydGMGYXBwX2lkDzU0MTYzOTQ5Mzg4OTAyNQABHppPes9lfXg0UOUXN17kMFaXOOER73Wzp7IAykY0sjhgdLuTHiI-lLHXFz7K_aem_JZnrDa5Eu1TpG5NaTqSSwA&h=AT3nOyN22GdxoekmulUZDrDOOUzAomO26Ys6Flkdl2FqwNn8tOOgXwHRmbKEh340FJ5zaV2XgTbDtFnkElpWqB0p95Gwn6W967DLWus_guTIwZEXeUkbsVNGfg1LC6T2DMdMtPAQGVoqSigHYTTsiA",
  "ad_title": "捐款支持，持續邁向愛滋平權。",
  "ad_caption": "https://neti.cc/Gw4aLa5",
  "ad_page_id": "307448579410362",
  "ad_cta_type": "Donate Now",
  "ad_extra_links": [
    "捐款支持，持續邁向愛滋平權。",
    "捐款支持，持續邁向愛滋平權。",
    "捐款支持，持續邁向愛滋平權。",
    "小額捐款，讓愛滋污名歧視逐漸消弭！"
  ],
  "ad_extra_texts": [
    "❝ 我們始終相信每個人的故事，都能成為消弭愛滋歧視的重要關鍵。 ❞\n​\n這一路以來，感染誌邀請愛滋社群夥伴一同書寫愛滋生命經驗，並透過數位平台發行。透過不斷地發聲練習，嘗試消弭社群的內化污名，並促進臺灣社會透過真實的生命故事，了解愛滋感染者遭受污名與歧視的困境。\n​\n2025年我們將透過多元工作，如亞太愛滋藝術策展、愛滋生命書寫與報導、愛滋平權倡議活動、教育觀察、社群調查研究等，持續為愛滋人權發聲，持續推動臺灣愛滋平權。\n​\n懇請您捐款支持，感染誌2025年度「不被消失的聲音」募款計畫。與感染誌一同前行，讓因污名或不理解而被噤聲的故事，能被臺灣社會好好聽見，一起成為愛滋平權的倡議者。\n————\n勸募字號：衛部救字第1141360255號",
    "❝ 我們始終相信每個人的故事，都能成為消弭愛滋歧視的重要關鍵。 ❞\n​\n2025年我們將透過多元工作，如亞太愛滋藝術策展、愛滋生命書寫與報導、愛滋平權倡議活動、教育觀察、社群調查研究等，持續為愛滋人權發聲，持續推動臺灣愛滋平權。\n​\n懇請您捐款支持，感染誌2025年度「不被消失的聲音」募款計畫。與感染誌一同前行，讓因污名或不理解而被噤聲的故事，能被臺灣社會好好聽見，一起成為愛滋平權的倡議者。\n————\n勸募字號：衛部救字第1141360255號",
    "❝ 我們始終相信每個人的故事，都能成為消弭愛滋歧視的重要關鍵。 ❞\n​\n這一路以來，感染誌邀請愛滋社群夥伴一同書寫愛滋生命經驗，並透過數位平台發行。透過不斷地發聲練習，嘗試消弭社群的內化污名，並促進臺灣社會透過真實的生命故事，了解愛滋感染者遭受污名與歧視的困境。\n​\n2025年我們將透過多元工作，如亞太愛滋藝術策展、愛滋生命書寫與報導、愛滋平權倡議活動、教育觀察、社群調查研究等，持續為愛滋人權發聲，持續推動臺灣愛滋平權。\n​\n懇請您捐款支持，感染誌2025年度「不被消失的聲音」募款計畫。與感染誌一同前行，讓因污名或不理解而被噤聲的故事，能被臺灣社會好好聽見，一起成為愛滋平權的倡議者。\n————\n勸募字號：衛部救字第1141360255號",
    "❝ 我們始終相信每個人的故事，都能成為消弭愛滋歧視的重要關鍵。 ❞\n​\n這一路以來，感染誌邀請愛滋社群夥伴一同書寫愛滋生命經驗，並透過數位平台發行。透過不斷地發聲練習，嘗試消弭社群的內化污名，並促進臺灣社會透過真實的生命故事，了解愛滋感染者遭受污名與歧視的困境。\n​\n2025年我們將透過多元工作，如亞太愛滋藝術策展、愛滋生命書寫與報導、愛滋平權倡議活動、教育觀察、社群調查研究等，持續為愛滋人權發聲，持續推動臺灣愛滋平權。\n​\n懇請您捐款支持，感染誌2025年度「不被消失的聲音」募款計畫。與感染誌一同前行，讓因污名或不理解而被噤聲的故事，能被臺灣社會好好聽見，一起成為愛滋平權的倡議者。\n————\n勸募字號：衛部救字第1141360255號"
  ],
  "ad_page_categories": [],
  "ad_page_like_count": 0,
  "ad_publisher_platform": [
    "facebook",
    "instagram"
  ],
  "ad_like_count": "0",
  "ad_share_count": "0"
}