{
  "ad_id": "1323067262908766",
  "ad_context": "不靠大型建設，城市品牌也能長出來\u000b\u000b「320+1 嘉義市城市博覽會」把整座城市變成展場，從街道、老屋到在地店家，文化直接走進日常生活。\n​\n嘉義用共享與連結，走出一條不追逐規模、卻更有溫度的城市治理新路。\n​\n\u000b\u000b👉點進來看看，嘉義怎麼把整座城市，變成最有感的展場\nhttps://btoday.cc/8hr4tg",
  "ad_profile_name": "今周刊",
  "ad_profile_image": "https://scontent-tpe1-1.xx.fbcdn.net/v/t39.35426-6/604790665_1574938926860926_6466486948251157678_n.jpg?stp=dst-jpg_s60x60_tt6&_nc_cat=101&ccb=1-7&_nc_sid=c53f8f&_nc_ohc=KGc6YdoHXScQ7kNvwHKNXiS&_nc_oc=AdnRZSFavWh88ZhHjoByNrCcv10ZU0COcDU8Y0UDSVweFzdP-1U_Oxq6fp2bz0TU0Fc&_nc_zt=14&_nc_ht=scontent-tpe1-1.xx&_nc_gid=xDmQrn0ZFqMv5mRuFTCCgA&oh=00_AfqvVDHSghsasPRAWg3rLS96G2cz74S2K3Xtqm74Bh6_QQ&oe=696D46AA",
  "ad_is_video": false,
  "ad_video_preview_image": null,
  "ad_image": "https://scontent-tpe1-1.xx.fbcdn.net/v/t39.35426-6/605584298_1612460833078517_8041960403680780265_n.jpg?stp=dst-jpg_s600x600_tt6&_nc_cat=103&ccb=1-7&_nc_sid=c53f8f&_nc_ohc=n5kr7p3Vv1gQ7kNvwHXrYl8&_nc_oc=AdlRCSpkNeaqxNEewULvlvJONqKFgj06dQ49uNGNq7L7zXEVUlcReEOk7ERTDNtq-P0&_nc_zt=14&_nc_ht=scontent-tpe1-1.xx&_nc_gid=xDmQrn0ZFqMv5mRuFTCCgA&oh=00_Afp9zx3_7MMbrsiup_8RR7gUNSNPwcit5CHHnAUvBApa3g&oe=696D46CE",
  "ad_cta_text": "",
  "ad_link_description": "沒有興建新的展館、也沒有集中單一園區的展演，「320+1嘉義市城市博覽會」把整座城市變成大展場，讓街道、老屋、商家與市民一起加入，成為城市最吸引人的風景。",
  "ad_link_url": "https://btoday.cc/8hr4tg",
  "ad_title": "不靠大型建設，也能打造城市品牌！320+1嘉義市城市博覽會走出治理新路- 今周刊",
  "ad_caption": "btoday.cc",
  "ad_page_id": "158025223269",
  "ad_cta_type": "",
  "ad_extra_links": [],
  "ad_extra_texts": [],
  "ad_page_categories": [
    "雜誌"
  ],
  "ad_page_like_count": 0,
  "ad_publisher_platform": [
    "facebook"
  ],
  "ad_like_count": "0",
  "ad_share_count": "0"
}