{
  "ad_id": "1324896942519475",
  "ad_context": "我一定會成為黨內所有戰將最好的後盾",
  "ad_profile_name": "郝龍斌",
  "ad_profile_image": "https://scontent.ftpe8-3.fna.fbcdn.net/v/t39.35426-6/563570467_1500162974360841_2249728838324627518_n.jpg?stp=dst-jpg_s60x60_tt6&_nc_cat=106&ccb=1-7&_nc_sid=c53f8f&_nc_ohc=t0DbKkAbln8Q7kNvwEAbLRY&_nc_oc=AdnNm7kiuaxfid0kn62CM4A5R3aPqe9kIzPucirjiugNGA2M-i0C137LO3aFIhM3ArA&_nc_zt=14&_nc_ht=scontent.ftpe8-3.fna&_nc_gid=L5vC2qjnJap9kphH89wY6Q&oh=00_Afr0VSbsozmfAc_1NA4kKsAk31pZf5M0iSU3GvlZ4zggqA&oe=696DE4F7",
  "ad_is_video": false,
  "ad_video_preview_image": "https://scontent.ftpe8-2.fna.fbcdn.net/v/t39.35426-6/559533672_592662193872641_7759860988301464678_n.jpg?_nc_cat=101&ccb=1-7&_nc_sid=c53f8f&_nc_ohc=V3sZwWUaSzUQ7kNvwGoL9rB&_nc_oc=AdlORB6UgNeqftLoucwPqE3lVCM7-cB_Xc60skY45ofUQFawXB70ycXTFqD8Q7iOG44&_nc_zt=14&_nc_ht=scontent.ftpe8-2.fna&_nc_gid=L5vC2qjnJap9kphH89wY6Q&oh=00_AfrGcKHqZjUr7HhV5lEdlimF-7zXvJTwGgnulKAbc9KJRQ&oe=696DE470",
  "ad_image": null,
  "ad_cta_text": "",
  "ad_link_description": null,
  "ad_link_url": null,
  "ad_title": "我一定會成為黨內所有戰將最好的後盾",
  "ad_caption": null,
  "ad_page_id": "141362065899673",
  "ad_cta_type": "",
  "ad_extra_links": [],
  "ad_extra_texts": [],
  "ad_page_categories": [],
  "ad_page_like_count": 0,
  "ad_publisher_platform": [
    "facebook",
    "instagram"
  ],
  "ad_like_count": "0",
  "ad_share_count": "0"
}