{
  "ad_id": "1324883505984923",
  "ad_context": "🎈👨‍👩‍👧‍👦 年終感恩親子嘉年華來囉🎉\n\n感恩節與聖誕節的腳步越來越近，也是我們一起說「謝謝」與「我愛你」的季節💖\n這一次，立法委員 林國成與永康區市議員參選人林乃立誠摯邀請您與家人，一起參加這場充滿歡笑與溫馨的歲末年終親子嘉年華🌟\n\n📍 活動時間：11/23（星期日）早上 10:00 準時開場\n📍 活動地點：追風奇幻島（永康家樂福中華店）\n\n🎪 活動亮點搶先看👀\n✅海洋潛艇堡x百萬大球池x隧道滑梯\n✅蹦床跳跳樂\n✅家家酒 × 積木 × 賽車區\n✅🏖 沙池樂園x家長休息區\n\n✨ 還有神秘關卡等你來探索✨\n\n🎁 這不只是孩子們的歡樂日，\n更是家人間溫馨互動、分享感恩的好時光。\n讓我們一起用歡笑點亮孩子的童年，用陪伴打造更美好的永康💜\n\n📢 免費參加！名額有限！\n⚠️ 填寫報名表即可報名\n👉 快來報名、快來玩！\n\n報名連結: https://forms.gle/GNpKD7xKas6fqTTE9\n\n#年終親子嘉年華 #歡樂永康\n#林國成 #林乃立 #幸福永康 #親子嘉年華 #永康心活力",
  "ad_profile_name": "永康新活力-林乃立",
  "ad_profile_image": "https://scontent.ftpe8-1.fna.fbcdn.net/v/t39.35426-6/580912702_25668454012738092_5083466485726679239_n.jpg?stp=dst-jpg_s60x60_tt6&_nc_cat=108&ccb=1-7&_nc_sid=c53f8f&_nc_ohc=__QytAXl8oYQ7kNvwHP5Xh9&_nc_oc=Adl6Ti8JxkYz2ri_81CKQjRC9dKxR1-yzq4YwTCEgTJapfIY0nj6r2m63w3YqjpXtSc&_nc_zt=14&_nc_ht=scontent.ftpe8-1.fna&_nc_gid=6v49m85ylC-63JLYkK2jEA&oh=00_AfpLrVQ5mcitn0UpvrIXZMlZZw3m4lnhmDNQxTtIzaXu5w&oe=696DC66C",
  "ad_is_video": false,
  "ad_video_preview_image": null,
  "ad_image": "https://scontent.ftpe8-4.fna.fbcdn.net/v/t39.35426-6/583214921_1164726191867806_3019208149155403203_n.jpg?stp=dst-jpg_s600x600_tt6&_nc_cat=104&ccb=1-7&_nc_sid=c53f8f&_nc_ohc=1BsZzSWoWcoQ7kNvwEh8pDK&_nc_oc=AdlfVWXHSkfkZNb1qcwVwapcv_veBvDW8X7bt4lxBBrtvTDrHUTOd030cgZgScZZYUs&_nc_zt=14&_nc_ht=scontent.ftpe8-4.fna&_nc_gid=6v49m85ylC-63JLYkK2jEA&oh=00_Afop1yGnhFoClS_xn9_Ff-Gl8_9auRBQ5bco8qYyYNrVYw&oe=696DF5D2",
  "ad_cta_text": "造訪個人檔案",
  "ad_link_description": null,
  "ad_link_url": "https://forms.gle/GNpKD7xKas6fqTTE9",
  "ad_title": "www.fb.com",
  "ad_caption": "fb.com",
  "ad_page_id": "215296441676128",
  "ad_cta_type": "造訪個人檔案",
  "ad_extra_links": [],
  "ad_extra_texts": [],
  "ad_page_categories": [
    "公眾人物"
  ],
  "ad_page_like_count": 2757,
  "ad_publisher_platform": [
    "facebook"
  ],
  "ad_like_count": "0",
  "ad_share_count": "0"
}