{
  "ad_id": "1325855094577754",
  "ad_context": "【可以報名了】2021公關論壇-永續品牌管理ESG\nhttps://www.accupass.com/event/2111241103498795977400\n\n公關論壇第三場，要來跟大家談談『企業永續ESG』\n\nESG這名詞近年非常火紅，華爾街投資人搶著追捧、各國科技半導體廠紛紛立下承諾、連拜登都力推綠色新政，要求2050年達到淨零排放。讓人不禁想問：這ESG到底有多香？\n\n來聽這場講座吧，我們將帶領大家檢視社群時代的ESG企業聲譽管理新指標，看看在這波ESG浪潮下，企業應如何應變。同時也從公關角度，提出建構永續企業防護罩的思維，以及在執行ESG時可用的工具。\n\n無論你是公關人、行銷人、或具有永續經營思維的企業主\n都歡迎大家一起參與這場年度盛會～我們會場見囉！\n\n.\n\nPRTech的永續品牌管理--用ESG打造企業經營長青樹\nhttps://www.accupass.com/event/2111241103498795977400\n活動時間：2022年1月7日(五) 14:00-16:30 (13:30開放入場)\n活動地點：資策會科技服務大樓101視聽室 (民生東路四段133號一樓)\n.\n#2021PRTech #永續品牌管理 #ESG #報名報起來",
  "ad_profile_name": "i-Buzz網路口碑研究中心",
  "ad_profile_image": "https://scontent.ftpe8-2.fna.fbcdn.net/v/t39.35426-6/270116281_656328685384691_6013458751106168393_n.jpg?stp=dst-jpg_s60x60_tt6&_nc_cat=103&ccb=1-7&_nc_sid=c53f8f&_nc_ohc=K7ybKAmWUusQ7kNvwFeHFRr&_nc_oc=AdkOjGIEVX--PTH9aF2qtvXk479KFpezgp6InAuowpF10hS5CUFGnfSxIYNvVJBhiYQ&_nc_zt=14&_nc_ht=scontent.ftpe8-2.fna&_nc_gid=HKgcYjTfWptfi_T2I8cG6g&oh=00_AfojEIN6BmJJbw3JLqqRfZjdBae_AA4UufqTiCS1Po335Q&oe=696E4956",
  "ad_is_video": false,
  "ad_video_preview_image": null,
  "ad_image": "https://scontent.ftpe8-3.fna.fbcdn.net/v/t39.35426-6/270249319_984413915840862_3569795554929241138_n.jpg?stp=dst-jpg_s600x600_tt6&_nc_cat=106&ccb=1-7&_nc_sid=c53f8f&_nc_ohc=e77XfnqGDc0Q7kNvwGAz_o4&_nc_oc=AdmW3yAk-ZGC35C9xcpAwxMkv6O639-EsVxF9FTI-pTaEo5xY9-z2e6NBDdggbnjK4E&_nc_zt=14&_nc_ht=scontent.ftpe8-3.fna&_nc_gid=HKgcYjTfWptfi_T2I8cG6g&oh=00_AfogCuJiYxKzRN99k_xaS68pozkMAYVgODReHg-ySGVhmg&oe=696E6CAB",
  "ad_cta_text": "",
  "ad_link_description": null,
  "ad_link_url": "https://www.accupass.com/event/2111241103498795977400",
  "ad_title": null,
  "ad_caption": null,
  "ad_page_id": "331647950276106",
  "ad_cta_type": "",
  "ad_extra_links": [],
  "ad_extra_texts": [],
  "ad_page_categories": [
    "行銷代理商"
  ],
  "ad_page_like_count": 0,
  "ad_publisher_platform": [
    "facebook",
    "instagram"
  ],
  "ad_like_count": "0",
  "ad_share_count": "0"
}