{
  "ad_id": "1325092618577678",
  "ad_context": "終於遇到真實有效的加壓蓮蓬頭 !!\n#水武士：https://richmore.cc/NZiTI\n\n結帳輸入折扣碼 lele50，再折 50 元！\n買就送無香濾芯乙顆 外加一年保固 ‼\n\n住高樓層常常抱怨水壓不足，\n但考量到加裝加壓馬達 ⚠️需要定期保養\n耗電之外，停水稍沒注意馬達會乾燒 😰\n於是這個想法就告吹了。\n\n至今已換過無數個加壓蓮蓬頭\n但實際上水壓感受 ----- 真的完全沒變！\n有時甚至水壓過低，洗到一半會變冷水🤦‍♀️\n冬天更懊惱，誰不想洗個舒服的熱水澡！\n\n＃RIMO304不鏽鋼增壓蓮蓬頭\n專利的增壓技術 真的讓我驚艷了！\n原來浴室的水壓可以這麼蘇糊 ~ 🤣\n(這邊可以幫我加一段樂樂洗起來的小感想嗎 因為這篇想打一些寵物受眾)\n\n🔹增壓、霧化、混合 三種水療體驗\n增壓有感 水壓強勁 水柱飽滿 但不刺痛！\n出水面大，洗澡過程能全身包裹 💦\n\n🐶可以輕鬆沖掉泡沫，深層清潔 !!\n水壓剛剛好，洗起來樂樂蘇糊到瞇眼 ~\n\n好好享受淋浴，洗去一整天的疲憊！\n\n搭配濾芯使用，深度淨化有害物質。\n🔸採用100%食用級原材料\n一款寶寶都能使用，媽媽安心的濾芯！\n\n限時優惠中：https://richmore.cc/NZiTI\n\n＃RIMO ＃不鏽鋼蓮蓬頭 ＃增壓蓮蓬頭 ＃花灑 ＃蓮蓬頭 ＃浴室 ＃沐浴 ＃SPA ＃洗澡",
  "ad_profile_name": "樂樂の成長日記",
  "ad_profile_image": "https://scontent.ftpe8-3.fna.fbcdn.net/v/t39.35426-6/493925836_681958534381663_7338591564722171532_n.jpg?stp=dst-jpg_s60x60_tt6&_nc_cat=106&ccb=1-7&_nc_sid=c53f8f&_nc_ohc=-bqIx41k9esQ7kNvwGYD16m&_nc_oc=AdlpY1VXfyxpXzNdgd7jzbxSWdBHFzqDSO2AUi_ldsw-OAiaEpUoXA3CHkFbEBoxEDc&_nc_zt=14&_nc_ht=scontent.ftpe8-3.fna&_nc_gid=CL8_ZIbnUglL7N2DPsCMUQ&oh=00_AfoaX2uGv375uRXL_yPRLf2OtpBlkUy6XbGO9joxYF8h8Q&oe=696DB217",
  "ad_is_video": false,
  "ad_video_preview_image": "https://scontent.ftpe8-2.fna.fbcdn.net/v/t39.35426-6/494050401_623584954017195_7868661157509174519_n.jpg?_nc_cat=103&ccb=1-7&_nc_sid=c53f8f&_nc_ohc=n3Wx_W0UYaIQ7kNvwFuUOkn&_nc_oc=AdnVmu7Mhov2rKymdGmXBLO5EgCcYCLwVUdL5ude5uTsP0UtkOukpvQ2z-XZnQIt0eQ&_nc_zt=14&_nc_ht=scontent.ftpe8-2.fna&_nc_gid=CL8_ZIbnUglL7N2DPsCMUQ&oh=00_Afq6ZlpXVo0bNGNfP2gPRb8k0rPDL9SBFT-qi1_r8hy22g&oe=696DB586",
  "ad_image": null,
  "ad_cta_text": "",
  "ad_link_description": null,
  "ad_link_url": "https://richmore.cc/NZiTI",
  "ad_title": null,
  "ad_caption": null,
  "ad_page_id": "173810833404787",
  "ad_cta_type": "",
  "ad_extra_links": [],
  "ad_extra_texts": [],
  "ad_page_categories": [],
  "ad_page_like_count": 0,
  "ad_publisher_platform": [
    "facebook",
    "instagram",
    "audience_network",
    "messenger"
  ],
  "ad_like_count": "0",
  "ad_share_count": "0"
}