{
  "ad_id": "1326939138782721",
  "ad_context": "【月圓人團圓🌝】\n\n農曆八月十五 正值中秋佳節\n是人們團圓聚會 相互關心的時刻\n稍微放下日常的繁忙\n與家人朋友烤肉 賞月 話家常\n一起好好放鬆 共度三天連假🥳\n\n潭陽里辦公處祝福您\n中秋愉快 出行平安🌞\n\n#潭子區 #潭陽里 #熱鬧新潭陽\n#中秋節 #中秋節快樂",
  "ad_profile_name": "楊仲傑 潭陽里里長",
  "ad_profile_image": "https://scontent.ftpe8-3.fna.fbcdn.net/v/t39.35426-6/558218141_1874811577244278_952030594437964810_n.jpg?stp=dst-jpg_s60x60_tt6&_nc_cat=106&ccb=1-7&_nc_sid=c53f8f&_nc_ohc=u1sxNLt_uOsQ7kNvwHGcx1J&_nc_oc=AdkGOjNqcrAfqraDjtKqTSizoPRFAYVQML59q1EMq3lCamMNVMkCQwZl7MX_8NY1yvI&_nc_zt=14&_nc_ht=scontent.ftpe8-3.fna&_nc_gid=XYpttkDOD8irtLtOGlKhug&oh=00_Afr5k4zD6iYEjmbnYdyAMoPgw9TAFTk4qKX7txFMqiCZzA&oe=696DE969",
  "ad_is_video": false,
  "ad_video_preview_image": null,
  "ad_image": "https://scontent.ftpe8-4.fna.fbcdn.net/v/t39.35426-6/557942489_1355722006071355_7605674434041464218_n.jpg?stp=dst-jpg_s600x600_tt6&_nc_cat=104&ccb=1-7&_nc_sid=c53f8f&_nc_ohc=W4Yb3El7vokQ7kNvwH1lme2&_nc_oc=Admod0QMlTR0us1EqHkMMEQt_FIJV4IvkSOiF4CEIT71iR2LX7Q4AQaFrrEP8-zFX14&_nc_zt=14&_nc_ht=scontent.ftpe8-4.fna&_nc_gid=XYpttkDOD8irtLtOGlKhug&oh=00_AfoHASzEWJJBOqpjMfSyU-_7-KNbLE68gEIweR8MUtH-Mw&oe=696DD2C6",
  "ad_cta_text": "",
  "ad_link_description": null,
  "ad_link_url": null,
  "ad_title": null,
  "ad_caption": null,
  "ad_page_id": "110858134884421",
  "ad_cta_type": "",
  "ad_extra_links": [],
  "ad_extra_texts": [],
  "ad_page_categories": [
    "政治人物"
  ],
  "ad_page_like_count": 2056,
  "ad_publisher_platform": [
    "facebook",
    "instagram"
  ],
  "ad_like_count": "0",
  "ad_share_count": "0"
}