{
  "ad_id": "1326760775064395",
  "ad_context": "🌟【胡志明市房地產下一個黃金機會！Setia Edenia 六大優勢讓你心動！】🌟\n\n🔥\n位於胡志明市旁的 Setia Edenia，絕對是你不能錯過的置產選擇！為什麼它這麼夯？六大優勢一次告訴你👇\n\n1️⃣ 黃金地段，未來增值爆發！\n就在胡志明市旁，捷運1號線延伸段即將開通，這裡的房價準備起飛啦！🚇\n\n2️⃣ 超強交通+生活機能！\n位於平陽省核心區，國道13號、新加坡工業區、Aeon Mall、樂天商城全都在旁邊，生活便利到不行！🛒🏢\n\n3️⃣ 國際品牌開發商，品質保證！\n由全球知名開發商 S P Setia 打造，買房就是買安心！💎\n\n4️⃣ 配套設施超完善！\n商場、學校、運動中心、綠地，還有 EcoXuân 生態城區，住這裡就是享受！🌳🏀\n\n5️⃣ 高CP值，輕鬆入手！\n每坪只要20萬台幣，胡志明市中心的三分之一價格，台幣300萬就能當房東！💰\n\n6️⃣ 租賃需求超旺，穩定回報！\n平陽新加坡工業區吸引大量外籍人才，租金收入穩穩的，投資超有保障！📈\n\n👩‍💼 專業團隊\n親自帶您現場看房，提供最專業的資訊和在地資源，陪你實地考察，讓你投資超放心！💪\n想知道更多細節？快私訊我，一起去看看這塊寶地吧！✨\n\n📍 更多資訊：https://homelands.at/setia\n\n💬 你對越南投資有興趣嗎？留言告訴我你的想法，或標記想一起投資的朋友吧！\n\n#胡志明市房地產 #SetiaEdenia #海外投資 #黃金機會",
  "ad_profile_name": "弘越地產-專注越南不動產",
  "ad_profile_image": "https://scontent.ftpe8-1.fna.fbcdn.net/v/t39.35426-6/566228040_733658216358662_5844255439840423003_n.jpg?stp=dst-jpg_s60x60_tt6&_nc_cat=105&ccb=1-7&_nc_sid=c53f8f&_nc_ohc=jkxnHXHEeIcQ7kNvwHS94Cf&_nc_oc=Admx1Igd1NKY51Ttq5OqYtVOR-GWDeqZcnODK97fsXoklwn1rhy0Z0OindJQy13vS_Y&_nc_zt=14&_nc_ht=scontent.ftpe8-1.fna&_nc_gid=RT7h2Dn9JFzDlM5OD2Thwg&oh=00_Afp_x_uGJfWvu3iT_w7kGPDpmerxUNW9hpHsF5PMnhBZqA&oe=696DA9DD",
  "ad_is_video": false,
  "ad_video_preview_image": null,
  "ad_image": "https://scontent.ftpe8-4.fna.fbcdn.net/v/t39.35426-6/566227993_804147282424332_8772589109156129334_n.jpg?stp=dst-jpg_s600x600_tt6&_nc_cat=110&ccb=1-7&_nc_sid=c53f8f&_nc_ohc=1oxnXyHhwEcQ7kNvwHFxAyL&_nc_oc=AdkXJ_KNTFkkKzDaZX6oWGK1qqt1kfL0ROVa-UFYwWhSB9W9nVoyzYBp_x_vq5UgxKI&_nc_zt=14&_nc_ht=scontent.ftpe8-4.fna&_nc_gid=RT7h2Dn9JFzDlM5OD2Thwg&oh=00_AfqeVH2VRTTy9nB246YYiTvQrLcJt7bUmJJnOPt3EwL3iQ&oe=696D86D0",
  "ad_cta_text": "發送訊息",
  "ad_link_description": null,
  "ad_link_url": "https://homelands.at/setia",
  "ad_title": null,
  "ad_caption": null,
  "ad_page_id": "196481043540000",
  "ad_cta_type": "發送訊息",
  "ad_extra_links": [],
  "ad_extra_texts": [],
  "ad_page_categories": [],
  "ad_page_like_count": 0,
  "ad_publisher_platform": [
    "facebook",
    "instagram",
    "messenger"
  ],
  "ad_like_count": "0",
  "ad_share_count": "0"
}