{
  "ad_id": "1327966855549501",
  "ad_context": "🔆豐盛之樹上的山神精靈與貓咪🔆\n\n在一棵開滿星光花朵的古老靈樹上，\n貓咪與山神精靈並肩而立，\n他們以靈魂的柔和凝視著前方，\n以心輪的光，將愛與祝福灑落樹間。\n\n這不是偶然的相遇，\n而是一場靈魂間早已約定的守望。\n貓咪象徵「溫暖與勇敢的守護者」，\n山神精靈則是「自然與心靈的導引者」。\n他們一同提醒你——\n生命的路上，你並不孤單。\n\n✦ 靈性作用：\n• 喚醒對自然與生命細膩能量的感知力\n• 協助在關係中找到真實的連結與互相守護的力量\n• 引導在變化中保持內心的穩定與愛的流動\n• 養護心輪能量，提升對人事物的溫柔與包容度\n\n✧ 能量頻率說明：\n• 維度頻率：第5維～第7維（自然守護與靈魂共鳴頻率）\n• 主題頻率：夥伴守護、心輪開啟、靈魂連結\n• 晶石共振能量：\n　💜 紫水晶 —— 提升靈視與直覺，保護能場\n　💚 綠螢石 —— 平衡心智與情緒，協助清晰判斷\n　🤍 白水晶 —— 強化意圖與放大療癒能量\n\n🌠 靈魂訊息：\n\n「我們會在旅途上等你，\n無論風多大、夜多深，\n只要你抬頭看見我們的光，\n就會知道——你從未孤單前行。」\n\n這幅畫特別適合：\n• 在情感或人際關係中需要支持與信任感的人\n• 正在療癒孤單感、渴望靈魂夥伴陪伴的靈魂\n• 想與自然能量及動物靈更加連結的人\n• 希望在變化中保持內在穩定與愛的人\n\n這不只是一幅畫，\n它是一段守護與被守護的故事，\n當你凝視它，你會感受到那份溫暖，\n正靜靜地流入你的心中。\n\n22.5 x 17.5 cm\n\nAcrylic on Canvas\n\n2025\n\n#acrylic #acrylicpainting #painting #painteveryday #drawing #drawdaily #drawart #手繪 #壓克力畫 #藝術 #繪圖 #畫圖 #能量畫",
  "ad_profile_name": "Tinahsiehart613",
  "ad_profile_image": "https://scontent.ftpe8-2.fna.fbcdn.net/v/t39.35426-6/569903476_1533938111080229_6482842697756380770_n.jpg?stp=dst-jpg_s60x60_tt6&_nc_cat=100&ccb=1-7&_nc_sid=c53f8f&_nc_ohc=rQDeyp8dN4QQ7kNvwEuCovd&_nc_oc=AdknAlwLrgR_6xzpgqcJbDPbaJGuVZi4HGy45hKVEKVpeBhL_aUX7ELf6dOFKyKZ0mM&_nc_zt=14&_nc_ht=scontent.ftpe8-2.fna&_nc_gid=hcj-ew7oMPJab1xgjfWLBg&oh=00_AfpEbBfX54tgj-s_8l2QT-gnEGV_l0f7K5FIvgFAydQLmA&oe=696E60F7",
  "ad_is_video": false,
  "ad_video_preview_image": null,
  "ad_image": "https://scontent.ftpe8-3.fna.fbcdn.net/v/t39.35426-6/568838253_2000928567405776_5121486795596936737_n.jpg?stp=dst-jpg_s600x600_tt6&_nc_cat=106&ccb=1-7&_nc_sid=c53f8f&_nc_ohc=L45VkbFzTL0Q7kNvwHdEGxY&_nc_oc=AdlHiyD__ovqyxIUxlf2JQZRrUfOrGwNnCS14yJGYoE1nDhWqn4ODJX67Vcy_zYDi64&_nc_zt=14&_nc_ht=scontent.ftpe8-3.fna&_nc_gid=hcj-ew7oMPJab1xgjfWLBg&oh=00_AfoU2YXxj-AvaQ23nU-aqwWvKglnhgsempuaU-LCcFN4mw&oe=696E650E",
  "ad_cta_text": "瀏覽 Instagram 個人檔案",
  "ad_link_description": "6,218 Followers, 502 Following, 165 Posts - See Instagram photos and videos from TinaHsiehArt613｜613號精靈宇宙 (@tinahsiehart613)",
  "ad_link_url": "https://l.facebook.com/l.php?u=https%3A%2F%2Fwww.instagram.com%2F_u%2Ftinahsiehart613%3Ffbclid%3DIwZXh0bgNhZW0CMTAAYnJpZBExZ1h6TjROVm50bUtKNncwUXNydGMGYXBwX2lkDzU0MTYzOTQ5Mzg4OTAyNQABHrGe6p3uWXjYp-jjwfWOVTDV0fedRkpSTfcSDhU8GtO9F40S5KYb2389DcCE_aem_xxgyMv-Msio21J0NZYghsQ&h=AT1LLZ7xkM_l-hc6y7xaOIiHcA-QPZrNKRUhJlKlaWPlPqg5sWHSWrYdxTgqVR4aWnAGGU8byXLPqR8If3WHn04Gk9gpzc-Z0FnvcoTbko9Z7GS7Dt1dgVZyWqPdNy8RZwB79LXXKThKAhd3-Gb2_w",
  "ad_title": "TinaHsiehArt613｜613號精靈宇宙 (@tinahsiehart613) • Instagram photos and videos",
  "ad_caption": "instagram.com",
  "ad_page_id": "111102201807997",
  "ad_cta_type": "瀏覽 Instagram 個人檔案",
  "ad_extra_links": [],
  "ad_extra_texts": [],
  "ad_page_categories": [
    "藝術家"
  ],
  "ad_page_like_count": 98,
  "ad_publisher_platform": [
    "instagram"
  ],
  "ad_like_count": "0",
  "ad_share_count": "0"
}