{
  "ad_id": "1329360011238047",
  "ad_context": "曾經失敗的淬鍊\n更珍惜每張選票所託\n您的選擇 決定了中壢的未來\n守護下一代 請讓景文為您繼續努力",
  "ad_profile_name": "徐景文",
  "ad_profile_image": "https://scontent.ftpe8-3.fna.fbcdn.net/v/t39.35426-6/316097118_1135815823806904_859814142118160048_n.jpg?stp=dst-jpg_s60x60_tt6&_nc_cat=107&ccb=1-7&_nc_sid=c53f8f&_nc_ohc=4qiKkOiRKWwQ7kNvwEKJ4xg&_nc_oc=AdmBSh4K24tJTHNiqBrqZ6lmb7X-g4LLjcfa1P0zkz8DNBWlxI-HGx2kQkbBxpe84ug&_nc_zt=14&_nc_ht=scontent.ftpe8-3.fna&_nc_gid=vueRr5HDiCQIBnbE7jbZeg&oh=00_AfonkazMzqIuOWOtBTpdGVD23QV2UosjxqTomZbW8NgQkA&oe=696E70B8",
  "ad_is_video": false,
  "ad_video_preview_image": "https://scontent.ftpe8-3.fna.fbcdn.net/v/t39.35426-6/315985703_1091935874814487_5264714824437379117_n.jpg?_nc_cat=107&ccb=1-7&_nc_sid=c53f8f&_nc_ohc=JYp8oH415wEQ7kNvwGP0RO3&_nc_oc=Adn4d2D8FP9xpi8XPJFaaz5E_RGL54jQmrVd1HhhW4ZZSI985HY9tsFD4GdC6uDIVTo&_nc_zt=14&_nc_ht=scontent.ftpe8-3.fna&_nc_gid=vueRr5HDiCQIBnbE7jbZeg&oh=00_Afpy3aeCu86t_RSc12IpEy3k6oAF1I7lNu7sRY3cB9Z2uw&oe=696E68F1",
  "ad_image": null,
  "ad_cta_text": "發送訊息",
  "ad_link_description": null,
  "ad_link_url": null,
  "ad_title": null,
  "ad_caption": "fb.com",
  "ad_page_id": "138878546370",
  "ad_cta_type": "發送訊息",
  "ad_extra_links": [],
  "ad_extra_texts": [],
  "ad_page_categories": [],
  "ad_page_like_count": 0,
  "ad_publisher_platform": [
    "facebook",
    "instagram"
  ],
  "ad_like_count": "0",
  "ad_share_count": "0"
}