{
  "ad_id": "1329022611731720",
  "ad_context": "【2025台北春季賞花全攻略】\n\n春天到了，台北各大賞花景點陸續綻放🥰\n\n北編精心整理最強賞花攻略，從碧山巖的櫻花隧道、陽明山的各式櫻花到大安森林公園的杜鵑花季，帶你一次賞遍台北最美的春日花景！\n\n🌸 碧山巖櫻花隧道\n整條浪漫粉紅隧道，拍起來超唯美\n\n🌺 陽明山花季 (1/24-3/16)\n五種櫻花輪番綻放，還有迪士尼公主特別展區，享周邊店家專屬優惠\n\n🌸 大安森林公園杜鵑花季 (3/1-3/31)\n台灣限定新品種杜鵑絕美綻放，一旁可以看到漸層繡球花海~\n\n👍按讚台北旅遊網，掌握最新花況資訊！",
  "ad_profile_name": "台北旅遊網",
  "ad_profile_image": "https://scontent.ftpe8-2.fna.fbcdn.net/v/t39.35426-6/481187524_942163921032367_5227438572930136002_n.jpg?stp=dst-jpg_s60x60_tt6&_nc_cat=101&ccb=1-7&_nc_sid=c53f8f&_nc_ohc=GXv59Sq7iZEQ7kNvwFGZCc8&_nc_oc=Adlm2ZEKA0quYLrai4luxkzN1u82d5e2qxoTyjbeYEgT5CYr8VNyjvbRtQcNA2s73KQ&_nc_zt=14&_nc_ht=scontent.ftpe8-2.fna&_nc_gid=X7CycddDsbRFo4nxkv7NQg&oh=00_AfocRuagIe8jB1Pb6yxEZE5bgbTR3GPchjbBSEB0Nq2vuA&oe=696DCE58",
  "ad_is_video": false,
  "ad_video_preview_image": null,
  "ad_image": "https://scontent.ftpe8-3.fna.fbcdn.net/v/t39.35426-6/481926929_1126927279162165_7185225250727624167_n.jpg?stp=dst-jpg_s600x600_tt6&_nc_cat=111&ccb=1-7&_nc_sid=c53f8f&_nc_ohc=qrONNsOt1ckQ7kNvwGWE8gH&_nc_oc=Adm3-30HV9msa-28uoF9VfUcmI9oLzHWGRg1piEcKcdzf_dmT1fsolBlH9dXECXngto&_nc_zt=14&_nc_ht=scontent.ftpe8-3.fna&_nc_gid=X7CycddDsbRFo4nxkv7NQg&oh=00_AfrEX7_WJjL1qM-XoHvlmbdDN3oiHRYb4TgUXBx3i8_kZA&oe=696DC120",
  "ad_cta_text": "說這專頁讚",
  "ad_link_description": null,
  "ad_link_url": "https://www.facebook.com/117197561638092",
  "ad_title": "台北旅遊網",
  "ad_caption": "facebook.com",
  "ad_page_id": "117197561638092",
  "ad_cta_type": "說這專頁讚",
  "ad_extra_links": [],
  "ad_extra_texts": [],
  "ad_page_categories": [
    "本地和旅遊網站"
  ],
  "ad_page_like_count": 0,
  "ad_publisher_platform": [
    "facebook"
  ],
  "ad_like_count": "0",
  "ad_share_count": "0"
}