{
  "ad_id": "1329389271491134",
  "ad_context": "與偏鄉孩子們的接觸 ❤️ https://tpwl.cc/4VZK8\n看 #台灣公益聯盟 2025 年度 #公益大使 #林柏宏\n化身一日教師，與孩子們的互動。\n\n我們都知道近年來城鄉差距越來越大，\n偏鄉孩子們缺的不是硬體資源，\n而是關懷與陪伴。 🫧\n\n台灣公益聯盟邀請大家與我們一起關心偏鄉兒少，\n讓每個孩子都有作夢的權利 🌈\n\n#用愛幫弱勢成長 #偏鄉教育 #五育培力",
  "ad_profile_name": "社團法人台灣公益聯盟",
  "ad_profile_image": null,
  "ad_is_video": false,
  "ad_video_preview_image": null,
  "ad_image": null,
  "ad_cta_text": null,
  "ad_link_description": null,
  "ad_link_url": "https://l.facebook.com/l.php?u=https%3A%2F%2Ftpwl.cc%2F4VZK8%3Ffbclid%3DIwZXh0bgNhZW0CMTAAYnJpZBExOHRIUzYya1haMnJPekFOQXNydGMGYXBwX2lkDzU0MTYzOTQ5Mzg4OTAyNQABHh-V_UE2kOpsYiTmsTpVwTkZWpySDO8sVQGJyWsEeX3WTpoR86LjWraZX62n_aem_YO5evNBYuXVkcuSkYeTTjA&h=AT1nysTX9jlKKtqKh2hUXK5s7YvcKrgMAiKc0_TWbNeh6yd_-REXzHxqXGudZOD82rv5vZFpCq1t7SegtRL_zGgEyxi6l1J3iE3H3tzfMOPHydOPRfuhuL9zmuWjPnb7YQoowivL0by0Rrq4Wq3rpg",
  "ad_title": "台灣公益聯盟邀請大家一起關心偏鄉兒少",
  "ad_caption": "tpwl.cc",
  "ad_page_id": "528724907503036",
  "ad_cta_type": null,
  "ad_extra_links": [],
  "ad_extra_texts": [],
  "ad_page_categories": [],
  "ad_page_like_count": 0,
  "ad_publisher_platform": [
    "facebook",
    "instagram"
  ],
  "ad_like_count": "0",
  "ad_share_count": "0"
}