{
  "ad_id": "1330323237764582",
  "ad_context": "危險！危險！\n景文選情告急！\n謠言、分票、配票，景文陷入落選危機！\n拜託大家11月26日投票日，團結支持中壢區市議員候選人①徐景文！\n感謝！感謝！拜託！拜託！",
  "ad_profile_name": "徐景文",
  "ad_profile_image": "https://scontent.ftpe8-1.fna.fbcdn.net/v/t39.35426-6/316815146_571385651462400_7915730516811985317_n.jpg?stp=dst-jpg_s60x60_tt6&_nc_cat=105&ccb=1-7&_nc_sid=c53f8f&_nc_ohc=4nBnzVsVSlEQ7kNvwHfmmmV&_nc_oc=Adl5TH7PH1D5Zz6bo4tK4aC3aN8DmHn99cgnKvAJHftX8VxM-hT5pg_k6Fj5sHVbyS4&_nc_zt=14&_nc_ht=scontent.ftpe8-1.fna&_nc_gid=okAVZqbQiE3jujzqHQBX5w&oh=00_AfrwynGsJtQQC2YGbIE_sz4EHhc7NOSA2X3fAwzH9yiDow&oe=696E72E7",
  "ad_is_video": false,
  "ad_video_preview_image": null,
  "ad_image": "https://scontent.ftpe8-2.fna.fbcdn.net/v/t39.35426-6/316936699_1296809394435999_738516168376834965_n.jpg?stp=dst-jpg_s600x600_tt6&_nc_cat=103&ccb=1-7&_nc_sid=c53f8f&_nc_ohc=re1pNvw8n5sQ7kNvwEFYdfa&_nc_oc=AdnRAvlPzGYa5cwMIymF8Ks0RPEJix3Syf7r2VJnD56KV-3Nb0szXDYb_q9ldo41qSo&_nc_zt=14&_nc_ht=scontent.ftpe8-2.fna&_nc_gid=okAVZqbQiE3jujzqHQBX5w&oh=00_AfoiQ-XiarmbzZBa13uHX5hVNRE_vnmO5VxgTWqF-_y8GA&oe=696E52E8",
  "ad_cta_text": "發送訊息",
  "ad_link_description": null,
  "ad_link_url": null,
  "ad_title": null,
  "ad_caption": null,
  "ad_page_id": "138878546370",
  "ad_cta_type": "發送訊息",
  "ad_extra_links": [],
  "ad_extra_texts": [],
  "ad_page_categories": [],
  "ad_page_like_count": 0,
  "ad_publisher_platform": [
    "facebook",
    "instagram"
  ],
  "ad_like_count": "0",
  "ad_share_count": "0"
}