{
  "ad_id": "1332469584780328",
  "ad_context": "先小買 $1,000，再把 $9,000 放進你帳戶！#SOARIN #復古男裝 #SOARIN #復古穿搭 #夏季穿搭 #長褲穿搭 #紳士穿搭",
  "ad_profile_name": "SOARIN.tw｜獨立復古原創男裝",
  "ad_profile_image": "https://scontent.ftpe8-2.fna.fbcdn.net/v/t39.35426-6/585908734_1107492058130903_5045178407408281527_n.jpg?stp=dst-jpg_s60x60_tt6&_nc_cat=103&ccb=1-7&_nc_sid=c53f8f&_nc_ohc=4MrTYS95-dEQ7kNvwG52i8l&_nc_oc=AdmCozx3pXxauKi8n5zcYp4W5y7Ic8FCsgnAmLPPYaW5NxmmAWQcDklQaO_2MNiZHa4&_nc_zt=14&_nc_ht=scontent.ftpe8-2.fna&_nc_gid=UPj3c6qYP5R8dBeDF6rTzA&oh=00_Afpy6H1TzCbEvRlQ9JOmA4MaFDixurlXGOjew6jOyPxFdw&oe=696D96A4",
  "ad_is_video": false,
  "ad_video_preview_image": null,
  "ad_image": "https://scontent.ftpe8-4.fna.fbcdn.net/v/t39.35426-6/585521460_1111588024379480_525925413372215636_n.jpg?stp=dst-jpg_s600x600_tt6&_nc_cat=104&ccb=1-7&_nc_sid=c53f8f&_nc_ohc=6ETa3O9xB6IQ7kNvwEUCKLB&_nc_oc=AdkycOTp1-Hk5PWJO9AfLeW_3XCrkI4tnMvjfjiPpvA4ONBIILRSGy-9fZXc2QBUG3o&_nc_zt=14&_nc_ht=scontent.ftpe8-4.fna&_nc_gid=UPj3c6qYP5R8dBeDF6rTzA&oh=00_AfqmMRnXCXkhXf4fu2DSvjWrLJUVpn6COKfQweK7Srbjog&oe=696DB186",
  "ad_cta_text": "Shop Now",
  "ad_link_description": "領取條件就一個：指定夏裝滿 1000 元 (含)",
  "ad_link_url": "https://l.facebook.com/l.php?u=https%3A%2F%2Fwww.soarin-tw.net%2Fpages%2F2025-10-sale%3Ffbclid%3DIwZXh0bgNhZW0CMTAAYnJpZBExRlgwZjFCYTN1b0pDNWJKYXNydGMGYXBwX2lkDzU0MTYzOTQ5Mzg4OTAyNQABHvh1ByFbq9ux-wwd7hggBUBo3yQvm-jlUAAnEgXoxDkeMP8lVporZHrW5Ekj_aem_JRBG1HqdQfra7UDmoxri_A&h=AT2A12D0Owo87M_1ksgcNulaTbkF8gGG_Sy4sZJqbLY-I_9cVpNcx1a9I2nT-aleO2a_hTrDzd1yZ0KiYWmF06r5SrCY12abF_khbcDV9FsXL75TBg4_KBwJeeJKEbBhgRT0kNWWcUfzDH2BR3i_AA",
  "ad_title": "再見夏天｜買一件即領 9,000 元⁉️",
  "ad_caption": "https://www.soarin-tw.net/promotions/68dd43c78a618c000aa355d6",
  "ad_page_id": "236487033823084",
  "ad_cta_type": "Shop Now",
  "ad_extra_links": [
    "再見夏天｜買一件即領 9,000 元⁉️",
    "夏裝出清｜任選一件再領 $9,000 !"
  ],
  "ad_extra_texts": [
    "先小買 $1,000，再把 $9,000 放進你帳戶！#SOARIN #復古男裝 #SOARIN #復古穿搭 #夏季穿搭 #長褲穿搭 #紳士穿搭",
    "先小買 $1,000，再把 $9,000 放進你帳戶！#SOARIN #復古男裝 #SOARIN #復古穿搭 #夏季穿搭 #長褲穿搭 #紳士穿搭"
  ],
  "ad_page_categories": [
    "男性服飾店"
  ],
  "ad_page_like_count": 0,
  "ad_publisher_platform": [
    "facebook",
    "instagram",
    "audience_network",
    "messenger",
    "threads"
  ],
  "ad_like_count": "0",
  "ad_share_count": "0"
}