{
  "ad_id": "1333850770683844",
  "ad_context": "容顏已老嗎？不！\n我們的青春，在屏東\n年輕人站出來 \n各店家祝你們生意興隆\n各世代屏東鄉親的守護與開創 再出發 一起來！",
  "ad_profile_name": "周佳琪",
  "ad_profile_image": "https://scontent.ftpe8-4.fna.fbcdn.net/v/t39.35426-6/316410852_698335938394130_5269542975548719116_n.jpg?stp=dst-jpg_s60x60_tt6&_nc_cat=102&ccb=1-7&_nc_sid=c53f8f&_nc_ohc=VA3CM9C5l-8Q7kNvwG-4oNH&_nc_oc=Adk9SGufQ6K5skE4Cqgfvwu55Xcd_VqlkzQUefqzzS2M5FS7TEN5Kvhl9e5GCgwyAX0&_nc_zt=14&_nc_ht=scontent.ftpe8-4.fna&_nc_gid=BsrHYPkyv-iKl8irf1j7QA&oh=00_Afqn_v5DlZKMGG-ElSg9aXckiXlWZ0KyPbTo9NFe5pydRg&oe=696DDBF1",
  "ad_is_video": false,
  "ad_video_preview_image": "https://scontent.ftpe8-3.fna.fbcdn.net/v/t39.35426-6/316523467_464768705560784_5055211465823104491_n.jpg?_nc_cat=111&ccb=1-7&_nc_sid=c53f8f&_nc_ohc=6ipVQ1v8ay8Q7kNvwGjNt7x&_nc_oc=AdmtXg2xVv1fwcRb7hlG4D6aQh3m3xnyNj85i0IiMyWTfJ9FCd9aOxmMQN1vV0krMsw&_nc_zt=14&_nc_ht=scontent.ftpe8-3.fna&_nc_gid=BsrHYPkyv-iKl8irf1j7QA&oh=00_Afrlp4AAqjVXk4AJ5jJlZeXrSr9nP-L6jd5Up5CzSOjp-g&oe=696DBDA1",
  "ad_image": null,
  "ad_cta_text": "",
  "ad_link_description": null,
  "ad_link_url": null,
  "ad_title": null,
  "ad_caption": null,
  "ad_page_id": "258387768395887",
  "ad_cta_type": "",
  "ad_extra_links": [],
  "ad_extra_texts": [],
  "ad_page_categories": [
    "政治人物"
  ],
  "ad_page_like_count": 0,
  "ad_publisher_platform": [
    "facebook"
  ],
  "ad_like_count": "0",
  "ad_share_count": "0"
}