{
  "ad_id": "1333330310708246",
  "ad_context": "",
  "ad_profile_name": "賴清德",
  "ad_profile_image": "https://scontent.ftpe8-2.fna.fbcdn.net/v/t39.35426-6/417148538_350991391009336_1595564793872013451_n.jpg?stp=dst-jpg_s60x60_tt6&_nc_cat=103&ccb=1-7&_nc_sid=c53f8f&_nc_ohc=zmptg7xKtSMQ7kNvwHc70nv&_nc_oc=AdkN95kQkcV8dmfVzG6D4C0RkqdFKjbMRFMUn5133tWbJ0T_nSeydiF9vQSBqa4a3c8&_nc_zt=14&_nc_ht=scontent.ftpe8-2.fna&_nc_gid=DT-BPQ44gPXi_XLgCAYAkw&oh=00_AfqUs5n9q8F053QdsvdmdKSLtU413qHImh6p8jCeQ8_EEg&oe=696E5B61",
  "ad_is_video": false,
  "ad_video_preview_image": null,
  "ad_image": "https://scontent.ftpe8-4.fna.fbcdn.net/v/t39.35426-6/416745431_7405035142840895_7580777597324735122_n.jpg?stp=dst-jpg_s600x600_tt6&_nc_cat=102&ccb=1-7&_nc_sid=c53f8f&_nc_ohc=AMfeSPPaRXAQ7kNvwElI51g&_nc_oc=AdnJSlLS_KVqZk62dwrM0aABJfqiYsB_VYAQxGwfHGvpjjeNjc4BK6l3ysuJZa8Lios&_nc_zt=14&_nc_ht=scontent.ftpe8-4.fna&_nc_gid=DT-BPQ44gPXi_XLgCAYAkw&oh=00_Afqo40BwU7SyFrZTocdBa0ektMWTE9MiISVRUgb4ezxJ_A&oe=696E65F3",
  "ad_cta_text": "Learn More",
  "ad_link_description": null,
  "ad_link_url": "https://l.facebook.com/l.php?u=https%3A%2F%2Fwww.instagram.com%2Fwilliam_chingte%2F%3Ffbclid%3DIwZXh0bgNhZW0CMTAAYnJpZBExZ1h6TjROVm50bUtKNncwUXNydGMGYXBwX2lkDzU0MTYzOTQ5Mzg4OTAyNQABHjp58BbEs0KVAzLI_8DsVknJC16Ry2sqqYuyQs5g7mlaIH0FLUnRxQpZiNwG_aem_7E6L_Ufsi2i3FL9gjv0t0A&h=AT1OCYmrPG-YBuwLkpjbt6kwNxr38P2ij1QT6zz8Lo7le083lFlvjT-ng3sAgzIkfkQ-Aespcypo1ThHlyPF6EiwFoF1AV1i_cNASUw4M_RGTrqzuzdU9PZx8P7ZG8dm21JWSoTpOY7ru6dR3Gxzwg",
  "ad_title": null,
  "ad_caption": "instagram.com",
  "ad_page_id": "152472278103133",
  "ad_cta_type": "Learn More",
  "ad_extra_links": [],
  "ad_extra_texts": [],
  "ad_page_categories": [
    "政治人物"
  ],
  "ad_page_like_count": 0,
  "ad_publisher_platform": [
    "instagram"
  ],
  "ad_like_count": "0",
  "ad_share_count": "0"
}