{
  "ad_id": "1334309648442817",
  "ad_context": "會動的浮世繪展高雄站．預售票開賣💨\n手刀購票👉 https://lihi3.me/57w8o\n\n巡展日本名古屋、東京、鹿兒島等多個城市\n台北圓滿落幕，高雄即將登場✨\n\n集結日本浮世繪六大名家作品，有別於靜態的畫展，沉浸式的體驗，是言語難以形容的感動~\n展場還有浮世繪版畫制作介紹，🎣江戶時代小遊戲，大人小孩都喜歡。\n\n展覽亮點🌟\n沉浸體驗｜《神奈川沖浪裏》巨浪如臨眼前🌊\n四季流轉｜春櫻、夏樹、秋楓、冬雪輪流變換🌳\n打卡互動｜光影包圍，身入畫中，美拍零死角📸\n重磅亮點｜同步展出真跡作品，感受百年筆觸細節🖌️\n一場穿越時空的浮世之旅，邀您共同見證日本美學的永恆魅力！\n────────────────────\n展覽資訊🌊\n展覽名稱：會動的浮世繪展高雄站\n展覽日期：2025/12/24(三)-2026/03/10(二)\n展覽時間：週一到週日 10:00-18:00（17：00停止售票、入場）\n展覽地點：駁二藝術特區P2倉庫 (高雄市鹽埕區大勇路1號)\n購票連結👉 https://lihi3.me/57w8o\n\n🎫預售票種\n📌預售單人票 $350\n📌預售明信片套票 $399\n📌預售扇子套票 $399\n📌預售語音導覽套票 $450\n📌預售導覽手冊套票 $499\n\n#浮世繪 #葛飾北齋 #歌川國芳 #日本 #日本展覽 #富士山 #神奈川沖浪裏 \n#2025展覽 #2025展覽推薦 #2026展覽 #高雄市 #高雄活動推薦 #駁二特區",
  "ad_profile_name": "Wenwen小姐和寶貝們",
  "ad_profile_image": "https://scontent.ftpe7-1.fna.fbcdn.net/v/t39.35426-6/598055723_1756545291586577_7961997504847703119_n.jpg?stp=dst-jpg_s60x60_tt6&_nc_cat=106&ccb=1-7&_nc_sid=c53f8f&_nc_ohc=WpZifjXF8dEQ7kNvwGPlPiR&_nc_oc=AdmePblTQ9i0pMMjFcQAkPkUMBSIqSRZhdMalneSf7AWtr1W1L6toAD0_6UGoXcm_ZE&_nc_zt=14&_nc_ht=scontent.ftpe7-1.fna&_nc_gid=LOvh02vcXq7FlmRoGjGDDw&oh=00_Afr30yWAq5fUUUYLFEkVhuI4PRWVisSEIvWrUPiXL4rMZw&oe=696D3B58",
  "ad_is_video": false,
  "ad_video_preview_image": null,
  "ad_image": "https://scontent.ftpe7-2.fna.fbcdn.net/v/t39.35426-6/601343780_836824479057637_3284857759657537318_n.jpg?stp=dst-jpg_s600x600_tt6&_nc_cat=104&ccb=1-7&_nc_sid=c53f8f&_nc_ohc=KDIx9SfsPCoQ7kNvwEjiWy4&_nc_oc=AdlhiKSiDxMxivHe9KFeQwT4yBz1CLpGd89ZyREMkxmgM7FKMNBGbCmlfC1A-q-7Dic&_nc_zt=14&_nc_ht=scontent.ftpe7-2.fna&_nc_gid=LOvh02vcXq7FlmRoGjGDDw&oh=00_AfqWdafx8JOt6lk6xdxgyRe9U1Ncw7tTCJMlu3NNQl4cFg&oe=696D3D50",
  "ad_cta_text": "",
  "ad_link_description": null,
  "ad_link_url": "https://lihi3.me/57w8o",
  "ad_title": null,
  "ad_caption": null,
  "ad_page_id": "1598220060396982",
  "ad_cta_type": "",
  "ad_extra_links": [],
  "ad_extra_texts": [],
  "ad_page_categories": [
    "部落客"
  ],
  "ad_page_like_count": 0,
  "ad_publisher_platform": [
    "facebook",
    "instagram",
    "audience_network",
    "messenger",
    "threads"
  ],
  "ad_like_count": "0",
  "ad_share_count": "0"
}