{
  "ad_id": "1335245334758314",
  "ad_context": "【全里消毒通知】\n\n♻️台中市環保局規畫\n114年下半年度\n潭陽里全里戶外公共空間消毒工作\n⏰日期：11月02日(星期日)\n⏰時間：08:00-17:00(中午休息)\n\n⭕懇請各位民眾先行整理戶外環境\n消毒期間勿曝曬衣物、食物、器具\n且緊閉門窗，盡量勿接觸藥劑煙霧\n⭕若有任何問題\n請洽潭陽里辦公處 04-25360422\n或洽辰揚環保公司 04-24790785#12\n\n大家一同努力，共創美好環境🌞\n\n#潭子區 #潭陽里 #熱鬧新潭陽\n#消毒工作 #環境維護 #里民服務",
  "ad_profile_name": "楊仲傑 潭陽里里長",
  "ad_profile_image": "https://scontent.ftpe8-3.fna.fbcdn.net/v/t39.35426-6/565221736_1628203994820451_6006938693340161644_n.jpg?stp=dst-jpg_s60x60_tt6&_nc_cat=106&ccb=1-7&_nc_sid=c53f8f&_nc_ohc=LGAV5wL6YPEQ7kNvwE03l3Y&_nc_oc=AdkJS_FGTIqO2XsmRNe1JTHbCONlD0B6nqZqOGYWByB8MkDKQ9NFscD06KkL4-iDXUc&_nc_zt=14&_nc_ht=scontent.ftpe8-3.fna&_nc_gid=qzGWvmynFvRAei33I_DFCw&oh=00_Afo_mOQlYQNzhV_1JAXxmY4p83tQ8DPRGGgAPkaExq6Sxg&oe=696DE55C",
  "ad_is_video": false,
  "ad_video_preview_image": null,
  "ad_image": "https://scontent.ftpe8-2.fna.fbcdn.net/v/t39.35426-6/568578874_722605794173218_3882292619404649313_n.jpg?stp=dst-jpg_s600x600_tt6&_nc_cat=103&ccb=1-7&_nc_sid=c53f8f&_nc_ohc=xnbIoVLcJucQ7kNvwGb9BSG&_nc_oc=AdmnxlvgEzYHsJXasRgFPsa4FB8YMcLkpniv8Y_TDO8064Yg8N53dZPUojHKoGhm_LE&_nc_zt=14&_nc_ht=scontent.ftpe8-2.fna&_nc_gid=qzGWvmynFvRAei33I_DFCw&oh=00_AfqjS0AJAUgrQUy-qGD4203qfH_eq1Tx8PeEU48RwLCpMg&oe=696DCACA",
  "ad_cta_text": "",
  "ad_link_description": null,
  "ad_link_url": null,
  "ad_title": null,
  "ad_caption": null,
  "ad_page_id": "110858134884421",
  "ad_cta_type": "",
  "ad_extra_links": [],
  "ad_extra_texts": [],
  "ad_page_categories": [
    "政治人物"
  ],
  "ad_page_like_count": 2056,
  "ad_publisher_platform": [
    "facebook",
    "instagram"
  ],
  "ad_like_count": "0",
  "ad_share_count": "0"
}