{
  "ad_id": "1336158733879231",
  "ad_context": "我們是一群人，一群為人民服務的團隊，一步一腳印是基本的風格，親民愛民是我們的承諾，飲水思源是我們的態度。\n#立法委員高金素梅強力推薦秀林鄉鄉長候選人登記第2號許賢美行程概述。\n一、9月16-17日秀林鄉由南往北全鄉走訪。\n（貼文影片）\n二、11月13日抱病參加總部成立大會及勉勵。\n三、11月24日上午7時整，自和平由北往南進行造勢活動。\n四、行程表會公開在\n許賢美Yumey服務處 \n許賢美  FB\n\n高金素梅(吉娃斯．阿麗) \n＃秀林鄉有最好的資源與機會\n＃秀林鄉值得更美更好\n＃2號許賢美有能力和企圖心\n＃帶領秀林鄉創造美好\n＃懇請支持2號許賢美\n＃秀林鄉加油\n＃大家加油\n#我們不是一個人\n#我們是一個團隊",
  "ad_profile_name": "許賢美Yumey服務處",
  "ad_profile_image": "https://scontent.ftpe8-2.fna.fbcdn.net/v/t39.35426-6/316422485_3244103935903836_1698005671362383147_n.jpg?stp=dst-jpg_s60x60_tt6&_nc_cat=103&ccb=1-7&_nc_sid=c53f8f&_nc_ohc=kYu0emQhzYkQ7kNvwGtOv8q&_nc_oc=Adlplzq5k-fLj4RCoJqTX650a_t7645vcMVJTh735f2y9XaSPQZk6PPnu5xi8qohL-s&_nc_zt=14&_nc_ht=scontent.ftpe8-2.fna&_nc_gid=KEDDC4OTRbttw9Gqwj6OGQ&oh=00_AfrNIakGqkCJbj52BoG3g7posgReEIV7PfG5Nx85a7CO0w&oe=696DE68A",
  "ad_is_video": false,
  "ad_video_preview_image": "https://scontent.ftpe8-4.fna.fbcdn.net/v/t39.35426-6/316804465_817024079525264_8314463638797368486_n.jpg?_nc_cat=104&ccb=1-7&_nc_sid=c53f8f&_nc_ohc=EtQGz1Q8WC8Q7kNvwGAWAGR&_nc_oc=AdmCLL_wFagkXg7BaCNkT-1Mz58zXgxDsXhAbnng1FWcLXF8on4RTNeVH6rT1_iPGv8&_nc_zt=14&_nc_ht=scontent.ftpe8-4.fna&_nc_gid=KEDDC4OTRbttw9Gqwj6OGQ&oh=00_AfqBaU75zeG63B6XzoJwFjEf1bTtCEIlYOOi5TdEe1v1DQ&oe=696DCEDA",
  "ad_image": null,
  "ad_cta_text": "發送訊息",
  "ad_link_description": null,
  "ad_link_url": null,
  "ad_title": null,
  "ad_caption": "fb.com",
  "ad_page_id": "331495817420657",
  "ad_cta_type": "發送訊息",
  "ad_extra_links": [],
  "ad_extra_texts": [],
  "ad_page_categories": [],
  "ad_page_like_count": 0,
  "ad_publisher_platform": [
    "facebook",
    "instagram"
  ],
  "ad_like_count": "0",
  "ad_share_count": "0"
}