{
  "ad_id": "1337814001229672",
  "ad_context": "【潭陽里重陽節親子趣野餐活動】\n\n潭陽里重陽節里民野餐日 今年好評再開\n溫暖的秋日午後 由潭陽里辦公處策畫\n⭕️街頭藝人吉他彈唱\n⭕️祖孫親子互動遊戲\n⭕️自行車 露營用品好禮摸彩\n\n台中美樂地計畫\n青銀共榮的潭陽公園\n歡迎各位阿公阿嬤 爸爸媽媽\n帶著孩子們野餐同樂趣📣\n\n除了有好禮摸彩\n以及街頭藝人現場吉他彈唱外\n更有精彩的雜技表演\n和健身教練親子互動時間\n讓您和孩子有個愉快的重陽節🥳\n\n時間地點如下:\n📍10/19(日) 14:30-18:00\n📍潭子區潭陽公園\n(潭子區中山路二段237巷)\n\n當天一同野餐的里民朋友們 可獲得摸彩券\n(以野餐墊數量為準 一張墊子一張摸彩券)\n🎁祖孫一起野餐 加碼阿公阿嬤各一張摸彩券🎁\n(數量有限 依當日實際出席者為準)\n期待與您和寶貝們 共度溫馨又歡樂的重陽節\n\n掃描QR code線上報名💪\n或輸入下方連結網址\nhttps://reurl.cc/WOZQmx\n\n#潭子區 #潭陽里 #熱鬧新潭陽\n#親子活動 #野餐日 #重陽節",
  "ad_profile_name": "楊仲傑 潭陽里里長",
  "ad_profile_image": "https://scontent.ftpe8-3.fna.fbcdn.net/v/t39.35426-6/557353297_761153216794501_6484384991522705371_n.jpg?stp=dst-jpg_s60x60_tt6&_nc_cat=107&ccb=1-7&_nc_sid=c53f8f&_nc_ohc=NdIfAP4GcY0Q7kNvwH1Jbak&_nc_oc=AdkGVz6I5NeBiAYBsehfX-Q85FufZzZYt_hw-0Vizobw1eL7Dv2ytPtQpTM3TdKmHjc&_nc_zt=14&_nc_ht=scontent.ftpe8-3.fna&_nc_gid=Mvoy2LBxvah3YmfTxaztVg&oh=00_AfoBq1nnJtNi1KgpQ8oW-RatwkVJ-H1vsEizT-mv7qFjXg&oe=696DCDA6",
  "ad_is_video": false,
  "ad_video_preview_image": null,
  "ad_image": "https://scontent.ftpe8-4.fna.fbcdn.net/v/t39.35426-6/557635808_809594138286083_5408756324214127815_n.jpg?stp=dst-jpg_s600x600_tt6&_nc_cat=104&ccb=1-7&_nc_sid=c53f8f&_nc_ohc=KXpnl4MBBUwQ7kNvwFii1IL&_nc_oc=AdmONZXOJk9Yj7ujd-s5Mrlj2HXhWowSyRIH06dHbL9ubms-O9G8uJlrH8nIiZuANWQ&_nc_zt=14&_nc_ht=scontent.ftpe8-4.fna&_nc_gid=Mvoy2LBxvah3YmfTxaztVg&oh=00_AfoC0lKJOP2MSFYVeXxbdyP-MFzPvtkeITzS8RzFdrIdkg&oe=696DEE5C",
  "ad_cta_text": "",
  "ad_link_description": null,
  "ad_link_url": "https://reurl.cc/WOZQmx",
  "ad_title": null,
  "ad_caption": null,
  "ad_page_id": "110858134884421",
  "ad_cta_type": "",
  "ad_extra_links": [],
  "ad_extra_texts": [],
  "ad_page_categories": [
    "政治人物"
  ],
  "ad_page_like_count": 2056,
  "ad_publisher_platform": [
    "facebook",
    "instagram"
  ],
  "ad_like_count": "0",
  "ad_share_count": "0"
}