{
  "ad_id": "1337081524555939",
  "ad_context": "🏡【雷根運動用品特賣】新化店租約到期結束營業\n 🔥耐吉棉褲瘋搶！最後200組庫存告急！\n現在就下單>https://pse.is/8cl4u4\n✅ 休閒運動版型，男女適用45-120kg可穿，不挑性別不挑身材，\n✅ 秋冬單穿也不臃腫，一件褲子從秋穿到冬！\n💥不管是通勤穿、登山穿，這件運動褲都能搞定！",
  "ad_profile_name": "雷根運動用品-新化店Sinhua",
  "ad_profile_image": "https://scontent.ftpe8-2.fna.fbcdn.net/v/t39.35426-6/581958179_1517643466141207_8440681501184208166_n.jpg?stp=dst-jpg_s60x60_tt6&_nc_cat=101&ccb=1-7&_nc_sid=c53f8f&_nc_ohc=1uEhZFRtRSUQ7kNvwH2bOcQ&_nc_oc=Admn2GdIO-xh1Pu1FUsxu23_8aVJNgwLeBxihmXaCPdVgfex7jHcxmGkPC9uN6NB6gM&_nc_zt=14&_nc_ht=scontent.ftpe8-2.fna&_nc_gid=XaJJfUQRclqsMSF-JlmlnA&oh=00_AfqkgIlod31BWiyGhflV8ctN-HMw3nyem2LYT09Md-sv-A&oe=696E67ED",
  "ad_is_video": false,
  "ad_video_preview_image": null,
  "ad_image": "https://scontent.ftpe8-2.fna.fbcdn.net/v/t39.35426-6/583300922_1379085597213665_7180841413215061912_n.jpg?stp=dst-jpg_s600x600_tt6&_nc_cat=100&ccb=1-7&_nc_sid=c53f8f&_nc_ohc=RRldhLC957gQ7kNvwH_CoRp&_nc_oc=Adkdux5WVvp076evVOxm8_YNNhQ1DoaJTkpF_t4YNPjJJsJiEauxBISU13B_oXZ9QcU&_nc_zt=14&_nc_ht=scontent.ftpe8-2.fna&_nc_gid=XaJJfUQRclqsMSF-JlmlnA&oh=00_AfrWYCOit93Gh0MAisgfLlP5p4EL3Wpq_x_8kKf21jeMZw&oe=696E5028",
  "ad_cta_text": "瞭解詳情",
  "ad_link_description": null,
  "ad_link_url": "https://pse.is/8cl4u4",
  "ad_title": "🎉【On sale雷根運動用品特賣】新化店租約到期結束營業",
  "ad_caption": "https://pse.is/TW",
  "ad_page_id": "767875303077160",
  "ad_cta_type": "瞭解詳情",
  "ad_extra_links": [],
  "ad_extra_texts": [],
  "ad_page_categories": [],
  "ad_page_like_count": 0,
  "ad_publisher_platform": [
    "facebook",
    "instagram",
    "audience_network",
    "messenger",
    "threads"
  ],
  "ad_like_count": "0",
  "ad_share_count": "0"
}