{
  "ad_id": "1337466461193332",
  "ad_context": "🏡【雷根運動用品特賣】新化店租約到期結束營業\n💥【愛迪達】經典款衛衣限時折扣出清\n➤https://pse.is/8cludh\n🌺高級百搭，遮肉遮臀，減齡時尚，真的好喜歡\n🥳這件衛衣也太懂女生了！多色選顯白又藏肉～✨秋冬懶人穿搭必入！",
  "ad_profile_name": "雷根運動用品-新化店Sinhua",
  "ad_profile_image": "https://scontent.ftpe8-1.fna.fbcdn.net/v/t39.35426-6/583045768_2044252249710623_958408295658756716_n.jpg?stp=dst-jpg_s60x60_tt6&_nc_cat=109&ccb=1-7&_nc_sid=c53f8f&_nc_ohc=YQEbiwvZ8OgQ7kNvwFTezT_&_nc_oc=AdnZSNs_d00AA8LDHbL0OJ1PB2tQi-hyRAzgG5J3_p4oYzDpX2kWkeS06Pw_QENY9Zg&_nc_zt=14&_nc_ht=scontent.ftpe8-1.fna&_nc_gid=g1kUSrrSEN-iKt4-YBeCsw&oh=00_Afp55gF1LtbLJqE6r8xc1Ff5VKqWYPJUzO_Keriy97QauA&oe=696E5F30",
  "ad_is_video": false,
  "ad_video_preview_image": null,
  "ad_image": "https://scontent.ftpe8-2.fna.fbcdn.net/v/t39.35426-6/584123077_2554991001551177_755900119174500513_n.jpg?stp=dst-jpg_s600x600_tt6&_nc_cat=101&ccb=1-7&_nc_sid=c53f8f&_nc_ohc=y19aIttogmgQ7kNvwEg19rI&_nc_oc=AdkBj9AQZBDbzJbPxZ0ca14dC8UE1_9KobM6lmDXzgzCNWak3c-d1EHpSMSMzsI5Otg&_nc_zt=14&_nc_ht=scontent.ftpe8-2.fna&_nc_gid=g1kUSrrSEN-iKt4-YBeCsw&oh=00_AfqF5qfuXLX54PHFxHrE-ze3Dpu7kSgZr13oOrm2zdBnuQ&oe=696E49ED",
  "ad_cta_text": "瞭解詳情",
  "ad_link_description": null,
  "ad_link_url": "https://pse.is/8cludh",
  "ad_title": "🎉【On sale雷根運動用品特賣】新化店租約到期結束營業",
  "ad_caption": "https://pse.is/TW",
  "ad_page_id": "767875303077160",
  "ad_cta_type": "瞭解詳情",
  "ad_extra_links": [],
  "ad_extra_texts": [],
  "ad_page_categories": [],
  "ad_page_like_count": 0,
  "ad_publisher_platform": [
    "facebook",
    "instagram",
    "audience_network",
    "messenger",
    "threads"
  ],
  "ad_like_count": "0",
  "ad_share_count": "0"
}