{
  "ad_id": "1338210724975463",
  "ad_context": "台中市的選民‼️\n🏃‍♂️‍➡️你也會去投票嗎！？\n\n7/26日全台將舉行第一波罷免提案投票\n🗳️你的選區是否也有罷免案？\n那你對於罷免案又有什麼想法呢💬？\n\n填寫問卷，留下你的想法✍️\n就有機會帶走Line Point 100點(30名)\nhttps://www.surveycake.com/s/AOG8A\n\n戶籍是台中市的你！\n你的意見缺一不可\n趕快點擊填寫問卷\n把獎品帶回家🎁！",
  "ad_profile_name": "Truth bomb 初思邦",
  "ad_profile_image": "https://scontent.ftpe8-2.fna.fbcdn.net/v/t39.35426-6/518441055_743086708173868_6259200231878805071_n.jpg?stp=dst-jpg_s60x60_tt6&_nc_cat=100&ccb=1-7&_nc_sid=c53f8f&_nc_ohc=0K-qRuWFXYsQ7kNvwFLpjyX&_nc_oc=AdnhLT0KDKhFXqbhopAlv31gfnWZcqHGLPWVE0InMmgcDofN8usuS6Hi63RJRXapz04&_nc_zt=14&_nc_ht=scontent.ftpe8-2.fna&_nc_gid=BWvlinEJHjY4eNhEboaDag&oh=00_AfrTFfTtAwijjWtZ-QPVXijc1_fZ72qk_NOJjKljuYI3cw&oe=696E622B",
  "ad_is_video": false,
  "ad_video_preview_image": null,
  "ad_image": "https://scontent.ftpe8-4.fna.fbcdn.net/v/t39.35426-6/518098428_1099228315410623_8676747251340748663_n.jpg?stp=dst-jpg_s600x600_tt6&_nc_cat=110&ccb=1-7&_nc_sid=c53f8f&_nc_ohc=DMo863j8DO0Q7kNvwEWjkvQ&_nc_oc=AdkJCredYNYUmydvuPN49--7tfcpaq6xHUTrBB6D8C6Re77GxNwZXJHxC5hqmfpqSmE&_nc_zt=14&_nc_ht=scontent.ftpe8-4.fna&_nc_gid=BWvlinEJHjY4eNhEboaDag&oh=00_Afru8lHG6S6zd76IY3s0USxK84hJ6yN7NuqAOPIQvQi4_A&oe=696E3F49",
  "ad_cta_text": "瞭解詳情",
  "ad_link_description": "你好，我們是Truth Bomb初思邦數據！想要詢問您關於7/26台中選區各罷免案的意見！只要你年滿20歲，並且完成問卷就有機會拿走Line Point-100點✨邀請身旁朋友一起拿點數🎁你的意見缺一不可！",
  "ad_link_url": "https://www.surveycake.com/s/AOG8A",
  "ad_title": "臺中市市區立委罷免案意見問卷 » SurveyCake",
  "ad_caption": "surveycake.com",
  "ad_page_id": "638994955956291",
  "ad_cta_type": "瞭解詳情",
  "ad_extra_links": [],
  "ad_extra_texts": [],
  "ad_page_categories": [
    "市場調查顧問"
  ],
  "ad_page_like_count": 57,
  "ad_publisher_platform": [
    "facebook"
  ],
  "ad_like_count": "0",
  "ad_share_count": "0"
}