{
  "ad_id": "1341699394102431",
  "ad_context": "迎風飛翔吧！青春的紙飛機✈️\n11/15  #文化部文化資產園區 #青春大爆發🔥🔥🔥\n\n#炸裂青春能量舞台\n舞蹈 x 音樂\n不只是表演，更是揮灑青春的汗水，讓你好好感受青少年無限熱情\n\n#打卡爽玩\n拍貼 x 扭蛋 x 曬娃包\n拍貼機留下專屬回憶、扭蛋機抽驚喜、還有「曬娃包」等你裝娃帶回\n家，玩樂同時也能收獲滿滿\n\n#攤位體驗\n30+兒少社福單位一次聚集，結合遊戲、互動和小挑戰\n學習也可以超有趣！\n\n闖關成功不只超有成就感\n還有機會把總價值高達5️⃣0️⃣0️⃣0️⃣元好禮帶回家💥\n快來挑戰5關，一起玩、一起中獎吧🙌✨\n\n還有還有\n#限量 網路報名禮(詳見留言處報名連結)\n\n青春就像紙飛機，邀請你帶著夢想一起迎風起飛‼️\n\n#臺中市政府社會局\n#國際兒童人權日 #CRC\n#青少年成果展",
  "ad_profile_name": "社會有愛 溫暖臺中",
  "ad_profile_image": "https://scontent.ftpe8-4.fna.fbcdn.net/v/t39.35426-6/574085988_865318389332349_4525035284801057227_n.jpg?stp=dst-jpg_s60x60_tt6&_nc_cat=104&ccb=1-7&_nc_sid=c53f8f&_nc_ohc=RtcQ0pQezIcQ7kNvwHMly6F&_nc_oc=AdlDDwSjOOzmEwlTtlQO2-a8NqIkrAGb0NTHeLfNYSdBsjAL52wji3wXibfHOx948Rk&_nc_zt=14&_nc_ht=scontent.ftpe8-4.fna&_nc_gid=vl9T-NxQq1zVFnPCX5NAMw&oh=00_Afq_ERO-5-gdSl9C2AjIJaCoAxZgBwTmzqV0T_jRnB_klQ&oe=696E4BBD",
  "ad_is_video": false,
  "ad_video_preview_image": null,
  "ad_image": "https://scontent.ftpe8-3.fna.fbcdn.net/v/t39.35426-6/560773817_3754105948228202_7332872011574423116_n.jpg?stp=dst-jpg_s600x600_tt6&_nc_cat=107&ccb=1-7&_nc_sid=c53f8f&_nc_ohc=72l0PV_wW4AQ7kNvwEU-9x9&_nc_oc=Adli_pYLYwMTMs7l9DewtG83DO5973tdl9qcbE8KqcVlj-q4E_YaX5ZVWhxpAD29XFA&_nc_zt=14&_nc_ht=scontent.ftpe8-3.fna&_nc_gid=vl9T-NxQq1zVFnPCX5NAMw&oh=00_AfqxXtKx4WZQMZ7W31rt_P53wXhfG0YfaYXwXuSk6izBnw&oe=696E732E",
  "ad_cta_text": "",
  "ad_link_description": null,
  "ad_link_url": null,
  "ad_title": null,
  "ad_caption": null,
  "ad_page_id": "329523080529589",
  "ad_cta_type": "",
  "ad_extra_links": [],
  "ad_extra_texts": [],
  "ad_page_categories": [],
  "ad_page_like_count": 0,
  "ad_publisher_platform": [
    "facebook"
  ],
  "ad_like_count": "0",
  "ad_share_count": "0"
}