{
  "ad_id": "1342515273480989",
  "ad_context": "#2025流域共好 #為家鄉河川做一件事\n【流域的故事有人在寫，這次從高雄說起】#亮點講者\n\n✨即刻免費報名｜https://cwnewbusiness.pse.is/7ke6ca \n\n你是否曾在午後漫步愛河畔，感受水岸的風輕與安靜？高雄的河川，曾是許多人成長記憶的一部分。\n這次「2025流域共好·南方行動倡議論壇」邀請三位長期投入水環境改善的行動者，從治理、規劃到社區參與，帶我們看見一條條河流，如何重新回到人們的生活與心中。\n\n➼ 「讓河流回家，高雄以水為本」\n\n▌高雄市政府環境保護局｜張瑞琿局長\n具備逾三十年環保專業經歷，張瑞琿局長致力於推動高雄永續轉型與淨零路徑，任內強化河川水質治理、再生水利用、減廢減碳等關鍵政策。推動高雄循環城市藍圖，以系統性治理實踐「產業與環境共好」願景，並透過數據與科技導入，提升城市環境韌性，讓高雄從工業城市轉型為綠色典範。\n\n▌經濟部水利署水利規劃分署｜張廣智分署長\n在公部門服務超過30年，歷經副工程司、科員、技正、科長、副組長、組長、河川局局長、副總工程司，到現在擔任水利規劃分署長，從基層到高層都有完整歷練。曾獲中國時報水利類百傑青年、經濟部模範公務員、農業工程事業貢獻獎、自來水協會特殊功績獎，也兩度參與總統盃黑客松競賽獲選卓越團隊。\n\n▌成大水利及海洋工程學系教授暨防災研究中心｜王筱雯主任\n專長為河道演變、濕地保育、河川復育、災害風險管理及環境規劃與評估等領域。近年來她透過參與式規劃與水門操作投入濕地管理；推動河溪復育，如七家灣溪一號壩拆除，並以永續角度探討水庫泥砂管理；強調風險評估與溝通，投入氣候調適規劃；建立最小衝突的再生能源選址架構，以減緩生態保育與再生能源發展間的「綠色衝突」。亦積極參與國際學術合作。\n\n➼ 流域關鍵字｜與河共生，與流域共好\n#城市環境韌性 #河川復育 #環境規劃與評估\n\n─┈┄┅━━━━━━━━━━━━━━━┅┄┈─​\n\n\\\\\\\\\\\\\\ 共好夥伴聚集中！快來加入我們///////\n6.10 跟我們一起走出淡水河，移師南台灣，宣示 #為家鄉河川做一件事\n✨報名還贈多項好禮，詳細請見活動報名頁👉👉👉\n✨即刻免費報名｜https://cwnewbusiness.pse.is/7ke6ca \n▌時間｜2025.6.10（二）13:00-17:10\n▌地點｜R23糖倉會展中心_C3會館（高雄市橋頭區糖廠路24號）",
  "ad_profile_name": "CSR在天下",
  "ad_profile_image": "https://scontent.ftpe8-1.fna.fbcdn.net/v/t39.35426-6/500229139_717811294523710_6453663342988685701_n.jpg?stp=dst-jpg_s60x60_tt6&_nc_cat=109&ccb=1-7&_nc_sid=c53f8f&_nc_ohc=JWBCzZ1XKN8Q7kNvwFnRNBb&_nc_oc=AdncRAlDZnsYy1RStws0zfs0P-14KPQTgJXYxNdhcYuKuCdujbJ4Y2wykscXtwXiLBg&_nc_zt=14&_nc_ht=scontent.ftpe8-1.fna&_nc_gid=0TRGcyTBmc-dgoVDYfV_4Q&oh=00_AfpiHYxbJRxhQfuZNQF-IrppRp1gORcK8QLj1poc-65WNQ&oe=696E7087",
  "ad_is_video": false,
  "ad_video_preview_image": null,
  "ad_image": "https://scontent.ftpe8-3.fna.fbcdn.net/v/t39.35426-6/500226137_1339305367128170_1664305932938073967_n.jpg?stp=dst-jpg_s600x600_tt6&_nc_cat=111&ccb=1-7&_nc_sid=c53f8f&_nc_ohc=-G6XbhtB3QQQ7kNvwGUF1ur&_nc_oc=AdloLboW8mLcYZ0H3rnTMYAyHYw9LBz_sz6Vt9qbIdBMgVWKYVbT4ZlUhRSQcsFQXFw&_nc_zt=14&_nc_ht=scontent.ftpe8-3.fna&_nc_gid=0TRGcyTBmc-dgoVDYfV_4Q&oh=00_Afq70tyguBkjaDHPSmsi6-1wez6Ayjno8e2jeTYntyhYFg&oe=696E7228",
  "ad_cta_text": "",
  "ad_link_description": null,
  "ad_link_url": "https://cwnewbusiness.pse.is/7ke6ca",
  "ad_title": null,
  "ad_caption": null,
  "ad_page_id": "1751961571765479",
  "ad_cta_type": "",
  "ad_extra_links": [],
  "ad_extra_texts": [],
  "ad_page_categories": [],
  "ad_page_like_count": 0,
  "ad_publisher_platform": [
    "facebook",
    "instagram"
  ],
  "ad_like_count": "0",
  "ad_share_count": "0"
}