{
  "ad_id": "1343258107406477",
  "ad_context": "",
  "ad_profile_name": "新冒険／新冒險／New Adventure",
  "ad_profile_image": "https://scontent.ftpe8-1.fna.fbcdn.net/v/t39.35426-6/573614519_1171904971031535_8424446281485507726_n.jpg?stp=dst-jpg_s60x60_tt6&_nc_cat=108&ccb=1-7&_nc_sid=c53f8f&_nc_ohc=JgOmx_o7nfMQ7kNvwFQAgfo&_nc_oc=AdmJm2WbPNPYFEO_Gyxg156RZumPaThryucRbzvmO5qf5-QdDMcl_Hb2334B0RLKhXc&_nc_zt=14&_nc_ht=scontent.ftpe8-1.fna&_nc_gid=7QsB39avhmpmc-IXt0g7Yw&oh=00_AfrN9PmsvBi8nDOG2He-OLYcO_E_a_D2r_5YG5y4lb2s-g&oe=696DE78D",
  "ad_is_video": false,
  "ad_video_preview_image": null,
  "ad_image": "https://scontent.ftpe8-3.fna.fbcdn.net/v/t39.35426-6/574556123_1216995440247916_435073191521234563_n.jpg?stp=dst-jpg_s600x600_tt6&_nc_cat=107&ccb=1-7&_nc_sid=c53f8f&_nc_ohc=zhYV6IwFDvoQ7kNvwGOvU6j&_nc_oc=Adn-NsD6-ICJ-IOg3rBJaa8jK5giiauqNBZjjF2CFOVSSBF0QMCDIpIC1oxFU-3HkN4&_nc_zt=14&_nc_ht=scontent.ftpe8-3.fna&_nc_gid=7QsB39avhmpmc-IXt0g7Yw&oh=00_Afo6xYKy-RaOjKylwLiH_sBHkVEN1Yx-133WoWgpc0IyRw&oe=696DC05F",
  "ad_cta_text": "Learn More",
  "ad_link_description": null,
  "ad_link_url": "https://l.facebook.com/l.php?u=https%3A%2F%2Fnewadventurespirit.com%2Fzh%2Ftop%2F%3Ffbclid%3DIwZXh0bgNhZW0CMTAAYnJpZBExZ1h6TjROVm50bUtKNncwUXNydGMGYXBwX2lkDzU0MTYzOTQ5Mzg4OTAyNQABHrCf-MpsiYwBLEpodBRbKfphaFMu60urcBi0OURjhHBItsChxisgtYETTZR7_aem_TSsTM0e8mb0TMvNFeto9Bg&h=AT18muQjYtph8FTC-TniTT_x8hS6Jszh7MjqZ1DEbJ_PGvVETRzn2Yf7f0MEyfO4G9U1GAuvN7-H6w8KBHQniaPwwFrHzW5ck0T8Wl2a4SdjuGK8UJTpGXyC6TGUJRtGCWODZjB1O-608KUxPMOFqg",
  "ad_title": "新冒険／新冒險／New Adventure",
  "ad_caption": "newadventurespirit.com",
  "ad_page_id": "193120103880745",
  "ad_cta_type": "Learn More",
  "ad_extra_links": [
    "新冒険／新冒險／New Adventure",
    "新冒険／新冒險／New Adventure",
    "新冒険／新冒險／New Adventure"
  ],
  "ad_extra_texts": [],
  "ad_page_categories": [
    "旅行社"
  ],
  "ad_page_like_count": 0,
  "ad_publisher_platform": [
    "facebook",
    "instagram",
    "audience_network",
    "messenger",
    "threads"
  ],
  "ad_like_count": "0",
  "ad_share_count": "0"
}