{
  "ad_id": "1343537396998816",
  "ad_context": "🎁 TAIWANIZE Gift Festival – 1st Wave 🎁\nMake gifting easy and stylish this season.\n🎁 Gift Bundles\n・6 pairs of underwear for NT$3,599\n・9 basic tees for NT$3,599\nPerfect for your partner, your friends – or just spoiling yourself.\n👕 Full-price apparel bonus deals\n・Buy 2 → 11% OFF\n・Buy 3 → 21% OFF\n・Buy 4 → 31% OFF\nHoliday parties, gift exchange, year-end self-reward –\nTAIWANIZE has you covered from the inside out.\n\n#TAIWANIZE #GiftFestival #GiftSeason #GiftIdeas #MensUnderwear #BasicTees #TaiwanBrand #Streetwear #HolidaySale #GiftingMadeEasy #OutfitOfTheDay #OOTD",
  "ad_profile_name": "TAIWANIZE",
  "ad_profile_image": "https://scontent.ftpe8-1.fna.fbcdn.net/v/t39.35426-6/594223077_1648978896485252_6862022956404932992_n.jpg?stp=dst-jpg_s60x60_tt6&_nc_cat=109&ccb=1-7&_nc_sid=c53f8f&_nc_ohc=zWOKlJ36VkUQ7kNvwGB0s8f&_nc_oc=AdlVXTuDv_y-iZw2ynOzOQci5FX61xo6QEAUwZ6BK_vM6epwyarZ0c1OJMnoacA4grY&_nc_zt=14&_nc_ht=scontent.ftpe8-1.fna&_nc_gid=5MDoUYxpNbxemSwM1fw6YA&oh=00_Afq296WLaJAjrVP0VS1FmN5Mt8sZALVqqsZZ8zQM7j-XKw&oe=696DBC2C",
  "ad_is_video": false,
  "ad_video_preview_image": null,
  "ad_image": "https://scontent.ftpe8-1.fna.fbcdn.net/v/t39.35426-6/594180378_868500595754542_523888699814329817_n.jpg?stp=dst-jpg_s600x600_tt6&_nc_cat=109&ccb=1-7&_nc_sid=c53f8f&_nc_ohc=Npfl-rHHo9AQ7kNvwE04ORt&_nc_oc=AdlcpXN7aWIYZydkMCGlFp0GoynYv0dnxqWix0n5ITeAqj1FwKDSbzzURT_AezoC24Y&_nc_zt=14&_nc_ht=scontent.ftpe8-1.fna&_nc_gid=5MDoUYxpNbxemSwM1fw6YA&oh=00_AfpeG4oHkmGRT7wM9iic8W4YTbsY8pUnnJeD2hLonelW_Q&oe=696D8CE9",
  "ad_cta_text": "Shop Now",
  "ad_link_description": "🎁禮物節特惠",
  "ad_link_url": "https://l.facebook.com/l.php?u=https%3A%2F%2Fwww.taiwanize.com%2Fproducts%2F69256c8e87c016000c17d1b1%3Ffbclid%3DIwZXh0bgNhZW0CMTAAYnJpZBExRlgwZjFCYTN1b0pDNWJKYXNydGMGYXBwX2lkDzU0MTYzOTQ5Mzg4OTAyNQABHsk9AA96L41D6yBLUy7KZFV2FhhZ6DWAnfK0ctm_BbYDAZ6qt3CGchDnp6Mf_aem_Q7CsmBl7hhemR9GDtW5r0Q&h=AT1C65D-d4JFj4irvMypshTKKIa7lLbDGhQur0JXkGfQFLRiZduos7fheSBgVqggG-bAVFjo1iMaMrkEvb3LXuoQFbX4ZcX7WDwblVyvLr4HQ-Keh2H13dKyqGZOh5loNspnSRrTLxjJbYYiyIWZdQ",
  "ad_title": "禮物節-素色男/女圓領莫代爾T恤 (修身版*9)",
  "ad_caption": "taiwanize.com",
  "ad_page_id": "279677925472778",
  "ad_cta_type": "Shop Now",
  "ad_extra_links": [
    "禮物節-素色男/女圓領莫代爾T恤 (標準版*9)",
    "禮物節-內褲6件組合包"
  ],
  "ad_extra_texts": [
    "🎁 TAIWANIZE Gift Festival – 1st Wave 🎁\nMake gifting easy and stylish this season.\n🎁 Gift Bundles\n・6 pairs of underwear for NT$3,599\n・9 basic tees for NT$3,599\nPerfect for your partner, your friends – or just spoiling yourself.\n👕 Full-price apparel bonus deals\n・Buy 2 → 11% OFF\n・Buy 3 → 21% OFF\n・Buy 4 → 31% OFF\nHoliday parties, gift exchange, year-end self-reward –\nTAIWANIZE has you covered from the inside out.\n\n#TAIWANIZE #GiftFestival #GiftSeason #GiftIdeas #MensUnderwear #BasicTees #TaiwanBrand #Streetwear #HolidaySale #GiftingMadeEasy #OutfitOfTheDay #OOTD",
    "🎁 TAIWANIZE Gift Festival – 1st Wave 🎁\nMake gifting easy and stylish this season.\n🎁 Gift Bundles\n・6 pairs of underwear for NT$3,599\n・9 basic tees for NT$3,599\nPerfect for your partner, your friends – or just spoiling yourself.\n👕 Full-price apparel bonus deals\n・Buy 2 → 11% OFF\n・Buy 3 → 21% OFF\n・Buy 4 → 31% OFF\nHoliday parties, gift exchange, year-end self-reward –\nTAIWANIZE has you covered from the inside out.\n\n#TAIWANIZE #GiftFestival #GiftSeason #GiftIdeas #MensUnderwear #BasicTees #TaiwanBrand #Streetwear #HolidaySale #GiftingMadeEasy #OutfitOfTheDay #OOTD"
  ],
  "ad_page_categories": [],
  "ad_page_like_count": 0,
  "ad_publisher_platform": [
    "facebook",
    "instagram",
    "audience_network",
    "messenger",
    "threads"
  ],
  "ad_like_count": "0",
  "ad_share_count": "0"
}