{
  "ad_id": "1343726313917329",
  "ad_context": "為還沒發生的每一刻，都跨出至關重要的一步！\n.\n如果曾經被暴雨困住；為變動的菜價感到困擾；煩惱過長的夏天與過冷的寒流，就表示我們都無法忽視氣候對生活的影響，雖然「沒有人能置身至外」聽起來過分情勒，卻是扎實發生的事實。\n.\n那麽一起跨出改變的第一步吧！\n.\n11月1日「為氣候而走」我們一起走上街頭，帶隊的不是宣傳車，而是由一群孩子拉著現場共同創作的超大手繪布條領隊，破千人的遊行隊伍熱熱鬧鬧地在森巴鼓隊的強勁節奏下，穿越熱鬧的信義百貨商圈，感謝破百個團體跟破千公民到場支持。\n.\n遊行圓滿結束後一起走入生活，落實環境正義，打造韌性台灣。",
  "ad_profile_name": "地球公民基金會",
  "ad_profile_image": "https://scontent.ftpe8-1.fna.fbcdn.net/v/t39.35426-6/595848585_1761933797846236_134217723804403900_n.jpg?stp=dst-jpg_s60x60_tt6&_nc_cat=109&ccb=1-7&_nc_sid=c53f8f&_nc_ohc=n3XI_fY9ceUQ7kNvwGcI6cG&_nc_oc=Adkhf7o8WLHFQ4kMfDKiFHIKsFp_C1145DZdJcYJhzIFwdP-IfpK87w6hQvmxRqSu7Q&_nc_zt=14&_nc_ht=scontent.ftpe8-1.fna&_nc_gid=zMA7T1U9wrVtJzVnX1d_3A&oh=00_AfqLv6GLXdGgrhrjqbrpokVLkYORMpVWgergAjeiI4yW2w&oe=696E7CE0",
  "ad_is_video": false,
  "ad_video_preview_image": "https://scontent.ftpe8-1.fna.fbcdn.net/v/t39.35426-6/596553116_2095670931239577_4507736291686013605_n.jpg?_nc_cat=109&ccb=1-7&_nc_sid=c53f8f&_nc_ohc=56_bOz0YYNcQ7kNvwGQyl6u&_nc_oc=AdmsGa6YlXlkYooqLC-mebQv3ua2bdYaPQLtNEzYYGilkyeEZSLT2eJ3OO43rnkSrRI&_nc_zt=14&_nc_ht=scontent.ftpe8-1.fna&_nc_gid=zMA7T1U9wrVtJzVnX1d_3A&oh=00_AfqLhdfQ2vVclvjwzo9UWGKV4U2q4PNw_cQbVRF1aawSDg&oe=696E7B76",
  "ad_image": null,
  "ad_cta_text": "",
  "ad_link_description": null,
  "ad_link_url": null,
  "ad_title": "為還沒發生的每一刻，都跨出至關重要的一步！",
  "ad_caption": null,
  "ad_page_id": "148513668543221",
  "ad_cta_type": "",
  "ad_extra_links": [],
  "ad_extra_texts": [],
  "ad_page_categories": [
    "環境保護組織"
  ],
  "ad_page_like_count": 0,
  "ad_publisher_platform": [
    "facebook",
    "instagram"
  ],
  "ad_like_count": "0",
  "ad_share_count": "0"
}