{
  "ad_id": "1343474453767974",
  "ad_context": "日本。山形︳擁有接近五百年古湯 銀山溫泉\n\n​​銀山溫泉位於山形縣尾花澤市，是日本最具大正浪漫風情的溫泉鄉之一，許多人認識山形縣，都可能是因為銀山溫泉。江戶時代初期，這裡因開採「延澤銀山」而繁榮，後來銀礦枯竭，轉型為溫泉療養地。大正至昭和時期，溫泉街陸續建起洋風木造旅館，形成今日懷舊優雅的景致。冬季大雪覆蓋屋簷，夜晚燈光點綴，彷彿走進時光隧道，也讓這裡成為許多人夢寐以求的旅行地。\n \n溫泉街沿著銀山川展開，兩側是百年歷史的溫泉旅館，如知名的「能登屋旅館」，其古色古香的外觀據說曾啟發宮崎駿創作《千與千尋》（神隱少女）。遊客可在露天溫泉享受療癒時光，或漫步石板道，品嚐人氣小吃「溫泉炸豆腐」。此外，「白銀公園」內的白銀瀑布與洗心峽步道，讓銀山溫泉四季皆具不同風情。無論是雪景、紅葉或新綠時節，都能感受這座小鎮的浪漫與寧靜。\n\n地址：山形県尾花沢市銀山溫泉\n電話：0237-28-3933 （銀山溫泉案內所）\n交通：從仙台或山形站搭乘JR至「JR大石田站」下車，再轉乘「花笠巴士（はながさバス）。\n*其他有用連結，我放了在留言*\n\n************冬季遊銀山溫泉注意事項************\n\n近年來銀山溫泉的遊客大增，為了確保前來訪問的大家的安全和舒適的入住環境，冬季期間實施了車輛入場限制。\n如果旅客不會住進銀山溫泉的旅館裡，便必須從大正羅曼館乘坐專用巴士進入銀山溫泉區域。請在下午5點之前離開。該措施從2025年12月20日（星期六）至2026年3月1日（星期日）實施。出發前必須瀏覽官方以獲得最新資訊。如果你想感受晚上氣氛，可參加當地官方舉行的巴士團，由大石田站出發，便可以留到入黑時間，而毋須入住那邊的旅館。\n\n更多山形資訊： Visit Yamagata - 日本山形",
  "ad_profile_name": "沙米旅日手帖 Sami Travel Journal",
  "ad_profile_image": "https://scontent.ftpe8-1.fna.fbcdn.net/v/t39.35426-6/605144992_853614033936654_2719334381556851649_n.jpg?stp=dst-jpg_s60x60_tt6&_nc_cat=109&ccb=1-7&_nc_sid=c53f8f&_nc_ohc=-KfIklyuEPEQ7kNvwFE1l_3&_nc_oc=Adk9coLXl5MfToUZ4tTFgvex4uPwD13w8MiXq34cI1XHTU5ft9K5LhVH-jem0k9V8e4&_nc_zt=14&_nc_ht=scontent.ftpe8-1.fna&_nc_gid=fJ1BoqitDIzBTzB6HKOCZg&oh=00_Afq-BgBjMEv8KMKs26ET50ZsXGuQ-sJoOvMQZqxe7kkiDg&oe=696DC25B",
  "ad_is_video": false,
  "ad_video_preview_image": null,
  "ad_image": "https://scontent.ftpe8-3.fna.fbcdn.net/v/t39.35426-6/603854903_1221195543254075_3625702129554846917_n.jpg?stp=dst-jpg_s600x600_tt6&_nc_cat=111&ccb=1-7&_nc_sid=c53f8f&_nc_ohc=pl93Ow4_Ub0Q7kNvwHOYGPA&_nc_oc=AdlmQNrvO_VhjPXZmYSnqJKNlcyWey9vXT4HPKfwwzMk3OQPDKOLHkwQKXCOOHfC55g&_nc_zt=14&_nc_ht=scontent.ftpe8-3.fna&_nc_gid=fJ1BoqitDIzBTzB6HKOCZg&oh=00_AfofFDssRhA0UhKlWBBdNIGOgD9eFjBvSEAqGVsGlcMY_Q&oe=696DEDD7",
  "ad_cta_text": "",
  "ad_link_description": null,
  "ad_link_url": null,
  "ad_title": null,
  "ad_caption": null,
  "ad_page_id": "132965366725029",
  "ad_cta_type": "",
  "ad_extra_links": [],
  "ad_extra_texts": [],
  "ad_page_categories": [
    "作者"
  ],
  "ad_page_like_count": 0,
  "ad_publisher_platform": [
    "facebook",
    "instagram",
    "audience_network",
    "threads"
  ],
  "ad_like_count": "0",
  "ad_share_count": "0"
}