{
  "ad_id": "1343601784149572",
  "ad_context": "🌍 台灣的未來社會，可能長這樣？\n在 BIEN 全球高峰會上，UBI Taiwan 首次提出「台灣青年基本收入政策」，並與海穹文化攜手推出科幻小說集《島嶼新日常》。從政策到文學，這場跨界實驗引起了國際高度關注。\n\n🔥 延續這股熱度，我們將舉辦 《島嶼新日常》國際新書發表會 ——\n一起來聊聊「如果台灣真的有基本收入」，我們的生活、城市、人際關係，會不會變得不一樣？\n\n📌 亮點搶先看\n✨ BIEN 國際主席 Sarath Davala 親臨現場，分享全球趨勢\n✨ UBI Taiwan 理事長 蘇嘉冠、常務理事 李品逸 談下一步願景\n✨ 五位作家 —— 戲雪、靜川、大獵蜥、曉由、馬立 —— 帶來小說背後的未來想像\n\n📖 活動資訊\n《島嶼新日常》國際新書發表會\n📅 10/3（五）19:00－20:30\n📍 REEDS Bookstore 民權書店（台北市中山區民權東路二段107號 B1）\n✅ 免費入場，報名表單 👉 https://forms.gle/P1GRz9uwDYu4zKjP9",
  "ad_profile_name": "UBI Taiwan 台灣無條件基本收入協會",
  "ad_profile_image": "https://scontent.ftpe8-2.fna.fbcdn.net/v/t39.35426-6/556327122_1499982271214227_412007052759289036_n.jpg?stp=dst-jpg_s60x60_tt6&_nc_cat=101&ccb=1-7&_nc_sid=c53f8f&_nc_ohc=HObwJ_hgeJ4Q7kNvwEIfmJB&_nc_oc=Adn5mbI5c1zjVK96ZbY5dNu8RFSqQFKflfibW-BdNyETHZNJ_06n4eLCtntjNWdVKEk&_nc_zt=14&_nc_ht=scontent.ftpe8-2.fna&_nc_gid=8-1tHqCtjhPs4dOLMxi-6g&oh=00_AfrsbQs240m6BdHyl_aNLLD6YikPCXDJiztH7aIqKdXO0g&oe=696DE086",
  "ad_is_video": false,
  "ad_video_preview_image": null,
  "ad_image": "https://scontent.ftpe8-3.fna.fbcdn.net/v/t39.35426-6/556992481_2152228448913598_7267272543676502486_n.jpg?stp=dst-jpg_s600x600_tt6&_nc_cat=107&ccb=1-7&_nc_sid=c53f8f&_nc_ohc=in_CYD9P2qkQ7kNvwGL4zIQ&_nc_oc=AdkB4gNPfL5Z0y1ls5q-wVieRTZzTprWD3EaJT1KeUDsvyphkWQgsYaXxHMxnY44NaQ&_nc_zt=14&_nc_ht=scontent.ftpe8-3.fna&_nc_gid=8-1tHqCtjhPs4dOLMxi-6g&oh=00_AfqtAzCJSxN6-QimUFWWdjUUapJBbhc8o9_I2s4mUbGh6g&oe=696DF8D5",
  "ad_cta_text": "有興趣",
  "ad_link_description": "在2025年8月的基本收入全球網絡（BIEN）高峰會上，UBI Taiwan首度向國際發表「台灣青年基本收入政策」，並與海穹文化攜手推出科幻創作集《島嶼新日常：無條件基本收入制的台灣想像》，以政策想像結合文學創作，獲得國際高度關注。\n\n延續這股熱度，UBI Taiwan與海穹文化將於10月3日（五）晚上7點舉辦新書發表會，帶來一場跨越思想、制度與創作的深度對話。\n\n活動亮點：\n📌 國際貴賓：BIEN國際主席 Sarath Davala 將親臨現場，分享全球趨勢與觀察\n📌 專業團隊：UBI Taiwan理事長蘇嘉冠、常務理事李品逸，談台灣基本收入的願景與下一步\n📌 創作陣容：五位作家 戲雪、靜川、大獵蜥、曉由、馬立，暢談如何以小說描繪台灣未來社會的多種可能\n📌 作品亮點：從勞動與自由到家庭與城市，每篇故事都以基本收入為背景，勾勒不同背景對人性與社會的想像\n\n活動資訊：\n《島嶼新日常》國際新書發表會\n📅 時間：10月3日（五）1900-2030\n📍 地點：REEDS Bookstore 民權書店（台北市中山區民權東路二段 107 號 B1）\n✅ 入場方式：免費參加，請先填寫報名表單（https://forms.gle/P1GRz9uwDYu4zKjP9）",
  "ad_link_url": "https://forms.gle/P1GRz9uwDYu4zKjP9",
  "ad_title": "《島嶼新日常》國際新書發表會",
  "ad_caption": "《島嶼新日常》國際新書發表會",
  "ad_page_id": "1206024742797005",
  "ad_cta_type": "有興趣",
  "ad_extra_links": [],
  "ad_extra_texts": [],
  "ad_page_categories": [
    "非政府組織（NGO）"
  ],
  "ad_page_like_count": 0,
  "ad_publisher_platform": [
    "facebook"
  ],
  "ad_like_count": "0",
  "ad_share_count": "0"
}