{
  "ad_id": "1344540364090098",
  "ad_context": "▎#國藝會線上誌 \n↪︎ 讓意義長出來的方式：邱承宏在作品中展示的記憶修補術\n​\n❝ 透過他的手，那些彷彿世間上唯獨他一人還記得、還在乎的風景事物終得啟動生命的輪迴⋯⋯❞\n​\n邱承宏做大型雕塑，但不是傳統的那種。他意在記下「#隱而未見的日常」與「#集體記憶」，尤其關注他稱之為「帶著猶疑、脆弱、尚未成形、沒有自信的現成物」。那些現成物就像沉到歷史海底的碎片，他潛入深海將它們打撈上來，重新組構為另一種形體後，賦予史詩級的新生，再次放回我們當代的視線。\n​\n這過程牽涉到深掘、修復、打磨、拼組等體力勞動，但透過他的手，那些彷彿世間上唯獨他一人還記得、還在乎的風景事物終得啟動生命的輪迴，在遺忘→記憶→搜尋→修復→重生→旅行→展示→回歸原處的迴圈中復返。\n​\n被遺忘才是真正的死亡。邱承宏打從第一件作品起始就是 #一場挽救和紀念的行動。\n​\n那些悄無聲息、略帶隱兆的景色，往往成為邱承宏創作的起點：「藝術好像有一種魔力，讓你從一些當下無法變動的現實中，透過作品偷渡某些事情或是意志，從中擾動那些僵化的邊界。」\n​\n作品循著記憶、碎片痕跡在現場往返，前世→今生→來世，構成某種遺棄物的再利用，不再為這世界製造新的負擔。⋯⋯\n​\n閱讀全文 ➯ https://ncaf.tw/7f53o\n​\n┎━━━━━━━━━━━━━━━┒\n ​ ​ ​ ​ ​ ​ ​ ​ ​ ​ ​ ​ ​ 讓意義長出來的方式：\n ​ ​ ​ 邱承宏在作品中展示的記憶修補術\n\n                  ❒ 文｜金振寧 \n​                  ❒ 圖｜邱承宏 提供\n┖━━━━━━━━━━━━━━━┚",
  "ad_profile_name": "國藝會",
  "ad_profile_image": "https://scontent.ftpe8-3.fna.fbcdn.net/v/t39.35426-6/605429724_877071784971860_9183130737005154177_n.jpg?stp=dst-jpg_s60x60_tt6&_nc_cat=111&ccb=1-7&_nc_sid=c53f8f&_nc_ohc=GghOmiK5OyUQ7kNvwEa2-OD&_nc_oc=Adkmi2Rh7p-YjMGK-Ql-T2UGQMRCFsK3qawLX8L3K6_JgwvN4cVzFxdibSSwABarIzI&_nc_zt=14&_nc_ht=scontent.ftpe8-3.fna&_nc_gid=uuxV01i7jl9q11bIhHyzzg&oh=00_Afq8dOyWqufGr3-Y4uTkshlWFfdENt3QM32KJSKb6ruV9A&oe=696DC06E",
  "ad_is_video": false,
  "ad_video_preview_image": null,
  "ad_image": "https://scontent.ftpe8-2.fna.fbcdn.net/v/t39.35426-6/605287920_1850963112290481_8658302764658487703_n.jpg?stp=dst-jpg_s600x600_tt6&_nc_cat=103&ccb=1-7&_nc_sid=c53f8f&_nc_ohc=_q797-2JdBoQ7kNvwEtuIz1&_nc_oc=Adk9R2XPjImJabA2QiPHynvbVK3Lp4IJ6cvH53NpzMR4s61Oh-T7HzGUSwpypyDKZfQ&_nc_zt=14&_nc_ht=scontent.ftpe8-2.fna&_nc_gid=uuxV01i7jl9q11bIhHyzzg&oh=00_AfrmZNmZTc_evwNlXDeq0YXFvpuXSzYPtdjS-VbVZL7rIA&oe=696DE198",
  "ad_cta_text": "",
  "ad_link_description": "透過他的手，那些彷彿世間上唯獨他一人還記得、還在乎的風景事物終得啟動生命的輪迴……",
  "ad_link_url": "https://ncaf.tw/7f53o",
  "ad_title": "讓意義長出來的方式：邱承宏在作品中展示的記憶修補術",
  "ad_caption": "mag.ncafroc.org.tw",
  "ad_page_id": "354146411265853",
  "ad_cta_type": "",
  "ad_extra_links": [],
  "ad_extra_texts": [],
  "ad_page_categories": [
    "非營利組織"
  ],
  "ad_page_like_count": 0,
  "ad_publisher_platform": [
    "facebook"
  ],
  "ad_like_count": "0",
  "ad_share_count": "0"
}