{
  "ad_id": "1344015829647580",
  "ad_context": "初四走春\n\n安秝佛光山走春 吉星高照與佛同行\n歡迎大家來高雄旅遊欣賞各地美景\n\n#初四走春\n#佛光山",
  "ad_profile_name": "高雄市議員 鄭安秝",
  "ad_profile_image": "https://scontent.ftpe8-3.fna.fbcdn.net/v/t39.35426-6/428023136_1326998257990413_7669397499566779558_n.jpg?stp=dst-jpg_s60x60_tt6&_nc_cat=107&ccb=1-7&_nc_sid=c53f8f&_nc_ohc=DnBuJ1TxOYYQ7kNvwEaMq0D&_nc_oc=AdmVh1h-s3uz7_0mvMU5uETxIuuuY83cX70y5hpJNadD174xr5r6F8I26z-xGF93mE0&_nc_zt=14&_nc_ht=scontent.ftpe8-3.fna&_nc_gid=bGD4gBzB2k8vBqcw2IPtzg&oh=00_AfrslDP_CAaRtwNVaImdM3nnOUVscU4ijr2rC9DUOQJoCw&oe=696DCFF4",
  "ad_is_video": false,
  "ad_video_preview_image": null,
  "ad_image": "https://scontent.ftpe8-3.fna.fbcdn.net/v/t39.35426-6/428008703_7380015062064925_6773871711411223192_n.jpg?stp=dst-jpg_s600x600_tt6&_nc_cat=107&ccb=1-7&_nc_sid=c53f8f&_nc_ohc=_Ius9p6TFgAQ7kNvwGKkNE9&_nc_oc=AdkYu8wgh36W8ETKhdrtiYm7bwo5u2O-Y8xHsFLgwWZ7KoRLA6DAvtMD6PuMK8drrBs&_nc_zt=14&_nc_ht=scontent.ftpe8-3.fna&_nc_gid=bGD4gBzB2k8vBqcw2IPtzg&oh=00_AfrsF4qFC88I1FhBpB4ugaIvjzyWgqCCDuZrl5hUVxobRQ&oe=696DE2F7",
  "ad_cta_text": "",
  "ad_link_description": null,
  "ad_link_url": null,
  "ad_title": null,
  "ad_caption": null,
  "ad_page_id": "915235141981103",
  "ad_cta_type": "",
  "ad_extra_links": [],
  "ad_extra_texts": [],
  "ad_page_categories": [
    "政治人物"
  ],
  "ad_page_like_count": 0,
  "ad_publisher_platform": [
    "facebook",
    "instagram"
  ],
  "ad_like_count": "0",
  "ad_share_count": "0"
}