{
  "ad_id": "1345752649610916",
  "ad_context": "今天代表徐佳青委員長列席立法院，陪同行政院 陳建仁 Chen Chien-Jen 院長到立法院進行施政報告並備詢。\n          \n以往都是質詢官員，現在角色對調，感受特別深刻。在陳院長帶領下，行政團隊會用溫暖堅韌的風格，帶給人民最有感的政績！",
  "ad_profile_name": "阮昭雄",
  "ad_profile_image": "https://scontent.ftpe8-2.fna.fbcdn.net/v/t39.35426-6/332327785_512349744391442_5434466349781333067_n.jpg?stp=dst-jpg_s60x60_tt6&_nc_cat=103&ccb=1-7&_nc_sid=c53f8f&_nc_ohc=84BWcsDvesAQ7kNvwFPBdR4&_nc_oc=AdmzMUbt99wmUkMqFQYROP8mDZN1Zd1Yk7WTCfqlN-X4pzARDC4c6uITTaVxot4drpw&_nc_zt=14&_nc_ht=scontent.ftpe8-2.fna&_nc_gid=x1JlyRTextpkMrNoBBw_HA&oh=00_AfqmmGzHPVU18tzlhrbI8p9dF5_g_QlBsbis_LjqVWkA3g&oe=696E5BA4",
  "ad_is_video": false,
  "ad_video_preview_image": null,
  "ad_image": "https://scontent.ftpe8-3.fna.fbcdn.net/v/t39.35426-6/332485586_739031127661676_2176022680835657956_n.jpg?stp=dst-jpg_s600x600_tt6&_nc_cat=107&ccb=1-7&_nc_sid=c53f8f&_nc_ohc=DkmokHAbtucQ7kNvwG_DLyL&_nc_oc=AdkhpXX6ActaEiGgK1kzJo4oSLJysdw7X-fSc04hXgoqRWam_egDpNFMeKzZfS24Ww8&_nc_zt=14&_nc_ht=scontent.ftpe8-3.fna&_nc_gid=x1JlyRTextpkMrNoBBw_HA&oh=00_Afpx5Nebfu0T8rBAPy14FFdcxVfLkQnf3T5kR0zxtQarNA&oe=696E4D61",
  "ad_cta_text": "發送訊息",
  "ad_link_description": null,
  "ad_link_url": null,
  "ad_title": null,
  "ad_caption": null,
  "ad_page_id": "228234588681",
  "ad_cta_type": "發送訊息",
  "ad_extra_links": [],
  "ad_extra_texts": [],
  "ad_page_categories": [
    "政治人物"
  ],
  "ad_page_like_count": 0,
  "ad_publisher_platform": [
    "facebook",
    "instagram"
  ],
  "ad_like_count": "0",
  "ad_share_count": "0"
}