{
  "ad_id": "1345534643037415",
  "ad_context": "位於龍元宮旁巷子龍興路有里民反應，水溝需要清淤作業，今天下午清潔隊來執行清溝里長也來到現場查看水溝排水情況，非常感謝我們清潔隊清溝班，辛苦了～，有造成交通不便請見諒！",
  "ad_profile_name": "龍潭里里長 古智仁",
  "ad_profile_image": "https://scontent.ftpe8-3.fna.fbcdn.net/v/t39.35426-6/345278863_189364327338216_8586403354187796966_n.jpg?stp=dst-jpg_s60x60_tt6&_nc_cat=111&ccb=1-7&_nc_sid=c53f8f&_nc_ohc=mUinvTNVF1sQ7kNvwFTqEfY&_nc_oc=AdnsIkrSEZiUOKBPM7_NGvkn9YG2YJzmvPWdafXBBw7gFMF4OY2rX28L4IVuk8-Y21Y&_nc_zt=14&_nc_ht=scontent.ftpe8-3.fna&_nc_gid=Jn6riBq8mAzzbLAmeL9cAQ&oh=00_AfpMWFa6dtDVtij8Aihmr9CLDZhCjs1fH-x-t5kxx_oUrQ&oe=696E3E79",
  "ad_is_video": false,
  "ad_video_preview_image": null,
  "ad_image": "https://scontent.ftpe8-1.fna.fbcdn.net/v/t39.35426-6/346060102_6054575174598103_7287334087009426935_n.jpg?stp=dst-jpg_s600x600_tt6&_nc_cat=105&ccb=1-7&_nc_sid=c53f8f&_nc_ohc=pnLc0-eGWj0Q7kNvwHL1nZa&_nc_oc=AdkaHhpldByJ9RoRUq9dIXHYhrfStBmW6prUXGckaEwGTSbgN56QnBMQtnzVn2SHCzY&_nc_zt=14&_nc_ht=scontent.ftpe8-1.fna&_nc_gid=Jn6riBq8mAzzbLAmeL9cAQ&oh=00_AfpO-nVmB0eDG0ftN46q8wJq8DUE9ngVaERxldMVD2X88g&oe=696E389A",
  "ad_cta_text": "發送訊息",
  "ad_link_description": null,
  "ad_link_url": null,
  "ad_title": null,
  "ad_caption": null,
  "ad_page_id": "158422268047235",
  "ad_cta_type": "發送訊息",
  "ad_extra_links": [],
  "ad_extra_texts": [],
  "ad_page_categories": [
    "政治人物"
  ],
  "ad_page_like_count": 2359,
  "ad_publisher_platform": [
    "facebook"
  ],
  "ad_like_count": "0",
  "ad_share_count": "0"
}