{
  "ad_id": "1346545050503127",
  "ad_context": "潮流又環保的機車定檢通知方式 be like【2026新北機車定檢通知】",
  "ad_profile_name": "新北i環保",
  "ad_profile_image": "https://scontent.ftpe8-2.fna.fbcdn.net/v/t39.35426-6/595370615_1894168791470123_5263571760661619172_n.jpg?stp=dst-jpg_s60x60_tt6&_nc_cat=103&ccb=1-7&_nc_sid=c53f8f&_nc_ohc=RJQLWCU7KuIQ7kNvwHVYxfu&_nc_oc=AdkKULTKhW8v_g88xQubJn8so_ra2hd_PbEoJZhic_ayMj3_SZpuB3wTzeFXdXCXQic&_nc_zt=14&_nc_ht=scontent.ftpe8-2.fna&_nc_gid=zROtB4Z3sOXkZFZUEmAEkg&oh=00_AfppYCiZPXudZCzt1u5UgsAKnUq-g-BDT9FKJk9nGXj76w&oe=696DD10A",
  "ad_is_video": false,
  "ad_video_preview_image": "https://scontent.ftpe8-3.fna.fbcdn.net/v/t39.35426-6/596757026_828253130008614_6992755493500379185_n.jpg?_nc_cat=107&ccb=1-7&_nc_sid=c53f8f&_nc_ohc=KdNx97fL1EEQ7kNvwGDPOs2&_nc_oc=AdkfYKAZOPhTk1St19PODM5uOLcRDyc4mYJUstY8zP2kup9hVcspGQbZK8amL_wbD8U&_nc_zt=14&_nc_ht=scontent.ftpe8-3.fna&_nc_gid=zROtB4Z3sOXkZFZUEmAEkg&oh=00_AfryojTxRmC95ez0CIvyJcftACTIgxSjosppEDucDDXgJA&oe=696DC0DC",
  "ad_image": null,
  "ad_cta_text": "",
  "ad_link_description": null,
  "ad_link_url": null,
  "ad_title": null,
  "ad_caption": null,
  "ad_page_id": "848545415232839",
  "ad_cta_type": "",
  "ad_extra_links": [],
  "ad_extra_texts": [],
  "ad_page_categories": [
    "政府機構"
  ],
  "ad_page_like_count": 0,
  "ad_publisher_platform": [
    "facebook",
    "instagram"
  ],
  "ad_like_count": "0",
  "ad_share_count": "0"
}