{
  "ad_id": "1347679693587063",
  "ad_context": "",
  "ad_profile_name": "Each Modern 亞紀畫廊",
  "ad_profile_image": "https://scontent.ftpe8-1.fna.fbcdn.net/v/t39.35426-6/548676752_1321153709664344_1416816334370623507_n.jpg?stp=dst-jpg_s60x60_tt6&_nc_cat=108&ccb=1-7&_nc_sid=c53f8f&_nc_ohc=E4XIwnpMa0MQ7kNvwEkGW6-&_nc_oc=AdnQOxaZf13hKFZ3mZeFJAdK55E2U9W37jA7IKqEAIx2CG1wbXKjjcctxYU_KD90EJM&_nc_zt=14&_nc_ht=scontent.ftpe8-1.fna&_nc_gid=xcfFNNAKkNhDoOj7DVdfcw&oh=00_Afpft9gaWFUOT6pPaDwVp7Hj0CyPw-AmN8amPVztpy--IQ&oe=696E73A5",
  "ad_is_video": false,
  "ad_video_preview_image": null,
  "ad_image": "https://scontent.ftpe8-2.fna.fbcdn.net/v/t39.35426-6/549196357_771502425861782_2022682600261836758_n.jpg?stp=dst-jpg_s600x600_tt6&_nc_cat=101&ccb=1-7&_nc_sid=c53f8f&_nc_ohc=f4ajhE9NbQQQ7kNvwE-wK_p&_nc_oc=AdkyiWmvbOAcFPXw4I76Zaco_taYGwi83eZpcA5JYQzMasE4TauKPMVaruSJ0yqZNug&_nc_zt=14&_nc_ht=scontent.ftpe8-2.fna&_nc_gid=xcfFNNAKkNhDoOj7DVdfcw&oh=00_Afqr_aafW_G4WAXPBzpOufjkV_3_BHDQ56l6GAFVPeoLhg&oe=696E483A",
  "ad_cta_text": "Visit Instagram Profile",
  "ad_link_description": null,
  "ad_link_url": "https://l.facebook.com/l.php?u=https%3A%2F%2Fwww.instagram.com%2F_u%2Feachmodern%3Ffbclid%3DIwZXh0bgNhZW0CMTAAYnJpZBExZ1h6TjROVm50bUtKNncwUXNydGMGYXBwX2lkDzU0MTYzOTQ5Mzg4OTAyNQABHhhZZn3oKZYuA--mwpGXYLu3eZ3wjwoeboUy6_KjaUTgCN4nqCrzZ0AiD5xT_aem_Lt_1gvhHI9IP4pSELzhinw&h=AT21oJ7X6kqdbJ7W18bhMyw0-dDSkL84kYf3P-e6dSzySynV-4lrqqNh8ZO1FKONl6Lzrh0XTsGLmmz72IxcGFJFCsQKS6G_JCdGqZ2iV2Hj6s3uGZMAf1hXjVOSWrPhXzUgYsf1-6YESx1-jiMelA",
  "ad_title": "EACH MODERN (@eachmodern) • Instagram photos and videos",
  "ad_caption": "instagram.com",
  "ad_page_id": "208836353047174",
  "ad_cta_type": "Visit Instagram Profile",
  "ad_extra_links": [
    "EACH MODERN (@eachmodern) • Instagram photos and videos",
    "EACH MODERN (@eachmodern) • Instagram photos and videos",
    "EACH MODERN (@eachmodern) • Instagram photos and videos",
    "EACH MODERN (@eachmodern) • Instagram photos and videos",
    "EACH MODERN (@eachmodern) • Instagram photos and videos",
    "EACH MODERN (@eachmodern) • Instagram photos and videos"
  ],
  "ad_extra_texts": [],
  "ad_page_categories": [
    "藝廊"
  ],
  "ad_page_like_count": 8826,
  "ad_publisher_platform": [
    "instagram"
  ],
  "ad_like_count": "0",
  "ad_share_count": "0"
}