{
  "ad_id": "1347308640528451",
  "ad_context": "【#元氣醫活Podcast】\n\n本集來賓：陳宏麟／台灣基層糖尿病協會理事長 #糖尿病 #代謝症候群\n\n根據衛福部統計，台灣19 歲以上成人每4位就有1位代謝出現異常，長期恐提高心血管疾病、糖尿病等風險。忙碌、外食、壓力爆棚的生活，正悄悄拖垮你的代謝力。\n\n台灣基層糖尿病協會理事長陳宏麟醫師提醒：代謝不只關乎三高，更與「老化速度」有關。越早調整生活習慣，就能越早讓身體回到穩定軌道。\n\n🔥 想開始提升代謝力？可參考「代謝友善吃法」：\n✔ 好醣：原型食物最安心，像是地瓜、糙米、燕麥\n✔ 好油：橄欖油、苦茶油讓你越吃越穩定\n✔ 高纖：蔬菜先吃，血糖更平穩\n✔ 優質蛋白質：肉、魚、蛋、奶都能幫你維持肌肉量\n陳宏麟醫師說：「每天改變一個小習慣，你就能開始逆齡代謝！」\n\n👉 趁現在，從今天的一餐、一次選擇開始，給身體一個更好的未來。\n\n點擊連結：https://reurl.cc/R9yZ6z\n\n#代謝症候群\n#代謝友善飲食\n#糖尿病\n#陳宏麟醫師\n#元氣醫聲\n————————————————————————————\n元氣醫聲收聽網址\nApple Podcast：https://reurl.cc/QbV6lO\nSpotify：https://reurl.cc/GEGbyG\nKKBOX：https://reurl.cc/MNMk5p",
  "ad_profile_name": "元氣網",
  "ad_profile_image": "https://scontent.ftpe8-4.fna.fbcdn.net/v/t39.35426-6/588669022_701504599693435_61426819180868468_n.jpg?stp=dst-jpg_s60x60_tt6&_nc_cat=110&ccb=1-7&_nc_sid=c53f8f&_nc_ohc=8N2iyig7trAQ7kNvwGCsTLP&_nc_oc=AdmNbvs0CKPFyR7M39Lwri4kb1kkjSsrq59_nWE6CTgaftn3ngvhXnAD3FJjQmYZauI&_nc_zt=14&_nc_ht=scontent.ftpe8-4.fna&_nc_gid=UNwp9nj6lgkZEiOeFBj5rg&oh=00_AfqVEhb55MJ7yaz_4ZqcScCYsVmTrRR1HASAZTy_uYyzsQ&oe=696DD0B1",
  "ad_is_video": false,
  "ad_video_preview_image": null,
  "ad_image": "https://scontent.ftpe8-3.fna.fbcdn.net/v/t39.35426-6/588650930_1649932856137070_1948450180948534693_n.jpg?stp=dst-jpg_s600x600_tt6&_nc_cat=111&ccb=1-7&_nc_sid=c53f8f&_nc_ohc=iCkxHFWRZkcQ7kNvwFPQjTB&_nc_oc=AdmCDlhp2n-kCoa70o1KkYcBl9sotsVRnmVaQx4_e99RUU3uHx3Kl1FmSGj37ruUfxk&_nc_zt=14&_nc_ht=scontent.ftpe8-3.fna&_nc_gid=UNwp9nj6lgkZEiOeFBj5rg&oh=00_Afpdym6nXZIY1AVnZI5A7PjGWJfPE16Tb0cVo9bpJWe_NQ&oe=696DF3BB",
  "ad_cta_text": "",
  "ad_link_description": "不是年紀大才會代謝差，根據衛福部統計，台灣19歲以上成人的代謝症候群比例高達三成，等於每四人就有一人代謝力亮紅燈，增加日後發生心血",
  "ad_link_url": "https://reurl.cc/R9yZ6z",
  "ad_title": "🎧｜不吃油比較不會胖？ 醫師教你吃得好、吃得飽、吃得巧　有效「啟動代謝力」｜元氣網",
  "ad_caption": "health.udn.com",
  "ad_page_id": "739049559498402",
  "ad_cta_type": "",
  "ad_extra_links": [],
  "ad_extra_texts": [],
  "ad_page_categories": [],
  "ad_page_like_count": 0,
  "ad_publisher_platform": [
    "facebook"
  ],
  "ad_like_count": "0",
  "ad_share_count": "0"
}