{
  "ad_id": "1348574827286606",
  "ad_context": "「黑熊親子森遊會」首次前進台中！免報名，歡迎免費參加\n✍️1/24（六）～1/25（日）📍台中文心森林公園\n​\n從台北到高雄、從高雄到花蓮，這次森遊會第一次要前往台中！\n​\n「黑熊親子森遊會」是設計給全家大小一起參與的活動。\n​\n家長不可能時時刻刻在孩子身邊，讓孩子具備防災意識，才是應對災害的最好方法。\n​\n在這場活動中，家長能邊陪孩子玩跟進行防災用品討論，讓孩子學會理解「我是誰、我在哪、我該做什麼」的判斷。\n​\n誠摯邀請每個家庭都來現場參與！\n​\n🌟免報名，免費入場\n🌟不限年紀皆可參與\n🌟首次於台中舉辦，全程免費回饋在地\n​\n【黑熊森遊會6️⃣大關卡】\n​\n1️⃣避難背包拼拼樂：瞭解如何準備避難包\n2️⃣一袋米扛幾樓：揹上避難背包挑戰試體能\n3️⃣巧手繃帶救護隊：學習基礎包紮跟傷口處理\n4️⃣勇敢躲藏家：學會防空警報避難姿勢\n5️⃣尋找神奇路標：學會回報自己的位置就不怕迷路\n6️⃣HIGH客任務：資安意識建立\n​\n【現場互動體驗區】\n​\n＊熊熊來塗鴉：來現場發揮創意\n＊防災商品體驗\n​\n-\n​\n✍️記下時間日期，我們當天見！\n📍日期：2026年1月24日至1月25日\n📍時間：下午1點至晚上6點\n📍地點：台中文心森林公園\n​\n特別感謝協辦單位：應援科技",
  "ad_profile_name": "黑熊學院",
  "ad_profile_image": "https://scontent.ftpe8-2.fna.fbcdn.net/v/t39.35426-6/614208999_1601898760844997_6376523735484350448_n.jpg?stp=dst-jpg_s60x60_tt6&_nc_cat=103&ccb=1-7&_nc_sid=c53f8f&_nc_ohc=wQNRHo69ekIQ7kNvwElGUJj&_nc_oc=AdmyCn51YLm5JIjikPRPvR3QT6tFSmae3bqaS1EeYYkTHu0YnRTNghS4AoMKbj2i7GA&_nc_zt=14&_nc_ht=scontent.ftpe8-2.fna&_nc_gid=p7erLJMRsoYJjhEUPqVcvQ&oh=00_Afr44KOVx1HY4l5oKf1hOJTs5Xy4XqHICAulB4_9GuFTCA&oe=696E6783",
  "ad_is_video": false,
  "ad_video_preview_image": null,
  "ad_image": "https://scontent.ftpe8-2.fna.fbcdn.net/v/t39.35426-6/613436177_1207158581509853_1399588419480361625_n.jpg?stp=dst-jpg_s600x600_tt6&_nc_cat=103&ccb=1-7&_nc_sid=c53f8f&_nc_ohc=w0xwXUsqRx0Q7kNvwESRY6X&_nc_oc=AdlpekXOSLzqUPon3CnKy8XrCRZ11VFet0CgNujS3GXANbfaHn7X6XusSA8VLjdCJzo&_nc_zt=14&_nc_ht=scontent.ftpe8-2.fna&_nc_gid=p7erLJMRsoYJjhEUPqVcvQ&oh=00_AfqYvrK8lQROe5gPyQWtXj_Mt4yOC204eankVKHnnUMJ7Q&oe=696E68E1",
  "ad_cta_text": "",
  "ad_link_description": null,
  "ad_link_url": null,
  "ad_title": null,
  "ad_caption": null,
  "ad_page_id": "101823675693502",
  "ad_cta_type": "",
  "ad_extra_links": [],
  "ad_extra_texts": [],
  "ad_page_categories": [],
  "ad_page_like_count": 0,
  "ad_publisher_platform": [
    "facebook",
    "instagram"
  ],
  "ad_like_count": "0",
  "ad_share_count": "0"
}