{
  "ad_id": "1348736807006964",
  "ad_context": "[Regal Hotels Bed & Breakfast Offer | Taste the Flavours · Start Your Day Right]\n\nBook your stay directly on Regal Hotels’ official website to enjoy the best available rate and complimentary breakfast buffet for two. Fresh Hong Kong delicacies and classic international flavors — the perfect way to begin your day.\n \n#RegalHotels #BedAndBreakfast #HongKongBreakfast #StayAndDine",
  "ad_profile_name": "Regal Hotels 富豪酒店",
  "ad_profile_image": "https://scontent.ftpe8-4.fna.fbcdn.net/v/t39.35426-6/611940610_1757100318302315_8492805537845224743_n.jpg?stp=dst-jpg_s60x60_tt6&_nc_cat=104&ccb=1-7&_nc_sid=c53f8f&_nc_ohc=Ba_lktDiItwQ7kNvwFU8lNb&_nc_oc=Adl6NavICiBCbZ1xZ8qiVKRJw1JpV-46Y_Ab2aNE0dlNAhC7Xdp-trPE_ElAc1otQC0&_nc_zt=14&_nc_ht=scontent.ftpe8-4.fna&_nc_gid=JovWAcFzokj6NkM4jIvM_w&oh=00_AfqxJoZ2QmwwjRbUICsXinKxXcsG6B1B5fRNaxqReqk0Tg&oe=696E6A13",
  "ad_is_video": false,
  "ad_video_preview_image": null,
  "ad_image": "https://scontent.ftpe8-3.fna.fbcdn.net/v/t39.35426-6/612171810_1402739984641923_8603896813362890722_n.jpg?stp=dst-jpg_s600x600_tt6&_nc_cat=107&ccb=1-7&_nc_sid=c53f8f&_nc_ohc=4eKMt85KGqkQ7kNvwHZ0q9Y&_nc_oc=AdnLY3OGdiY5NyMNI4jERzkXhp0yyHp_W30bGNKcdWUz_FMJCoiRSuQUIuOQbHWOl7o&_nc_zt=14&_nc_ht=scontent.ftpe8-3.fna&_nc_gid=JovWAcFzokj6NkM4jIvM_w&oh=00_AfqUZqi2kegmstM1lx1eiFw2uYv-1L1jLOek6LBrcqumeA&oe=696E5A32",
  "ad_cta_text": "搶先預約",
  "ad_link_description": null,
  "ad_link_url": "https://l.facebook.com/l.php?u=https%3A%2F%2Fwww.booking.regalhotel.com%2F%3Futm_medium%3Dad%26utm_source%3Dmeta%26utm_campaign%3DRHI_BedandBreakfast%26utm_term%3DNA%26utm_content%3Dbookingsite%26fbclid%3DIwZXh0bgNhZW0CMTAAYnJpZBExZ1h6TjROVm50bUtKNncwUXNydGMGYXBwX2lkDzU0MTYzOTQ5Mzg4OTAyNQABHqOvqPbne2NHb471zRetjfkfzCbzkL9G_i2hss-ohzkHZHd0BQs1DHd0EbgY_aem_WbL-LO6ypBwT1ba1uQRD3A&h=AT1uKWeg38wctWfYsfgh-y0M-l5-vD2qNuptBbjpDQZkI2YBGAMzhr8tvDZnwrR7JpLAeAVtcpTXal-mDLZCIRw0nARIPCq7l85TfA8GjhS9_YkLB5eP0coq7PRrlUMghcctdv_pL9yz3J0g6EFHtA",
  "ad_title": "Book Direct for Free Breakfast",
  "ad_caption": "booking.regalhotel.com",
  "ad_page_id": "803931762966700",
  "ad_cta_type": "搶先預約",
  "ad_extra_links": [],
  "ad_extra_texts": [],
  "ad_page_categories": [],
  "ad_page_like_count": 0,
  "ad_publisher_platform": [
    "facebook",
    "instagram"
  ],
  "ad_like_count": "0",
  "ad_share_count": "0"
}