{
  "ad_id": "1349506360256883",
  "ad_context": "【1月全新課程：《機智醫生生活》全解析！】 \n在課程許願清單中，有一個需求時常出現：想瞭解怎麼寫「群像戲」。\n​\n在人人提倡故事要有類型的時候，\n其實有個類型一直都是長青樹，\n幾乎是台灣觀眾的最愛。\n​\n在影集的世界裡，\n最常受熱睞的，\n不是懸疑、不是動作、不是愛情，\n而是生活倫理劇（或稱家庭倫理劇）。\n​\n因為情節相對的生活化，\n常見聚焦處理家庭與個人的衝突，\n最終則常滿足社會倫常，\n找到和解的方式。\n​\n從早期的《光陰的故事》、\n開始融入商戰元素的《霹靂火》、《世間情》、\n再到世代衝突的《我的婆婆怎麼那麼可愛》、\n女性與性別議題《俗女養成記》、\n《拜六禮拜》等等，\n一直都是追求陪伴感的追劇一族，\n老少咸宜的選擇。\n​\n這類的作品最常見的挑戰是：\n事件相對生活，\n而且通常是一個又一個的小事，\n與過往我們常見，\n有貫穿全劇的大事件的寫法明顯不同，\n而很容易流於瑣碎無趣。\n​\n到底如何在「貼近生活」與「戲劇性」之間取得平衡？\n如何在一個故事中，\n容納這麼多的角色與事件，\n卻又不顯得流水帳呢？\n​\n最好的學習是向作品學習，\n這個月我們開闢了一個新單元：\n神劇解剖室。\n​\n第一篇作品，\n將要解析廣受歡迎的療癒神劇\n《機智醫生生活》。\n​\n透過這部作品，\n我們可以同時學到很多事：\n​\n⓵ 如何在不灑狗血的前提下，寫出戲劇衝突？\n⓶ 如何同時經營多個角色，差異鮮明卻又有共同點？\n⓷ 如何「調整比例」，決定故事偏醫療劇多一點，還是生活倫理多一些？\n⓸ 如何設計充滿療癒感的事件與台詞？\n⓹ 如何讓這麼多的元素不顯得混亂而有一體性？\n​\n在這個月的最後，\n1/31（六）的下午2點，\n歡迎大家一起來暖暖自己的心，\n迎接即將到來的新年。\n​\n👇 從這裡去看看詳細課程內容：\nhttps://www.domorenovel.com/product/script-doctor/\n​\n現在報名不僅課後有錄影可以重複觀看學習，\n還有限時71折優惠😉\n​\n歡迎來上課，\n一起學編劇。",
  "ad_profile_name": "東默農編劇",
  "ad_profile_image": null,
  "ad_is_video": false,
  "ad_video_preview_image": null,
  "ad_image": null,
  "ad_cta_text": null,
  "ad_link_description": "1月直播限定場 - 限時71折優惠",
  "ad_link_url": "https://www.domorenovel.com/product/script-doctor/",
  "ad_title": "神劇劇本解剖室 - 向經典作品學編劇",
  "ad_caption": "domorenovel.com",
  "ad_page_id": "341620745933304",
  "ad_cta_type": null,
  "ad_extra_links": [
    "神劇劇本解剖室 - 向經典作品學編劇",
    "神劇劇本解剖室 - 向經典作品學編劇",
    "神劇劇本解剖室 - 向經典作品學編劇"
  ],
  "ad_extra_texts": [
    "【1月全新課程：《機智醫生生活》全解析！】 \n在課程許願清單中，有一個需求時常出現：想瞭解怎麼寫「群像戲」。\n​\n在人人提倡故事要有類型的時候，\n其實有個類型一直都是長青樹，\n幾乎是台灣觀眾的最愛。\n​\n在影集的世界裡，\n最常受熱睞的，\n不是懸疑、不是動作、不是愛情，\n而是生活倫理劇（或稱家庭倫理劇）。\n​\n因為情節相對的生活化，\n常見聚焦處理家庭與個人的衝突，\n最終則常滿足社會倫常，\n找到和解的方式。\n​\n從早期的《光陰的故事》、\n開始融入商戰元素的《霹靂火》、《世間情》、\n再到世代衝突的《我的婆婆怎麼那麼可愛》、\n女性與性別議題《俗女養成記》、\n《拜六禮拜》等等，\n一直都是追求陪伴感的追劇一族，\n老少咸宜的選擇。\n​\n這類的作品最常見的挑戰是：\n事件相對生活，\n而且通常是一個又一個的小事，\n與過往我們常見，\n有貫穿全劇的大事件的寫法明顯不同，\n而很容易流於瑣碎無趣。\n​\n到底如何在「貼近生活」與「戲劇性」之間取得平衡？\n如何在一個故事中，\n容納這麼多的角色與事件，\n卻又不顯得流水帳呢？\n​\n最好的學習是向作品學習，\n這個月我們開闢了一個新單元：\n神劇解剖室。\n​\n第一篇作品，\n將要解析廣受歡迎的療癒神劇\n《機智醫生生活》。\n​\n透過這部作品，\n我們可以同時學到很多事：\n​\n⓵ 如何在不灑狗血的前提下，寫出戲劇衝突？\n⓶ 如何同時經營多個角色，差異鮮明卻又有共同點？\n⓷ 如何「調整比例」，決定故事偏醫療劇多一點，還是生活倫理多一些？\n⓸ 如何設計充滿療癒感的事件與台詞？\n⓹ 如何讓這麼多的元素不顯得混亂而有一體性？\n​\n在這個月的最後，\n1/31（六）的下午2點，\n歡迎大家一起來暖暖自己的心，\n迎接即將到來的新年。\n​\n👇 從這裡去看看詳細課程內容：\nhttps://www.domorenovel.com/product/script-doctor/\n​\n現在報名不僅課後有錄影可以重複觀看學習，\n還有限時71折優惠😉\n​\n歡迎來上課，\n一起學編劇。",
    "【1月全新課程：《機智醫生生活》全解析！】 \n在課程許願清單中，有一個需求時常出現：想瞭解怎麼寫「群像戲」。\n​\n在人人提倡故事要有類型的時候，\n其實有個類型一直都是長青樹，\n幾乎是台灣觀眾的最愛。\n​\n在影集的世界裡，\n最常受熱睞的，\n不是懸疑、不是動作、不是愛情，\n而是生活倫理劇（或稱家庭倫理劇）。\n​\n因為情節相對的生活化，\n常見聚焦處理家庭與個人的衝突，\n最終則常滿足社會倫常，\n找到和解的方式。\n​\n從早期的《光陰的故事》、\n開始融入商戰元素的《霹靂火》、《世間情》、\n再到世代衝突的《我的婆婆怎麼那麼可愛》、\n女性與性別議題《俗女養成記》、\n《拜六禮拜》等等，\n一直都是追求陪伴感的追劇一族，\n老少咸宜的選擇。\n​\n這類的作品最常見的挑戰是：\n事件相對生活，\n而且通常是一個又一個的小事，\n與過往我們常見，\n有貫穿全劇的大事件的寫法明顯不同，\n而很容易流於瑣碎無趣。\n​\n到底如何在「貼近生活」與「戲劇性」之間取得平衡？\n如何在一個故事中，\n容納這麼多的角色與事件，\n卻又不顯得流水帳呢？\n​\n最好的學習是向作品學習，\n這個月我們開闢了一個新單元：\n神劇解剖室。\n​\n第一篇作品，\n將要解析廣受歡迎的療癒神劇\n《機智醫生生活》。\n​\n透過這部作品，\n我們可以同時學到很多事：\n​\n⓵ 如何在不灑狗血的前提下，寫出戲劇衝突？\n⓶ 如何同時經營多個角色，差異鮮明卻又有共同點？\n⓷ 如何「調整比例」，決定故事偏醫療劇多一點，還是生活倫理多一些？\n⓸ 如何設計充滿療癒感的事件與台詞？\n⓹ 如何讓這麼多的元素不顯得混亂而有一體性？\n​\n在這個月的最後，\n1/31（六）的下午2點，\n歡迎大家一起來暖暖自己的心，\n迎接即將到來的新年。\n​\n👇 從這裡去看看詳細課程內容：\nhttps://www.domorenovel.com/product/script-doctor/\n​\n現在報名不僅課後有錄影可以重複觀看學習，\n還有限時71折優惠😉\n​\n歡迎來上課，\n一起學編劇。",
    "【1月全新課程：《機智醫生生活》全解析！】 \n在課程許願清單中，有一個需求時常出現：想瞭解怎麼寫「群像戲」。\n​\n在人人提倡故事要有類型的時候，\n其實有個類型一直都是長青樹，\n幾乎是台灣觀眾的最愛。\n​\n在影集的世界裡，\n最常受熱睞的，\n不是懸疑、不是動作、不是愛情，\n而是生活倫理劇（或稱家庭倫理劇）。\n​\n因為情節相對的生活化，\n常見聚焦處理家庭與個人的衝突，\n最終則常滿足社會倫常，\n找到和解的方式。\n​\n從早期的《光陰的故事》、\n開始融入商戰元素的《霹靂火》、《世間情》、\n再到世代衝突的《我的婆婆怎麼那麼可愛》、\n女性與性別議題《俗女養成記》、\n《拜六禮拜》等等，\n一直都是追求陪伴感的追劇一族，\n老少咸宜的選擇。\n​\n這類的作品最常見的挑戰是：\n事件相對生活，\n而且通常是一個又一個的小事，\n與過往我們常見，\n有貫穿全劇的大事件的寫法明顯不同，\n而很容易流於瑣碎無趣。\n​\n到底如何在「貼近生活」與「戲劇性」之間取得平衡？\n如何在一個故事中，\n容納這麼多的角色與事件，\n卻又不顯得流水帳呢？\n​\n最好的學習是向作品學習，\n這個月我們開闢了一個新單元：\n神劇解剖室。\n​\n第一篇作品，\n將要解析廣受歡迎的療癒神劇\n《機智醫生生活》。\n​\n透過這部作品，\n我們可以同時學到很多事：\n​\n⓵ 如何在不灑狗血的前提下，寫出戲劇衝突？\n⓶ 如何同時經營多個角色，差異鮮明卻又有共同點？\n⓷ 如何「調整比例」，決定故事偏醫療劇多一點，還是生活倫理多一些？\n⓸ 如何設計充滿療癒感的事件與台詞？\n⓹ 如何讓這麼多的元素不顯得混亂而有一體性？\n​\n在這個月的最後，\n1/31（六）的下午2點，\n歡迎大家一起來暖暖自己的心，\n迎接即將到來的新年。\n​\n👇 從這裡去看看詳細課程內容：\nhttps://www.domorenovel.com/product/script-doctor/\n​\n現在報名不僅課後有錄影可以重複觀看學習，\n還有限時71折優惠😉\n​\n歡迎來上課，\n一起學編劇。"
  ],
  "ad_page_categories": [],
  "ad_page_like_count": 0,
  "ad_publisher_platform": [
    "facebook",
    "instagram",
    "audience_network",
    "messenger"
  ],
  "ad_like_count": "0",
  "ad_share_count": "0"
}