{
  "ad_id": "1349663995671805",
  "ad_context": "冷冷冬日必備！暖心保溫杯",
  "ad_profile_name": "良杯製所 Oolab",
  "ad_profile_image": "https://scontent.ftpe8-3.fna.fbcdn.net/v/t39.35426-6/403599597_6908167245957185_8451497263512603339_n.jpg?stp=dst-jpg_s60x60_tt6&_nc_cat=111&ccb=1-7&_nc_sid=c53f8f&_nc_ohc=7ekOeniSuCEQ7kNvwGiPrBd&_nc_oc=AdlD4i0fMDdt3cK1uMCMifhcn78TCXkX9MQu-Gck4a8eirX6N1pS6rs6X4YvZBUjETc&_nc_zt=14&_nc_ht=scontent.ftpe8-3.fna&_nc_gid=qXMDg7hmbjt5JvTJpr-lLw&oh=00_Afr0mUP0xF3GpHmxF3LWXbBPRwRWssDiEUYcBPbJfliPNg&oe=696E6545",
  "ad_is_video": false,
  "ad_video_preview_image": null,
  "ad_image": "https://scontent.ftpe8-3.fna.fbcdn.net/v/t39.35426-6/403607252_3680724178914161_7033380688982768347_n.jpg?stp=dst-jpg_s600x600_tt6&_nc_cat=111&ccb=1-7&_nc_sid=c53f8f&_nc_ohc=VQ8n1GGzxWoQ7kNvwHdrySo&_nc_oc=Adk0Dx6ebod0GS83fA6cT34TjKcMYb-l6Hk_Iq9v_djajAFYqUz2HSTANhLroLM7eZk&_nc_zt=14&_nc_ht=scontent.ftpe8-3.fna&_nc_gid=qXMDg7hmbjt5JvTJpr-lLw&oh=00_AfrLpGTLUL2edh8C0d4r5avyDiP6yjqVaPx98ANIu7zyuw&oe=696E5D9C",
  "ad_cta_text": "瞭解詳情",
  "ad_link_description": "至2023-11-14T16:00:00.000+00:00截止 全店，[11/13-11/17下單滿千贈]吸管杯小孔防漏杯塞(2入)-愛心款(限量111組/日)",
  "ad_link_url": "https://l.facebook.com/l.php?u=https%3A%2F%2Fwww.oolabtw.com%2Fproducts%2Fcupii-710burntwheat-1%3Ffbclid%3DIwZXh0bgNhZW0CMTAAYnJpZBExZ1h6TjROVm50bUtKNncwUXNydGMGYXBwX2lkDzU0MTYzOTQ5Mzg4OTAyNQABHvL5w6mPAu2HpXygdUZMwhFIfnRvugCXcXRPI68d6nvjmZohffVBjKpfbiWP_aem_lLUtme59vjc9U5tZeqX6ug&h=AT02D07pfF0_JcYunEbT6z47TEtD4IX6cmaZxZRciXPQrdsehWmCJsdy5I4MvtPpsL0Dra9fxZhAnAaL8GbAWCs8qQcx55TabTTz731D2Coq8r5G5LfHW1mB_EXyZcEP5HrjzzAI3hWKe23WQ8PE7w",
  "ad_title": "二代不鏽鋼吸管杯710ml - 焦香小麥",
  "ad_caption": "oolabtw.com",
  "ad_page_id": "693907914395620",
  "ad_cta_type": "瞭解詳情",
  "ad_extra_links": [],
  "ad_extra_texts": [],
  "ad_page_categories": [],
  "ad_page_like_count": 0,
  "ad_publisher_platform": [
    "facebook",
    "instagram"
  ],
  "ad_like_count": "0",
  "ad_share_count": "0"
}