{
  "ad_id": "1351180526279671",
  "ad_context": "#台南第二選區 #3號 #詹秋嫻\n#公辦政見發表會心得 #1130103",
  "ad_profile_name": "詹秋嫻 台南市第二區立委候選人 3號",
  "ad_profile_image": "https://scontent.ftpe8-4.fna.fbcdn.net/v/t39.35426-6/418103230_1399907897400082_7509440641514581633_n.jpg?stp=dst-jpg_s60x60_tt6&_nc_cat=110&ccb=1-7&_nc_sid=c53f8f&_nc_ohc=IdmbK0MhFzMQ7kNvwGhG1jH&_nc_oc=AdlS-3-qlPP5FacwYlOMVRpq3nayExnyTHB0aVokT5nKNpfpPyGqmePRZiY0i-SnhEE&_nc_zt=14&_nc_ht=scontent.ftpe8-4.fna&_nc_gid=BwG_vEja3CnI0gyZM4vYmw&oh=00_AfryKZJRwLy10J_ubeS9ufFJZTsKRHsmunWGMeAIfwntLw&oe=696E53E9",
  "ad_is_video": false,
  "ad_video_preview_image": "https://scontent.ftpe8-2.fna.fbcdn.net/v/t39.35426-6/417811261_824680429422186_6224316501692911478_n.jpg?_nc_cat=103&ccb=1-7&_nc_sid=c53f8f&_nc_ohc=bqwnX28AP_4Q7kNvwEHvgRk&_nc_oc=AdmY7M_0YFMDPOFwtFs5OaeV90jphGmv-f1OSFwzAfykch_EORg02OThS23eYNAj8s0&_nc_zt=14&_nc_ht=scontent.ftpe8-2.fna&_nc_gid=BwG_vEja3CnI0gyZM4vYmw&oh=00_Afq4ywweKtUyP6w2_9-DpKuFxcTrFL92cfcBUath1boC9g&oe=696E6BD2",
  "ad_image": null,
  "ad_cta_text": "發送訊息",
  "ad_link_description": null,
  "ad_link_url": null,
  "ad_title": null,
  "ad_caption": "fb.com",
  "ad_page_id": "193905257141165",
  "ad_cta_type": "發送訊息",
  "ad_extra_links": [],
  "ad_extra_texts": [],
  "ad_page_categories": [
    "教育諮詢顧問"
  ],
  "ad_page_like_count": 53,
  "ad_publisher_platform": [
    "facebook",
    "instagram"
  ],
  "ad_like_count": "0",
  "ad_share_count": "0"
}