{
  "ad_id": "1352073559761512",
  "ad_context": "After conquering the steep slopes of the Sun Moon Lake loop and the White Jesus Statue in Tanshan Tribe, the ambassadors experienced the cultural immersion of Hsinchu's Hakka flavors while pedaling through the hidden trails shaded by dense green forests, successfully concluding all the cycling segments of this island-circumventing journey under the safety protection of the Garmin Varia RCT 715 Bike Tail Light with Radar Camera amid the clouds and mist!\n\n征服日月潭環湖與潭南部落的白耶穌像陡坡後，大使們體驗了竹客家風情的文化浸潤並踩踏於綠蔭密林的隱藏寶徑中，在雲霧中接受Garmin Varia RCT 715後視雷達尾燈的安全守護下，順利結束這次環島的所有騎乘行程！\n\n#neverstopcycling \n#garmincycling\n#garmincyclingclub \n#KPLUSBikehelmet\n#aminoVITAL \n#vision_tech_asia\n#RHINOSHIELD \n#老爺酒店集團\n#老爺酒店\n#老爺會館\n#hotelRoyalGroup\n#HotelRoyal\n\n@garmincyclingclub\n@starluxairlines\n@vision_tech_asia\n@kplushelmet\n@aminovital_tw\n@yakima_tw\n@hotelroyalgroup\n@rhinoshieldtw",
  "ad_profile_name": "Garmin Cycling Club",
  "ad_profile_image": "https://scontent.ftpe8-1.fna.fbcdn.net/v/t39.35426-6/581236382_805919862424681_4406349256513593170_n.jpg?stp=dst-jpg_s60x60_tt6&_nc_cat=108&ccb=1-7&_nc_sid=c53f8f&_nc_ohc=3VwuUm3MkiEQ7kNvwGQVarG&_nc_oc=AdlceJ2us8W2y4ueC3ktSQ6Y43DCDUP1geX23kI7LSfoe0WHniFSU4sPBgazW6oS3Mg&_nc_zt=14&_nc_ht=scontent.ftpe8-1.fna&_nc_gid=FVK6G5UGK4JPkndF7BVrSg&oh=00_AfquZT7sqf8fbpgQIiXa0gRjNTt_lQ4oAlvkh3ZX51f8Zg&oe=696D9DB0",
  "ad_is_video": false,
  "ad_video_preview_image": "https://scontent.ftpe8-3.fna.fbcdn.net/v/t39.35426-6/582032249_2242326892912010_6370824561158491543_n.jpg?_nc_cat=106&ccb=1-7&_nc_sid=c53f8f&_nc_ohc=p62qxddXWIsQ7kNvwEQEz3D&_nc_oc=Adkz9AI8jgdI-rKllq-5QNX-IG5Z6P38YjlaRvWKqiWDufChHViMMRBE36vcIWYAZJ4&_nc_zt=14&_nc_ht=scontent.ftpe8-3.fna&_nc_gid=FVK6G5UGK4JPkndF7BVrSg&oh=00_AfoYexkVOtOoL64xf-0j04MFjC8pBMcSoHabr4e7zcYyfw&oe=696DA300",
  "ad_image": null,
  "ad_cta_text": "",
  "ad_link_description": null,
  "ad_link_url": null,
  "ad_title": null,
  "ad_caption": null,
  "ad_page_id": "102104559375137",
  "ad_cta_type": "",
  "ad_extra_links": [],
  "ad_extra_texts": [],
  "ad_page_categories": [],
  "ad_page_like_count": 0,
  "ad_publisher_platform": [
    "instagram"
  ],
  "ad_like_count": "0",
  "ad_share_count": "0"
}