{
  "ad_id": "1352137860252429",
  "ad_context": "",
  "ad_profile_name": "樂。tattoo",
  "ad_profile_image": "https://scontent.ftpe8-1.fna.fbcdn.net/v/t39.35426-6/558628541_1352312139643351_7198989780966497761_n.jpg?stp=dst-jpg_s60x60_tt6&_nc_cat=105&ccb=1-7&_nc_sid=c53f8f&_nc_ohc=4DuWyTBeZrAQ7kNvwExWPoj&_nc_oc=AdlszzFEiZ2lxIsd-MH-bntjMFryCquPYLK3ccos_RHHsoni4dT9v_T2YK4wazx-hIE&_nc_zt=14&_nc_ht=scontent.ftpe8-1.fna&_nc_gid=55LydERFuL7FR9BFBauuDw&oh=00_AfrgQhKJiRlQxLDdUNXVsE-GxrfUWQ89LLl1pSrpGVPScA&oe=696DC36C",
  "ad_is_video": false,
  "ad_video_preview_image": null,
  "ad_image": "https://scontent.ftpe8-3.fna.fbcdn.net/v/t39.35426-6/557823256_2043605396445366_3793848741507030001_n.jpg?stp=dst-jpg_s600x600_tt6&_nc_cat=111&ccb=1-7&_nc_sid=c53f8f&_nc_ohc=vHFCl0HHMzMQ7kNvwFTD7Ws&_nc_oc=AdnNAGr_NXeD5PsTQzPj-Ke_iZvLnMQCRUp17Dtypb5DjnaAWl1-zRvK38hI5MbHDr8&_nc_zt=14&_nc_ht=scontent.ftpe8-3.fna&_nc_gid=55LydERFuL7FR9BFBauuDw&oh=00_AfrK6vFuHJ7a6E2lx4DlAkbjOR4Tu2_Wd_EEwJHIy3ikPw&oe=696DC7ED",
  "ad_cta_text": "Visit Instagram Profile",
  "ad_link_description": null,
  "ad_link_url": "https://l.facebook.com/l.php?u=https%3A%2F%2Fwww.instagram.com%2F_u%2Flutas_tattoo%3Ffbclid%3DIwZXh0bgNhZW0CMTAAYnJpZBExYTJFemdWemFYaG9Ia2pkVnNydGMGYXBwX2lkDzU0MTYzOTQ5Mzg4OTAyNQABHukHkJtU0Ib-jQH_loltHVaEv6hzSduFEyUImHA1iyjY9yAu1LFf88slqn-C_aem_G3HmLBOJE_KAKNlTkxc9Vg&h=AT1daLY3bOwL7McREVezQ2iyq9Q3DhAEWgGybvfwhRDyq1I9g4wJKFMCHezSN8AmcbqfcGmycqFuxwBImNLu7lft4NsFcu5KwF1AN8Zi1L-6DCxLAPB0YezBO0MVzFNPIziUA51JacRrY7YvQ3WUzQ",
  "ad_title": "樂。TATTOO｜抽象意境刺青｜水墨｜毛筆字｜中式刺青｜意識流｜ (@lutas_tattoo) • Instagram photos and videos",
  "ad_caption": "instagram.com",
  "ad_page_id": "513419121852943",
  "ad_cta_type": "Visit Instagram Profile",
  "ad_extra_links": [
    "樂。TATTOO｜抽象意境刺青｜水墨｜毛筆字｜中式刺青｜意識流｜ (@lutas_tattoo) • Instagram photos and videos",
    "樂。TATTOO｜抽象意境刺青｜水墨｜毛筆字｜中式刺青｜意識流｜ (@lutas_tattoo) • Instagram photos and videos",
    "樂。TATTOO｜抽象意境刺青｜水墨｜毛筆字｜中式刺青｜意識流｜ (@lutas_tattoo) • Instagram photos and videos",
    "樂。TATTOO｜抽象意境刺青｜水墨｜毛筆字｜中式刺青｜意識流｜ (@lutas_tattoo) • Instagram photos and videos"
  ],
  "ad_extra_texts": [],
  "ad_page_categories": [],
  "ad_page_like_count": 0,
  "ad_publisher_platform": [
    "instagram"
  ],
  "ad_like_count": "0",
  "ad_share_count": "0"
}