{
  "ad_id": "1353718582374284",
  "ad_context": "#幸福关系 #人生智慧 挑對人，選對情，遠離內耗，幸福同行。#情感 #婚姻 #八字命理 #八字 #算命 #姻缘",
  "ad_profile_name": "命理與情感",
  "ad_profile_image": "https://scontent.ftpe8-3.fna.fbcdn.net/v/t39.35426-6/509652901_692128510383465_1975214813903388917_n.jpg?stp=dst-jpg_s60x60_tt6&_nc_cat=111&ccb=1-7&_nc_sid=c53f8f&_nc_ohc=3AUHpXagIUwQ7kNvwFkv97E&_nc_oc=AdnYg0PjNsnKkCWFPCnEtBwmfwpMwCN6fXCVyZOAMBQyLkKi_kENTjqVxAuWoR08fvA&_nc_zt=14&_nc_ht=scontent.ftpe8-3.fna&_nc_gid=w0z-kk4PeN7KzPi6Jxr14A&oh=00_AfrSRvA2wEPGwVnHHBW_1nXG0-lRMyrjeDBCzfzsUNv7Dw&oe=696DD6B6",
  "ad_is_video": false,
  "ad_video_preview_image": "https://scontent.ftpe8-4.fna.fbcdn.net/v/t39.35426-6/509749220_1215007967024705_3736624077716959513_n.jpg?_nc_cat=110&ccb=1-7&_nc_sid=c53f8f&_nc_ohc=mvmXsMdr5hcQ7kNvwHwt8gp&_nc_oc=AdkaXJG914_XJJgiaU2w-nvgH1YvjnLHxtvjhy25UyZToInKtZUsSCm9whqbPRyMSH4&_nc_zt=14&_nc_ht=scontent.ftpe8-4.fna&_nc_gid=w0z-kk4PeN7KzPi6Jxr14A&oh=00_AfpEGvhI_lxblDtqk_G4YqOgWFuli586-L8lq5Xb8YA-cQ&oe=696DD842",
  "ad_image": null,
  "ad_cta_text": "瀏覽 Instagram 個人檔案",
  "ad_link_description": null,
  "ad_link_url": "https://l.facebook.com/l.php?u=http%3A%2F%2Finstagram.com%2Fyouwillbelucky%3Ffbclid%3DIwZXh0bgNhZW0CMTAAYnJpZBExZ1h6TjROVm50bUtKNncwUXNydGMGYXBwX2lkDzU0MTYzOTQ5Mzg4OTAyNQABHudhLwe5MuuITRb6WyE9OwxKzmKK570pLm-oGb1RRr2IrRKItP1cF2F-hZsF_aem_p7_bZYYIhkeMe3U1aSfr1g&h=AT17ThX0cYjiMXyME1xHS_HoLuz8H1q1p0feyY_uCLtKts2Bsn67qIhGPFPcU8yIK6zXF9MnELDOG7-66aoDSFJZfVsa_HEkr5K8mDIsobIZ-HPclsPu3oK1m2l1mzBWhGXMte2eE08JGlUkXCwpTw",
  "ad_title": null,
  "ad_caption": "instagram.com",
  "ad_page_id": "259192300621957",
  "ad_cta_type": "瀏覽 Instagram 個人檔案",
  "ad_extra_links": [],
  "ad_extra_texts": [],
  "ad_page_categories": [],
  "ad_page_like_count": 0,
  "ad_publisher_platform": [
    "facebook",
    "instagram"
  ],
  "ad_like_count": "0",
  "ad_share_count": "0"
}