{
  "ad_id": "1354387043097604",
  "ad_context": "三芝國小活動中心改善工程順利完工🎉\n\n位於風光明媚的北海岸🏖️，#三芝國小 因常年潮濕多雨🌧️，校內大型室內活動中心的投影📽️、燈光💡、布幕🖼️和舞台壁毯等設備已老舊⚠️，存在掉落風險，影響學生活動安全。\n\n偉杰👷‍♂️先前已與 #許文勇 校長👨‍🏫及校方行政團隊一同進行會勘🔍，實地了解大型室內活動中心明顯老舊，急需徹底改善📝。感謝教育局的支持與協助🙌，偉杰成功 #爭取100多萬經費💰，改造工程已順利完工！\n\n改善重點如下👇：\n✅燈光整修：包含電動升降系統檢修及燈具更新。目前燈具部分已有鬆脫情形，須全面檢視，避免發生危險。\n✅兩側投影機及電動投影幕更新：投影機支架已出現鬆動，隨時有掉落風險，需立即更換。\n✅舞台大幕及兩側布幕更新：布幕老舊破損，接縫處已有裂開情形，恐有掉落傷人之虞。\n✅兩側壁毯拆除與重新粉刷：壁毯大面積剝落並出現發霉現象，不僅影響美觀，也可能整片掉落，造成安全疑慮並影響師生及家長觀感。\n\n提供校園優質活動空間🏫，能有效提升學生參與各類活動的安全與體驗。未來，偉杰也將持續關注校園設施維護，並致力推動更多安全、舒適的學習環境，讓學生在更完善、更安心的環境中健康成長🌱，享受每一次學習與活動的喜悅。\n\n🔺️過去會勘紀錄看這邊👀： https://reurl.cc/RkKK8n",
  "ad_profile_name": "陳偉杰 Chen Wei-chieh",
  "ad_profile_image": "https://scontent.ftpe8-3.fna.fbcdn.net/v/t39.35426-6/594068526_1232444982079025_4642342743709017066_n.jpg?stp=dst-jpg_s60x60_tt6&_nc_cat=106&ccb=1-7&_nc_sid=c53f8f&_nc_ohc=ojh2t3Obok4Q7kNvwF0iIEe&_nc_oc=Admy97YJVSM-_oaS-lJL1nTeUdCgFC3GIfPDw_bvs05rgkrbNHEcmYazSHAzroYbU9s&_nc_zt=14&_nc_ht=scontent.ftpe8-3.fna&_nc_gid=bB5S9jf2Dr3e-GRl22ucCw&oh=00_AfrRM5ynLaDDZPWyS4Ldbskwq2HMm6_TiLUks94GqtWTpA&oe=696DC109",
  "ad_is_video": false,
  "ad_video_preview_image": null,
  "ad_image": "https://scontent.ftpe8-2.fna.fbcdn.net/v/t39.35426-6/595082314_1805535450164658_2401021543033824170_n.jpg?stp=dst-jpg_s600x600_tt6&_nc_cat=103&ccb=1-7&_nc_sid=c53f8f&_nc_ohc=MlRAsTzCM-kQ7kNvwFFHu73&_nc_oc=AdmzZfatAikbe7XgvwqQQm_mouLNvBTe7bVsxbqrExHxXwHX6QRoSt9Qxs6gpR2HhC0&_nc_zt=14&_nc_ht=scontent.ftpe8-2.fna&_nc_gid=bB5S9jf2Dr3e-GRl22ucCw&oh=00_AfoyzzwVOEXX0xPpTDg_Kt8gkmTi2cIJCq4Ag5l5zqWTiw&oe=696DC0A2",
  "ad_cta_text": "",
  "ad_link_description": null,
  "ad_link_url": "https://reurl.cc/RkKK8n",
  "ad_title": null,
  "ad_caption": null,
  "ad_page_id": "496684637111616",
  "ad_cta_type": "",
  "ad_extra_links": [],
  "ad_extra_texts": [],
  "ad_page_categories": [],
  "ad_page_like_count": 0,
  "ad_publisher_platform": [
    "facebook",
    "instagram"
  ],
  "ad_like_count": "0",
  "ad_share_count": "0"
}