{
  "ad_id": "1354969926374294",
  "ad_context": "蝦皮環保無包裝，不裝了真好！下單認準蝦皮環保無包裝標籤，讓網購更環保、更簡單！\n\n#蝦皮環保無包裝 #不裝了真好 #蝦皮購物",
  "ad_profile_name": "蝦皮購物 (Shopee)",
  "ad_profile_image": "https://scontent.ftpe7-1.fna.fbcdn.net/v/t39.35426-6/599038796_1883772472248681_7506010024446428675_n.jpg?stp=dst-jpg_s60x60_tt6&_nc_cat=100&ccb=1-7&_nc_sid=c53f8f&_nc_ohc=PANXLrpd8eMQ7kNvwHh5imp&_nc_oc=Adl6WMg_VcBexulAaPh2FvvzxHJt60Kryke8AoZrVv7UEiAMujCNcQsdBzOUrwT8VIs&_nc_zt=14&_nc_ht=scontent.ftpe7-1.fna&_nc_gid=Ju87tKQlBkFvhQhJJxOoKg&oh=00_AfqsJ6tRMYUvie1fDF9pM9-6UJupuqOSN9mA2KpsL9aDtw&oe=696D4510",
  "ad_is_video": false,
  "ad_video_preview_image": "https://scontent.ftpe7-1.fna.fbcdn.net/v/t39.35426-6/598927546_862874786527864_1255556232486317795_n.jpg?_nc_cat=100&ccb=1-7&_nc_sid=c53f8f&_nc_ohc=QYKUU2uUhBUQ7kNvwGDI3td&_nc_oc=AdmmYyYZjURyPwHv2C0nzNQz5nnybd1tC7fpjT9YrwtnzKXuE-Q5ZNU7Cr7gSdaRQbo&_nc_zt=14&_nc_ht=scontent.ftpe7-1.fna&_nc_gid=Ju87tKQlBkFvhQhJJxOoKg&oh=00_AfoLnvkNkC8JVlxhuhZ6paXDKtBdDk-VL7tPFeoOpsp2cQ&oe=696D38FB",
  "ad_image": null,
  "ad_cta_text": "Install Now",
  "ad_link_description": null,
  "ad_link_url": "https://l.facebook.com/l.php?u=http%3A%2F%2Fplay.google.com%2Fstore%2Fapps%2Fdetails%3Fid%3Dcom.shopee.tw%26fbclid%3DIwZXh0bgNhZW0CMTAAYnJpZBExQmZLMFd1azNKYklPS2NvaHNydGMGYXBwX2lkDzU0MTYzOTQ5Mzg4OTAyNQABHtLiUFEjgRsqYDr9WJLdAE11c4YKQsyFkJ2IKLehLjUcK530Z1bdzf-kl-Mo_aem_38DPLZt7nTMpSxqYVj-Xng&h=AT10eKdIO-S7UnswjIZsOY3TdtkQJumGiqXfeMelVTuO2UzbmxIn5J4b0T7CSrkV6ppWM92c_l225_SDcBLw9NT6yr52o8lQugSgrC7dr8l5E4UIeae7KYaD0OF89NT1oyHNf3ezO3pKsyVNnYD8gQ",
  "ad_title": "蝦皮環保無包裝，不裝了真好",
  "ad_caption": "play.google.com",
  "ad_page_id": "334587866726921",
  "ad_cta_type": "Install Now",
  "ad_extra_links": [
    "蝦皮環保無包裝，不裝了真好",
    "蝦皮環保無包裝，不裝了真好",
    "蝦皮環保無包裝，不裝了真好"
  ],
  "ad_extra_texts": [
    "蝦皮環保無包裝，不裝了真好！下單認準蝦皮環保無包裝標籤，讓網購更環保、更簡單！\n\n#蝦皮環保無包裝 #不裝了真好 #蝦皮購物",
    "蝦皮環保無包裝，不裝了真好！下單認準蝦皮環保無包裝標籤，讓網購更環保、更簡單！\n\n#蝦皮環保無包裝 #不裝了真好 #蝦皮購物",
    "蝦皮環保無包裝，不裝了真好！下單認準蝦皮環保無包裝標籤，讓網購更環保、更簡單！\n\n#蝦皮環保無包裝 #不裝了真好 #蝦皮購物"
  ],
  "ad_page_categories": [
    "應用程式專頁"
  ],
  "ad_page_like_count": 0,
  "ad_publisher_platform": [
    "facebook",
    "instagram"
  ],
  "ad_like_count": "0",
  "ad_share_count": "0"
}