{
  "ad_id": "1354266295837011",
  "ad_context": "義守大學 副教授 蔡孟㯣\n擁有澳洲旋濱科技大學設計博士、雪梨大學多媒體設計碩士，專長涵蓋 視覺識別、文化創意、展覽設計、漢字與視覺傳達、色彩與設計心理、多媒材藝術創作，同時具備多年產業與學界經驗，是具國際視野的跨領域設計人才。同時也是本會法國ALEA協會理事。\n\n在長期教學與創作輔導中，他發現——\n真正的成長，往往不是在教室裡發生，而是在世界現場被迫思考。\n\n出國參賽、展演、實習，能帶來：\n\n• 與不同文化的美學對話與碰撞\n• 在真實觀眾反饋中重新理解自己的作品\n• 在競賽壓力下磨練企劃能力與敘事邏輯\n• 觀察國際作品呈現方式、布展手法、材料應用\n• 吸收創意能量，養成長期創作的底層思維\n\n「創作者要走出去，才會知道自己真正的位置。\n世界會用回饋告訴你下一步能往哪裡成長。」\n——蔡孟㯣\n\n對他而言，國際舞台不是終點，而是重新校準方向的起點。\n看見世界，才能重新看見自己。\n\n創作的養分不在書本，而在現場。\n真正的突破，是走出去面對世界後的回望。\n\nProfessor Tsai Meng-Hui, I-Shou University\nDoctor of Design, Swinburne University (Australia)\nMaster of Multimedia Design, University of Sydney\nSpecialized in VIS, cultural & creative design, exhibition planning, visual communication, typography, color & design psychology, mixed media and painting.\n\nFrom years in design industry and art education, he observed that real artistic growth does not happen only in classrooms —\nit happens when creators stand in the world.\n\nInternational exhibitions & competitions provide:\n\n• Aesthetic comparison across cultures\n• Real audience feedback that shapes artistic maturity\n• Pressure that trains planning, execution, and storytelling\n• Exposure to global presentation methods & exhibition strategies\n• Creative nutrients that return as deeper artworks later\n\n“Go out — and let the world reflect you back.\nGrowth begins the moment you see beyond your own frame.”\n— Prof. Tsai\n\nThe international stage is not the final destination,\nbut the origin of perspective, reflection, and evolution.\n\nCreativity grows when it meets the world.\nBreakthrough happens after you return with new eyes.",
  "ad_profile_name": "蝶映藝術 De Global Art Agency",
  "ad_profile_image": "https://scontent.ftpe8-3.fna.fbcdn.net/v/t39.35426-6/600287738_2093600138133684_3134766347489330121_n.jpg?stp=dst-jpg_s60x60_tt6&_nc_cat=107&ccb=1-7&_nc_sid=c53f8f&_nc_ohc=GdyrHzuIl_QQ7kNvwEtgRDX&_nc_oc=AdnSC6Wffqf5A1aoVCQ3NzIuaATkDiHVzMtPWUdOsdz13zwcrYsUNncjI6x2oxnr6dA&_nc_zt=14&_nc_ht=scontent.ftpe8-3.fna&_nc_gid=3fqYEYMU_pFLaqwuitljnQ&oh=00_AfobjxLcjoBrFB0bNE_eZCIkXJCxYPmkETRQqzgjXjvwJw&oe=696E6E0B",
  "ad_is_video": false,
  "ad_video_preview_image": "https://scontent.ftpe8-4.fna.fbcdn.net/v/t39.35426-6/596779592_1782026419137284_3485994688111473233_n.jpg?_nc_cat=102&ccb=1-7&_nc_sid=c53f8f&_nc_ohc=adneGV9OMo0Q7kNvwGnLWM3&_nc_oc=AdlkHBPRpETG5weEXJ8Jx3TbWO7h8klZ7kbkfzROLUqsUhiu-8u-EgWmc3a5JC2Si8U&_nc_zt=14&_nc_ht=scontent.ftpe8-4.fna&_nc_gid=3fqYEYMU_pFLaqwuitljnQ&oh=00_AfoBnJsFHYpV2omg7Mon07cnfQr1y4X6D_Yv7pllpdpBWg&oe=696E5EC4",
  "ad_image": null,
  "ad_cta_text": "瀏覽 Instagram 個人檔案",
  "ad_link_description": null,
  "ad_link_url": "https://l.facebook.com/l.php?u=http%3A%2F%2Finstagram.com%2Fdeglobalartagencyalea%3Ffbclid%3DIwZXh0bgNhZW0CMTAAYnJpZBExZ1h6TjROVm50bUtKNncwUXNydGMGYXBwX2lkDzU0MTYzOTQ5Mzg4OTAyNQABHiLgei3xVIKcelW7shknskpTLNVTzqaV36m03LOcWbYgRRvrnxmDxILpYciV_aem_q5tAGiRYwPs1IH9wPWwpUg&h=AT1Eb8ec--rpxfY1BSbgBzm0TJz2bt4gcBwg4Ym2HqC_qapt43Kvt4aY0pNN23D8CLv_Of2vVx0HtdQTJcmmyNVtl2N4raMb-qmJoxZtRrFnOKXCDbtcYeFJ7fzP3Z65PAZq8n9EVEmk3ZhOpG5dPA",
  "ad_title": null,
  "ad_caption": "instagram.com",
  "ad_page_id": "106218502104820",
  "ad_cta_type": "瀏覽 Instagram 個人檔案",
  "ad_extra_links": [],
  "ad_extra_texts": [],
  "ad_page_categories": [
    "教育諮詢顧問"
  ],
  "ad_page_like_count": 561,
  "ad_publisher_platform": [
    "facebook",
    "instagram"
  ],
  "ad_like_count": "0",
  "ad_share_count": "0"
}