{
  "ad_id": "1355322152556544",
  "ad_context": "⚽️ 守護足球夢！成為右昌國小足球隊最強後盾 ⚽️\n\n從這次的訪談中可以了解，經營一隻足球隊真的不容易！沈佑霖校長所提到龐大的經費與資源缺口，是學校和家長共同的壓力。\n\n為了不讓經費成為小小球員的阻礙，我極力邀請五福獅子會為右昌國小足球隊挹注善心資源。\n\n看著小小球員們能順利參加全國大賽、在球場上盡情奔跑，這一切努力都值得了！我們會持續支持在地體育，讓小小球員們無後顧之憂，勇敢追夢💪\n\n#左營 #楠梓 #市議員參選人\n#真心聆聽黃偵琳",
  "ad_profile_name": "真心聆聽 黃偵琳",
  "ad_profile_image": "https://scontent.ftpe8-3.fna.fbcdn.net/v/t39.35426-6/613065691_1972865896987195_3894935114245722055_n.jpg?stp=dst-jpg_s60x60_tt6&_nc_cat=111&ccb=1-7&_nc_sid=c53f8f&_nc_ohc=3LxGcL8qnGMQ7kNvwGkm3T0&_nc_oc=AdmOXYRy8EuwmhYs6m70Ehuqh3BGSGwlCAC1M8Vx7xxRMJVb_7cQ-qlulHaBjSsdTTI&_nc_zt=14&_nc_ht=scontent.ftpe8-3.fna&_nc_gid=pMXXzPXGcfpqouU2ZqS4MA&oh=00_Afro1Dr6j10HL_qsI5hb3ZLAxUkaSEaKa6NQXIOzhXCJQA&oe=696DEEDD",
  "ad_is_video": false,
  "ad_video_preview_image": "https://scontent.ftpe8-4.fna.fbcdn.net/v/t39.35426-6/612726890_1214914990586814_3783899401681345093_n.jpg?_nc_cat=110&ccb=1-7&_nc_sid=c53f8f&_nc_ohc=cVkSECAySFUQ7kNvwGmSWWD&_nc_oc=AdkEoeQ4zVDh8iAKXwQJtbZdKJgqrz_Di21ybGIESMGjZvrgTNiGmY6NSe2Izy7RsGc&_nc_zt=14&_nc_ht=scontent.ftpe8-4.fna&_nc_gid=pMXXzPXGcfpqouU2ZqS4MA&oh=00_AfooKvZrGwGYi9ay3omiejQuauL9GnyIucC5QJTTAzCBvQ&oe=696DCD81",
  "ad_image": null,
  "ad_cta_text": "",
  "ad_link_description": null,
  "ad_link_url": null,
  "ad_title": null,
  "ad_caption": null,
  "ad_page_id": "103614045230231",
  "ad_cta_type": "",
  "ad_extra_links": [],
  "ad_extra_texts": [],
  "ad_page_categories": [],
  "ad_page_like_count": 0,
  "ad_publisher_platform": [
    "facebook",
    "instagram"
  ],
  "ad_like_count": "0",
  "ad_share_count": "0"
}