{
  "ad_id": "1355649972745275",
  "ad_context": "🎉 115年起‧桃園敬老愛心卡 交通補助再升級！👵👴\n\n為了讓長輩出門更輕鬆、通勤更便利，桃市府明年將推出全新升級服務✨無論是搭車出遊、運動健走，還是日常通勤，都能更自在、更省力，鼓勵長輩多走出家門、享受樂活生活🚶‍♀️🚴‍♂️\n\n🚆 ① 提高臺鐵補助\n因應臺鐵票價調整，每趟補助由 𝟯𝟬 點提升至 𝟳𝟬 點！\n無論是往返臺北、探親訪友，或市內通勤就醫，都更實用、更貼心❤️\n\n🚴‍♀️ ② 開放使用 𝗬𝗼𝘂𝗕𝗶𝗸𝗲 𝟮.𝟬𝗘 電輔車\n前 2 小時：每 30 分鐘扣 20 點；之後每 30 分鐘扣 40 點。\n若點數不足，也能「混合支付」，系統自動補扣超方便～\n\n桃市府將持續打造高齡友善城市，陪伴每位長輩自在出門、健康生活、天天開心💖更多敬老卡服務項目請看留言處👇桃園市政府社會局官網\n\n#敬老愛心卡 #桃園敬老福利 #幸福桃園 #樂齡生活 #一起出門走走",
  "ad_profile_name": "桃園事",
  "ad_profile_image": "https://scontent.ftpe8-3.fna.fbcdn.net/v/t39.35426-6/580693413_701339839256141_8698398321775490352_n.jpg?stp=dst-jpg_s60x60_tt6&_nc_cat=107&ccb=1-7&_nc_sid=c53f8f&_nc_ohc=Ncgf5josojEQ7kNvwFql4lr&_nc_oc=AdkmFoB4XaoFtcXq85Nvb09afvKvjiCgWuWBgfNNiPcLBgpPtHhKSkw8WtnSv3TknE8&_nc_zt=14&_nc_ht=scontent.ftpe8-3.fna&_nc_gid=SQNd3AuAgMTqXxq4QplOzg&oh=00_AfoRr-ebaXjRgZVb2DNSu_-GR6N38mbDgXmP6gSKgwI6eg&oe=696DDAFA",
  "ad_is_video": false,
  "ad_video_preview_image": null,
  "ad_image": "https://scontent.ftpe8-3.fna.fbcdn.net/v/t39.35426-6/581960571_861096199905545_5557170753116390043_n.jpg?stp=dst-jpg_s600x600_tt6&_nc_cat=107&ccb=1-7&_nc_sid=c53f8f&_nc_ohc=gHwgmyYONqoQ7kNvwGT3r7v&_nc_oc=Adk6F1V1GRVKihhYNmudb6X333bvrhhIcnmkHyHJn8vflVYBzv8jYQzcxoMSqmyIf_g&_nc_zt=14&_nc_ht=scontent.ftpe8-3.fna&_nc_gid=SQNd3AuAgMTqXxq4QplOzg&oh=00_Afpvwsr8qzDNl7UNTTFFIZWEdOgXpbpdDSXOl76xCgfVkA&oe=696DE0B4",
  "ad_cta_text": "",
  "ad_link_description": null,
  "ad_link_url": null,
  "ad_title": null,
  "ad_caption": null,
  "ad_page_id": "785537334791242",
  "ad_cta_type": "",
  "ad_extra_links": [],
  "ad_extra_texts": [],
  "ad_page_categories": [
    "政府機構"
  ],
  "ad_page_like_count": 0,
  "ad_publisher_platform": [
    "facebook",
    "instagram"
  ],
  "ad_like_count": "0",
  "ad_share_count": "0"
}