{
  "ad_id": "1355797405478124",
  "ad_context": "內湖港華街長年破損、坑洞一堆，許多騎士摔車受傷而向阿賢陳情，會勘結果卻往往卡在「私人土地未徵收」，導致一條「坑疤爛路」20多年未銑鋪，這不僅是騎士或單車殺手，更是都市奇觀。\n\n為此，阿賢多年來持續向市府爭取，近期終於完成包括土地徵收並編列銑鋪預算，其中港華街溝蓋更新354萬、路面銑鋪約700萬，讓港華街變成安全與平整，預計本週就會動工。\n\n一條20多年破爛且未銑鋪的道路，也真是都市奇觀，這次終於打破各種限制進行銑鋪，也是落實道路平權的一大進展，期待還給居民一條安全平整的道路。\n\n對了，施工期間的大型機具進場與封路造成不便，也請大家見諒。\n#港華街銑鋪",
  "ad_profile_name": "李明賢 -阿賢之聲",
  "ad_profile_image": "https://scontent.ftpe8-1.fna.fbcdn.net/v/t39.35426-6/589074718_32822757114004446_3251517927650616299_n.jpg?stp=dst-jpg_s60x60_tt6&_nc_cat=108&ccb=1-7&_nc_sid=c53f8f&_nc_ohc=tHw-e_W7HVcQ7kNvwEuuhBx&_nc_oc=AdmBeGnau_wIIGU4N-lDl5mjF1Ggf7x0vkB8wJMi0KiR6HkL0pv6h1IUtaxC-gTMZck&_nc_zt=14&_nc_ht=scontent.ftpe8-1.fna&_nc_gid=2MbKzZVHIAJbl7pfzjT1Ig&oh=00_AfqJJyU4PEYYxPBTxcaLWWNi5BZnagsvgCwIMzL_KQp9Gw&oe=696E573E",
  "ad_is_video": false,
  "ad_video_preview_image": null,
  "ad_image": "https://scontent.ftpe8-3.fna.fbcdn.net/v/t39.35426-6/589020621_3737466873223749_2865114287057687378_n.jpg?stp=dst-jpg_s600x600_tt6&_nc_cat=111&ccb=1-7&_nc_sid=c53f8f&_nc_ohc=DHx9gJCZFWQQ7kNvwHoFplF&_nc_oc=Adn9sK0fQXRB-flxCcSzQiabnXwjyimIBZwy24HMPOgnQvQKkKvYyBboClz9_LYVBxc&_nc_zt=14&_nc_ht=scontent.ftpe8-3.fna&_nc_gid=2MbKzZVHIAJbl7pfzjT1Ig&oh=00_AfqeS85eSfokhDzNmXjoC2mxmbsJ7uA4buaIF4RoWZaQBA&oe=696E63A1",
  "ad_cta_text": "發送訊息",
  "ad_link_description": null,
  "ad_link_url": null,
  "ad_title": null,
  "ad_caption": null,
  "ad_page_id": "1014522188609435",
  "ad_cta_type": "發送訊息",
  "ad_extra_links": [],
  "ad_extra_texts": [],
  "ad_page_categories": [],
  "ad_page_like_count": 0,
  "ad_publisher_platform": [
    "facebook",
    "instagram"
  ],
  "ad_like_count": "0",
  "ad_share_count": "0"
}