{
  "ad_id": "1355654232760101",
  "ad_context": "🔥免費送 🔥滿額送 🔥抽獎送",
  "ad_profile_name": "Lifecode生活密碼戶外用品生活館",
  "ad_profile_image": "https://scontent.ftpe8-3.fna.fbcdn.net/v/t39.35426-6/582351657_1328285521866606_7596533870004972529_n.jpg?stp=dst-jpg_s60x60_tt6&_nc_cat=107&ccb=1-7&_nc_sid=c53f8f&_nc_ohc=9KrmAHeAZD0Q7kNvwH04gFB&_nc_oc=AdkOSAUDwE7Az0T_TLr4KbxUk5_tHLUJWKQaL7YCJeCrVVH9LuTwhjM-JwF8gAQ0ZsU&_nc_zt=14&_nc_ht=scontent.ftpe8-3.fna&_nc_gid=SCcDbQlPVhWntMjOju9hkw&oh=00_Afppjit-Bbp5E6nBPgo9NYIe-lsSBwDtaWfEPniXt64LvQ&oe=696E73A1",
  "ad_is_video": false,
  "ad_video_preview_image": null,
  "ad_image": "https://scontent.ftpe8-2.fna.fbcdn.net/v/t39.35426-6/584793579_1151144840030605_4981982209957938282_n.jpg?stp=dst-jpg_s600x600_tt6&_nc_cat=101&ccb=1-7&_nc_sid=c53f8f&_nc_ohc=t7dthThckwoQ7kNvwG3J4M_&_nc_oc=Adnr7eGPoMcSAxfiCUDnuzSHUujN8s1wzJ8DNBFo_AvpKbdkl_-j4X4_HvumXmWthWo&_nc_zt=14&_nc_ht=scontent.ftpe8-2.fna&_nc_gid=SCcDbQlPVhWntMjOju9hkw&oh=00_Afr31nbq0etL1wofrV3_TlgoIwtzDBMmAVQJfpSjh9BWtA&oe=696E7294",
  "ad_cta_text": "Learn More",
  "ad_link_description": "🔥免費送 🔥滿額送 🔥抽獎送",
  "ad_link_url": "https://lihi.cc/pbEd4",
  "ad_title": "12/12-12/20盛大開展",
  "ad_caption": "lihi.cc",
  "ad_page_id": "258773510877510",
  "ad_cta_type": "Learn More",
  "ad_extra_links": [
    "總價值超過10萬元以上大獎",
    "車泊最輕鬆",
    "明星車泊商品床",
    "2026新品上架",
    "年度熱銷商品",
    "全球知名INTEX充氣床展示",
    "戶外電器/室內運動",
    "年度廠拍會開館封倉",
    "備有專屬停車場"
  ],
  "ad_extra_texts": [
    "消費滿額$2000即贈抽獎券",
    "輕量外出組合",
    "買床送沙發",
    "一起森呼吸",
    "冷熱皆可保冰桶",
    "充氣床/充氣沙發限時特價",
    "MOVELIFE/ADAMOUTDOOR/SADOMAIN/樂活不露",
    "年年人潮爆滿",
    "導航搜尋【生活密碼】"
  ],
  "ad_page_categories": [],
  "ad_page_like_count": 0,
  "ad_publisher_platform": [
    "facebook",
    "instagram",
    "audience_network",
    "messenger"
  ],
  "ad_like_count": "0",
  "ad_share_count": "0"
}