{
  "ad_id": "1356550372718712",
  "ad_context": "Over 10 days, with a cumulative elevation gain of over 4,000 meters, join the Garmin Cycling Club to experience the beauty of Taiwan through cycling!\n\nGarmin invited ambassadors from GCC across 8 Asian regions to join us in a clockwise journey around Taiwan, starting from the north. With the GroupRide feature activated on the Garmin Edge cycling computer, we explored Taiwan’s renowned cycling routes by pedaling. \n\nWe conquered many famous mountain routes and marveled at the breathtaking coastal scenery of eastern Taiwan, where mountains meet the sea. Despite occasional rain and wind, we pressed on fearlessly, embracing nature’s warm welcome and proving that cyclists are truly waterproof. \n\nBeyond cycling, we also joined the Hotel Royal Group’s City Awakening Project for a morning tour, soaking in the dawn of various Taiwanese cities and diving deeper into Taiwan’s culture and urban life.\n\n@starluxairlines\n@vision_tech_asia\n@kplushelmet\n@aminovital_tw\n@yakima_tw\n@hotelroyalgroup\n@rhinoshieldtw\n\n#Edge850 #neverstopcycling #garmincycling #garmincyclingclub \n#KPLUSBikehelmet #aminoVITAL \n#vision_tech_asia #RHINOSHIELD \n#老爺酒店集團 #hotelRoyalGroup",
  "ad_profile_name": "Garmin Cycling Club",
  "ad_profile_image": "https://scontent.ftpe8-4.fna.fbcdn.net/v/t39.35426-6/585378968_712088821461611_2802561406047009763_n.jpg?stp=dst-jpg_s60x60_tt6&_nc_cat=102&ccb=1-7&_nc_sid=c53f8f&_nc_ohc=yyiOrM2bbeIQ7kNvwFjuwAz&_nc_oc=AdnWaT0IBqvtrnzgodHkTozpJIfk7BXpOgd3STz-6hJ4_TzRb12vcu_W7HU9Cjg_N2I&_nc_zt=14&_nc_ht=scontent.ftpe8-4.fna&_nc_gid=jAkw0BFOE8L6oLInY2yEDA&oh=00_Afo-259KjlmBIJ8SBDWTEZNaP-MrS6OlQlgGLizflhJoEQ&oe=696DA318",
  "ad_is_video": false,
  "ad_video_preview_image": "https://scontent.ftpe8-4.fna.fbcdn.net/v/t39.35426-6/586224058_765111089868672_1006669611233909826_n.jpg?_nc_cat=110&ccb=1-7&_nc_sid=c53f8f&_nc_ohc=nMlaS00VsiIQ7kNvwHLPcY_&_nc_oc=AdnPKRIBb8iW8abGSefSTLHQwAPRY9CAlN-879GXaS7ySDVU9VqkFf2t0YK-vB3v1zk&_nc_zt=14&_nc_ht=scontent.ftpe8-4.fna&_nc_gid=jAkw0BFOE8L6oLInY2yEDA&oh=00_AfpahnZApn9wuUreG2e0xBJhS8S2b9WmDtCKko2IBiy30w&oe=696DA6BC",
  "ad_image": null,
  "ad_cta_text": "",
  "ad_link_description": null,
  "ad_link_url": null,
  "ad_title": null,
  "ad_caption": null,
  "ad_page_id": "102104559375137",
  "ad_cta_type": "",
  "ad_extra_links": [],
  "ad_extra_texts": [],
  "ad_page_categories": [],
  "ad_page_like_count": 0,
  "ad_publisher_platform": [
    "instagram"
  ],
  "ad_like_count": "0",
  "ad_share_count": "0"
}