{
  "ad_id": "1357109291783381",
  "ad_context": "#窩報導【從選舉看見動物，動物政見為了誰？】\n\n選舉將至，動物政見也在全台遍地開花，不少地方首長候選人紛紛高喊著政見，為動物發聲、謀福利，然而，這些動物政見之所以被提出，除了幕僚團隊的不同策略，也夾雜著許多因素。 \n\n綜觀今年的動物政見，雖然政見數目明顯成長，但內容所提到的受眾對象，仍多限縮在寵物，且涵蓋的動物福利概念也偏低，展演動物、經濟動物、實驗動物等更是敬陪末座。\n\n而在選舉的造勢期間，候選人所到之處皆是鎂光燈焦點，這對動保團體來說是把動物議題推出去，讓更多人看到的好機會！今年，也有許多團體積極向候選人遊說，將動物議題放入政見裡。 \n\n東吳大學政治系陳方隅教授說明：「通常非營利組織在選舉期間，都會更大力宣傳，跟候選人做喊話、接觸，因為選舉前，民眾特別容易在意這些議題。而做社會倡議本身，很多時候無法直接影響到政見甚至政策，但透過選舉的曝光機會，更可以影響更多人對議題的關注！」\n\n動物政見，無論是對欲建立形象的候選人、為動物發聲的動保團體，甚至期待提升寵物福利的飼主來說，或許皆是美意；然而，若從動物福利的角度出發，這些政見會是直指問題核心，甚至是改善動物處境的解方嗎？\n\n理想上，民眾都期待動物議題能透過政見走向政策，進而去改變動物的處境，但臺南大學行政管理學系吳宗憲教授提醒：「選舉基本上是一個政治行為，並不是真正要去解決問題的管道。」 \n\n許多候選人提出「動保」政見，以宣示對動物保護、友善動物的決心，但這些政見是否符合「動物保護」的定義，實際上多不然。 \n\n#完整報導連結在留言",
  "ad_profile_name": "窩窩 wuowuo",
  "ad_profile_image": "https://scontent.ftpe8-2.fna.fbcdn.net/v/t39.35426-6/316960026_1192618664979333_1618445524945632031_n.jpg?stp=dst-jpg_s60x60_tt6&_nc_cat=100&ccb=1-7&_nc_sid=c53f8f&_nc_ohc=6DcCmHCzy54Q7kNvwHFWGT_&_nc_oc=Adl5LQ2xsH7hgxE7dLCRMiHMVwOFZED_EqxVOO4A_Y4aXH5AdLItz8S6txhPFlfOVEw&_nc_zt=14&_nc_ht=scontent.ftpe8-2.fna&_nc_gid=M9eYEB_tNizoW9zAr1Vq9g&oh=00_Afop3cwIRQKwYXqauuHMif02BDP-nek9Qe6iOiIdNcaaXg&oe=696E5373",
  "ad_is_video": false,
  "ad_video_preview_image": null,
  "ad_image": "https://scontent.ftpe8-2.fna.fbcdn.net/v/t39.35426-6/316817944_691798108959673_5012481193243614364_n.jpg?stp=dst-jpg_s600x600_tt6&_nc_cat=103&ccb=1-7&_nc_sid=c53f8f&_nc_ohc=B5Y30H47ZysQ7kNvwGkBK6o&_nc_oc=AdlHDcPOXwcXA8TiBuKyQo7xc4Ap6GIN8ZXY4FCy5ediQ_DeXP8lVuxjTpRBFAVywC4&_nc_zt=14&_nc_ht=scontent.ftpe8-2.fna&_nc_gid=M9eYEB_tNizoW9zAr1Vq9g&oh=00_AfptiDesab5DjJJcnCGyOYfRISQEF9qXKWgz1AthZuTMNg&oe=696E77CB",
  "ad_cta_text": "觀看更多",
  "ad_link_description": null,
  "ad_link_url": "https://l.facebook.com/l.php?u=https%3A%2F%2Fwuo.pros.is%2F4klhz2%3Ffbclid%3DIwZXh0bgNhZW0CMTAAYnJpZBExZ1h6TjROVm50bUtKNncwUXNydGMGYXBwX2lkDzU0MTYzOTQ5Mzg4OTAyNQABHsH45CWtrv69x1zv25lPvhA9H1TXtN-TmMY2s9KJn8Au3Ysqa3kXGmQgtfqn_aem_gHeCS3iWAUpPUXKn1z9GrQ&h=AT2aUwM2TFLDlG-M7Qo9hG9v115MumgjvZG22P6i0EuslG_wOcf3rDWnhqFi33GaW61Qh2leddeojDANd8PK8HuY6ohwNWx5LDF3Jmg5Ex4lOlN_IkU1CRNf9UIzLlCZ6TesowjIpqmoQjwsA9RsSg",
  "ad_title": null,
  "ad_caption": null,
  "ad_page_id": "451593611569576",
  "ad_cta_type": "觀看更多",
  "ad_extra_links": [],
  "ad_extra_texts": [],
  "ad_page_categories": [
    "媒體／新聞機構"
  ],
  "ad_page_like_count": 0,
  "ad_publisher_platform": [
    "facebook",
    "instagram"
  ],
  "ad_like_count": "0",
  "ad_share_count": "0"
}