{
  "ad_id": "1357457032102730",
  "ad_context": "Exclusive Representation Annoucement ｜獨家代理宣布\n-\nC平方畫廊（C Square Gallery）宣布—獨家代理藝術家 蔡尉成\n\nC平方畫廊開心宣布與當代藝術家蔡尉成簽定全球代理合約，蔡尉成是當前最受矚目且具高知名度的台灣藝術家之一，因創作獨特的視覺語言而廣受讚譽。這份重要的合約所帶來的機會將使蔡尉成的作品更廣泛地進入國際藝術市場，並為其全新系列作品的發表奠定堅實的基礎，標誌著其藝術生涯的新篇章，更標誌著C平方準備進一步拓展視野及業務，使藝術家蔡尉成於國際上，能具有更高知名度及範疇。\n\n完整新聞稿：\nhttps://www.csquareart.com/cai-wei-cheng/%E8%94%A1%E5%B0%89%E6%88%90%E9%A0%90%E7%B4%84\n-\nC Square Gallery Announces Exclusive Representation of Artist Tsai Wei-Cheng\n\nC Square Gallery is delighted to announce the signing of a global representation agreement with contemporary artist Tsai Wei-Cheng, one of Taiwan’s most prominent and widely recognized artists. Celebrated for his distinctive visual language, Tsai’s works have captivated audiences and collectors alike. This significant partnership will expand his presence in the international art market, laying a solid foundation for the debut of his latest series. It marks a new chapter in Tsai’s artistic career and reflects C Square Gallery’s commitment to broadening its vision and operations, elevating Tsai’s global recognition and influence.\n\nFull release:\nhttps://www.csquareart.com/cai-wei-cheng/%E8%94%A1%E5%B0%89%E6%88%90%E9%A0%90%E7%B4%84\n-\n2025 年 3 月 15 日始，蔡尉成全新「成相非象」系列即將於C平方畫廊 2 樓展出，歡迎預約參觀。\n\n預約連結：\nhttps://www.csquareart.com/service-page/tsai-wei-cheng-private-exhibition-1\n-\nWe invite art enthusiasts to stay tuned for more updates and to schedule a private viewing of Tsai Wei-Cheng’s \"Phenomenon vs. Illusion\" series. Join us in celebrating this extraordinary artistic journey and witnessing Tsai Wei-Cheng's ascent in the global art market at C Square Gallery on the 2nd floor. Please make an appointment through our website.\n\nlink:\nhttps://www.csquareart.com/service-page/tsai-wei-cheng-private-exhibition-1",
  "ad_profile_name": "C Square Gallery",
  "ad_profile_image": "https://scontent.ftpe8-4.fna.fbcdn.net/v/t39.35426-6/480090425_1664014034500998_2267277979218760191_n.jpg?stp=dst-jpg_s60x60_tt6&_nc_cat=110&ccb=1-7&_nc_sid=c53f8f&_nc_ohc=a39xZVKYL0wQ7kNvwET19Fx&_nc_oc=Adk_KUNzQJWbwW0Iwu57HzejRK-5JmfdeX7WejZqrTNjP9LVBc7hB3cRwJ7VwWLc4pc&_nc_zt=14&_nc_ht=scontent.ftpe8-4.fna&_nc_gid=47c4Etb949GAyOmCQn0FnQ&oh=00_Afpt6vr9MwJD21vPbm9yCYafC3_g7eg3RPUeZcYt-NSLIg&oe=696E58C0",
  "ad_is_video": false,
  "ad_video_preview_image": null,
  "ad_image": "https://scontent.ftpe8-4.fna.fbcdn.net/v/t39.35426-6/479851503_477825518730083_2185378763952479671_n.jpg?stp=dst-jpg_s600x600_tt6&_nc_cat=102&ccb=1-7&_nc_sid=c53f8f&_nc_ohc=xj9UHNB7jRYQ7kNvwG3E0aY&_nc_oc=AdlHUZhEL6E5-Av4Uew7KGA3tlhC0QW8pp2K7U2FTJq1ndauUcVQgu8MicSHfiSnG_A&_nc_zt=14&_nc_ht=scontent.ftpe8-4.fna&_nc_gid=47c4Etb949GAyOmCQn0FnQ&oh=00_Afo_o3wSV7bpP0kJ-4rBUBqr4CNQJ8ZbpRxKCpTUgeutSA&oe=696E73CD",
  "ad_cta_text": "搶先預約",
  "ad_link_description": "透過 C Square 畫廊的展覽導覽探索我們的藝術品收藏。C Square 將引導您參觀我們的私人制展覽《蔡尉成個展》，讓您深入了解藝術家創作作品背後的意義和靈感。Explore our collection of artworks with an private Exhibition Guide Tour at C Square Gall...",
  "ad_link_url": "https://www.csquareart.com/cai-wei-cheng/%E8%94%A1%E5%B0%89%E6%88%90%E9%A0%90%E7%B4%84",
  "ad_title": "Tsai Wei-Cheng Private Exhibition | C square gallery",
  "ad_caption": "csquareart.com",
  "ad_page_id": "115252579852078",
  "ad_cta_type": "搶先預約",
  "ad_extra_links": [],
  "ad_extra_texts": [],
  "ad_page_categories": [
    "藝廊"
  ],
  "ad_page_like_count": 2843,
  "ad_publisher_platform": [
    "facebook",
    "instagram",
    "audience_network",
    "messenger"
  ],
  "ad_like_count": "0",
  "ad_share_count": "0"
}