{
  "ad_id": "1357281265658831",
  "ad_context": "【#品味生活】\n\n教育局長張明文呼籲，安全不是靠一次計畫，而是靠持續不斷的堆疊，希望交通安全的素養，悄悄融入孩子的生活，成為習慣、成為常識，也成為他們每天都能平安上下學的基礎...",
  "ad_profile_name": "風傳媒",
  "ad_profile_image": "https://scontent-tpe1-1.xx.fbcdn.net/v/t39.30808-1/342202759_755261729442084_1218842889063924083_n.png?stp=dst-png_s200x200&_nc_cat=109&ccb=1-7&_nc_sid=2d3e12&_nc_ohc=0zqtvVLBYpoQ7kNvwHTxyq9&_nc_oc=AdnkHYrmRvT-fULcPNUVxOdJZhZrysRH4vMny66ktrH6JHzH6oRDtN2NraykumBGpb8&_nc_zt=24&_nc_ht=scontent-tpe1-1.xx&_nc_gid=Qns1enzeCtjC-DfRsHnW2w&oh=00_Afr6Ffrio-paS6fH3gIEV3Du6fdSGMP1_ztUzkDdGLf0RA&oe=696B3CE3",
  "ad_is_video": false,
  "ad_video_preview_image": null,
  "ad_image": "https://scontent-tpe1-1.xx.fbcdn.net/v/t39.35426-6/607989499_1406024824291985_5681211662270225339_n.jpg?stp=dst-jpg_s600x600_tt6&_nc_cat=100&ccb=1-7&_nc_sid=c53f8f&_nc_ohc=jwjSuTTMoTEQ7kNvwHCBnzJ&_nc_oc=Adkkp7ZJgILJ-m98dfVgycSZJ33SAMQhqjXTvwPKcxXtGAGaNOt_NEhy2hlWOAZrl8c&_nc_zt=14&_nc_ht=scontent-tpe1-1.xx&_nc_gid=Zx7h8QsH0bXLQbji7TJiDg&oh=00_Afp-re5Q-vKOPTnRT1mUIZlGJ5UzfUTLcTCvGBqOiguQsQ&oe=696B5983",
  "ad_cta_text": null,
  "ad_link_description": "上午的校園裡，一堂交通安全課程正進行著。老師帶著學生討論「大型車內輪差」，並親身體驗交通安全的重要性。這樣的畫面，在新北市的334所學校中，已經成為常態。新北市政府教育局長張明文肯定表示，希望孩子長大後，...",
  "ad_link_url": null,
  "ad_title": "讓交通安全成為常用知識 教進孩子的日常生活 | 李梅瑛 | 地方新聞",
  "ad_caption": "storm.mg",
  "ad_page_id": "186758878172497",
  "ad_cta_type": null,
  "ad_extra_links": [],
  "ad_extra_texts": [],
  "ad_page_categories": [
    "媒體／新聞機構"
  ],
  "ad_page_like_count": 0,
  "ad_publisher_platform": [
    "facebook",
    "instagram"
  ],
  "ad_like_count": "0",
  "ad_share_count": "0"
}