{
  "ad_id": "1357424115693895",
  "ad_context": "🌸 元旦快樂｜願台灣走向更好的未來 🎊\n\n中華民國115年元旦，開國紀念日，回頭看過去一年，大家心情都不輕鬆，外有川普關稅戰對台影響尚未塵埃落定，內有朝野政治僵局仍無化解之道，而年底台北捷運的無差別砍人事件，更震撼台灣社會。\n󠀠\n「台灣2025代表字」，前兩名分別是「#罷」與「#詐」。看到這兩個字，很多人心裡大概只想說：對，就是這種感覺——累、煩、受夠了。😖\n󠀠\n朝野政黨沉浸在大罷免的激昂情緒，耗損在不必要的政治激情中，就算罷免大戲終於落幕，但政治對立與內耗降低了嗎？薪水漲了嗎？房價降了嗎？詐騙少了嗎？\n󠀠\n去年全年詐騙金額900多億，平均一天2億多，人民最痛恨的是「詐」。「罷」跟「詐」，是民眾去年最無奈的心聲。\n󠀠\n衷心盼望罷掉詐騙、罷掉無止盡的對抗、罷掉讓大家看煩看膩，讓政治虛耗空轉的戲碼！\n󠀠\n而在政治紛擾與大環境不安底下，我們也見到台灣社會的良善。看到在台北捷運捨己救人的余家昶先生，以及四面八方滿滿湧向追悼牆的卡片，台灣仍是一個有愛、有情、有光的社會✨💖。\n󠀠\n115 年的元旦，就讓我們揮別昨天陰霾，迎向明天和煦的陽光！🔆\n󠀠\n\n＃中華民國元旦 ＃新年新希望 ＃罷與詐 ＃中華梅花黨",
  "ad_profile_name": "中華梅花黨 National Flower Party",
  "ad_profile_image": "https://scontent.ftpe8-3.fna.fbcdn.net/v/t39.35426-6/605717443_2140930849774235_2957217899909088783_n.jpg?stp=dst-jpg_s60x60_tt6&_nc_cat=107&ccb=1-7&_nc_sid=c53f8f&_nc_ohc=CeYzhg9DYG0Q7kNvwGui_bN&_nc_oc=AdlZGAaiyqrr2k0JWS8o3gFqGBXGOtA5uKQ3qFBG6vwCp0-FELWC575yPoKEvBDTCaQ&_nc_zt=14&_nc_ht=scontent.ftpe8-3.fna&_nc_gid=yHF4PqNLasYhHvawjJxtIw&oh=00_AfohAiwh0m--KZ5Dgv587dddlxeUqjwjJOGlzAk53ww4zw&oe=696E5CDD",
  "ad_is_video": false,
  "ad_video_preview_image": null,
  "ad_image": "https://scontent.ftpe8-3.fna.fbcdn.net/v/t39.35426-6/606594849_883557050781435_3664213483497213031_n.jpg?stp=dst-jpg_s600x600_tt6&_nc_cat=111&ccb=1-7&_nc_sid=c53f8f&_nc_ohc=MVRAP4SAiXgQ7kNvwEFmmDt&_nc_oc=AdloHv3MMZ66DsCzYLGCOLkvY6KSLwX5GBrnjtqw1D1kOBylylhi3_Ygghh6kIc2EvM&_nc_zt=14&_nc_ht=scontent.ftpe8-3.fna&_nc_gid=yHF4PqNLasYhHvawjJxtIw&oh=00_AfoZteKzeLYz1LbmL-YSIGiupu7T_xQuLyfyBDQNOgGMOQ&oe=696E5EDA",
  "ad_cta_text": "發送訊息",
  "ad_link_description": null,
  "ad_link_url": null,
  "ad_title": null,
  "ad_caption": null,
  "ad_page_id": "134272586438346",
  "ad_cta_type": "發送訊息",
  "ad_extra_links": [],
  "ad_extra_texts": [],
  "ad_page_categories": [
    "政黨"
  ],
  "ad_page_like_count": 0,
  "ad_publisher_platform": [
    "facebook"
  ],
  "ad_like_count": "0",
  "ad_share_count": "0"
}