{
  "ad_id": "1357724512469675",
  "ad_context": "🌪️ 颱風來前先準備！🌪️\n\n鳳凰颱風來襲，千萬別大意！\n多一分準備，風雨來臨就少一分擔心！\n\n📝 颱風防災檢查清單\n1️⃣ 檢查門窗、排水孔是否暢通\n2️⃣ 收好陽台盆栽、招牌、遮雨棚等易被吹落物\n3️⃣ 備妥飲用水、乾糧與手電筒\n4️⃣ 行動電源先充飽，手機保持通訊暢通\n5️⃣ 留意氣象局颱風警報，避免外出\n\n讓我們一起，平安度過每一場風雨。",
  "ad_profile_name": "莊貽量",
  "ad_profile_image": "https://scontent.ftpe8-2.fna.fbcdn.net/v/t39.35426-6/580548305_782847688077798_4870813219582318615_n.jpg?stp=dst-jpg_s60x60_tt6&_nc_cat=103&ccb=1-7&_nc_sid=c53f8f&_nc_ohc=y0Qwm48hxoQQ7kNvwFTsG4U&_nc_oc=Adn-boveow9iITtOt1b0DeZQTBsepxHWo5rYZ0SXAg7e44uLCDe7qzcRTzg2_euBWvU&_nc_zt=14&_nc_ht=scontent.ftpe8-2.fna&_nc_gid=uC7hImpLEJYcuK4HVCEOuw&oh=00_AfoM4RXxkRkPvdwQKOmB-Z72qNH_96-eDD9gKm0z0qtarg&oe=696E4A29",
  "ad_is_video": false,
  "ad_video_preview_image": null,
  "ad_image": "https://scontent.ftpe8-3.fna.fbcdn.net/v/t39.35426-6/581206507_1570329307477072_384280271919905903_n.jpg?stp=dst-jpg_s600x600_tt6&_nc_cat=111&ccb=1-7&_nc_sid=c53f8f&_nc_ohc=oLnS5Gb4LVIQ7kNvwH2Fpdj&_nc_oc=Adk3EHJc8Fil6o-2NH20u18UFNJ-49bk4y-W2srIod8jiYYeSDhZ0DHXrUR9z084fUE&_nc_zt=14&_nc_ht=scontent.ftpe8-3.fna&_nc_gid=uC7hImpLEJYcuK4HVCEOuw&oh=00_AfqNp3pgo08k_kguWwGOwcKCmf2uOpHTtOl3almqQWcfjg&oe=696E40EC",
  "ad_cta_text": "",
  "ad_link_description": null,
  "ad_link_url": null,
  "ad_title": null,
  "ad_caption": null,
  "ad_page_id": "555779134608660",
  "ad_cta_type": "",
  "ad_extra_links": [],
  "ad_extra_texts": [],
  "ad_page_categories": [
    "政治人物"
  ],
  "ad_page_like_count": 0,
  "ad_publisher_platform": [
    "facebook",
    "instagram"
  ],
  "ad_like_count": "0",
  "ad_share_count": "0"
}