{
  "ad_id": "1358712519363004",
  "ad_context": "高雄轉型，正站在關鍵時刻。\n\n三民區的鐵路地下化、新高雄火車站、都更與商圈活化，以及捷運黃線、紫線，都需要有人接棒，把藍圖一步步落實。\n\n高雄市政維持要靠有經驗、有實力的賴瑞隆，三民建設發展需要勤政務實的何權峰，讓我們攜手努力，為更好的三民打拚！\n\n拜託您一起幫忙顧電話💪\n民進黨市長初選民調1/12－1/17，18:00－22:30\n📞 接到電話，堅定回答：「唯一支持 賴瑞隆」\n\n#市長電話民調唯一支持賴瑞隆\n#三民區議員唯一支持何權峰",
  "ad_profile_name": "何權峰 高雄市議員",
  "ad_profile_image": "https://scontent.ftpe8-2.fna.fbcdn.net/v/t39.35426-6/609174400_1388626552765831_8912891220940962827_n.jpg?stp=dst-jpg_s60x60_tt6&_nc_cat=103&ccb=1-7&_nc_sid=c53f8f&_nc_ohc=JeY4BLuI_soQ7kNvwH0APoO&_nc_oc=AdkoPmgSYX31RbiItXEz85JzBmqap9nXkxuhJ0z9teqkjGvTldaZXal_ILixQToiHlQ&_nc_zt=14&_nc_ht=scontent.ftpe8-2.fna&_nc_gid=1Ymb9SwuxHBbp6AVZRAXuQ&oh=00_Afpfs9_HqXAxrVf7RC409P8o9OlqUtWUd3WKkqv2JnZtAQ&oe=696E62D2",
  "ad_is_video": false,
  "ad_video_preview_image": null,
  "ad_image": "https://scontent.ftpe8-2.fna.fbcdn.net/v/t39.35426-6/611114203_912916604422592_3708522712049740328_n.jpg?stp=dst-jpg_s600x600_tt6&_nc_cat=103&ccb=1-7&_nc_sid=c53f8f&_nc_ohc=FKp9kGjIG20Q7kNvwFdoMX5&_nc_oc=AdnyjwOkNZQnADU_9a_mfXlt5rRuL8FKhuj1aaLmqN8Jx16S3jCzCdPelKpXcvdavJk&_nc_zt=14&_nc_ht=scontent.ftpe8-2.fna&_nc_gid=1Ymb9SwuxHBbp6AVZRAXuQ&oh=00_AfrEYal6UurP6p1pEYBWgvbVZcxs03N87KEkHkYSer2DlA&oe=696E6E92",
  "ad_cta_text": "",
  "ad_link_description": null,
  "ad_link_url": null,
  "ad_title": null,
  "ad_caption": null,
  "ad_page_id": "1385225591717634",
  "ad_cta_type": "",
  "ad_extra_links": [],
  "ad_extra_texts": [],
  "ad_page_categories": [],
  "ad_page_like_count": 0,
  "ad_publisher_platform": [
    "facebook"
  ],
  "ad_like_count": "0",
  "ad_share_count": "0"
}