{
  "ad_id": "1358531098529558",
  "ad_context": "🍁 感恩節有您真好｜知味料理館家人齊聚\n\n今天是感恩節，回首一路走來的點滴，心中滿滿都是祝福。\n\n感謝主的帶領，讓伯利能在公共服務的道路上持續前行；\n也感謝團隊夥伴與教會家人們一直以來的支持與陪伴，讓每一步都不孤單。🙏✨\n\n日前，很榮幸預約到老饕界都大力推薦的台菜餐廳 《知味料理館》，享受美好的相聚時光。\n\n主廚阿潔師的深厚功力，將台南傳統味道完美呈現；\n協助接待的帥氣兒子更是妙語如珠，讓整場聚會笑聲不斷、氣氛熱絡。😄🍲\n\n在這充滿平安與喜樂的節日裡，\n向所有關心、支持伯利的朋友獻上最真誠的祝福——\n\n🍁 感恩節快樂，有您真好！🤎\n\n#感恩節 #有您真好 #祝福滿滿 #知味料理館 #阿潔師 #台南特色料理 #台南菜老饕",
  "ad_profile_name": "李伯利-台南市議員參選人",
  "ad_profile_image": "https://scontent.ftpe8-1.fna.fbcdn.net/v/t39.35426-6/590437501_3172346343064986_2681365405742125523_n.jpg?stp=dst-jpg_s60x60_tt6&_nc_cat=105&ccb=1-7&_nc_sid=c53f8f&_nc_ohc=W3gsUWbubOYQ7kNvwHTpHHs&_nc_oc=AdkCfFt3Bod-VDqYwyij3798aZNQOoqwXq_81r6FAHmUKiftc8gJHo5hQNSfOIna2MY&_nc_zt=14&_nc_ht=scontent.ftpe8-1.fna&_nc_gid=Sig6yEYHMTf45dcanJfubg&oh=00_Afopgz33iZGw5DBd1uh2NVbjFbz_U5BSBRh8eWCD45ytjw&oe=696E586A",
  "ad_is_video": false,
  "ad_video_preview_image": null,
  "ad_image": "https://scontent.ftpe8-2.fna.fbcdn.net/v/t39.35426-6/589880032_840397642045886_4042862591670893234_n.jpg?stp=dst-jpg_s600x600_tt6&_nc_cat=100&ccb=1-7&_nc_sid=c53f8f&_nc_ohc=zzMbFDpykkoQ7kNvwFbvtoH&_nc_oc=Adk4iZBJgT19Pp_cQfCrS45rziBFWMUWTOqSyOG3NIhY6eK_k9U6SJDS0LvtVh9r8fg&_nc_zt=14&_nc_ht=scontent.ftpe8-2.fna&_nc_gid=Sig6yEYHMTf45dcanJfubg&oh=00_Afo0lFsU2e3BpzJJ_yI9hSGU8Tpffc3SQGouWZkXZjwLww&oe=696E5012",
  "ad_cta_text": "",
  "ad_link_description": null,
  "ad_link_url": null,
  "ad_title": null,
  "ad_caption": null,
  "ad_page_id": "115255733188288",
  "ad_cta_type": "",
  "ad_extra_links": [],
  "ad_extra_texts": [],
  "ad_page_categories": [],
  "ad_page_like_count": 0,
  "ad_publisher_platform": [
    "facebook"
  ],
  "ad_like_count": "0",
  "ad_share_count": "0"
}