{
  "ad_id": "1360938852500242",
  "ad_context": "< 科學家研究將昆蟲變為生化機械人 用作災難救援 >\n\n全文請閱: https://bit.ly/3ZDoTXn\n\n#昆蟲 #機械人 #救災 #cyborg #insectcyborg #甲蟲 #蟑螂",
  "ad_profile_name": "拾方視角",
  "ad_profile_image": "https://scontent.ftpe8-3.fna.fbcdn.net/v/t39.35426-6/615042078_26054809014105089_1562693351380051686_n.jpg?stp=dst-jpg_s60x60_tt6&_nc_cat=107&ccb=1-7&_nc_sid=c53f8f&_nc_ohc=DpgDMJAv9kwQ7kNvwF-GCd5&_nc_oc=AdkuBhZIbjd7mV3a-6olnA7dt1yKZUG7fJbZVn6RzTfZy3jtgy0wClahog-Pnsz0_70&_nc_zt=14&_nc_ht=scontent.ftpe8-3.fna&_nc_gid=e3W9zCRRSoTtbApWR47xpw&oh=00_Afq6FDMlASVwfe-TwOjoiOQWBlp40ZUjryTd5iskTdsaJg&oe=696E461D",
  "ad_is_video": false,
  "ad_video_preview_image": null,
  "ad_image": "https://scontent.ftpe8-3.fna.fbcdn.net/v/t39.35426-6/613881144_4248910245370398_8223950832084846750_n.jpg?stp=dst-jpg_s600x600_tt6&_nc_cat=107&ccb=1-7&_nc_sid=c53f8f&_nc_ohc=AyBv615W1usQ7kNvwGuGGUz&_nc_oc=Adm0vUmxDykuOzYFyL6GO7oNbj58sz3ZYdOCafXKE1tEjYP5iePRvtzdRV7Vi2iQ43w&_nc_zt=14&_nc_ht=scontent.ftpe8-3.fna&_nc_gid=e3W9zCRRSoTtbApWR47xpw&oh=00_AfrNjAV7I0rF7IzV6QkUCwNTUHxoRWQTbugwrxy_zQnSMw&oe=696E6C50",
  "ad_cta_text": "",
  "ad_link_description": "在澳洲昆士蘭大學的一家實驗室，研究員拉克蘭‧菲茨杰拉德（Lachlan Fitzgerald）在做一…",
  "ad_link_url": "https://bit.ly/3ZDoTXn",
  "ad_title": "科學家研究將昆蟲變為生化機械人 用作災難救援 - 拾方視角",
  "ad_caption": "villagedoor.org",
  "ad_page_id": "1531570613776466",
  "ad_cta_type": "",
  "ad_extra_links": [],
  "ad_extra_texts": [],
  "ad_page_categories": [],
  "ad_page_like_count": 0,
  "ad_publisher_platform": [
    "facebook",
    "instagram",
    "audience_network",
    "messenger"
  ],
  "ad_like_count": "0",
  "ad_share_count": "0"
}