{
  "ad_id": "1361706839067591",
  "ad_context": "✴️分享郭遠彰鎮長臉書✴️\n【說到做到】這條白線，劃開了「混亂」與「秩序」。和江街停車改善，驗收過關！✅\n還記得前陣子，東方新都三期管委會和鄉親們反映的「和江街停車亂象」嗎？ 不用再忍受了，因為改變已經發生。\n「承諾，就是要在最短時間內兌現。」\n昨天（1/7），遠彰再次回到和江街現場。這一次不是去聽抱怨，而是去驗收成果。👀 看著地上嶄新的白色標線，以及這幾天已經陸續就定位的機車，心裡真的很踏實。\n我們做到了什麼？ 🔸 空間歸位： 原本隨意停放、佔用人行道或擋住商家門口的機車，現在每一台都有了自己的「家」。 🔸 動線解鎖： 清楚劃分出停車區與通行區，行人走路不用再閃閃躲躲，車輛通行也更順暢。 🔸 商家雙贏： 門口不再被亂停封死，顧客要臨停買東西也更有規矩。\n現場看到一位剛好來牽車的住戶，他笑著說：「鎮長，畫這樣清楚多了，大家也不好意思亂停啦！」\n這就是我們要的——用最小的工程，換來最大的生活品質改善。\n感謝公所團隊的高效率執行，也感謝管委會與周邊商家的配合。竹東的進步，就是由這一個個「變整齊的角落」累積起來的！📈\n大家覺得這樣的改變如何？路過和江街時，歡迎感受一下這份新的秩序感！✨\n#竹東鎮長郭遠彰 #說到做到 #和江街 #驗收完成 #有感施政 #停車秩序 #竹東更美好了",
  "ad_profile_name": "竹東鎮長郭遠彰",
  "ad_profile_image": "https://scontent.ftpe8-3.fna.fbcdn.net/v/t39.35426-6/612379808_24717562917917341_5897557066341195442_n.jpg?stp=dst-jpg_s60x60_tt6&_nc_cat=106&ccb=1-7&_nc_sid=c53f8f&_nc_ohc=j53E42I2mjsQ7kNvwExfsK-&_nc_oc=Adn10ET8BJMQ_m3VsacLc-_o4Ugkd1ToNiFNIEfB0_RgZsCdauijVRcoRMwvvJ14xZo&_nc_zt=14&_nc_ht=scontent.ftpe8-3.fna&_nc_gid=Q6JJrwpUc1bdY0MhPfcSeg&oh=00_AfopOw7_Ectz9NF-elb_p40fWo6wqYfn1oat3YKd60dqbg&oe=696DC6BF",
  "ad_is_video": false,
  "ad_video_preview_image": null,
  "ad_image": "https://scontent.ftpe8-1.fna.fbcdn.net/v/t39.35426-6/612580732_748588851618252_3619380353017505413_n.jpg?stp=dst-jpg_s600x600_tt6&_nc_cat=108&ccb=1-7&_nc_sid=c53f8f&_nc_ohc=g2zqLGxtN1oQ7kNvwE6ilW-&_nc_oc=Admoim46MBPVWZX7pOEcwyQnM01egsgVpW3w7jxIH7M2ishZsrk50STlnrfCdSF7WKk&_nc_zt=14&_nc_ht=scontent.ftpe8-1.fna&_nc_gid=Q6JJrwpUc1bdY0MhPfcSeg&oh=00_AfrRzAADsEwivIis2cshHcMJNDpwFMinbQnCqjvd-n289w&oe=696DDA15",
  "ad_cta_text": "",
  "ad_link_description": null,
  "ad_link_url": null,
  "ad_title": null,
  "ad_caption": null,
  "ad_page_id": "1728853307164235",
  "ad_cta_type": "",
  "ad_extra_links": [],
  "ad_extra_texts": [],
  "ad_page_categories": [],
  "ad_page_like_count": 0,
  "ad_publisher_platform": [
    "facebook"
  ],
  "ad_like_count": "0",
  "ad_share_count": "0"
}