{
  "ad_id": "1362158641355656",
  "ad_context": "🌟臺南市第二選區立委政見發表會，敬邀各位一起關注🌟\n\n大家好！我是詹秋嫻，台南市第二選區立委候選人，期盼與您分享我的政見，共同建設更美好的台南！\n\n🔍 我的願景：南科小鎮，共創未來🏡🌍**\n在這場發表會中，我將深入講解我的政見，特別聚焦於建設「南科小鎮」國際村，並分享一系列的具體措施，以促進產官學合作，推動南科國際村的建設，讓南科園區吸引更多國際人才進駐，安置家園。\n\n🗓️時間：1/3 16:40\n📍頻道：臺南市全區有線電視第 3 頻道（或第 4 頻道）\n📍直播連結：https://www.youtube.com/watch?v=q73igOTsYz8\n\n🚀 政見概要：\n1. 南科小鎮國際村 - 吸引國際人才，為南科帶來活力。\n2. 美國教師執照計畫 - 傳承文化，提高臺灣聲望。\n3. 教育部貸款提高- 鼓勵海外留學，吸引國際生至台。\n4. 學校產業化 - 招收外籍學生，為學校注入資源。\n5. 臺灣國際化- 從幼兒園開始推動雙語教育。\n6. 臺灣觀光產業化 - 推動國際駕照，活絡臺灣經濟。\n7.產官學商合作—解決健保財政問題，創造經濟活絡。\n8.改善外籍配偶申請國籍問題。\n9.降低購屋頭期款—人人有房住，讓子女回鄉里。\n10.企業認養空閒場地—推動全民終身學習。\n11.環保愛地球—落實環保與節能，減少垃圾量。\n12.推廣全民微笑—支持有機、健身、養身、救地球。\n\n🤝我們需要您的關注🤝\n這場發表會不僅僅是我向您介紹我的政見，更是一次共同理解、共創未來的機會。\n\n🌈 請您記得留下時間，一同關注這場有意義的活動🌈\n\n#南科小鎮 #政見發表會 #共創未來\n\n#選戰倒數10天\n#台南市第二選區立委候選人3號 #詹秋嫻 \n#政黨票請投人民最大黨15號\n懇請支持!!",
  "ad_profile_name": "詹秋嫻 台南市第二區立委候選人 3號",
  "ad_profile_image": "https://scontent.ftpe8-3.fna.fbcdn.net/v/t39.35426-6/416133714_1395219004753775_4431805493824432154_n.jpg?stp=dst-jpg_s60x60_tt6&_nc_cat=106&ccb=1-7&_nc_sid=c53f8f&_nc_ohc=PesirO4gJTwQ7kNvwH94rNL&_nc_oc=Adn1vQqE1fiTt4mgUrbdvhjkbhtuKBqvLys7xxYfwavgihYVbU1sAzsJX6BDZWhVCvg&_nc_zt=14&_nc_ht=scontent.ftpe8-3.fna&_nc_gid=miKJIsRxfTdCd6ocURlfNg&oh=00_Afou75nINdZslM1o9C2eQjuqSSTpI4VuXNFdIK9u9Ozf1A&oe=696E6BB5",
  "ad_is_video": false,
  "ad_video_preview_image": null,
  "ad_image": "https://scontent.ftpe8-4.fna.fbcdn.net/v/t39.35426-6/416116753_664067839136027_708783395464259668_n.jpg?stp=dst-jpg_s600x600_tt6&_nc_cat=110&ccb=1-7&_nc_sid=c53f8f&_nc_ohc=lO8Y_Dq6ij4Q7kNvwFjp9Eb&_nc_oc=AdnkHgnFhJnMnlstW_g4eYdY_f-AehMKzub3CU4uyutLo4eKkdtqfobuNdoRsZU1goE&_nc_zt=14&_nc_ht=scontent.ftpe8-4.fna&_nc_gid=miKJIsRxfTdCd6ocURlfNg&oh=00_AfpzX-1k-fSIOz5idfM8EHQpPRzbNCHehyB_xkMpgJ5dPg&oe=696E3A76",
  "ad_cta_text": "發送訊息",
  "ad_link_description": null,
  "ad_link_url": "https://www.youtube.com/watch?v=q73igOTsYz8",
  "ad_title": null,
  "ad_caption": null,
  "ad_page_id": "193905257141165",
  "ad_cta_type": "發送訊息",
  "ad_extra_links": [],
  "ad_extra_texts": [],
  "ad_page_categories": [
    "教育諮詢顧問"
  ],
  "ad_page_like_count": 53,
  "ad_publisher_platform": [
    "facebook",
    "instagram"
  ],
  "ad_like_count": "0",
  "ad_share_count": "0"
}