{
  "ad_id": "1362722158563538",
  "ad_context": "",
  "ad_profile_name": "新冒険／新冒險／New Adventure",
  "ad_profile_image": "https://scontent.ftpe8-1.fna.fbcdn.net/v/t39.35426-6/573614519_1171904971031535_8424446281485507726_n.jpg?stp=dst-jpg_s60x60_tt6&_nc_cat=108&ccb=1-7&_nc_sid=c53f8f&_nc_ohc=JgOmx_o7nfMQ7kNvwFQAgfo&_nc_oc=AdmJm2WbPNPYFEO_Gyxg156RZumPaThryucRbzvmO5qf5-QdDMcl_Hb2334B0RLKhXc&_nc_zt=14&_nc_ht=scontent.ftpe8-1.fna&_nc_gid=re-5k_dUCRu_eqNwqxDH4A&oh=00_Afo36Y4Z-RDgSJNRYC9Fprs6Y9JO26yfgSSjsumTHvU0XA&oe=696DE78D",
  "ad_is_video": false,
  "ad_video_preview_image": null,
  "ad_image": "https://scontent.ftpe8-3.fna.fbcdn.net/v/t39.35426-6/574556123_1216995440247916_435073191521234563_n.jpg?stp=dst-jpg_s600x600_tt6&_nc_cat=107&ccb=1-7&_nc_sid=c53f8f&_nc_ohc=zhYV6IwFDvoQ7kNvwGOvU6j&_nc_oc=Adn-NsD6-ICJ-IOg3rBJaa8jK5giiauqNBZjjF2CFOVSSBF0QMCDIpIC1oxFU-3HkN4&_nc_zt=14&_nc_ht=scontent.ftpe8-3.fna&_nc_gid=re-5k_dUCRu_eqNwqxDH4A&oh=00_AfqIEjzpN2nXBcNLILDJE530sgQs0vQYbk200CGpPXFezw&oe=696DC05F",
  "ad_cta_text": "Learn More",
  "ad_link_description": null,
  "ad_link_url": "https://l.facebook.com/l.php?u=https%3A%2F%2Fnewadventurespirit.com%2Fzh%2Ftop%2F%3Ffbclid%3DIwZXh0bgNhZW0CMTAAYnJpZBExZ1h6TjROVm50bUtKNncwUXNydGMGYXBwX2lkDzU0MTYzOTQ5Mzg4OTAyNQABHsn8LrudlIp2KQBG1diIIzq5EOMBAAlGhC904rEtHIIyjPftLWQ3KVUqlkT4_aem_YeBWQ3xrAPVoZfAQgTGVcA&h=AT2Wca89Ca15SLfuG7B1hAKpBD21_TqzZO4BONqf0BV08tEHGVxmtUgDP1ulrnYdCwOHFO0f5XbfU34TCv0Unin1rUhXsYmKs8W9vC2cwRJc18CnCQqubfeqLwMxlNqmsP4vL7p1KqRTkVky_0-shw",
  "ad_title": "新冒険／新冒險／New Adventure",
  "ad_caption": "newadventurespirit.com",
  "ad_page_id": "193120103880745",
  "ad_cta_type": "Learn More",
  "ad_extra_links": [
    "新冒険／新冒險／New Adventure",
    "新冒険／新冒險／New Adventure",
    "新冒険／新冒險／New Adventure"
  ],
  "ad_extra_texts": [],
  "ad_page_categories": [
    "旅行社"
  ],
  "ad_page_like_count": 0,
  "ad_publisher_platform": [
    "facebook",
    "instagram",
    "audience_network",
    "messenger",
    "threads"
  ],
  "ad_like_count": "0",
  "ad_share_count": "0"
}