{
  "ad_id": "1363496128803290",
  "ad_context": "彰化富 邱建富！\n彰化富 Wonderful，我們一起開創新局！\n\n彰化關鍵時刻！\n不只產業要升級、交通要突破、生活要翻轉，更要讓世界看到彰化的精彩與能量！\n\n請相信 邱建富。\n我會用最打拚的力量、最溫暖的肩膀，守護我們的鄉親，承接最重要的建設基礎，更要迎戰所有挑戰，把彰化帶向更幸福、更 Wonderful 的未來！\n\n———\n🎉 嘉賓將陸續公布！\n誠摯邀請鄉親作伙來參加\n「彰化富 WONDERFUL・大團結晚會」\n\n📌 日期｜12月13日（週六）\n📌 時間｜18:30－20:00（18:00 開放入場）\n📌 地點｜彰化市旭光路（華陽市場前）",
  "ad_profile_name": "彰化邱建富",
  "ad_profile_image": "https://scontent.ftpe8-1.fna.fbcdn.net/v/t39.35426-6/596807413_1214870143841241_6005179858101928476_n.jpg?stp=dst-jpg_s60x60_tt6&_nc_cat=105&ccb=1-7&_nc_sid=c53f8f&_nc_ohc=p1WkQwVQSTkQ7kNvwG-vK1k&_nc_oc=Adl8LX0OXwp448TcfRuM9H1oNW3ms6-uHa3SBHomK9c2Mui7WRLk6zRhcUomYVG6vp4&_nc_zt=14&_nc_ht=scontent.ftpe8-1.fna&_nc_gid=OEt9DsG5NW9Z9uN_pVRwgg&oh=00_AfoWnJ3Z7NMJurCRvhSCLa52o6niIld6TU72zE2i0h0Rdg&oe=696E576B",
  "ad_is_video": false,
  "ad_video_preview_image": null,
  "ad_image": "https://scontent.ftpe8-2.fna.fbcdn.net/v/t39.35426-6/587750895_1640255947428313_397510774738832393_n.jpg?stp=dst-jpg_s600x600_tt6&_nc_cat=101&ccb=1-7&_nc_sid=c53f8f&_nc_ohc=YNL5RQLP-6MQ7kNvwHTyUeh&_nc_oc=AdnaJ5ol0_J75V0O0T3UiykvYVqfbdC_KGF1wn4MvQ5zW9c9EYCkfQP2o1liI4p9uZU&_nc_zt=14&_nc_ht=scontent.ftpe8-2.fna&_nc_gid=OEt9DsG5NW9Z9uN_pVRwgg&oh=00_AfqVbMK8gjFVa59L-MZMfDWcgjo9A0murpS1BBs2_B64Pg&oe=696E4E6D",
  "ad_cta_text": "發送訊息",
  "ad_link_description": null,
  "ad_link_url": null,
  "ad_title": null,
  "ad_caption": null,
  "ad_page_id": "598218730636680",
  "ad_cta_type": "發送訊息",
  "ad_extra_links": [],
  "ad_extra_texts": [],
  "ad_page_categories": [
    "政治人物"
  ],
  "ad_page_like_count": 0,
  "ad_publisher_platform": [
    "facebook",
    "instagram"
  ],
  "ad_like_count": "0",
  "ad_share_count": "0"
}