{
  "ad_id": "1363786281903357",
  "ad_context": "🎉𝟑金𝟐銀🎉跟著得獎名單去旅行吧🏆ˊ˗ \n\\\\𝟐𝟎𝟐𝟓金旅獎𝐱優旅選//再創巔峰‼️長汎假期不只上榜，還包辦滿滿亮點。每一條路線，都承載著我們對 #品質旅遊 的堅持💪\n💁‍♀️看行程➜ https://reurl.cc/Eboxvg\n󠀠󠀠󠀠󠀠󠀠\n🏆₊˚⊹₊˚꒰榮獲 #金旅獎 肯定꒱˚₊⊹₊˚🏆\n🥇日本｜戀上北海道邂逅星野漫步𝟓日\n・長榮直飛＋星野𝐓𝐎𝐌𝐀𝐌𝐔兩晚保證入住🌙\n・螃蟹會席、哈密瓜吃到飽、雲海纜車美景全收\n󠀠󠀠󠀠󠀠󠀠󠀠\n🥇馬祖｜夜航進國境之北𝟒日\n・首創夜航船宿➜睜開眼就在東引\n・𝟓𝟎𝟎盤認證林義和🍽️、泰利防空洞餐廳\n󠀠󠀠󠀠󠀠󠀠\n🥇金門｜金門有故事𝟑日\n・蚵田復育、植物編織🌾、蜂蜜汽水𝐃𝐈𝐘\n・𝟗人座深度遊，大小金門故事走到哪聽到哪\n󠀠󠀠󠀠󠀠󠀠\n🏆₊˚⊹₊˚꒰#優旅選 𝟐大佳作꒱˚₊⊹₊˚🏆\n🥈越南｜輕奢峴港套房酒店𝟓日\n・長榮直飛＋全程入住五星級酒店💤\n・青蔬無菜單𝐱米其林推薦，享南洋美食盛宴\n󠀠󠀠󠀠󠀠󠀠󠀠\n🥈港澳大陸｜水墨黃山徽派古村落𝟔日(當地遊)\n・浙菜米其林一星桂語山房、徽菜臨江包廂\n・入住國際五星飯店⭐、前山後山各住一晚\n***為配合政府政策，散客組團尚未開放前，若有文化交流之需求，請洽服務人員。\n󠀠󠀠󠀠󠀠󠀠󠀠󠀠\n📞來電諮詢：(02) 2513-5679\n📲官方 LINE：https://maac.io/4F5kN\n-\n#長汎假期 #everfuntravel #跟團推薦 #長榮航空直營旅行社",
  "ad_profile_name": "長汎假期",
  "ad_profile_image": "https://scontent.ftpe8-4.fna.fbcdn.net/v/t39.35426-6/600341853_873516458564118_9172602679099526795_n.jpg?stp=dst-jpg_s60x60_tt6&_nc_cat=104&ccb=1-7&_nc_sid=c53f8f&_nc_ohc=yGB_ZI5eBNsQ7kNvwFAxju7&_nc_oc=Admc1uUesQF2Z1Ltf0w_PIFMKvi_qOgTjqrj-qOywCrQL9ESX_hjsiNYJpneQQM2WV8&_nc_zt=14&_nc_ht=scontent.ftpe8-4.fna&_nc_gid=r4KgwQEY-EaT9Fn6hxKOHw&oh=00_AfpPpyonuZ3AFurvXU1_9NhcG8XuTCSV62nQzlFgEpAJcg&oe=696D2605",
  "ad_is_video": false,
  "ad_video_preview_image": null,
  "ad_image": "https://scontent.ftpe8-4.fna.fbcdn.net/v/t39.35426-6/598028925_1219955933322620_782416470591639515_n.jpg?stp=dst-jpg_s600x600_tt6&_nc_cat=100&ccb=1-7&_nc_sid=c53f8f&_nc_ohc=gXUgaW6axuoQ7kNvwELEw9F&_nc_oc=AdkIAKo5DAWXKfMHWiTi3pNYarijXd2uK_wP7kjBkrc6BPLp82JTm1DSrlK6WBM6y0M&_nc_zt=14&_nc_ht=scontent.ftpe8-4.fna&_nc_gid=r4KgwQEY-EaT9Fn6hxKOHw&oh=00_AfpWJGAsTRMxw2OSpcGIx8kYg3svyJvmBgzkWwNuzlDvVg&oe=696D3F60",
  "ad_cta_text": "",
  "ad_link_description": null,
  "ad_link_url": "https://reurl.cc/Eboxvg",
  "ad_title": null,
  "ad_caption": null,
  "ad_page_id": "366422823564552",
  "ad_cta_type": "",
  "ad_extra_links": [],
  "ad_extra_texts": [],
  "ad_page_categories": [
    "觀光導遊"
  ],
  "ad_page_like_count": 0,
  "ad_publisher_platform": [
    "facebook",
    "instagram"
  ],
  "ad_like_count": "0",
  "ad_share_count": "0"
}