{
  "ad_id": "1363145394965734",
  "ad_context": "📣 AI迷快看過來！教育界年度最強論壇免費報名中\nhttps://go.cwgv.tw/7htpfb\n\n6/5（四）新北線上場\nAI教育 × 永續使命，全明星講師陣容等你來\n\n🔥 AI神人站台 主題演講必聽！\n🔹 特邀國際講者Individualized Realized 創辦人 Susannah Johnson\n🔹 教育部政務次長 葉丙成\n🔹 意藍資訊董事總經理/創辦人 楊立偉\n​\n🔥 雙場次焦點座談＋超強與談人\n🔹 新北市教育局 局長張明文\n🔹 數感實驗室共同創辦人 賴以威\n🔹 政治大學教授 林日璇\n\n免費參與線上直播，手刀報名👉\nhttps://go.cwgv.tw/7htpfb",
  "ad_profile_name": "未來Family",
  "ad_profile_image": "https://scontent.ftpe8-4.fna.fbcdn.net/v/t39.35426-6/499127130_684733527782557_143059036395182271_n.jpg?stp=dst-jpg_s60x60_tt6&_nc_cat=110&ccb=1-7&_nc_sid=c53f8f&_nc_ohc=p-r0IHVKxFIQ7kNvwFpHZCA&_nc_oc=AdlEv-hm9cWDvWW_l0A2LlkLkiByWQhmtmReW-zJYntrlt_yWORRP1RAwvwHJ9BNYNM&_nc_zt=14&_nc_ht=scontent.ftpe8-4.fna&_nc_gid=Eg192eopP8xKm2YSif0qbA&oh=00_AfqdqCb6uCT2nkl-98LEoEduelj_qft53boi-kIPwuYn0w&oe=696E7766",
  "ad_is_video": false,
  "ad_video_preview_image": null,
  "ad_image": "https://scontent.ftpe8-1.fna.fbcdn.net/v/t39.35426-6/499943499_1681487722474279_3155898965382839698_n.jpg?stp=dst-jpg_s600x600_tt6&_nc_cat=109&ccb=1-7&_nc_sid=c53f8f&_nc_ohc=zyvabrLtBqYQ7kNvwH6e45U&_nc_oc=AdnwkZA4SlHlK2-SKa3kE-skT4JcGv0_J0qkrfIdgiRa-MZygn9kDdLx2KTyTnB1Au0&_nc_zt=14&_nc_ht=scontent.ftpe8-1.fna&_nc_gid=Eg192eopP8xKm2YSif0qbA&oh=00_AfqfmGkrzBsXVqzFDiHJUObQN1hWMEWWK_hb2iXdQ6a0Tg&oe=696E6D8D",
  "ad_cta_text": "搶先預約",
  "ad_link_description": "AI教育 × 永續使命，全明星講師陣容等你來",
  "ad_link_url": "https://go.cwgv.tw/7htpfb",
  "ad_title": "免費報名🔥教育界AI神人線上直播",
  "ad_caption": "parenting.cwgv.com.tw",
  "ad_page_id": "1601614166748301",
  "ad_cta_type": "搶先預約",
  "ad_extra_links": [],
  "ad_extra_texts": [],
  "ad_page_categories": [],
  "ad_page_like_count": 0,
  "ad_publisher_platform": [
    "facebook",
    "instagram"
  ],
  "ad_like_count": "0",
  "ad_share_count": "0"
}