{
  "ad_id": "1364643701575159",
  "ad_context": "她是艾莉諾・古托姆・烏齊，挪威的薩米原住民族女性領袖，為守護她族人世世代代的馴鹿放牧傳統而站出來。\n\n2023 年，大量風力發電機被提議興建在薩米族領域，其中許多直接落在艾莉諾的放牧地上。這些工程可能切斷馴鹿遷徙路線、破壞土地，讓與自然緊密共生的生活方式走向消失。\n\n儘管族人持續抗爭，挪威政府仍加速推動核准程序。艾莉諾正努力讓世界聽見薩米族的心聲。\n\n全球各地有許多人挺身守護環境、土地，這些環境人權捍衛者時常面臨各種威脅，也因為持續發聲，付出巨大的代價......\n\n📢 但是你的聲援行動，可以為他們帶來改變！\n\n👉加入2025寫信馬拉松全球線上連署\n用行動捍衛人權欸uou許",
  "ad_profile_name": "國際特赦組織 台灣分會 Amnesty International Taiwan",
  "ad_profile_image": "https://scontent.ftpe8-1.fna.fbcdn.net/v/t39.35426-6/599172207_1171137105163530_1853529121431859580_n.jpg?stp=dst-jpg_s60x60_tt6&_nc_cat=108&ccb=1-7&_nc_sid=c53f8f&_nc_ohc=rHroeUVleHgQ7kNvwETmkzF&_nc_oc=AdnPfeB8Qml9flHKxkURPpzhTEXSQdP2H58KN_wBmu31jUJXq2y2BJ0OW0zMJ0QfGAk&_nc_zt=14&_nc_ht=scontent.ftpe8-1.fna&_nc_gid=QSQDBmhbwWdeQx8xRnLZiw&oh=00_AfqkuEKymax8FqUB7A5rNC2oFsgfd7OEKjSJFywROKetkw&oe=696E6261",
  "ad_is_video": false,
  "ad_video_preview_image": null,
  "ad_image": "https://scontent.ftpe8-4.fna.fbcdn.net/v/t39.35426-6/600229018_2465559750507349_9170819752490702811_n.jpg?stp=dst-jpg_s600x600_tt6&_nc_cat=110&ccb=1-7&_nc_sid=c53f8f&_nc_ohc=AWhzzkStBVcQ7kNvwEj69zt&_nc_oc=AdkEP3LoiTxS39BUgGN9erbcos7bsgI9T4xcuJtdSXKxCJGNxRxzndFO5RxLKFjc_Nw&_nc_zt=14&_nc_ht=scontent.ftpe8-4.fna&_nc_gid=QSQDBmhbwWdeQx8xRnLZiw&oh=00_AfrRIjUSosDgD1sqXEWyVLJ-zMy79kR9wCY-lRJU6ctIVA&oe=696E70DF",
  "ad_cta_text": "Learn More",
  "ad_link_description": "加入連署為薩米族人發聲",
  "ad_link_url": "https://l.facebook.com/l.php?u=https%3A%2F%2Fwww.amnesty.tw%2Fcivicrm%2Fevent%2Finfo%3Freset%3D1%26id%3D392%26utm_source%3DFacebook%26utm_medium%3DPaidSocial%26utm_campaign%3DW4R25_norway_engagement%26fbclid%3DIwZXh0bgNhZW0CMTAAYnJpZBExZ1h6TjROVm50bUtKNncwUXNydGMGYXBwX2lkDzU0MTYzOTQ5Mzg4OTAyNQABHvzpz5zAK7NGZRGSI3GWUbH9wJ-XRWx8WDhzMskN93-W9beejEeXYRBd_x86_aem_02eWzVMI1V6o9Rnh-6q0_A&h=AT1d0eGRH_SjCZIRGjqHrvbfaKIfcgbPBfoksYMpyjZvaxNe7nC58oLVO0fnscblSm5pijEBYgPZRPh2alnxTeTQxk1fgzlUvJUyzTAQndzIB10jA_xA7JiAtfbw7S-JeeF_wI1eLPVbbURELdAp4w",
  "ad_title": "你的行動 能改變他們的生命",
  "ad_caption": "amnesty.tw",
  "ad_page_id": "238507146264909",
  "ad_cta_type": "Learn More",
  "ad_extra_links": [
    "你的行動 能改變他們的生命",
    "你的行動 能改變他們的生命",
    "你的行動 能改變他們的生命"
  ],
  "ad_extra_texts": [
    "她是艾莉諾・古托姆・烏齊，挪威的薩米原住民族女性領袖，為守護她族人世世代代的馴鹿放牧傳統而站出來。\n\n2023 年，大量風力發電機被提議興建在薩米族領域，其中許多直接落在艾莉諾的放牧地上。這些工程可能切斷馴鹿遷徙路線、破壞土地，讓與自然緊密共生的生活方式走向消失。\n\n儘管族人持續抗爭，挪威政府仍加速推動核准程序。艾莉諾正努力讓世界聽見薩米族的心聲。\n\n全球各地有許多人挺身守護環境、土地，這些環境人權捍衛者時常面臨各種威脅，也因為持續發聲，付出巨大的代價......\n\n📢 但是你的聲援行動，可以為他們帶來改變！\n\n👉加入2025寫信馬拉松全球線上連署\n用行動捍衛人權欸uou許",
    "她是艾莉諾・古托姆・烏齊，挪威的薩米原住民族女性領袖，為守護她族人世世代代的馴鹿放牧傳統而站出來。\n\n2023 年，大量風力發電機被提議興建在薩米族領域，其中許多直接落在艾莉諾的放牧地上。這些工程可能切斷馴鹿遷徙路線、破壞土地，讓與自然緊密共生的生活方式走向消失。\n\n儘管族人持續抗爭，挪威政府仍加速推動核准程序。艾莉諾正努力讓世界聽見薩米族的心聲。\n\n全球各地有許多人挺身守護環境、土地，這些環境人權捍衛者時常面臨各種威脅，也因為持續發聲，付出巨大的代價......\n\n📢 但是你的聲援行動，可以為他們帶來改變！\n\n👉加入2025寫信馬拉松全球線上連署\n用行動捍衛人權欸uou許",
    "她是艾莉諾・古托姆・烏齊，挪威的薩米原住民族女性領袖，為守護她族人世世代代的馴鹿放牧傳統而站出來。\n\n2023 年，大量風力發電機被提議興建在薩米族領域，其中許多直接落在艾莉諾的放牧地上。這些工程可能切斷馴鹿遷徙路線、破壞土地，讓與自然緊密共生的生活方式走向消失。\n\n儘管族人持續抗爭，挪威政府仍加速推動核准程序。艾莉諾正努力讓世界聽見薩米族的心聲。\n\n全球各地有許多人挺身守護環境、土地，這些環境人權捍衛者時常面臨各種威脅，也因為持續發聲，付出巨大的代價......\n\n📢 但是你的聲援行動，可以為他們帶來改變！\n\n👉加入2025寫信馬拉松全球線上連署\n用行動捍衛人權欸uou許"
  ],
  "ad_page_categories": [
    "非政府組織（NGO）"
  ],
  "ad_page_like_count": 0,
  "ad_publisher_platform": [
    "facebook",
    "instagram"
  ],
  "ad_like_count": "0",
  "ad_share_count": "0"
}