{
  "ad_id": "1364686205131027",
  "ad_context": "思銘自2020年上任立法委員以來，持續關注攸關新竹縣長遠發展的「台知園區計畫」，不論中央或地方層級會議，皆親自參與、持續追蹤，為的就是替新竹縣未來發展打下穩固基礎。\n\n隨著高科技產業快速成長，大量工程師與上下游從業人員及其家庭選擇在新竹深耕，人口增加也帶來土地與空間的高度需求。尤其竹北地區，建地、商業區與產業用地長期不足，已成為影響產業發展與居住品質的重要結構性問題。\n\n目前台知園區中，政府核定的國家重大建設範圍為142公頃，經濟部已表態將配合推動；但整體規劃達435公頃，尚有293公頃屬都市計畫用地，須由內政部審查。多年來相關會議不斷，思銘也全程參與，持續為地方爭取合理發展空間。\n\n思銘主張，重大建設應依既定程序與時程推進，不應再無謂延宕。在持續追蹤與明確要求下，相關公聽會已確定於明年三月如期召開，透過公開、透明的制度討論，加速凝聚共識，讓政策真正回應地方需求。\n\n台知園區不只是土地開發，更是新竹縣產業布局、居住環境與世代發展的關鍵。思銘將持續站在第一線，負責任把關、積極溝通，為新竹縣爭取最好的未來。\n\n奠基竹縣發展，立足世界競爭。\n\n#立法委員林思銘SmanLin\n#台知園區計畫\n@追蹤者",
  "ad_profile_name": "立法委員 林思銘",
  "ad_profile_image": "https://scontent.ftpe8-4.fna.fbcdn.net/v/t39.35426-6/604871349_688111177572265_1050406388255323968_n.jpg?stp=dst-jpg_s60x60_tt6&_nc_cat=104&ccb=1-7&_nc_sid=c53f8f&_nc_ohc=v4_dQecH_C8Q7kNvwEPujg7&_nc_oc=Adl8IAgwQ0ch1bkAbBGoOIJnbjaPeptapYDrT59EcvpHbIJBb-AwQQbHgKcg6C29bDo&_nc_zt=14&_nc_ht=scontent.ftpe8-4.fna&_nc_gid=x2m5x9KLHhXSpx3lep8spg&oh=00_AfqQ6BhprIeHkPFr1BVsFzeS96xwWGVVp71_fgj1iukAbQ&oe=696E4F62",
  "ad_is_video": false,
  "ad_video_preview_image": null,
  "ad_image": "https://scontent.ftpe8-1.fna.fbcdn.net/v/t39.35426-6/605296116_1184793379949227_5401351543456481180_n.jpg?stp=dst-jpg_s600x600_tt6&_nc_cat=108&ccb=1-7&_nc_sid=c53f8f&_nc_ohc=ScgSukUaSBIQ7kNvwG72BOR&_nc_oc=Adn72xFGRR3KDsL6XH9nKOHDz_WBKFnCSfpJnxJ1mjd3kRnuL6tG6i4zyc2UxRCZTw8&_nc_zt=14&_nc_ht=scontent.ftpe8-1.fna&_nc_gid=x2m5x9KLHhXSpx3lep8spg&oh=00_AfrzUS7dCOoRehz2j7M6alIh3DllLrXg0Pt4oibPeD9qIg&oe=696E6429",
  "ad_cta_text": "發送訊息",
  "ad_link_description": null,
  "ad_link_url": null,
  "ad_title": null,
  "ad_caption": null,
  "ad_page_id": "102286101328988",
  "ad_cta_type": "發送訊息",
  "ad_extra_links": [],
  "ad_extra_texts": [],
  "ad_page_categories": [
    "政治人物"
  ],
  "ad_page_like_count": 0,
  "ad_publisher_platform": [
    "facebook",
    "instagram"
  ],
  "ad_like_count": "0",
  "ad_share_count": "0"
}