{
  "ad_id": "1365229591366835",
  "ad_context": "「終於等到了！」這是我知道 Quelques Pâtisseries 某某｡甜點 主廚 Lai 要推出線上課程時的第一個反應。通常我對線上課程推薦的邀約，都會考量再三，但 Lai 的課程其實是我一直等著要推薦的，甚至可以說等了好幾年了。\n\n認識 Lai 是在巴黎，當時就曾經有幸品嚐過她做的伯爵茶馬卡龍，甚至還有一年得到她親手為我做的生日蛋糕，現在想起來實在是奢侈的幸福。不過當時的我除了受寵若驚，以及對蛋糕和馬卡龍的水準明顯是專業水準感到佩服之外，還不知道面前的人會在未來十年中，不僅開設了一家引領台灣法式甜點潮流的甜點店，這家店還會成為法國頂尖主廚來台必定打卡之處。\n\n我還記得她與 Lynn 剛剛在台北開設甜點工作室時，選定了如檸檬塔、焦糖堅果塔與費南雪、瑪德蓮等法式甜點的經典品項，沒多久後加入聖多諾黑。那時候全台灣看到這個甜點，能毫不遲疑地說出「聖多諾黑」的人還沒有多少個，但 Lai 卻堅持要推出這麼一個元素眾多、結構複雜、技巧要求超高的甜點，因為這是她心中最能夠代表法式甜點的經典作品，包含了千層派皮、泡芙、奶餡、擠花技巧與糖裝飾等多種核心元素，即使一開始她們甚至沒有壓麵機，需要一張一張手擀千層派皮。\n\n再到後來，Quelques Pâtisseries 某某法式甜點打響名號，她們的聖多諾黑成為許多明星網紅指定生日蛋糕，也有越來越多人能夠叫得出這個甜點的名字；Quelques Pâtisseries 某某法式甜點成為第一個登上法國甜點雜誌《Fou de Pâtisserie》的台灣甜點店、Lai 的代表作越來越多、作品個性愈加鮮明，但我和 Lai 與 Lynn 的談話內容，卻還是經常圍繞著「什麼是法式甜點的基礎」、「怎麼樣才能把哪些元素做好」、「如何才能把這些概念傳達給店裡的員工與消費者」打轉。正是因為這樣的討論持續了好多年，而 Lai 是我認識最重視基本功、最要求精確、最一絲不苟的主廚之一，我才會在得知這個線上課程企劃時就十分興奮、直接答應要推薦。\n\n果不其然，課程設計就反映了 Lai 邏輯分明、強調基礎的個性，這堂課從法式甜點的基礎哲學與結構、元素定義談起，如我在《法式甜點學》與各專欄文章中解構的麵團、奶餡、蛋糕體與水果醬及醬汁等，接著幾乎是用畫出樹狀圖的方式，一一推導不同元素間的關係與連結、排列組合，然後進入經典品項如達克瓦茲、塔、聖多諾黑、蒙布朗、黑森林蛋糕的教學，囊括Quelques Pâtisseries 某某法式甜點最具代表性的六道作品。進階課程則直指法式甜點的大魔王之一——千層麵團，帶你橫掃台灣人最愛的國王派、可頌，以及進階的千層卷盤式甜點。另一個進階課程則更具企圖心，手把手傳授創作心法，解析創作流程、發想經歷與設計視角。這樣的課程設計，不僅如同將法式甜點的世界地圖展現在你眼前，更詳細告訴你地圖的用法、每個圖標的意義，然後才教你如何攻克不同地形抵達終點，最棒的是，事後竟然還把秘笈心法傳給你，讓你能夠自己設計旅程、自行去發掘那些隱藏的美景與寶物。\n\n這套課程當然不只是概念精彩，在實際教學時，更兼顧了非常細緻的層面。我先試看了鐵觀音蜂蜜麻糬達克瓦茲的課程影片，發現 Lai 在裡面分享了許多 Pro 級別的訣竅，我也獲益良多，譬如使用大一號的網篩篩杏仁粉，以保留杏仁的香氣並避免過度出油、以蛋白粉穩定蛋白霜，以及在蛋白中投入糖打發的時點等。這些細節看來瑣碎，但不僅不可忽略、更可能是許多烘焙愛好者卡關無法升級的關鍵。將它們一一細心堆疊起來，才能成就細膩完美的法式甜點。可惜我在巴黎暫時沒有烤箱，待回到台灣一定會找時間一試！\n\n「某某的 6 款極致法式甜點｜從經典到風格，細膩平衡成就完美」完整線上課程預計將在 7/17 正式上線，目前在募資階段，我誠心推薦有興趣的讀者們先去課程網頁了解看看內容：https://seeds.com.tw/courses/quelquesp。課程分為標準版與兩門進階課程「千層合輯」、「幾何創作」，可以依照需要自由組合選購。學籽也為我的讀者們準備了 NT$300 的優惠，只要在結帳時輸入我的社群專屬折扣碼「YingC300」，就能在募資期間享有比預購價更優惠的價格，募資結束後恢復原價，折扣碼即日起有效至 6 月 10 日 23:59 止。\n\n順帶一提，你或許會擔心這麼高階的甜點或許難以在家中實現，但課程中的內容皆可使用家用攪拌機、家用烤箱、手擀方式完成，也皆有提供家用操作份量，對想要精進自己技術與美感的家庭烘焙者來說，也是很值得送給自己的禮物！\n\n我很期待課程上線，衷心希望這門課能成為更多人從基礎更正確、深入理解法式甜點並愛上它的途徑！\n\n/商業合作",
  "ad_profile_name": "Ying C. 一匙甜點舀巴黎",
  "ad_profile_image": "https://scontent.ftpe8-1.fna.fbcdn.net/v/t39.35426-6/495640610_1667540863873495_2258758590634793131_n.jpg?stp=dst-jpg_s60x60_tt6&_nc_cat=108&ccb=1-7&_nc_sid=c53f8f&_nc_ohc=GxlHIHOcCOcQ7kNvwFTbyqm&_nc_oc=Adnm3jxt-jj7L63LQKvlaE43BQ_boCXXQ5G3C_oDc1-b20MwJLIDqu8QqsLIMph5XzI&_nc_zt=14&_nc_ht=scontent.ftpe8-1.fna&_nc_gid=6Dp87kM8XR4qg5Gdy1k84g&oh=00_AfoQMkLGVeVVbUruW1wwR7visut1uzeMpgcjGgWzAFF8HA&oe=696E48B4",
  "ad_is_video": false,
  "ad_video_preview_image": null,
  "ad_image": "https://scontent.ftpe8-2.fna.fbcdn.net/v/t39.35426-6/495879870_668793822785499_2217437660952129940_n.jpg?stp=dst-jpg_s600x600_tt6&_nc_cat=101&ccb=1-7&_nc_sid=c53f8f&_nc_ohc=nutuBTXZZCwQ7kNvwElXrb6&_nc_oc=AdnitP14NrJat6hukVFJ0v0pv9CBt2Y_Wp88d8k5JXev0kHe_6a5C_uzoOU2SK_21gQ&_nc_zt=14&_nc_ht=scontent.ftpe8-2.fna&_nc_gid=6Dp87kM8XR4qg5Gdy1k84g&oh=00_AfqIvMWl6JpFcBvXvxU1hJTD9eJIlKYNHs_jYV5jbkogyw&oe=696E769B",
  "ad_cta_text": "",
  "ad_link_description": null,
  "ad_link_url": "https://seeds.com.tw/courses/quelquesp。課程分為標準版與兩門進階課程「千層合輯」、「幾何創作」，可以依照需要自由組合選購。學籽也為我的讀者們準備了",
  "ad_title": null,
  "ad_caption": null,
  "ad_page_id": "955234541262895",
  "ad_cta_type": "",
  "ad_extra_links": [],
  "ad_extra_texts": [],
  "ad_page_categories": [],
  "ad_page_like_count": 0,
  "ad_publisher_platform": [
    "facebook",
    "instagram",
    "audience_network",
    "messenger"
  ],
  "ad_like_count": "0",
  "ad_share_count": "0"
}