{
  "ad_id": "1366688124259962",
  "ad_context": "跟著我們一起到微風信義，挑戰用ISABEL MARANT、KENZO、self-portrait，3種不同風格的穿搭，來克服潮人恐懼症吧！\n\nFollow us to Breeze Xinyi and challenge to use ISABEL MARANT, KENZO, self-portrait, 3 different styles of outfits to overcome fashion anxiety!\n\n8/25微風信義之夜：滿5000抵500 (活動期間：8/10～8/25)\n👉 完整影片請至YouTube搜尋：惇聚 TUN\n\n#isabelmarant #KENZO #KENZONIGO #selfportraittw #selfportraittaiwan",
  "ad_profile_name": "TUN 惇聚",
  "ad_profile_image": "https://scontent.ftpe8-3.fna.fbcdn.net/v/t39.35426-6/366710518_1443176589838438_7238857484576179578_n.jpg?stp=dst-jpg_s60x60_tt6&_nc_cat=106&ccb=1-7&_nc_sid=c53f8f&_nc_ohc=sE4dLPqeC2MQ7kNvwGLQ7s2&_nc_oc=Adkwk-XayT1cIrQYa_t2ofg6axmNluQfdpi1ov4Uu3zyvlaalUmPFkcAk5UgdgLIa7M&_nc_zt=14&_nc_ht=scontent.ftpe8-3.fna&_nc_gid=uBaO0rDJlczv8O-zznQ5wA&oh=00_AfpcuNyaOENzYiKjD5ViYcOyIhwLaP38MC6SdCopgCWnxA&oe=696DA87D",
  "ad_is_video": false,
  "ad_video_preview_image": "https://scontent.ftpe8-1.fna.fbcdn.net/v/t39.35426-6/367421315_1129959505473839_511156479230459658_n.jpg?_nc_cat=108&ccb=1-7&_nc_sid=c53f8f&_nc_ohc=LIHTUO-x8MMQ7kNvwGfIqtY&_nc_oc=AdmCP4qkQ-x8RxAZ_V8pMFB_3DjH1hg0GF2yQcpRsacuGciCBYT8GNEdCDDjbVrd48o&_nc_zt=14&_nc_ht=scontent.ftpe8-1.fna&_nc_gid=uBaO0rDJlczv8O-zznQ5wA&oh=00_AfrZU2WJ1bQHFoTwD4zFcVcv2v2Hlz2jO-uUKKSiQiIdsA&oe=696DB9F2",
  "ad_image": null,
  "ad_cta_text": "",
  "ad_link_description": null,
  "ad_link_url": null,
  "ad_title": null,
  "ad_caption": null,
  "ad_page_id": "106665874127896",
  "ad_cta_type": "",
  "ad_extra_links": [],
  "ad_extra_texts": [],
  "ad_page_categories": [],
  "ad_page_like_count": 0,
  "ad_publisher_platform": [
    "instagram"
  ],
  "ad_like_count": "0",
  "ad_share_count": "0"
}