{
  "ad_id": "1366565930846296",
  "ad_context": "倒數10天！我非常需要大家支持！\n這場選舉是一場挑戰不可能的任務！\n⚠️一場我給大家「乾淨的水」\n（推動爭取自來水），\n也請大家給我一張「乾淨的選票」。\n未來我會繼續努力爭取\n「高鐵」到潮州、\n「高雄捷運」到潮州內埔萬巒。\n\n拜託各位11月26日（六）\n投下您神聖的一票。\n‼️選對的人，做對的事，說對的話‼️\n我們的家鄉需要您正確的選擇！\n\n#感謝影片中每一位認同我的您\n#政治是為了下一代\n#乾淨選舉的運動\n#以理念感動人心的運動\n#我工人很驕傲\n#對的事咱堅持\n#請大家支持12號\n#勞工出身\n#洪明江",
  "ad_profile_name": "洪明江 屏東縣議員",
  "ad_profile_image": "https://scontent.ftpe8-1.fna.fbcdn.net/v/t39.35426-6/316238586_659816842219301_8762772925694127674_n.jpg?stp=dst-jpg_s60x60_tt6&_nc_cat=105&ccb=1-7&_nc_sid=c53f8f&_nc_ohc=I3SeRpQqCHwQ7kNvwE5C83C&_nc_oc=AdlMTQe1YPdYxcPGWg_jJR5ZFicwcrO0r6d3ePFY2z1KDPdBOAGF9TmuqHE1oA-T7c0&_nc_zt=14&_nc_ht=scontent.ftpe8-1.fna&_nc_gid=xufLg4gb61t2Iu5lGmdLDw&oh=00_AfqQMAC2cbPcgN32TTem-eescOI_njQ5_kyJEB-awq9wlg&oe=696DEB23",
  "ad_is_video": false,
  "ad_video_preview_image": "https://scontent.ftpe8-2.fna.fbcdn.net/v/t39.35426-6/316411861_847128393174405_7818497436616278276_n.jpg?_nc_cat=103&ccb=1-7&_nc_sid=c53f8f&_nc_ohc=Lmb-Pj_lsJUQ7kNvwFxpyMH&_nc_oc=AdkqT5e5Aib9VUKvo2vlrH7suY01hR2TKEj6wlLGw4gBjxmTLZ6-iQTdRqeyAgI_kx4&_nc_zt=14&_nc_ht=scontent.ftpe8-2.fna&_nc_gid=xufLg4gb61t2Iu5lGmdLDw&oh=00_AfrItNHSqpZeKa1oA-t1Hd01gh5hivUHK1FAWrxx7wdS4A&oe=696DCA3C",
  "ad_image": null,
  "ad_cta_text": "來去逛逛",
  "ad_link_description": null,
  "ad_link_url": "https://l.facebook.com/l.php?u=http%3A%2F%2Fwww.hmj.tw%2F%3Ffbclid%3DIwZXh0bgNhZW0CMTAAYnJpZBExZ1h6TjROVm50bUtKNncwUXNydGMGYXBwX2lkDzU0MTYzOTQ5Mzg4OTAyNQABHiHzFbTvISp_HIGkwRm0JjF0k8DGTY3s-15_qA8Kni7Qda15j3Usw27z5Ern_aem_H9qQxIARpEA4hPZk8T_ckA&h=AT10pxeIZ_-L1tHiFvOXG8GabzD-I6QwddE0e68zJt44ZB1xD_kC6mfdO2AXoOFChy2D9T5g3X1ttFJ6KcL08Qrnl0MdLmef47xkI6uFvSDTXAUxk1hOCmGYBwGwXIFjM7-O1fqLigIHMtjyQRqGcw",
  "ad_title": null,
  "ad_caption": "www.hmj.tw",
  "ad_page_id": "182115675191123",
  "ad_cta_type": "來去逛逛",
  "ad_extra_links": [],
  "ad_extra_texts": [],
  "ad_page_categories": [
    "政治人物"
  ],
  "ad_page_like_count": 1570,
  "ad_publisher_platform": [
    "facebook",
    "instagram"
  ],
  "ad_like_count": "0",
  "ad_share_count": "0"
}