{
  "ad_id": "1366829194223759",
  "ad_context": "​台灣已經走在民主路上，我們不要迴轉，我們要繼續向前。\n\n1 月 11 日，凱道護國之夜；1 月 12 日， #新北 迎向勝利選前之夜，請你一起站出來、挺美德！\n\n我們民主路繼續走，讓台灣走得更穩、走得更遠。​\n\n2024團結一致，寫下屬於台灣的光榮故事！\n\n✨凱道護國之夜\n1／11（四）18:30 ｜ #台北 #凱達格蘭大道 \n​\n✨迎向勝利選前之夜 \n1／12（五）18:00｜新北 #板橋 第二運動場（民權路 117 號）\n\n#選對的人 #走對的路 #台灣美德站出來",
  "ad_profile_name": "賴清德",
  "ad_profile_image": "https://scontent.ftpe8-1.fna.fbcdn.net/v/t39.35426-6/416664903_706119464618688_1709591374103012634_n.jpg?stp=dst-jpg_s60x60_tt6&_nc_cat=105&ccb=1-7&_nc_sid=c53f8f&_nc_ohc=OzoGXuPcYnQQ7kNvwHEfhMl&_nc_oc=AdlPR5bihd1HKpxJg4c72xgWs09r94M-Pes_eEQLmuHYPDLlEOulcZHtDSWGc4cpHaI&_nc_zt=14&_nc_ht=scontent.ftpe8-1.fna&_nc_gid=MlT4B25rhtM4UuKOxnC4jw&oh=00_AfruCwVIX4BDZnnhkskvgkhdOYKsqvc4YkjkECUOmd20lw&oe=696E7DE7",
  "ad_is_video": false,
  "ad_video_preview_image": "https://scontent.ftpe8-4.fna.fbcdn.net/v/t39.35426-6/418855023_1798113403997735_3765766202828433607_n.jpg?_nc_cat=102&ccb=1-7&_nc_sid=c53f8f&_nc_ohc=1k_2td74yZYQ7kNvwHm4cg9&_nc_oc=AdnULWelSezayiB_7ieheAprJIjWhfETZ1FMM23_MAni7qTkQTsA0bmoQTVvgsCnwMY&_nc_zt=14&_nc_ht=scontent.ftpe8-4.fna&_nc_gid=MlT4B25rhtM4UuKOxnC4jw&oh=00_AfrHU5uLoC44XMSyR-TMBEIeOe-TuVk5XV8IRB36XNjOkA&oe=696E6CC6",
  "ad_image": null,
  "ad_cta_text": "",
  "ad_link_description": null,
  "ad_link_url": null,
  "ad_title": null,
  "ad_caption": null,
  "ad_page_id": "152472278103133",
  "ad_cta_type": "",
  "ad_extra_links": [],
  "ad_extra_texts": [],
  "ad_page_categories": [
    "政治人物"
  ],
  "ad_page_like_count": 0,
  "ad_publisher_platform": [
    "instagram"
  ],
  "ad_like_count": "0",
  "ad_share_count": "0"
}