{
  "ad_id": "1366122675014893",
  "ad_context": "作品中顏色是一種時間的痕跡。\n\n這些來自東方陶瓷史的青花瓷鈷藍，曾經指向階級、身分與文化記憶。\n\n隨著時間推移，「鈷藍」也在改變。\n從過去象徵貴族與文人的藍，到了工業時代，卻變成象徵勞動者的藍。\n藍領、身體、反覆的工作。\n\n葉怡利作為一名藝術勞動者，\n透過身體與時間的勞動而創造藝術。\n未來，這樣的藍，也呼應了科技的藍光、、以及AI 時代的來臨。\n\n於是，鈷藍不再只是顏色。\n在過去、現在與未來之間，\n成為一條流動的時間線。\n—————\n𝗗𝗿𝗶𝗳𝘁𝗶𝗻𝗴 漂移：𝗞𝗲𝗲𝗽 𝗣𝗹𝗮𝘆𝗶𝗻𝗴, 𝗞𝗲𝗲𝗽 𝗚𝗼𝗶𝗻𝗴\n𝟮𝟬𝟮𝟱 葉怡利個展 𝗬𝗲𝗵 𝗬𝗶-𝗟𝗶 𝗦𝗼𝗹𝗼 𝗘𝘅𝗵𝗶𝗯𝗶𝘁𝗶𝗼𝗻 \n展覽時間｜2025/11/15(六）～2026/1/3（六） \n地點： 𝗜𝗻𝗮𝗿𝘁 𝗦𝗽𝗮𝗰𝗲 \n\n#artistmade #ceramicsart #artis\n#superstar #sculpture \n#plastictoys #fineart\n#yehyili #葉怡利 #ali\n#contemporaryart\n#postpopart\n#當代藝術 #後普普藝術 \n#inartspace #加力畫廊",
  "ad_profile_name": "Inart Space 加力畫廊",
  "ad_profile_image": "https://scontent.ftpe8-3.fna.fbcdn.net/v/t39.35426-6/599945475_847768874664045_431386675237929452_n.jpg?stp=dst-jpg_s60x60_tt6&_nc_cat=106&ccb=1-7&_nc_sid=c53f8f&_nc_ohc=5wqkqtk1LmYQ7kNvwFJVHzs&_nc_oc=AdkGJ91Z1z8uorOv1LMvk9b6S17dLXY84RaZXiWsH3o51T4CbPH2uuSj1SgdGUDiAiU&_nc_zt=14&_nc_ht=scontent.ftpe8-3.fna&_nc_gid=OS4UDH_rfagyf90ISCvgmQ&oh=00_AfpYe64xXz7LogsJlmE7iozEurBGG_IyZJE6Xer1kFQ64g&oe=696E5937",
  "ad_is_video": false,
  "ad_video_preview_image": "https://scontent.ftpe8-3.fna.fbcdn.net/v/t39.35426-6/601847362_873325795217060_435793669142889397_n.jpg?_nc_cat=106&ccb=1-7&_nc_sid=c53f8f&_nc_ohc=OAbyRaOPMFsQ7kNvwGrKDkZ&_nc_oc=Adndb4NTL5BNS4ilNL_-VrMW5_AOi4AYEqj97rWAlAaGwMdgtQczMzyBAJHwMf2Eook&_nc_zt=14&_nc_ht=scontent.ftpe8-3.fna&_nc_gid=OS4UDH_rfagyf90ISCvgmQ&oh=00_AfqkEsD-lPcpiOFtFCjIQP3Qzmb1L9V4_F2pySGkouAJ2A&oe=696E7904",
  "ad_image": null,
  "ad_cta_text": "瀏覽 Instagram 個人檔案",
  "ad_link_description": null,
  "ad_link_url": "https://l.facebook.com/l.php?u=http%3A%2F%2Finstagram.com%2Finartspace_%3Ffbclid%3DIwZXh0bgNhZW0CMTAAYnJpZBExZ1h6TjROVm50bUtKNncwUXNydGMGYXBwX2lkDzU0MTYzOTQ5Mzg4OTAyNQABHgw9RL229NuFdU8dVzEUi53L3tYJGLXMt3z2n__aY0L2B4s9KCShZZmKl3x6_aem_MwpYaaf_JPqbwEl5kj2MVg&h=AT0hgIZWd9ihhtiFiCgDG1EWmiFvrn5jj2d460VySN0ADCAlNb1e60l6BnrE9NfQR-mFW0TSw0d3QMtlayqWfj0U5-eD_fPb1IyPpl0ubf1GQBn6dAnqFtmlLg1SxWr4swiRu_tLA2ZypsFUZr6b8w",
  "ad_title": null,
  "ad_caption": "instagram.com",
  "ad_page_id": "175868492431518",
  "ad_cta_type": "瀏覽 Instagram 個人檔案",
  "ad_extra_links": [],
  "ad_extra_texts": [],
  "ad_page_categories": [
    "藝廊"
  ],
  "ad_page_like_count": 9251,
  "ad_publisher_platform": [
    "facebook",
    "instagram"
  ],
  "ad_like_count": "0",
  "ad_share_count": "0"
}