{
  "ad_id": "1367653591395258",
  "ad_context": "<<展覽通知>> \n心流｜陳芳蘭 陶藝個展\nFlow｜Fang-Lan, Chen Solo exhibition \n\n在陶裡，我找到一種自由。\n喜歡在泥還柔軟的時候與它對話，讓它自然低墜、外擴、起伏，\n手指的推擠與呼吸的節奏，讓形體在掌心裡慢慢生成。\n\n我不追求對稱，也不害怕不平整。\n那一點不均、那一點偏斜，是手的痕跡，也是心的脈動。\n上釉時，我不設框架，隨性厚施、薄塗，任由層層堆疊與火焰的偶然交錯，\n讓每件作品都有自己存在的思想。\n\n那些瓶、杯、盤、花器，\n像是我心的延伸，盛裝情感，也盛裝時間的流動。\n\n有時它們粗礪，有時溫潤。\n有些表面留下火痕與斑點，有些則靜靜閃著柔光。\n它們沒有刻意的形，也沒有既定的樣，\n只是忠實記錄我當下的心意。\n\n那份安靜的流動，如土，如息。 \n\n— 陳芳蘭  Fang-Lan, Chen\n\nIn clay, I find freedom.\nWhen it is soft, I let it sink, rise, and take form\nthrough the rhythm of my hands and breath.\n\nI do not seek symmetry or perfection.\nEach uneven trace carries the touch of time and thought.\nLayers of glaze meet fire and chance, \nand every piece finds its quiet mind.\n\nSometimes rough, sometimes gentle, \nthey hold emotion and time, \nflowing softly,\nlike earth, like breath.  \n\n展期：11月1號 至 11月23號 \n開放時間: 13:00～17:00\n週五 六 日 免預約\n週一至週四 預約制 0938108420\nGallery ONI \n高雄市旗山區花旗二路148巷10號",
  "ad_profile_name": "Gallery ONI",
  "ad_profile_image": "https://scontent.ftpe8-4.fna.fbcdn.net/v/t39.35426-6/565310858_1092826792666341_486867810205011316_n.jpg?stp=dst-jpg_s60x60_tt6&_nc_cat=104&ccb=1-7&_nc_sid=c53f8f&_nc_ohc=FIfrpKtre44Q7kNvwFGSGGh&_nc_oc=Adkrv9rs6UQVp52IWSNzuUYkK1jWhO_G1XyXSVuwANTfYnlino9w_l8uCyPIVmm8MGs&_nc_zt=14&_nc_ht=scontent.ftpe8-4.fna&_nc_gid=niL0_a_fLFVj-LbTYWH0nw&oh=00_AfqGrzAEvKGKK_fW2Swaofgx1I4dANxC_yMvKE87Dwd3iw&oe=696E530E",
  "ad_is_video": false,
  "ad_video_preview_image": null,
  "ad_image": "https://scontent.ftpe8-1.fna.fbcdn.net/v/t39.35426-6/561621719_1632327348152325_3005004318285773175_n.jpg?stp=dst-jpg_s600x600_tt6&_nc_cat=108&ccb=1-7&_nc_sid=c53f8f&_nc_ohc=ZemOUFNvNdoQ7kNvwEgywTh&_nc_oc=Adls3NsXuvyvlTsTjyABf-Xo-2la4QTa-JVpqChS75DEz3H-Z9IYSJLKaCE0hcF9NHY&_nc_zt=14&_nc_ht=scontent.ftpe8-1.fna&_nc_gid=niL0_a_fLFVj-LbTYWH0nw&oh=00_Afr6QFfYbljn09HHlnA7TIq2lRJhx5UH-hPvonrUk-NacQ&oe=696E5AED",
  "ad_cta_text": "",
  "ad_link_description": null,
  "ad_link_url": null,
  "ad_title": null,
  "ad_caption": null,
  "ad_page_id": "102267987790780",
  "ad_cta_type": "",
  "ad_extra_links": [],
  "ad_extra_texts": [],
  "ad_page_categories": [
    "藝術"
  ],
  "ad_page_like_count": 2096,
  "ad_publisher_platform": [
    "facebook"
  ],
  "ad_like_count": "0",
  "ad_share_count": "0"
}