{
  "ad_id": "1368023138451328",
  "ad_context": "",
  "ad_profile_name": "BSX Taiwan",
  "ad_profile_image": "https://scontent.ftpe8-3.fna.fbcdn.net/v/t39.35426-6/598346581_889702360164876_1606219490019066886_n.jpg?stp=dst-jpg_s60x60_tt6&_nc_cat=106&ccb=1-7&_nc_sid=c53f8f&_nc_ohc=OyYTkiEmTDcQ7kNvwH2I7Gu&_nc_oc=AdkQ4ErUtikJKJn0v4j_nSSZdts98w1DKU8r8urHCKLtZtbrVFY6pf7qGOPj3l09BVM&_nc_zt=14&_nc_ht=scontent.ftpe8-3.fna&_nc_gid=o5ntdwB3k3Taen88Hw3zWQ&oh=00_AfrAafxH0facZzDVm2uoHCBRNo1P2x7XswlLBJWMA-Pirw&oe=696DA216",
  "ad_is_video": false,
  "ad_video_preview_image": null,
  "ad_image": "https://scontent.ftpe8-4.fna.fbcdn.net/v/t39.35426-6/603763752_1972753346620333_4056747465586529315_n.jpg?stp=dst-jpg_s600x600_tt6&_nc_cat=104&ccb=1-7&_nc_sid=c53f8f&_nc_ohc=o4MbiaB1McoQ7kNvwFo_PdA&_nc_oc=AdnhIl1BYhKdXJWOOV_raFG6ZPTcuhs1jJL_pDRcRsMMUrZiBMkrvsmjXkCpxmabzZk&_nc_zt=14&_nc_ht=scontent.ftpe8-4.fna&_nc_gid=o5ntdwB3k3Taen88Hw3zWQ&oh=00_AfpHwCWkoGHhD0aN5PMNSKtxaRpRRAB4Huipz68Ep-kO-g&oe=696DC944",
  "ad_cta_text": "Learn More",
  "ad_link_description": null,
  "ad_link_url": "https://l.facebook.com/l.php?u=https%3A%2F%2Fwww.instagram.com%2Fbsx_taiwan%2F%3Ffbclid%3DIwZXh0bgNhZW0CMTAAYnJpZBExRlgwZjFCYTN1b0pDNWJKYXNydGMGYXBwX2lkDzU0MTYzOTQ5Mzg4OTAyNQABHobK02ggWVWcRIYpFl0EE3SuQsFdTeYL-juqSWmbFy0iW3uvqgL8cLDmbxtB_aem_SHsOIQfidvpJp4szKGzzNQ&h=AT1cQe9zej6uPsm5AfgRcfxr18aUtebNRghey0duhe7zTGmX5q17wcX4FJelKoi8fatvYEOABgQbSe0Sx8Pc1UGL7iktET2uHIZbizFZeJsmy5Nfb0qC1_q2Fzv9cdTs1Pj2u-1mzrYKI4ftfXLOWQ",
  "ad_title": "BSX Taiwan (@bsx_taiwan) • Instagram photos and videos",
  "ad_caption": "instagram.com",
  "ad_page_id": "164543876494",
  "ad_cta_type": "Learn More",
  "ad_extra_links": [
    "BSX Taiwan (@bsx_taiwan) • Instagram photos and videos",
    "BSX Taiwan (@bsx_taiwan) • Instagram photos and videos",
    "BSX Taiwan (@bsx_taiwan) • Instagram photos and videos",
    "BSX Taiwan (@bsx_taiwan) • Instagram photos and videos",
    "BSX Taiwan (@bsx_taiwan) • Instagram photos and videos",
    "BSX Taiwan (@bsx_taiwan) • Instagram photos and videos",
    "BSX Taiwan (@bsx_taiwan) • Instagram photos and videos",
    "BSX Taiwan (@bsx_taiwan) • Instagram photos and videos"
  ],
  "ad_extra_texts": [],
  "ad_page_categories": [],
  "ad_page_like_count": 0,
  "ad_publisher_platform": [
    "facebook",
    "instagram",
    "audience_network",
    "threads"
  ],
  "ad_like_count": "0",
  "ad_share_count": "0"
}