{
  "ad_id": "1368045334805651",
  "ad_context": "【有些孩子的過年，不是團圓，而是想念】 \n \n年節將近，家園裡慢慢有了過年的味道。但對有些孩子來說，節慶的喜悅裡，常常也夾雜著深深的想念。 \n ​       ​        ⠀ ⠀\n▍晴晴剛來家園時，常常在吃飯時提起家人：「阿嬤煮的飯粒粒分明，湯很清澈，也很香。過年的時候，阿嬤都會煮一大桌子的菜…」語氣裡，全都是回憶。 \n  ​       ​        ⠀ ⠀\n隨著晴晴和家人的關係逐漸穩定，我們開始安排他們會面。每次見面回來，晴晴總會提著一大袋家人親手煮的菜。他一邊打開，一邊笑著介紹：「這是滷肉，這是蝦仁炒蛋，都是我最喜歡的。」 \n  ​       ​        ⠀ ⠀\n那些菜，不只是好吃， \n裡面，更多了一份想念的溫度。 \n  ​       ​        ⠀ ⠀\n有一次，他在整理家人送來的衣物時，發現袋子裡有個小盒子，打開一看，是他最愛的馬卡龍，嘴角盡是藏不住的甜意。 \n  ​       ​        ⠀ ⠀\n💗我們看見愛，以不同的方式出現。 \n有時是一句關心， \n有時是一桌熱菜， \n有時，就藏在那個小盒子裡。 \n  ​       ​        ⠀ ⠀\n那是一種記得你、惦記你、 \n願意用心準備給你的溫柔。 \n  ​       ​        ⠀ ⠀\n年節將近🧨 \n邀您一起，讓這份溫柔繼續。 \n👉 https://goh.care/留住家的味道 \n  ​       ​        ⠀ ⠀\n#歲末傳愛 #家的味道 #勵馨基金會 \n  ​       ​        ⠀ ⠀\n衛部救字第1141364434號",
  "ad_profile_name": "勵馨基金會",
  "ad_profile_image": "https://scontent.ftpe8-3.fna.fbcdn.net/v/t39.35426-6/613901582_1242434164438368_7445814570827947937_n.jpg?stp=dst-jpg_s60x60_tt6&_nc_cat=107&ccb=1-7&_nc_sid=c53f8f&_nc_ohc=5tZXoozVftQQ7kNvwFZ2d3M&_nc_oc=AdnsrnsYc2XAiYdbAnH9izntK8mhnLdgY3EpZULsiBbke63UfWbUDmyBHPTim4BJY-Y&_nc_zt=14&_nc_ht=scontent.ftpe8-3.fna&_nc_gid=V6_-Ck4_bhndP1qNY5hLPQ&oh=00_AfqAWcnlqA6n7NeTVHCvoktjkVtuI-9qavi0Y8Ocl_yorA&oe=696DD692",
  "ad_is_video": false,
  "ad_video_preview_image": null,
  "ad_image": "https://scontent.ftpe8-1.fna.fbcdn.net/v/t39.35426-6/614123317_1212658740291403_5486359000175029539_n.jpg?stp=dst-jpg_s600x600_tt6&_nc_cat=105&ccb=1-7&_nc_sid=c53f8f&_nc_ohc=hjoMdY26axwQ7kNvwEFiCXo&_nc_oc=AdlCxfThdEGgxnKxEV_6yC1qyo_XF5Kf0MFQPwT32FHKueeQhQox4uUOwzgJBi_N2H4&_nc_zt=14&_nc_ht=scontent.ftpe8-1.fna&_nc_gid=V6_-Ck4_bhndP1qNY5hLPQ&oh=00_AfquJPV_eLpsla7l29bWIxYXajtc6wYZ2i7xrbEvoZ_PbA&oe=696DD906",
  "ad_cta_text": "瞭解詳情",
  "ad_link_description": null,
  "ad_link_url": "https://goh.care/留住家的味道",
  "ad_title": null,
  "ad_caption": null,
  "ad_page_id": "124473380937123",
  "ad_cta_type": "瞭解詳情",
  "ad_extra_links": [],
  "ad_extra_texts": [],
  "ad_page_categories": [],
  "ad_page_like_count": 0,
  "ad_publisher_platform": [
    "facebook",
    "instagram"
  ],
  "ad_like_count": "0",
  "ad_share_count": "0"
}