{
  "ad_id": "1369557304552332",
  "ad_context": "【竹東的大日子！綜合行政中心動土，打造屬於鄉親的「公共大客廳」！🏗️✨】\n\n各位親愛的鄉親朋友們，今天（12月16日）是一個令我們竹東人振奮的日子！新竹縣政府與竹東鎮公所在北興路一段211號，正式舉辦了「竹東綜合行政中心新建工程」的動土典禮。遠彰和 #楊文科縣長  一起，見證了竹東邁向現代化、智慧化城市的重要里程碑！🚀\n\n為什麼我們要蓋新的行政中心？ 相信大家都知道，我們現有的鎮公所廳舍已經使用超過半個世紀了 。隨著時間過去，空間變得老舊、擁擠，已經很難滿足大家洽公的需求 。為了給鄉親們一個更安全、舒適、便利的環境，我們決心推動這次的改建計畫！💪\n\n未來的行政中心有什麼不一樣？ 這次的新建工程，我們有一個很棒的核心理念——「親民的公共大客廳」 🏠 。 🌟 空間更開闊：規劃了挑高屋頂和寬敞的大階梯，看起來大氣又舒適 。 🌟 連結生活圈：新行政中心會串聯 #大禾埕 及 #圖書館新館，成為大家休閒、閱讀、辦公的城市新據點 。 🌟 一站式服務：未來這裡將整合鎮公所、鎮民代表會、戶政事務所、地政事務所以及婦幼服務等多項功能 。以後大家辦事情，不用東奔西跑，來這裡就能「一次到位」，省時又省力！⏱️\n\n✅中央、縣府、公所攜手合作，遠彰要特別感謝 #楊文科縣長 🤝 工程總經費約15.6億元，由鎮公所與新竹縣政府共同分擔，其中鎮公所編列5.5億元，包含6,000萬元購地費用；另由新竹縣政府補助8,000萬元，並成功向內政部爭取中央補助款8,500萬元，有效減輕地方財政負擔，充分展現中央、縣府與地方跨級合作推動重大建設的具體成果。\n智慧綠建築，永續愛竹東 🌿 新的行政中心也是一座聰明的建築喔！我們融入了綠建築與智慧監控系統，包含節能照明、自然通風和雨水回收再利用，落實節能減碳，讓我們的家園更永續 。\n未來的竹東，將是智慧、永續、以人為本的城市 。讓我們一起期待這座新地標的落成，為竹東帶來更繁榮的發展！🌈\n\n#竹東鎮公所 #郭遠彰 #竹東綜合行政中心 #動土典禮 #竹東大建設 #親民大客廳 #便民服務升級",
  "ad_profile_name": "竹東鎮長郭遠彰",
  "ad_profile_image": "https://scontent.ftpe8-2.fna.fbcdn.net/v/t39.35426-6/599949140_1367313361754081_494161466924385444_n.jpg?stp=dst-jpg_s60x60_tt6&_nc_cat=101&ccb=1-7&_nc_sid=c53f8f&_nc_ohc=RW7Nk6XxWJ8Q7kNvwGU5sMg&_nc_oc=Adlub2QlKzmXwktHbZQEnzobunpwghDGmvpb4R9aczPMEhBUC8kWxi5Q40nrNgiAH98&_nc_zt=14&_nc_ht=scontent.ftpe8-2.fna&_nc_gid=25AwPbzczvhrxxvmLvkBRg&oh=00_Afrmv6_0nO4t_B0I-FRVlpkM_U27yqJ8gRT4NSHAhE_kcg&oe=696DD853",
  "ad_is_video": false,
  "ad_video_preview_image": null,
  "ad_image": "https://scontent.ftpe8-1.fna.fbcdn.net/v/t39.35426-6/600103311_841221265388929_8628117450728126091_n.jpg?stp=dst-jpg_s600x600_tt6&_nc_cat=109&ccb=1-7&_nc_sid=c53f8f&_nc_ohc=UrO3_aGkdWEQ7kNvwGiPXpO&_nc_oc=AdlndKFUve-9H8Br_gMIjmMuHM-mQxQL8kQc4vsKLNNJDXt01cfAxui7reEjy3Nb34w&_nc_zt=14&_nc_ht=scontent.ftpe8-1.fna&_nc_gid=25AwPbzczvhrxxvmLvkBRg&oh=00_AfoF1WHTPh7xyipuwyRZhPD4N_j5hwHa2dJ3cahKNOKxTQ&oe=696DF5D1",
  "ad_cta_text": "",
  "ad_link_description": null,
  "ad_link_url": null,
  "ad_title": null,
  "ad_caption": null,
  "ad_page_id": "1728853307164235",
  "ad_cta_type": "",
  "ad_extra_links": [],
  "ad_extra_texts": [],
  "ad_page_categories": [],
  "ad_page_like_count": 0,
  "ad_publisher_platform": [
    "facebook"
  ],
  "ad_like_count": "0",
  "ad_share_count": "0"
}