{
  "ad_id": "1369051867953575",
  "ad_context": "",
  "ad_profile_name": "StudyHere 締佳菲律賓遊學",
  "ad_profile_image": "https://scontent.ftpe8-2.fna.fbcdn.net/v/t39.35426-6/599566647_1172612578363549_6265249392251916612_n.jpg?stp=dst-jpg_s60x60_tt6&_nc_cat=100&ccb=1-7&_nc_sid=c53f8f&_nc_ohc=JyVYtYMZrQ0Q7kNvwHoSDtL&_nc_oc=AdlQaNsfauNp0qNeGNhCq4wHhwaneGF7R5kMMg4FtPLfFrsIO5i_BHL7xXb0sBiaIi0&_nc_zt=14&_nc_ht=scontent.ftpe8-2.fna&_nc_gid=6Ub61MJ6cYQ03tl4rm-tYg&oh=00_Afp8DJ7GmebEAhsDo1n6alDH_tbobAXKfhGTtDAaB8CMww&oe=696E5C19",
  "ad_is_video": false,
  "ad_video_preview_image": null,
  "ad_image": "https://scontent.ftpe8-1.fna.fbcdn.net/v/t39.35426-6/598727339_4148343265378449_2540549221307235023_n.jpg?stp=dst-jpg_s600x600_tt6&_nc_cat=105&ccb=1-7&_nc_sid=c53f8f&_nc_ohc=OXE2b5qM8zEQ7kNvwGkMLo8&_nc_oc=AdmrZ3Dqtim1KGFCcZf92Fp8gB54wDGW6pr5rVMZsSAUt6kUNrWATz8Gw9o9H1RLynU&_nc_zt=14&_nc_ht=scontent.ftpe8-1.fna&_nc_gid=6Ub61MJ6cYQ03tl4rm-tYg&oh=00_AfrD3vbExiDGBrFD3zUPRMZSoe7jUWauQ10W_z7lloA5vA&oe=696E4FDD",
  "ad_cta_text": "Learn More",
  "ad_link_description": null,
  "ad_link_url": "https://l.facebook.com/l.php?u=https%3A%2F%2Flihi.cc%2FdkGlC%3Ffbclid%3DIwZXh0bgNhZW0CMTAAYnJpZBExZ1h6TjROVm50bUtKNncwUXNydGMGYXBwX2lkDzU0MTYzOTQ5Mzg4OTAyNQABHuWL4aYwDhF_580ZfejKiyVCyVkHbZOuH4V2_6FMqk_Vq4p3u7MfeUiWhDC__aem_3bw66sZXxn5WW-63tipIGg&h=AT2yjD_Yp8NaQggE-04iGpgeOJEg2UEBrYdvFwdc381Q3ds0WXfsfRD6_PjU6fvtxVJHLuy5LkrvHtzlFer-BJ_Rq2c7tnsqiqHbTDebMLrI9Yrg0HBJgTF4nsHELyra0MC8jqhW86dI6iOc5jk5Mw",
  "ad_title": "締佳遊學 StudyHere｜菲律賓遊學專家・澳洲遊學顧問｜語言學校優惠代辦",
  "ad_caption": "lihi.cc",
  "ad_page_id": "184716328715265",
  "ad_cta_type": "Learn More",
  "ad_extra_links": [
    "締佳遊學 StudyHere｜菲律賓遊學專家・澳洲遊學顧問｜語言學校優惠代辦",
    "締佳遊學 StudyHere｜菲律賓遊學專家・澳洲遊學顧問｜語言學校優惠代辦",
    "締佳遊學 StudyHere｜菲律賓遊學專家・澳洲遊學顧問｜語言學校優惠代辦",
    "締佳遊學 StudyHere｜菲律賓遊學專家・澳洲遊學顧問｜語言學校優惠代辦",
    "締佳遊學 StudyHere｜菲律賓遊學專家・澳洲遊學顧問｜語言學校優惠代辦",
    "締佳遊學 StudyHere｜菲律賓遊學專家・澳洲遊學顧問｜語言學校優惠代辦"
  ],
  "ad_extra_texts": [],
  "ad_page_categories": [],
  "ad_page_like_count": 0,
  "ad_publisher_platform": [
    "facebook",
    "instagram",
    "messenger",
    "threads"
  ],
  "ad_like_count": "0",
  "ad_share_count": "0"
}